종목코드,구분,주당배당금,배당수익률,지급주기,연지급횟수,연배당_실지급,연배당_연환산,과표_실지급,지급월,회차내역,최근지급일,출처,갱신시각,특별배당
000020,국내주식,65.0,1.27,연,1,65.0,65.0,,4,2026-04-24:65,2026-04-24,seibro,2026-10-03 09:33,
000050,국내주식,160.0,2.01,연,1,160.0,160.0,,4,2026-04-09:160,2026-04-09,seibro,2026-10-03 09:33,
000070,국내주식,3500.0,6.11,연,1,3500.0,3500.0,,4,2026-04-10:3500,2026-04-10,seibro,2026-10-03 09:33,
000080,국내주식,700.0,4.73,연,1,700.0,700.0,,4,2026-04-03:700,2026-04-03,seibro,2026-10-03 09:33,
000085,국내주식,750.0,,연,1,750.0,750.0,,4,2026-04-03:750,2026-04-03,seibro,2026-10-03 09:33,
000087,국내주식,750.0,6.16,연,1,750.0,750.0,,4,2026-04-03:750,2026-04-03,seibro,2026-10-03 09:33,
0000D0,국내ETF,,13.89,월,12,1192.0,1056.0,918.0,1|2|3|4|5|6|7|8|9|10|11|12,2025-11-04:105;2025-12-02:104;2026-01-05:101;2026-02-03:99;2026-03-04:100;2026-04-02:100;2026-05-06:102;2026-06-02:103;2026-07-02:104;2026-08-04:95;2026-09-02:91;2026-10-02:88,2026-10-02,seibro+etfcheck,2026-10-03 09:33,
0000H0,국내ETF,,0.77,분기,4,72.0,53.0,72.0,2|5|8|11,2025-11-04:33;2026-02-03:10;2026-05-06:14;2026-08-04:15,2026-08-04,seibro+etfcheck,2026-10-03 09:33,2025-11-04:19
0000J0,국내ETF,,0.17,연,1,50.0,50.0,46.0,5,2026-05-06:50,2026-05-06,seibro+etfcheck,2026-10-03 09:33,
0000Y0,국내ETF,,3.04,연,1,3100.0,3100.0,3100.0,1,2026-01-05:3100,2026-01-05,seibro+etfcheck,2026-10-03 09:33,
0000Z0,국내ETF,,0.05,반기,2,4.0,4.0,0.0,1|8,2026-01-05:2;2026-08-04:2,2026-08-04,seibro+etfcheck,2026-10-03 09:33,
000100,국내주식,600.0,0.81,연,1,600.0,600.0,,4,2026-04-03:600,2026-04-03,seibro,2026-10-03 09:33,
000105,국내주식,610.0,0.95,연,1,610.0,610.0,,4,2026-04-03:610,2026-04-03,seibro,2026-10-03 09:33,
000120,국내주식,800.0,1.13,연,1,800.0,800.0,,4,2026-04-24:800,2026-04-24,seibro,2026-10-03 09:33,
000140,국내주식,350.0,4.49,연,1,350.0,350.0,,4,2026-04-03:350,2026-04-03,seibro,2026-10-03 09:33,
000145,국내주식,400.0,4.37,연,1,400.0,400.0,,4,2026-04-03:400,2026-04-03,seibro,2026-10-03 09:33,
000150,국내주식,1000.0,0.45,분기,3,6000.0,6000.0,,4|5|8,2026-04-30:4000;2026-05-28:1000;2026-08-25:1000,2026-08-25,seibro,2026-10-03 09:33,
000155,국내주식,1000.0,1.34,분기,3,6050.0,6050.0,,4|5|8,2026-04-30:4050;2026-05-28:1000;2026-08-25:1000,2026-08-25,seibro,2026-10-03 09:33,
000157,국내주식,1000.0,1.65,분기,3,6000.0,6000.0,,4|5|8,2026-04-30:4000;2026-05-28:1000;2026-08-25:1000,2026-08-25,seibro,2026-10-03 09:33,
0001A0,국내주식,23.0,0.27,연,1,23.0,23.0,,8,2026-08-31:23,2026-08-31,seibro,2026-10-03 09:33,
0001P0,국내ETF,,0.11,연,1,10.0,10.0,0.0,5,2026-05-06:10,2026-05-06,seibro+etfcheck,2026-10-03 09:33,
0001S0,국내ETF,,,연,1,746.0,746.0,,12,2025-12-02:746,2025-12-02,seibro,2026-10-03 09:33,
000220,국내주식,115.0,3.04,연,1,115.0,115.0,,4,2026-04-15:115,2026-04-15,seibro,2026-10-03 09:33,
000225,국내주식,125.0,3.45,연,1,125.0,125.0,,4,2026-04-15:125,2026-04-15,seibro,2026-10-03 09:33,
000227,국내주식,125.0,1.64,연,1,125.0,125.0,,4,2026-04-15:125,2026-04-15,seibro,2026-10-03 09:33,
000230,국내주식,100.0,1.6,연,1,100.0,100.0,,4,2026-04-24:100,2026-04-24,seibro,2026-10-03 09:33,
000240,국내주식,330.0,4.44,반기,2,1130.0,660.0,,4|9,2026-04-24:800;2026-09-04:330,2026-09-04,seibro,2026-10-03 09:33,
000250,국내주식,50.0,0.02,연,1,50.0,50.0,,4,2026-04-17:50,2026-04-17,seibro,2026-10-03 09:33,
000270,국내주식,6800.0,6.01,연,1,6800.0,6800.0,,4,2026-04-20:6800,2026-04-20,seibro,2026-10-03 09:33,
000320,국내주식,600.0,3.87,연,1,600.0,600.0,,4,2026-04-17:600,2026-04-17,seibro,2026-10-03 09:33,
000325,국내주식,605.0,2.1,연,1,605.0,605.0,,4,2026-04-17:605,2026-04-17,seibro,2026-10-03 09:33,
000390,국내주식,350.0,4.93,연,1,350.0,350.0,,4,2026-04-14:350,2026-04-14,seibro,2026-10-03 09:33,
000430,국내주식,110.0,2.43,연,1,110.0,110.0,,4,2026-04-24:110,2026-04-24,seibro,2026-10-03 09:33,
000440,국내주식,353.0,2.85,연,1,353.0,353.0,,4,2026-04-17:353,2026-04-17,seibro,2026-10-03 09:33,
000480,국내주식,200.0,9.49,반기,2,410.0,400.0,,4|8,2026-04-03:210;2026-08-04:200,2026-08-04,seibro,2026-10-03 09:33,
000490,국내주식,100.0,1.31,연,1,100.0,100.0,,4,2026-04-24:100,2026-04-24,seibro,2026-10-03 09:33,
0004G0,국내ETF,,3.52,월,12,296.0,168.0,26.0,1|2|3|4|5|6|7|8|9|10|11|12,2025-11-03:33;2025-12-01:15;2026-01-02:23;2026-02-02:34;2026-03-03:30;2026-04-01:20;2026-05-04:28;2026-06-01:27;2026-07-01:20;2026-08-03:26;2026-09-01:26;2026-10-01:14,2026-10-01,seibro+etfcheck,2026-10-03 09:33,
000500,국내주식,100.0,0.03,연,1,100.0,100.0,,4,2026-04-08:100,2026-04-08,seibro,2026-10-03 09:33,
000590,국내주식,500.0,0.71,연,1,500.0,500.0,,4,2026-04-24:500,2026-04-24,seibro,2026-10-03 09:33,
0005A0,국내ETF,,16.36,월,12,1481.0,1428.0,1364.0,1|2|3|4|5|6|7|8|9|10|11|12,2025-11-04:120;2025-12-02:122;2026-01-05:125;2026-02-03:123;2026-03-04:119;2026-04-02:121;2026-05-06:124;2026-06-02:131;2026-07-02:132;2026-08-04:126;2026-09-02:119;2026-10-02:119,2026-10-02,seibro+etfcheck,2026-10-03 09:33,
0005C0,국내ETF,,1.77,연,1,196.0,196.0,196.0,1,2026-01-05:196,2026-01-05,seibro+etfcheck,2026-10-03 09:33,
0005D0,국내ETF,,0.08,연,1,13.0,13.0,0.0,1,2026-01-02:13,2026-01-02,seibro+etfcheck,2026-10-03 09:33,
0005G0,국내ETF,,0.18,분기,4,106.0,64.0,87.0,2|5|8|11,2025-11-04:17;2026-02-03:12;2026-05-06:66;2026-08-04:11,2026-08-04,seibro+etfcheck,2026-10-03 09:33,2026-05-06:42
000640,국내주식,700.0,1.8,반기,2,1700.0,1400.0,,4|8,2026-04-15:1000;2026-08-14:700,2026-08-14,seibro,2026-10-03 09:33,
000660,국내주식,375.0,0.16,분기,4,3000.0,3000.0,,4|6|9|12,2025-12-30:375;2026-04-24:1875;2026-06-30:375;2026-09-30:375,2026-09-30,seibro,2026-10-03 09:33,
000670,국내주식,5.0,0.01,연,1,5.0,5.0,,4,2026-04-17:5,2026-04-17,seibro,2026-10-03 09:33,
000700,국내주식,350.0,5.3,연,1,350.0,350.0,,4,2026-04-24:350,2026-04-24,seibro,2026-10-03 09:33,
000720,국내주식,800.0,0.7,연,1,800.0,800.0,,4,2026-04-24:800,2026-04-24,seibro,2026-10-03 09:33,
000725,국내주식,850.0,1.65,연,1,850.0,850.0,,4,2026-04-24:850,2026-04-24,seibro,2026-10-03 09:33,
0007F0,국내ETF,,1.54,연,1,157.0,157.0,157.0,12,2025-12-17:157,2025-12-17,seibro+etfcheck,2026-10-03 09:33,
0007G0,국내ETF,,0.39,반기,2,47.0,47.0,47.0,1|5,2026-01-05:42;2026-05-06:5,2026-05-06,seibro+etfcheck,2026-10-03 09:33,
0007N0,국내ETF,,1.2,반기,2,1350.0,1350.0,1350.0,5|8,2026-05-06:1200;2026-08-04:150,2026-08-04,seibro+etfcheck,2026-10-03 09:33,
000810,국내주식,19500.0,3.1,연,1,19500.0,19500.0,,4,2026-04-20:19500,2026-04-20,seibro,2026-10-03 09:33,
000815,국내주식,19505.0,4.98,연,1,19505.0,19505.0,,4,2026-04-20:19505,2026-04-20,seibro,2026-10-03 09:33,
000850,국내주식,1300.0,3.49,연,1,1300.0,1300.0,,4,2026-04-24:1300,2026-04-24,seibro,2026-10-03 09:33,
000860,국내주식,250.0,2.08,연,1,250.0,250.0,,4,2026-04-24:250,2026-04-24,seibro,2026-10-03 09:33,
000880,국내주식,1100.0,0.86,연,1,1100.0,1100.0,,4,2026-04-24:1100,2026-04-24,seibro,2026-10-03 09:33,
000885,국내주식,1150.0,,연,1,1150.0,1150.0,,4,2026-04-24:1150,2026-04-24,seibro,2026-10-03 09:33,
00088K,국내주식,1150.0,,연,1,1150.0,1150.0,,4,2026-04-24:1150,2026-04-24,seibro,2026-10-03 09:33,
0008E0,국내ETF,,0.05,연,1,6.0,6.0,6.0,1,2026-01-05:6,2026-01-05,seibro+etfcheck,2026-10-03 09:33,
0008S0,국내ETF,,12.66,월,12,1177.0,1152.0,1001.0,1|2|3|4|5|6|7|8|9|10|11|12,2025-10-17:87;2025-11-18:89;2025-12-17:91;2026-01-19:95;2026-02-20:102;2026-03-17:101;2026-04-17:101;2026-05-19:102;2026-06-17:106;2026-07-20:104;2026-08-19:103;2026-09-17:96,2026-09-17,seibro+etfcheck,2026-10-03 09:33,
0008T0,국내ETF,,0.54,반기,2,89.0,89.0,55.0,1|5,2026-01-02:17;2026-05-04:72,2026-05-04,seibro+etfcheck,2026-10-03 09:33,
0008Z0,국내주식,478.0,2.01,연,1,478.0,478.0,,4,2026-04-17:478,2026-04-17,seibro,2026-10-03 09:33,
000910,국내주식,125.0,4.22,연,1,125.0,125.0,,4,2026-04-15:125,2026-04-15,seibro,2026-10-03 09:33,
000950,국내주식,1000.0,3.44,연,1,1000.0,1000.0,,4,2026-04-08:1000,2026-04-08,seibro,2026-10-03 09:33,
000970,국내주식,400.0,6.06,연,1,400.0,400.0,,4,2026-04-09:400,2026-04-09,seibro,2026-10-03 09:33,
000990,국내주식,810.0,0.57,연,1,810.0,810.0,,4,2026-04-23:810,2026-04-23,seibro,2026-10-03 09:33,
000995,국내주식,860.0,,연,1,860.0,860.0,,4,2026-04-23:860,2026-04-23,seibro,2026-10-03 09:33,
001040,국내주식,3300.0,2.52,연,1,3300.0,3300.0,,4,2026-04-24:3300,2026-04-24,seibro,2026-10-03 09:33,
001045,국내주식,3350.0,5.05,연,1,3350.0,3350.0,,4,2026-04-24:3350,2026-04-24,seibro,2026-10-03 09:33,
00104K,국내주식,3300.0,,연,1,3300.0,3300.0,,4,2026-04-24:3300,2026-04-24,seibro,2026-10-03 09:33,
001060,국내주식,650.0,2.43,연,1,650.0,650.0,,4,2026-04-24:650,2026-04-24,seibro,2026-10-03 09:33,
001065,국내주식,675.0,2.99,연,1,675.0,675.0,,4,2026-04-24:675,2026-04-24,seibro,2026-10-03 09:33,
001067,국내주식,650.0,1.27,연,1,650.0,650.0,,4,2026-04-24:650,2026-04-24,seibro,2026-10-03 09:33,
00106N,국내주식,650.0,,연,1,650.0,650.0,,4,2026-04-24:650,2026-04-24,seibro,2026-10-03 09:33,
001080,국내주식,150.0,3.75,연,1,150.0,150.0,,10,2026-10-02:150,2026-10-02,seibro,2026-10-03 09:33,
0010E0,국내ETF,,,연,1,1102.0,1102.0,,12,2025-12-02:1102,2025-12-02,seibro,2026-10-03 09:33,
0010V0,국내주식,250.0,2.8,연,1,250.0,250.0,,4,2026-04-15:250,2026-04-15,seibro,2026-10-03 09:33,
001120,국내주식,2000.0,4.56,연,1,2000.0,2000.0,,4,2026-04-14:2000,2026-04-14,seibro,2026-10-03 09:33,
001130,국내주식,4000.0,36.07,연,1,4000.0,4000.0,,4,2026-04-13:4000,2026-04-13,seibro,2026-10-03 09:33,
001200,국내주식,180.0,4.4,연,1,180.0,180.0,,4,2026-04-22:180,2026-04-22,seibro,2026-10-03 09:33,
001250,국내주식,25.0,0.84,연,1,25.0,25.0,,4,2026-04-03:25,2026-04-03,seibro,2026-10-03 09:33,
001270,국내주식,2400.0,4.67,연,1,2400.0,2400.0,,4,2026-04-22:2400,2026-04-22,seibro,2026-10-03 09:33,
001275,국내주식,2450.0,8.09,연,1,2450.0,2450.0,,4,2026-04-22:2450,2026-04-22,seibro,2026-10-03 09:33,
001340,국내주식,30.0,0.57,연,1,30.0,30.0,,4,2026-04-21:30,2026-04-21,seibro,2026-10-03 09:33,
001390,국내주식,150.0,3.54,연,1,150.0,150.0,,4,2026-04-30:150,2026-04-30,seibro,2026-10-03 09:33,
0013P0,국내ETF,,2.1,월,12,240.0,204.0,240.0,1|2|3|4|5|6|7|8|9|10|11|12,2025-11-04:19;2025-12-02:19;2026-01-05:22;2026-02-03:22;2026-03-04:21;2026-04-02:17;2026-05-06:19;2026-06-02:21;2026-07-02:18;2026-08-04:22;2026-09-02:23;2026-10-02:17,2026-10-02,seibro+etfcheck,2026-10-03 09:33,
0013R0,국내ETF,,18.35,월,12,1344.0,1008.0,943.0,1|2|3|4|5|6|7|8|9|10|11|12,2025-11-04:132;2025-12-02:109;2026-01-05:110;2026-02-03:125;2026-03-04:120;2026-04-02:106;2026-05-06:112;2026-06-02:120;2026-07-02:121;2026-08-04:102;2026-09-02:103;2026-10-02:84,2026-10-02,seibro+etfcheck,2026-10-03 09:33,
001420,국내주식,200.0,6.9,연,1,200.0,200.0,,4,2026-04-24:200,2026-04-24,seibro,2026-10-03 09:33,
001430,국내주식,1200.0,2.56,연,1,1200.0,1200.0,,4,2026-04-21:1200,2026-04-21,seibro,2026-10-03 09:33,
001460,국내주식,400.0,1.11,연,1,400.0,400.0,,4,2026-04-23:400,2026-04-23,seibro,2026-10-03 09:33,
001465,국내주식,405.0,1.55,연,1,405.0,405.0,,4,2026-04-23:405,2026-04-23,seibro,2026-10-03 09:33,
001500,국내주식,370.0,4.75,연,1,370.0,370.0,,4,2026-04-24:370,2026-04-24,seibro,2026-10-03 09:33,
001530,국내주식,100.0,0.4,연,1,100.0,100.0,,4,2026-04-01:100,2026-04-01,seibro,2026-10-03 09:33,
001540,국내주식,633.0,6.39,연,1,633.0,633.0,,4,2026-04-16:633,2026-04-16,seibro,2026-10-03 09:33,
001560,국내주식,721.0,7.85,연,1,721.0,721.0,,4,2026-04-09:721,2026-04-09,seibro,2026-10-03 09:33,
0015E0,국내ETF,,2.34,월,12,240.0,240.0,240.0,1|2|3|4|5|6|7|8|9|10|11|12,2025-11-04:20;2025-12-02:20;2026-01-05:20;2026-02-03:20;2026-03-04:20;2026-04-02:20;2026-05-06:20;2026-06-02:20;2026-07-02:20;2026-08-04:20;2026-09-02:20;2026-10-02:20,2026-10-02,seibro+etfcheck,2026-10-03 09:33,
0015F0,국내ETF,,2.34,월,12,240.0,240.0,200.0,1|2|3|4|5|6|7|8|9|10|11|12,2025-11-04:20;2025-12-02:20;2026-01-05:20;2026-02-03:20;2026-03-04:20;2026-04-02:20;2026-05-06:20;2026-06-02:20;2026-07-02:20;2026-08-04:20;2026-09-02:20;2026-10-02:20,2026-10-02,seibro+etfcheck,2026-10-03 09:33,
0015K0,국내ETF,,0.74,연,1,50.0,50.0,0.0,1,2026-01-05:50,2026-01-05,seibro+etfcheck,2026-10-03 09:33,
001630,국내주식,1400.0,3.74,연,1,1400.0,1400.0,,4,2026-04-22:1400,2026-04-22,seibro,2026-10-03 09:33,
001680,국내주식,850.0,4.77,연,1,850.0,850.0,,4,2026-04-23:850,2026-04-23,seibro,2026-10-03 09:33,
001685,국내주식,860.0,5.81,연,1,860.0,860.0,,4,2026-04-23:860,2026-04-23,seibro,2026-10-03 09:33,
0016X0,국내ETF,,1.31,연,1,675.0,675.0,675.0,12,2025-12-16:675,2025-12-16,seibro+etfcheck,2026-10-03 09:33,
001720,국내주식,7500.0,5.38,연,1,7500.0,7500.0,,6,2026-06-26:7500,2026-06-26,seibro,2026-10-03 09:33,
001740,국내주식,70.0,4.14,반기,2,270.0,140.0,,4|9,2026-04-24:200;2026-09-11:70,2026-09-11,seibro,2026-10-03 09:33,
001745,국내주식,95.0,,반기,2,320.0,190.0,,4|9,2026-04-24:225;2026-09-11:95,2026-09-11,seibro,2026-10-03 09:33,
001750,국내주식,1600.0,8.34,연,1,1600.0,1600.0,,4,2026-04-21:1600,2026-04-21,seibro,2026-10-03 09:33,
001755,국내주식,1650.0,8.55,연,1,1650.0,1650.0,,4,2026-04-21:1650,2026-04-21,seibro,2026-10-03 09:33,
001770,국내주식,200.0,5.1,연,1,200.0,200.0,,4,2026-04-20:200,2026-04-20,seibro,2026-10-03 09:33,
001790,국내주식,120.0,4.26,연,1,120.0,120.0,,4,2026-04-06:120,2026-04-06,seibro,2026-10-03 09:33,
001795,국내주식,125.0,5.84,연,1,125.0,125.0,,4,2026-04-06:125,2026-04-06,seibro,2026-10-03 09:33,
0017Y0,국내ETF,,1.13,연,1,1065.0,1065.0,0.0,11,2025-11-17:1065,2025-11-17,seibro+etfcheck,2026-10-03 09:33,
001800,국내주식,550.0,7.14,반기,2,1650.0,1100.0,,4|8,2026-04-21:1100;2026-08-10:550,2026-08-10,seibro,2026-10-03 09:33,
001810,국내주식,15.0,1.33,연,1,15.0,15.0,,4,2026-04-08:15,2026-04-08,seibro,2026-10-03 09:33,
001820,국내주식,500.0,0.32,연,1,500.0,500.0,,4,2026-04-24:500,2026-04-24,seibro,2026-10-03 09:33,
0018C0,국내ETF,,17.25,월,12,1787.0,1620.0,465.0,1|2|3|4|5|6|7|8|9|10|11|12,2025-10-17:140;2025-11-18:150;2025-12-17:150;2026-01-19:145;2026-02-20:173;2026-03-17:159;2026-04-17:163;2026-05-19:159;2026-06-17:139;2026-07-20:138;2026-08-19:136;2026-09-17:135,2026-09-17,seibro+etfcheck,2026-10-03 09:33,
0018Z0,국내ETF,,0.5,반기,2,91.0,86.0,91.0,1|8,2026-01-05:48;2026-08-04:43,2026-08-04,seibro+etfcheck,2026-10-03 09:33,
001940,국내주식,850.0,3.31,연,1,850.0,850.0,,4,2026-04-15:850,2026-04-15,seibro,2026-10-03 09:33,
0019K0,국내ETF,,0.16,연,1,21.0,21.0,21.0,1,2026-01-05:21,2026-01-05,seibro+etfcheck,2026-10-03 09:33,
002020,국내주식,550.0,2.33,연,1,550.0,550.0,,4,2026-04-06:550,2026-04-06,seibro,2026-10-03 09:33,
002025,국내주식,600.0,4.61,연,1,600.0,600.0,,4,2026-04-06:600,2026-04-06,seibro,2026-10-03 09:33,
002030,국내주식,4970.0,2.76,반기,2,5600.0,5600.0,,4|11,2025-11-14:630;2026-04-16:4970,2026-04-16,seibro,2026-10-03 09:33,
002100,국내주식,250.0,8.25,반기,2,750.0,500.0,,4|8,2026-04-09:500;2026-08-11:250,2026-08-11,seibro,2026-10-03 09:33,
002140,국내주식,40.0,2.06,연,1,40.0,40.0,,4,2026-04-03:40,2026-04-03,seibro,2026-10-03 09:33,
002150,국내주식,300.0,6.01,연,1,300.0,300.0,,3,2026-03-31:300,2026-03-31,seibro,2026-10-03 09:33,
002170,국내주식,2300.0,4.44,연,1,2300.0,2300.0,,4,2026-04-13:2300,2026-04-13,seibro,2026-10-03 09:33,
0021C0,국내ETF,,,연,1,34.0,34.0,,1,2026-01-05:34,2026-01-05,seibro,2026-10-03 09:33,
0021D0,국내ETF,,,연,1,70.0,70.0,,1,2026-01-05:70,2026-01-05,seibro,2026-10-03 09:33,
0021E0,국내ETF,,,연,1,43.0,43.0,,1,2026-01-05:43,2026-01-05,seibro,2026-10-03 09:33,
002200,국내주식,80.0,2.86,연,1,80.0,80.0,,4,2026-04-17:80,2026-04-17,seibro,2026-10-03 09:33,
002220,국내주식,30.0,1.07,연,1,30.0,30.0,,4,2026-04-10:30,2026-04-10,seibro,2026-10-03 09:33,
002230,국내주식,100.0,4.73,반기,2,250.0,200.0,,4|7,2026-04-10:150;2026-07-24:100,2026-07-24,seibro,2026-10-03 09:33,
002240,국내주식,350.0,2.06,연,1,350.0,350.0,,4,2026-04-20:350,2026-04-20,seibro,2026-10-03 09:33,
002290,국내주식,225.0,6.65,연,1,225.0,225.0,,4,2026-04-29:225,2026-04-29,seibro,2026-10-03 09:33,
0022T0,국내ETF,,4.74,월,12,580.0,516.0,580.0,1|2|3|4|5|6|7|8|9|10|11|12,2025-11-03:43;2025-12-01:46;2026-01-02:49;2026-02-02:55;2026-03-03:56;2026-04-01:51;2026-05-04:51;2026-06-01:50;2026-07-01:46;2026-08-03:44;2026-09-01:46;2026-10-01:43,2026-10-01,seibro+etfcheck,2026-10-03 09:33,
002310,국내주식,200.0,2.53,연,1,200.0,200.0,,4,2026-04-16:200,2026-04-16,seibro,2026-10-03 09:33,
002320,국내주식,600.0,3.86,연,1,600.0,600.0,,4,2026-04-23:600,2026-04-23,seibro,2026-10-03 09:33,
002350,국내주식,200.0,3.45,연,1,200.0,200.0,,4,2026-04-24:200,2026-04-24,seibro,2026-10-03 09:33,
002355,국내주식,205.0,5.2,연,1,205.0,205.0,,4,2026-04-24:205,2026-04-24,seibro,2026-10-03 09:33,
002380,국내주식,1000.0,3.18,반기,2,15000.0,15000.0,,4|8,2026-04-09:14000;2026-08-31:1000,2026-08-31,seibro,2026-10-03 09:33,
002390,국내주식,200.0,2.29,연,1,200.0,200.0,,4,2026-04-24:200,2026-04-24,seibro,2026-10-03 09:33,
0023A0,국내ETF,,0.11,반기,2,25.0,25.0,25.0,1|5,2026-01-02:20;2026-05-04:5,2026-05-04,seibro+etfcheck,2026-10-03 09:33,
0023B0,국내ETF,,0.42,반기,2,67.0,67.0,67.0,1|5,2026-01-05:57;2026-05-06:10,2026-05-06,seibro+etfcheck,2026-10-03 09:33,
002450,국내주식,50.0,4.56,연,1,50.0,50.0,,4,2026-04-17:50,2026-04-17,seibro,2026-10-03 09:33,
002460,국내주식,750.0,6.78,연,1,750.0,750.0,,4,2026-04-15:750,2026-04-15,seibro,2026-10-03 09:33,
002470,국내주식,2305.0,,연,1,2305.0,2305.0,,6,2026-06-30:2305,2026-06-30,seibro,2026-10-03 09:33,
0025N0,국내ETF,,1.19,연,1,140.0,140.0,140.0,1,2026-01-05:140,2026-01-05,seibro+etfcheck,2026-10-03 09:33,
002600,국내주식,6000.0,4.32,연,1,6000.0,6000.0,,4,2026-04-10:6000,2026-04-10,seibro,2026-10-03 09:33,
002620,국내주식,70.0,0.94,연,1,70.0,70.0,,4,2026-04-22:70,2026-04-22,seibro,2026-10-03 09:33,
0026E0,국내ETF,,0.72,연,1,83.0,83.0,83.0,3,2026-03-24:83,2026-03-24,seibro+etfcheck,2026-10-03 09:33,
0026S0,국내ETF,,0.97,분기,4,122.0,112.0,122.0,3|6|9|12,2025-12-16:30;2026-03-16:29;2026-06-16:35;2026-09-16:28,2026-09-16,seibro+etfcheck,2026-10-03 09:33,
002700,국내주식,20.0,1.98,연,1,20.0,20.0,,4,2026-04-17:20,2026-04-17,seibro,2026-10-03 09:33,
002710,국내주식,70.0,0.52,연,1,70.0,70.0,,4,2026-04-16:70,2026-04-16,seibro,2026-10-03 09:33,
002720,국내주식,30.0,0.91,연,1,30.0,30.0,,4,2026-04-21:30,2026-04-21,seibro,2026-10-03 09:33,
002760,국내주식,7.0,0.7,연,1,7.0,7.0,,4,2026-04-24:7,2026-04-24,seibro,2026-10-03 09:33,
002785,국내주식,5750.0,80.08,연,1,5750.0,5750.0,,9,2026-09-30:5750,2026-09-30,seibro,2026-10-03 09:33,
002787,국내주식,5000.0,50.92,연,1,5000.0,5000.0,,9,2026-09-30:5000,2026-09-30,seibro,2026-10-03 09:33,
002790,국내주식,400.0,1.58,연,1,400.0,400.0,,4,2026-04-22:400,2026-04-22,seibro,2026-10-03 09:33,
002795,국내주식,405.0,3.68,연,1,405.0,405.0,,4,2026-04-22:405,2026-04-22,seibro,2026-10-03 09:33,
00279K,국내주식,667.0,,연,1,667.0,667.0,,4,2026-04-22:667,2026-04-22,seibro,2026-10-03 09:33,
002800,국내주식,80.0,1.8,연,1,80.0,80.0,,4,2026-04-17:80,2026-04-17,seibro,2026-10-03 09:33,
002810,국내주식,1000.0,4.74,연,1,1000.0,1000.0,,4,2026-04-23:1000,2026-04-23,seibro,2026-10-03 09:33,
002840,국내주식,1400.0,1.03,연,1,1400.0,1400.0,,4,2026-04-09:1400,2026-04-09,seibro,2026-10-03 09:33,
002870,국내주식,110.0,8.91,연,1,110.0,110.0,,8,2026-08-20:110,2026-08-20,seibro,2026-10-03 09:33,
0028X0,국내ETF,,0.95,분기,4,103.0,75.0,103.0,2|5|8|11,2025-11-04:17;2026-02-03:18;2026-05-06:46;2026-08-04:22,2026-08-04,seibro+etfcheck,2026-10-03 09:33,2026-05-06:28
002900,국내주식,120.0,5.59,반기,2,360.0,240.0,,4|9,2026-04-17:240;2026-09-08:120,2026-09-08,seibro,2026-10-03 09:33,
002960,국내주식,34000.0,6.58,연,1,34000.0,34000.0,,4,2026-04-15:34000,2026-04-15,seibro,2026-10-03 09:33,
002990,국내주식,200.0,1.63,연,1,200.0,200.0,,4,2026-04-14:200,2026-04-14,seibro,2026-10-03 09:33,
002995,국내주식,350.0,2.4,연,1,350.0,350.0,,4,2026-04-14:350,2026-04-14,seibro,2026-10-03 09:33,
003000,국내주식,75.0,3.03,반기,2,125.0,150.0,,4|11,2025-11-20:50;2026-04-21:75,2026-04-21,seibro,2026-10-03 09:33,
003010,국내주식,200.0,2.11,연,1,200.0,200.0,,4,2026-04-20:200,2026-04-20,seibro,2026-10-03 09:33,
003030,국내주식,1800.0,1.56,연,1,1800.0,1800.0,,4,2026-04-22:1800,2026-04-22,seibro,2026-10-03 09:33,
003070,국내주식,200.0,6.56,분기,3,600.0,600.0,,4|9|12,2025-12-10:100;2026-04-06:300;2026-09-18:200,2026-09-18,seibro,2026-10-03 09:33,
003075,국내주식,200.0,5.2,분기,3,650.0,650.0,,4|9|12,2025-12-10:100;2026-04-06:350;2026-09-18:200,2026-09-18,seibro,2026-10-03 09:33,
003080,국내주식,135.0,6.01,연,1,135.0,135.0,,4,2026-04-15:135,2026-04-15,seibro,2026-10-03 09:33,
003090,국내주식,200.0,1.31,연,1,200.0,200.0,,4,2026-04-10:200,2026-04-10,seibro,2026-10-03 09:33,
0030R0,국내주식,73.0,3.72,반기,2,146.0,146.0,,5|8,2026-05-29:73;2026-08-27:73,2026-08-27,seibro,2026-10-03 09:33,
003100,국내주식,450.0,2.18,연,1,450.0,450.0,,4,2026-04-24:450,2026-04-24,seibro,2026-10-03 09:33,
003120,국내주식,1200.0,5.42,연,1,1200.0,1200.0,,4,2026-04-10:1200,2026-04-10,seibro,2026-10-03 09:33,
003160,국내주식,250.0,0.59,연,1,250.0,250.0,,4,2026-04-10:250,2026-04-10,seibro,2026-10-03 09:33,
003200,국내주식,400.0,3.7,연,1,400.0,400.0,,4,2026-04-03:400,2026-04-03,seibro,2026-10-03 09:33,
003220,국내주식,250.0,3.17,연,1,250.0,250.0,,4,2026-04-24:250,2026-04-24,seibro,2026-10-03 09:33,
003230,국내주식,3200.0,0.48,반기,2,5800.0,6400.0,,4|9,2026-04-21:2600;2026-09-11:3200,2026-09-11,seibro,2026-10-03 09:33,
003240,국내주식,1750.0,0.2,연,1,1750.0,1750.0,,4,2026-04-24:1750,2026-04-24,seibro,2026-10-03 09:33,
003300,국내주식,1000.0,5.61,연,1,1000.0,1000.0,,4,2026-04-08:1000,2026-04-08,seibro,2026-10-03 09:33,
003310,국내주식,37.0,2.18,연,1,37.0,37.0,,4,2026-04-23:37,2026-04-23,seibro,2026-10-03 09:33,
00334N,국내주식,31533.0,,연,1,31533.0,31533.0,,4,2026-04-24:31533,2026-04-24,seibro,2026-10-03 09:33,
003350,국내주식,300.0,1.94,연,1,300.0,300.0,,4,2026-04-22:300,2026-04-22,seibro,2026-10-03 09:33,
003380,국내주식,120.0,1.06,연,1,120.0,120.0,,4,2026-04-27:120,2026-04-27,seibro,2026-10-03 09:33,
003460,국내주식,220.0,7.36,연,1,220.0,220.0,,4,2026-04-27:220,2026-04-27,seibro,2026-10-03 09:33,
003465,국내주식,230.0,7.27,연,1,230.0,230.0,,4,2026-04-27:230,2026-04-27,seibro,2026-10-03 09:33,
003470,국내주식,220.0,5.06,연,1,220.0,220.0,,4,2026-04-23:220,2026-04-23,seibro,2026-10-03 09:33,
003475,국내주식,270.0,6.49,연,1,270.0,270.0,,4,2026-04-23:270,2026-04-23,seibro,2026-10-03 09:33,
003480,국내주식,120.0,2.54,연,1,120.0,120.0,,4,2026-04-16:120,2026-04-16,seibro,2026-10-03 09:33,
003490,국내주식,750.0,2.43,연,1,750.0,750.0,,4,2026-04-24:750,2026-04-24,seibro,2026-10-03 09:33,
003495,국내주식,800.0,3.66,연,1,800.0,800.0,,4,2026-04-24:800,2026-04-24,seibro,2026-10-03 09:33,
003540,국내주식,1200.0,4.72,연,1,1200.0,1200.0,,4,2026-04-15:1200,2026-04-15,seibro,2026-10-03 09:33,
003545,국내주식,1250.0,6.22,연,1,1250.0,1250.0,,4,2026-04-15:1250,2026-04-15,seibro,2026-10-03 09:33,
003547,국내주식,1200.0,6.22,연,1,1200.0,1200.0,,4,2026-04-15:1200,2026-04-15,seibro,2026-10-03 09:33,
00354M,국내주식,3850.0,,연,1,3850.0,3850.0,,4,2026-04-15:3850,2026-04-15,seibro,2026-10-03 09:33,
00354N,국내주식,1525.0,,연,1,1525.0,1525.0,,4,2026-04-15:1525,2026-04-15,seibro,2026-10-03 09:33,
00354P,국내주식,1638.0,,연,1,1638.0,1638.0,,4,2026-04-15:1638,2026-04-15,seibro,2026-10-03 09:33,
00354Q,국내주식,1761.0,,연,1,1761.0,1761.0,,4,2026-04-15:1761,2026-04-15,seibro,2026-10-03 09:33,
00354R,국내주식,1479.0,,연,1,1479.0,1479.0,,4,2026-04-15:1479,2026-04-15,seibro,2026-10-03 09:33,
003550,국내주식,1000.0,2.78,반기,2,3100.0,2000.0,,4|9,2026-04-15:2100;2026-09-23:1000,2026-09-23,seibro,2026-10-03 09:33,
003555,국내주식,1000.0,4.7,반기,2,3150.0,2000.0,,4|9,2026-04-15:2150;2026-09-23:1000,2026-09-23,seibro,2026-10-03 09:33,
003570,국내주식,400.0,3.65,분기,3,1200.0,1200.0,,3|5|8,2026-03-17:400;2026-05-27:400;2026-08-25:400,2026-08-25,seibro,2026-10-03 09:33,
0035T0,국내ETF,,0.66,반기,2,129.0,80.0,129.0,1|5,2026-01-05:89;2026-05-06:40,2026-05-06,seibro+etfcheck,2026-10-03 09:33,
003650,국내주식,3500.0,2.85,연,1,3500.0,3500.0,,4,2026-04-27:3500,2026-04-27,seibro,2026-10-03 09:33,
003670,국내주식,250.0,0.13,연,1,250.0,250.0,,4,2026-04-22:250,2026-04-22,seibro,2026-10-03 09:33,
003690,국내주식,570.0,3.96,연,1,570.0,570.0,,4,2026-04-22:570,2026-04-22,seibro,2026-10-03 09:33,
0036D0,국내ETF,,,격월,10,577.0,660.0,577.0,1|2|3|4|5|6|7|10|11|12,2025-10-17:53;2025-11-18:54;2025-12-17:53;2026-01-19:54;2026-02-20:55;2026-03-17:54;2026-04-17:57;2026-05-19:65;2026-06-17:66;2026-07-20:66,2026-07-20,seibro+etfcheck,2026-10-03 09:33,
0036R0,국내ETF,,0.3,반기,2,60.0,78.0,60.0,1|8,2026-01-05:21;2026-08-04:39,2026-08-04,seibro+etfcheck,2026-10-03 09:33,
0036Z0,국내ETF,,4.25,반기,2,504.0,500.0,504.0,1|8,2026-01-05:254;2026-08-04:250,2026-08-04,seibro+etfcheck,2026-10-03 09:33,
003720,국내주식,30.0,0.46,연,1,30.0,30.0,,4,2026-04-27:30,2026-04-27,seibro,2026-10-03 09:33,
003780,국내주식,50.0,8.57,반기,2,358.0,358.0,,4|8,2026-04-07:308;2026-08-11:50,2026-08-11,seibro,2026-10-03 09:33,
003800,국내주식,2300.0,7.14,연,1,2300.0,2300.0,,4,2026-04-07:2300,2026-04-07,seibro,2026-10-03 09:33,
003830,국내주식,750.0,0.69,연,1,750.0,750.0,,4,2026-04-24:750,2026-04-24,seibro,2026-10-03 09:33,
003850,국내주식,160.0,1.88,연,1,160.0,160.0,,4,2026-04-28:160,2026-04-28,seibro,2026-10-03 09:33,
003870,국내주식,10000.0,,연,1,10000.0,10000.0,,4,2026-04-16:10000,2026-04-16,seibro,2026-10-03 09:33,
0038A0,국내ETF,,0.33,분기,4,51.0,56.0,51.0,2|5|8|11,2025-11-04:10;2026-02-03:15;2026-05-06:12;2026-08-04:14,2026-08-04,seibro+etfcheck,2026-10-03 09:33,
003920,국내주식,1428.0,3.38,연,1,1428.0,1428.0,,4,2026-04-24:1428,2026-04-24,seibro,2026-10-03 09:33,
003925,국내주식,1433.0,4.52,연,1,1433.0,1433.0,,4,2026-04-24:1433,2026-04-24,seibro,2026-10-03 09:33,
003960,국내주식,250.0,0.92,연,1,250.0,250.0,,4,2026-04-21:250,2026-04-21,seibro,2026-10-03 09:33,
003965,국내주식,300.0,,연,1,300.0,300.0,,4,2026-04-21:300,2026-04-21,seibro,2026-10-03 09:33,
0039P0,국내주식,54.0,0.68,연,1,54.0,54.0,,8,2026-08-21:54,2026-08-21,seibro,2026-10-03 09:33,
004000,국내주식,1500.0,3.5,연,1,1500.0,1500.0,,4,2026-04-17:1500,2026-04-17,seibro,2026-10-03 09:33,
004020,국내주식,500.0,1.66,연,1,500.0,500.0,,4,2026-04-24:500,2026-04-24,seibro,2026-10-03 09:33,
004080,국내주식,180.0,2.42,반기,2,350.0,360.0,,4|7,2026-04-21:170;2026-07-28:180,2026-07-28,seibro,2026-10-03 09:33,
004090,국내주식,120.0,1.0,연,1,120.0,120.0,,4,2026-04-14:120,2026-04-14,seibro,2026-10-03 09:33,
0040S0,국내ETF,,0.05,연,1,12.0,12.0,12.0,2,2026-02-03:12,2026-02-03,seibro+etfcheck,2026-10-03 09:33,
0040X0,국내ETF,,25.32,월,12,2286.0,1680.0,1642.0,1|2|3|4|5|6|7|8|9|10|11|12,2025-11-03:250;2025-12-01:250;2026-01-02:250;2026-02-02:225;2026-03-03:205;2026-04-01:210;2026-05-04:175;2026-06-01:150;2026-07-01:147;2026-08-03:141;2026-09-01:143;2026-10-01:140,2026-10-01,seibro+etfcheck,2026-10-03 09:33,
0040Y0,국내ETF,,27.71,월,12,2185.0,1920.0,416.0,1|2|3|4|5|6|7|8|9|10|11|12,2025-11-03:210;2025-12-01:200;2026-01-02:206;2026-02-02:194;2026-03-03:185;2026-04-01:190;2026-05-04:177;2026-06-01:175;2026-07-01:162;2026-08-03:162;2026-09-01:164;2026-10-01:160,2026-10-01,seibro+etfcheck,2026-10-03 09:33,
004100,국내주식,10.0,0.31,연,1,10.0,10.0,,4,2026-04-23:10,2026-04-23,seibro,2026-10-03 09:33,
004105,국내주식,15.0,0.33,연,1,15.0,15.0,,4,2026-04-23:15,2026-04-23,seibro,2026-10-03 09:33,
004140,국내주식,30.0,1.65,연,1,30.0,30.0,,4,2026-04-27:30,2026-04-27,seibro,2026-10-03 09:33,
004150,국내주식,130.0,3.58,연,1,130.0,130.0,,4,2026-04-22:130,2026-04-22,seibro,2026-10-03 09:33,
004170,국내주식,1300.0,2.35,분기,3,7800.0,7800.0,,4|6|9,2026-04-17:5200;2026-06-19:1300;2026-09-18:1300,2026-09-18,seibro,2026-10-03 09:33,
0041D0,국내ETF,,0.23,분기,4,33.0,48.0,33.0,2|5|8|11,2025-11-04:6;2026-02-03:9;2026-05-06:6;2026-08-04:12,2026-08-04,seibro+etfcheck,2026-10-03 09:33,
0041E0,국내ETF,,0.74,분기,4,120.0,80.0,120.0,2|5|8|11,2025-11-04:30;2026-02-03:40;2026-05-06:30;2026-08-04:20,2026-08-04,seibro+etfcheck,2026-10-03 09:33,
004250,국내주식,105.0,3.65,연,1,105.0,105.0,,4,2026-04-06:105,2026-04-06,seibro,2026-10-03 09:33,
004255,국내주식,110.0,5.76,연,1,110.0,110.0,,4,2026-04-06:110,2026-04-06,seibro,2026-10-03 09:33,
004270,국내주식,25.0,0.45,연,1,25.0,25.0,,4,2026-04-17:25,2026-04-17,seibro,2026-10-03 09:33,
004310,국내주식,30.0,0.36,연,1,30.0,30.0,,3,2026-03-19:30,2026-03-19,seibro,2026-10-03 09:33,
004360,국내주식,300.0,2.23,연,1,300.0,300.0,,4,2026-04-24:300,2026-04-24,seibro,2026-10-03 09:33,
004365,국내주식,305.0,3.33,연,1,305.0,305.0,,4,2026-04-24:305,2026-04-24,seibro,2026-10-03 09:33,
004370,국내주식,6000.0,1.49,연,1,6000.0,6000.0,,4,2026-04-20:6000,2026-04-20,seibro,2026-10-03 09:33,
004380,국내주식,50.0,0.64,연,1,50.0,50.0,,4,2026-04-23:50,2026-04-23,seibro,2026-10-03 09:33,
0043B0,국내ETF,,0.69,연,1,721.0,721.0,721.0,12,2025-12-02:721,2025-12-02,seibro+etfcheck,2026-10-03 09:33,
0043Y0,국내ETF,,0.04,연,1,8.0,8.0,8.0,1,2026-01-05:8,2026-01-05,seibro+etfcheck,2026-10-03 09:33,
004430,국내주식,300.0,2.6,연,1,300.0,300.0,,4,2026-04-15:300,2026-04-15,seibro,2026-10-03 09:33,
004450,국내주식,500.0,4.26,반기,2,1200.0,1000.0,,4|8,2026-04-17:700;2026-08-10:500,2026-08-10,seibro,2026-10-03 09:33,
004490,국내주식,2650.0,4.26,연,1,2650.0,2650.0,,4,2026-04-17:2650,2026-04-17,seibro,2026-10-03 09:33,
004560,국내주식,250.0,2.02,연,1,250.0,250.0,,4,2026-04-15:250,2026-04-15,seibro,2026-10-03 09:33,
004565,국내주식,300.0,,연,1,300.0,300.0,,4,2026-04-15:300,2026-04-15,seibro,2026-10-03 09:33,
004590,국내주식,170.0,3.23,연,1,170.0,170.0,,4,2026-04-17:170,2026-04-17,seibro,2026-10-03 09:33,
004650,국내주식,600.0,6.42,연,1,600.0,600.0,,4,2026-04-17:600,2026-04-17,seibro,2026-10-03 09:33,
004690,국내주식,3000.0,2.36,연,1,3000.0,3000.0,,4,2026-04-16:3000,2026-04-16,seibro,2026-10-03 09:33,
0046A0,국내ETF,,3.6,월,12,336.0,288.0,286.0,1|2|3|4|5|6|7|8|9|10|11|12,2025-11-04:35;2025-12-02:27;2026-01-05:27;2026-02-03:25;2026-03-04:29;2026-04-02:31;2026-05-06:27;2026-06-02:28;2026-07-02:29;2026-08-04:28;2026-09-02:26;2026-10-02:24,2026-10-02,seibro+etfcheck,2026-10-03 09:33,
0046Y0,국내ETF,,1.43,월,12,173.0,168.0,173.0,1|2|3|4|5|6|7|8|9|10|11|12,2025-11-04:11;2025-12-02:17;2026-01-05:18;2026-02-03:10;2026-03-04:16;2026-04-02:20;2026-05-06:13;2026-06-02:14;2026-07-02:17;2026-08-04:11;2026-09-02:12;2026-10-02:14,2026-10-02,seibro+etfcheck,2026-10-03 09:33,
004710,국내주식,100.0,0.83,연,1,100.0,100.0,,4,2026-04-17:100,2026-04-17,seibro,2026-10-03 09:33,
004770,국내주식,35.0,1.89,연,1,35.0,35.0,,4,2026-04-24:35,2026-04-24,seibro,2026-10-03 09:33,
004780,국내주식,150.0,3.53,연,1,150.0,150.0,,4,2026-04-10:150,2026-04-10,seibro,2026-10-03 09:33,
0047A0,국내ETF,,0.26,연,1,30.0,30.0,30.0,11,2025-11-04:30,2025-11-04,seibro+etfcheck,2026-10-03 09:33,
0047N0,국내ETF,,0.75,반기,2,65.0,80.0,65.0,1|5,2026-01-05:25;2026-05-06:40,2026-05-06,seibro+etfcheck,2026-10-03 09:33,
0047P0,국내ETF,,0.35,분기,4,51.0,52.0,51.0,1|4|7|10,2026-01-05:12;2026-04-02:12;2026-07-02:14;2026-10-02:13,2026-10-02,seibro+etfcheck,2026-10-03 09:33,
0047R0,국내ETF,,0.33,분기,4,51.0,56.0,51.0,1|4|7|10,2026-01-05:12;2026-04-02:12;2026-07-02:13;2026-10-02:14,2026-10-02,seibro+etfcheck,2026-10-03 09:33,
004800,국내주식,5000.0,3.16,연,1,5000.0,5000.0,,4,2026-04-02:5000,2026-04-02,seibro,2026-10-03 09:33,
004830,국내주식,115.0,3.44,연,1,115.0,115.0,,4,2026-04-16:115,2026-04-16,seibro,2026-10-03 09:33,
004835,국내주식,120.0,2.65,연,1,120.0,120.0,,4,2026-04-16:120,2026-04-16,seibro,2026-10-03 09:33,
004840,국내주식,80.0,2.0,연,1,80.0,80.0,,4,2026-04-17:80,2026-04-17,seibro,2026-10-03 09:33,
004890,국내주식,1000.0,2.89,연,1,1000.0,1000.0,,4,2026-04-10:1000,2026-04-10,seibro,2026-10-03 09:33,
0048J0,국내ETF,,4.75,월,12,639.0,732.0,517.0,1|2|3|4|5|6|7|8|9|10|11|12,2025-11-04:52;2025-12-02:60;2026-01-05:55;2026-02-03:54;2026-03-04:53;2026-04-02:31;2026-05-06:49;2026-06-02:43;2026-07-02:60;2026-08-04:60;2026-09-02:61;2026-10-02:61,2026-10-02,seibro+etfcheck,2026-10-03 09:33,
0048K0,국내ETF,,0.76,분기,4,58.0,58.0,35.0,2|5|8|11,2025-11-04:6;2026-02-03:8;2026-05-06:21;2026-08-04:23,2026-08-04,seibro+etfcheck,2026-10-03 09:33,
004910,국내주식,200.0,5.81,연,1,200.0,200.0,,4,2026-04-10:200,2026-04-10,seibro,2026-10-03 09:33,
004960,국내주식,150.0,1.37,연,1,150.0,150.0,,4,2026-04-24:150,2026-04-24,seibro,2026-10-03 09:33,
004965,국내주식,200.0,,연,1,200.0,200.0,,4,2026-04-24:200,2026-04-24,seibro,2026-10-03 09:33,
004970,국내주식,500.0,5.52,연,1,500.0,500.0,,4,2026-04-17:500,2026-04-17,seibro,2026-10-03 09:33,
004980,국내주식,350.0,4.29,연,1,350.0,350.0,,4,2026-04-22:350,2026-04-22,seibro,2026-10-03 09:33,
004985,국내주식,400.0,4.43,연,1,400.0,400.0,,4,2026-04-22:400,2026-04-22,seibro,2026-10-03 09:33,
004990,국내주식,1250.0,5.23,연,1,1250.0,1250.0,,4,2026-04-24:1250,2026-04-24,seibro,2026-10-03 09:33,
00499K,국내주식,1300.0,,연,1,1300.0,1300.0,,4,2026-04-24:1300,2026-04-24,seibro,2026-10-03 09:33,
0049K0,국내ETF,,2.21,월,12,241.0,240.0,241.0,1|2|3|4|5|6|7|8|9|10|11|12,2025-11-04:16;2025-12-02:20;2026-01-05:20;2026-02-03:16;2026-03-04:20;2026-04-02:23;2026-05-06:20;2026-06-02:21;2026-07-02:24;2026-08-04:21;2026-09-02:20;2026-10-02:20,2026-10-02,seibro+etfcheck,2026-10-03 09:33,
0049M0,국내ETF,,7.62,월,12,835.0,804.0,835.0,1|2|3|4|5|6|7|8|9|10|11|12,2025-11-04:68;2025-12-02:68;2026-01-05:69;2026-02-03:69;2026-03-04:69;2026-04-02:69;2026-05-06:71;2026-06-02:73;2026-07-02:74;2026-08-04:70;2026-09-02:68;2026-10-02:67,2026-10-02,seibro+etfcheck,2026-10-03 09:33,
005090,국내주식,1300.0,2.74,연,1,1300.0,1300.0,,4,2026-04-02:1300,2026-04-02,seibro,2026-10-03 09:33,
0050E0,국내ETF,,1.32,반기,2,112.0,112.0,37.0,1|5,2026-01-05:97;2026-05-06:15,2026-05-06,seibro+etfcheck,2026-10-03 09:33,
005160,국내주식,145.0,3.66,연,1,145.0,145.0,,4,2026-04-21:145,2026-04-21,seibro,2026-10-03 09:33,
005180,국내주식,3300.0,3.94,연,1,3300.0,3300.0,,4,2026-04-13:3300,2026-04-13,seibro,2026-10-03 09:33,
0051G0,국내ETF,,0.49,반기,2,57.0,60.0,57.0,1|5,2026-01-02:27;2026-05-04:30,2026-05-04,seibro+etfcheck,2026-10-03 09:33,
005250,국내주식,300.0,3.09,연,1,300.0,300.0,,4,2026-04-17:300,2026-04-17,seibro,2026-10-03 09:33,
005255,국내주식,305.0,,연,1,305.0,305.0,,4,2026-04-17:305,2026-04-17,seibro,2026-10-03 09:33,
005257,국내주식,300.0,1.63,연,1,300.0,300.0,,4,2026-04-17:300,2026-04-17,seibro,2026-10-03 09:33,
005290,국내주식,650.0,1.24,연,1,650.0,650.0,,4,2026-04-24:650,2026-04-24,seibro,2026-10-03 09:33,
0052D0,국내ETF,,4.39,월,12,669.0,792.0,519.0,1|2|3|4|5|6|7|8|9|10|11|12,2025-10-17:50;2025-11-18:50;2025-12-17:50;2026-01-19:51;2026-02-20:51;2026-03-17:58;2026-04-17:58;2026-05-19:58;2026-06-17:58;2026-07-20:58;2026-08-19:61;2026-09-17:66,2026-09-17,seibro+etfcheck,2026-10-03 09:33,
0052S0,국내ETF,,1.65,분기,4,187.0,240.0,187.0,2|5|8|11,2025-11-03:54;2026-02-02:38;2026-05-04:35;2026-08-03:60,2026-08-03,seibro+etfcheck,2026-10-03 09:33,
0052T0,국내ETF,,1.22,연,1,620.0,620.0,439.0,11,2025-11-17:620,2025-11-17,seibro+etfcheck,2026-10-03 09:33,
005300,국내주식,3400.0,3.56,연,1,3400.0,3400.0,,4,2026-04-17:3400,2026-04-17,seibro,2026-10-03 09:33,
005305,국내주식,3405.0,5.16,연,1,3405.0,3405.0,,4,2026-04-17:3405,2026-04-17,seibro,2026-10-03 09:33,
005360,국내주식,30.0,2.66,연,1,30.0,30.0,,4,2026-04-24:30,2026-04-24,seibro,2026-10-03 09:33,
005380,국내주식,2500.0,2.88,분기,4,10000.0,10000.0,,4|6|9|12,2025-12-31:2500;2026-04-24:2500;2026-06-30:2500;2026-09-30:2500,2026-09-30,seibro,2026-10-03 09:33,
005385,국내주식,2500.0,5.73,분기,4,10050.0,10000.0,,4|6|9|12,2025-12-31:2500;2026-04-24:2550;2026-06-30:2500;2026-09-30:2500,2026-09-30,seibro,2026-10-03 09:33,
005387,국내주식,2500.0,5.75,분기,4,10100.0,10000.0,,4|6|9|12,2025-12-31:2500;2026-04-24:2600;2026-06-30:2500;2026-09-30:2500,2026-09-30,seibro,2026-10-03 09:33,
005389,국내주식,2500.0,5.81,분기,4,10050.0,10000.0,,4|6|9|12,2025-12-31:2500;2026-04-24:2550;2026-06-30:2500;2026-09-30:2500,2026-09-30,seibro,2026-10-03 09:33,
0053L0,국내ETF,,0.89,분기,4,76.0,50.0,76.0,2|5|8|11,2025-11-04:14;2026-02-03:12;2026-05-06:12;2026-08-04:38,2026-08-04,seibro+etfcheck,2026-10-03 09:33,2026-08-04:26
0053M0,국내ETF,,2.05,연,1,263.0,263.0,163.0,5,2026-05-06:263,2026-05-06,seibro+etfcheck,2026-10-03 09:33,
005430,국내주식,1000.0,1.02,연,1,1000.0,1000.0,,4,2026-04-24:1000,2026-04-24,seibro,2026-10-03 09:33,
005440,국내주식,65.0,2.36,반기,2,300.0,300.0,,4|9,2026-04-30:235;2026-09-30:65,2026-09-30,seibro,2026-10-03 09:33,
005490,국내주식,2000.0,2.89,분기,4,9000.0,8000.0,,4|6|9|12,2025-12-11:2500;2026-04-24:2500;2026-06-12:2000;2026-09-07:2000,2026-09-07,seibro,2026-10-03 09:33,
005500,국내주식,800.0,4.19,연,1,800.0,800.0,,4,2026-04-20:800,2026-04-20,seibro,2026-10-03 09:33,
005610,국내주식,1000.0,2.38,연,1,1000.0,1000.0,,4,2026-04-15:1000,2026-04-15,seibro,2026-10-03 09:33,
005670,국내주식,160.0,2.59,연,1,160.0,160.0,,4,2026-04-09:160,2026-04-09,seibro,2026-10-03 09:33,
005680,국내주식,300.0,2.39,연,1,300.0,300.0,,4,2026-04-24:300,2026-04-24,seibro,2026-10-03 09:33,
005690,국내주식,50.0,0.4,연,1,50.0,50.0,,4,2026-04-24:50,2026-04-24,seibro,2026-10-03 09:33,
005710,국내주식,250.0,2.39,연,1,250.0,250.0,,4,2026-04-03:250,2026-04-03,seibro,2026-10-03 09:33,
005720,국내주식,175.0,2.7,연,1,175.0,175.0,,4,2026-04-24:175,2026-04-24,seibro,2026-10-03 09:33,
005725,국내주식,180.0,4.04,연,1,180.0,180.0,,4,2026-04-24:180,2026-04-24,seibro,2026-10-03 09:33,
005740,국내주식,130.0,2.48,연,1,130.0,130.0,,4,2026-04-24:130,2026-04-24,seibro,2026-10-03 09:33,
005745,국내주식,135.0,2.65,연,1,135.0,135.0,,4,2026-04-24:135,2026-04-24,seibro,2026-10-03 09:33,
005750,국내주식,180.0,4.26,연,1,180.0,180.0,,4,2026-04-10:180,2026-04-10,seibro,2026-10-03 09:33,
0057H0,국내ETF,,1.69,월,11,193.0,152.0,193.0,1|2|3|4|5|6|7|8|9|10|11,2025-11-04:53;2026-01-05:34;2026-02-03:11;2026-03-04:12;2026-04-02:10;2026-05-06:11;2026-06-02:11;2026-07-02:12;2026-08-04:13;2026-09-02:12;2026-10-02:14,2026-10-02,seibro+etfcheck,2026-10-03 09:33,2025-11-04:41
005800,국내주식,175.0,1.28,연,1,175.0,175.0,,4,2026-04-16:175,2026-04-16,seibro,2026-10-03 09:33,
005810,국내주식,1600.0,4.33,연,1,1600.0,1600.0,,4,2026-04-10:1600,2026-04-10,seibro,2026-10-03 09:33,
005820,국내주식,460.0,3.17,연,1,460.0,460.0,,4,2026-04-24:460,2026-04-24,seibro,2026-10-03 09:33,
005830,국내주식,7600.0,4.16,연,1,7600.0,7600.0,,4,2026-04-17:7600,2026-04-17,seibro,2026-10-03 09:33,
005850,국내주식,2770.0,5.28,연,1,2770.0,2770.0,,4,2026-04-15:2770,2026-04-15,seibro,2026-10-03 09:33,
005860,국내주식,75.0,3.17,연,1,75.0,75.0,,4,2026-04-10:75,2026-04-10,seibro,2026-10-03 09:33,
005930,국내주식,374.0,0.48,분기,3,1312.0,1122.0,,4|5|8,2026-04-17:566;2026-05-29:372;2026-08-28:374,2026-08-28,seibro,2026-10-03 09:33,
005935,국내주식,374.0,0.65,분기,3,1313.0,1122.0,,4|5|8,2026-04-17:567;2026-05-29:372;2026-08-28:374,2026-08-28,seibro,2026-10-03 09:33,
005940,국내주식,1300.0,4.84,연,1,1300.0,1300.0,,4,2026-04-17:1300,2026-04-17,seibro,2026-10-03 09:33,
005945,국내주식,1350.0,6.0,연,1,1350.0,1350.0,,4,2026-04-17:1350,2026-04-17,seibro,2026-10-03 09:33,
005960,국내주식,300.0,3.56,연,1,300.0,300.0,,4,2026-04-23:300,2026-04-23,seibro,2026-10-03 09:33,
005965,국내주식,350.0,2.04,연,1,350.0,350.0,,4,2026-04-23:350,2026-04-23,seibro,2026-10-03 09:33,
005990,국내주식,260.0,2.54,연,1,260.0,260.0,,4,2026-04-21:260,2026-04-21,seibro,2026-10-03 09:33,
006040,국내주식,600.0,3.39,반기,2,1200.0,1200.0,,4|9,2026-04-16:600;2026-09-11:600,2026-09-11,seibro,2026-10-03 09:33,
006060,국내주식,206.0,9.26,연,1,206.0,206.0,,4,2026-04-03:206,2026-04-03,seibro,2026-10-03 09:33,
006090,국내주식,100.0,1.11,연,1,100.0,100.0,,4,2026-04-16:100,2026-04-16,seibro,2026-10-03 09:33,
0060H0,국내ETF,,1.67,분기,4,206.0,208.0,206.0,2|5|8|11,2025-11-04:50;2026-02-03:52;2026-05-06:52;2026-08-04:52,2026-08-04,seibro+etfcheck,2026-10-03 09:33,
006110,국내주식,25.0,0.04,연,1,25.0,25.0,,4,2026-04-16:25,2026-04-16,seibro,2026-10-03 09:33,
006120,국내주식,500.0,2.96,반기,2,2000.0,1000.0,,4|8,2026-04-24:1500;2026-08-21:500,2026-08-21,seibro,2026-10-03 09:33,
006125,국내주식,500.0,4.72,반기,2,2050.0,2050.0,,4|8,2026-04-24:1550;2026-08-21:500,2026-08-21,seibro,2026-10-03 09:33,
006140,국내주식,200.0,3.51,연,1,200.0,200.0,,4,2026-04-22:200,2026-04-22,seibro,2026-10-03 09:33,
0061Z0,국내ETF,,1.2,연,1,612.0,612.0,580.0,12,2025-12-17:612,2025-12-17,seibro+etfcheck,2026-10-03 09:33,
006200,국내주식,20.0,1.23,연,1,20.0,20.0,,4,2026-04-27:20,2026-04-27,seibro,2026-10-03 09:33,
006220,국내주식,100.0,1.03,연,1,100.0,100.0,,4,2026-04-22:100,2026-04-22,seibro,2026-10-03 09:33,
006260,국내주식,2500.0,0.84,연,1,2500.0,2500.0,,4,2026-04-21:2500,2026-04-21,seibro,2026-10-03 09:33,
006280,국내주식,1500.0,1.18,연,1,1500.0,1500.0,,4,2026-04-21:1500,2026-04-21,seibro,2026-10-03 09:33,
006360,국내주식,500.0,1.51,연,1,500.0,500.0,,4,2026-04-06:500,2026-04-06,seibro,2026-10-03 09:33,
0065G0,국내ETF,,1.02,분기,4,80.0,36.0,27.0,2|5|8|11,2025-11-04:14;2026-02-03:4;2026-05-06:9;2026-08-04:53,2026-08-04,seibro+etfcheck,2026-10-03 09:33,2026-08-04:44
006620,국내주식,120.0,3.36,연,1,120.0,120.0,,4,2026-04-15:120,2026-04-15,seibro,2026-10-03 09:33,
006650,국내주식,1300.0,1.42,연,1,1300.0,1300.0,,3,2026-03-18:1300,2026-03-18,seibro,2026-10-03 09:33,
006660,국내주식,80.0,0.61,연,1,80.0,80.0,,4,2026-04-24:80,2026-04-24,seibro,2026-10-03 09:33,
0066W0,국내ETF,,0.03,연,1,3.0,3.0,3.0,1,2026-01-02:3,2026-01-02,seibro+etfcheck,2026-10-03 09:33,
006730,국내주식,100.0,0.88,연,1,100.0,100.0,,4,2026-04-10:100,2026-04-10,seibro,2026-10-03 09:33,
0067V0,국내ETF,,1.69,연,1,146.0,146.0,146.0,2,2026-02-03:146,2026-02-03,seibro+etfcheck,2026-10-03 09:33,
0067Y0,국내ETF,,0.13,연,1,12.0,12.0,12.0,11,2025-11-04:12,2025-11-04,seibro+etfcheck,2026-10-03 09:33,
006800,국내주식,300.0,0.95,연,1,300.0,300.0,,4,2026-04-22:300,2026-04-22,seibro,2026-10-03 09:33,
006805,국내주식,330.0,2.94,연,1,330.0,330.0,,4,2026-04-22:330,2026-04-22,seibro,2026-10-03 09:33,
00680K,국내주식,300.0,,연,1,300.0,300.0,,4,2026-04-22:300,2026-04-22,seibro,2026-10-03 09:33,
006880,국내주식,120.0,2.82,연,1,120.0,120.0,,4,2026-04-24:120,2026-04-24,seibro,2026-10-03 09:33,
006890,국내주식,180.0,3.71,연,1,180.0,180.0,,4,2026-04-21:180,2026-04-21,seibro,2026-10-03 09:33,
0068M0,국내ETF,,0.74,연,1,85.0,85.0,85.0,6,2026-06-23:85,2026-06-23,seibro+etfcheck,2026-10-03 09:33,
006980,국내주식,1300.0,7.74,연,1,1300.0,1300.0,,4,2026-04-16:1300,2026-04-16,seibro,2026-10-03 09:33,
0069M0,국내ETF,,0.49,분기,4,67.0,56.0,67.0,3|6|9|12,2025-12-16:17;2026-03-16:15;2026-06-16:21;2026-09-16:14,2026-09-16,seibro+etfcheck,2026-10-03 09:33,
007070,국내주식,600.0,2.7,연,1,600.0,600.0,,4,2026-04-02:600,2026-04-02,seibro,2026-10-03 09:33,
007160,국내주식,200.0,0.42,연,1,200.0,200.0,,4,2026-04-24:200,2026-04-24,seibro,2026-10-03 09:33,
007210,국내주식,30.0,2.08,연,1,30.0,30.0,,4,2026-04-24:30,2026-04-24,seibro,2026-10-03 09:33,
007280,국내주식,100.0,4.26,연,1,100.0,100.0,,4,2026-04-07:100,2026-04-07,seibro,2026-10-03 09:33,
0072R0,국내ETF,,0.01,연,1,1.0,1.0,1.0,1,2026-01-05:1,2026-01-05,seibro+etfcheck,2026-10-03 09:33,
007310,국내주식,9000.0,2.83,연,1,9000.0,9000.0,,4,2026-04-20:9000,2026-04-20,seibro,2026-10-03 09:33,
007330,국내주식,770.0,7.74,연,1,770.0,770.0,,4,2026-04-15:770,2026-04-15,seibro,2026-10-03 09:33,
007340,국내주식,500.0,1.98,반기,2,1000.0,1000.0,,4|8,2026-04-03:500;2026-08-13:500,2026-08-13,seibro,2026-10-03 09:33,
007370,국내주식,150.0,3.78,연,1,150.0,150.0,,4,2026-04-17:150,2026-04-17,seibro,2026-10-03 09:33,
0073X0,국내ETF,,15.11,월,12,1250.0,948.0,993.0,1|2|3|4|5|6|7|8|9|10|11|12,2025-11-04:122;2025-12-02:120;2026-01-05:110;2026-02-03:116;2026-03-04:112;2026-04-02:108;2026-05-06:105;2026-06-02:100;2026-07-02:100;2026-08-04:95;2026-09-02:83;2026-10-02:79,2026-10-02,seibro+etfcheck,2026-10-03 09:33,
007530,국내주식,20.0,1.17,연,1,20.0,20.0,,4,2026-04-17:20,2026-04-17,seibro,2026-10-03 09:33,
007540,국내주식,200.0,0.43,연,1,200.0,200.0,,4,2026-04-10:200,2026-04-10,seibro,2026-10-03 09:33,
007570,국내주식,155.0,1.9,연,1,155.0,155.0,,4,2026-04-24:155,2026-04-24,seibro,2026-10-03 09:33,
007575,국내주식,180.0,2.25,연,1,180.0,180.0,,4,2026-04-24:180,2026-04-24,seibro,2026-10-03 09:33,
007590,국내주식,320.0,5.73,연,1,320.0,320.0,,4,2026-04-03:320,2026-04-03,seibro,2026-10-03 09:33,
007595,국내주식,325.0,,연,1,325.0,325.0,,4,2026-04-03:325,2026-04-03,seibro,2026-10-03 09:33,
007597,국내주식,325.0,,연,1,325.0,325.0,,4,2026-04-03:325,2026-04-03,seibro,2026-10-03 09:33,
007660,국내주식,230.0,0.19,연,1,230.0,230.0,,4,2026-04-22:230,2026-04-22,seibro,2026-10-03 09:33,
007680,국내주식,200.0,6.58,연,1,200.0,200.0,,4,2026-04-15:200,2026-04-15,seibro,2026-10-03 09:33,
007690,국내주식,1300.0,3.38,연,1,1300.0,1300.0,,3,2026-03-27:1300,2026-03-27,seibro,2026-10-03 09:33,
007700,국내주식,500.0,3.74,연,1,500.0,500.0,,4,2026-04-21:500,2026-04-21,seibro,2026-10-03 09:33,
007810,국내주식,100.0,0.12,연,1,100.0,100.0,,4,2026-04-24:100,2026-04-24,seibro,2026-10-03 09:33,
007815,국내주식,105.0,0.49,연,1,105.0,105.0,,4,2026-04-24:105,2026-04-24,seibro,2026-10-03 09:33,
00781K,국내주식,105.0,,연,1,105.0,105.0,,4,2026-04-24:105,2026-04-24,seibro,2026-10-03 09:33,
007860,국내주식,250.0,3.23,연,1,250.0,250.0,,4,2026-04-22:250,2026-04-22,seibro,2026-10-03 09:33,
0078V0,국내ETF,,0.14,반기,2,12.0,10.0,12.0,1|5,2026-01-05:7;2026-05-06:5,2026-05-06,seibro+etfcheck,2026-10-03 09:33,
007980,국내주식,75.0,4.18,연,1,75.0,75.0,,4,2026-04-17:75,2026-04-17,seibro,2026-10-03 09:33,
0079X0,국내ETF,,0.38,연,1,34.0,34.0,34.0,1,2026-01-05:34,2026-01-05,seibro+etfcheck,2026-10-03 09:33,
008060,국내주식,1155.0,7.18,연,1,1155.0,1155.0,,4,2026-04-22:1155,2026-04-22,seibro,2026-10-03 09:33,
00806K,국내주식,1160.0,,연,1,1160.0,1160.0,,4,2026-04-22:1160,2026-04-22,seibro,2026-10-03 09:33,
0080G0,국내ETF,,0.05,연,1,5.0,5.0,0.0,8,2026-08-04:5,2026-08-04,seibro+etfcheck,2026-10-03 09:33,
0080X0,국내ETF,,2.04,월,12,215.0,240.0,215.0,1|2|3|4|5|6|7|8|9|10|11|12,2025-10-16:16;2025-11-17:11;2025-12-16:19;2026-01-16:11;2026-02-19:18;2026-03-16:20;2026-04-16:22;2026-05-18:18;2026-06-16:22;2026-07-16:20;2026-08-18:18;2026-09-16:20,2026-09-16,seibro+etfcheck,2026-10-03 09:33,
0080Y0,국내ETF,,0.2,연,1,15.0,15.0,0.0,1,2026-01-02:15,2026-01-02,seibro+etfcheck,2026-10-03 09:33,
008250,국내주식,100.0,3.21,연,1,100.0,100.0,,4,2026-04-22:100,2026-04-22,seibro,2026-10-03 09:33,
008260,국내주식,75.0,5.26,반기,2,175.0,150.0,,4|8,2026-04-10:100;2026-08-11:75,2026-08-11,seibro,2026-10-03 09:33,
0082F0,국내ETF,,0.13,연,1,12.0,12.0,12.0,2,2026-02-03:12,2026-02-03,seibro+etfcheck,2026-10-03 09:33,
0082V0,국내ETF,,1.51,분기,4,170.0,170.0,170.0,2|5|8|11,2025-11-04:10;2026-02-03:65;2026-05-06:16;2026-08-04:79,2026-08-04,seibro+etfcheck,2026-10-03 09:33,
008370,국내주식,300.0,11.61,반기,2,600.0,600.0,,4|9,2026-04-15:300;2026-09-30:300,2026-09-30,seibro,2026-10-03 09:33,
0083S0,국내ETF,,0.26,반기,2,31.0,38.0,12.0,8|11,2025-11-03:12;2026-08-03:19,2026-08-03,seibro+etfcheck,2026-10-03 09:33,
008420,국내주식,50.0,4.8,반기,2,100.0,100.0,,4|8,2026-04-10:50;2026-08-13:50,2026-08-13,seibro,2026-10-03 09:33,
008470,국내주식,80.0,4.76,연,1,80.0,80.0,,4,2026-04-06:80,2026-04-06,seibro,2026-10-03 09:33,
008490,국내주식,500.0,2.46,연,1,500.0,500.0,,4,2026-04-08:500,2026-04-08,seibro,2026-10-03 09:33,
0084D0,국내ETF,,1.43,월,12,160.0,168.0,160.0,1|2|3|4|5|6|7|8|9|10|11|12,2025-11-04:12;2025-12-02:13;2026-01-05:13;2026-02-03:13;2026-03-04:13;2026-04-02:13;2026-05-06:13;2026-06-02:14;2026-07-02:14;2026-08-04:14;2026-09-02:14;2026-10-02:14,2026-10-02,seibro+etfcheck,2026-10-03 09:33,
0084E0,국내ETF,,1.81,월,11,180.0,176.0,148.0,1|2|3|4|5|6|7|8|9|10|12,2025-12-02:20;2026-01-05:16;2026-02-03:16;2026-03-04:16;2026-04-02:16;2026-05-06:16;2026-06-02:16;2026-07-02:16;2026-08-04:16;2026-09-02:16;2026-10-02:16,2026-10-02,seibro+etfcheck,2026-10-03 09:33,
008500,국내주식,100.0,,연,1,100.0,100.0,,4,2026-04-14:100,2026-04-14,seibro,2026-10-03 09:33,
0085N0,국내ETF,,3.88,월,12,366.0,360.0,214.0,1|2|3|4|5|6|7|8|9|10|11|12,2025-11-04:32;2025-12-02:31;2026-01-05:30;2026-02-03:30;2026-03-04:29;2026-04-02:29;2026-05-06:30;2026-06-02:29;2026-07-02:32;2026-08-04:32;2026-09-02:32;2026-10-02:30,2026-10-02,seibro+etfcheck,2026-10-03 09:33,
0085P0,국내ETF,,4.05,월,12,376.0,360.0,315.0,1|2|3|4|5|6|7|8|9|10|11|12,2025-11-04:34;2025-12-02:33;2026-01-05:33;2026-02-03:32;2026-03-04:30;2026-04-02:30;2026-05-06:30;2026-06-02:30;2026-07-02:32;2026-08-04:31;2026-09-02:31;2026-10-02:30,2026-10-02,seibro+etfcheck,2026-10-03 09:33,
0086B0,국내ETF,,6.82,월,12,648.0,648.0,576.0,1|2|3|4|5|6|7|8|9|10|11|12,2025-10-17:54;2025-11-18:54;2025-12-17:54;2026-01-19:54;2026-02-20:54;2026-03-17:54;2026-04-17:54;2026-05-19:54;2026-06-17:54;2026-07-20:54;2026-08-19:54;2026-09-17:54,2026-09-17,seibro+etfcheck,2026-10-03 09:33,
0086C0,국내ETF,,3.42,월,12,336.0,336.0,304.0,1|2|3|4|5|6|7|8|9|10|11|12,2025-10-17:28;2025-11-18:28;2025-12-17:28;2026-01-19:28;2026-02-20:28;2026-03-17:28;2026-04-17:28;2026-05-19:28;2026-06-17:28;2026-07-20:28;2026-08-19:28;2026-09-17:28,2026-09-17,seibro+etfcheck,2026-10-03 09:33,
008730,국내주식,250.0,1.68,연,1,250.0,250.0,,4,2026-04-21:250,2026-04-21,seibro,2026-10-03 09:33,
0087F0,국내ETF,,0.09,연,1,10.0,10.0,10.0,1,2026-01-05:10,2026-01-05,seibro+etfcheck,2026-10-03 09:33,
008830,국내주식,40.0,0.62,연,1,40.0,40.0,,4,2026-04-23:40,2026-04-23,seibro,2026-10-03 09:33,
008870,국내주식,500.0,1.27,연,1,500.0,500.0,,5,2026-05-29:500,2026-05-29,seibro,2026-10-03 09:33,
008930,국내주식,300.0,0.55,연,1,300.0,300.0,,4,2026-04-17:300,2026-04-17,seibro,2026-10-03 09:33,
0089B0,국내ETF,,1.16,격월,10,129.0,101.0,129.0,1|2|3|4|5|6|7|8|9|10,2026-01-05:38;2026-02-03:9;2026-03-04:9;2026-04-02:11;2026-05-06:10;2026-06-02:10;2026-07-02:10;2026-08-04:11;2026-09-02:10;2026-10-02:11,2026-10-02,seibro+etfcheck,2026-10-03 09:33,2026-01-05:28
0089C0,국내ETF,,2.18,월,12,244.0,116.0,244.0,1|2|3|4|5|6|7|8|9|10|11|12,2025-11-04:7;2025-12-02:11;2026-01-05:11;2026-02-03:9;2026-03-04:10;2026-04-02:138;2026-05-06:7;2026-06-02:10;2026-07-02:12;2026-08-04:9;2026-09-02:10;2026-10-02:10,2026-10-02,seibro+etfcheck,2026-10-03 09:33,2026-04-02:128
0089D0,국내ETF,,4.28,월,11,557.0,671.0,392.0,1|2|3|4|5|6|7|8|9|11|12,2025-11-18:28;2025-12-17:27;2026-01-19:27;2026-02-20:27;2026-03-17:62;2026-04-17:66;2026-05-19:67;2026-06-17:64;2026-07-20:66;2026-08-19:62;2026-09-17:61,2026-09-17,seibro+etfcheck,2026-10-03 09:33,
009070,국내주식,75.0,1.81,연,1,75.0,75.0,,4,2026-04-13:75,2026-04-13,seibro,2026-10-03 09:33,
0090B0,국내ETF,,0.86,반기,2,65.0,65.0,53.0,1|5,2026-01-05:10;2026-05-06:55,2026-05-06,seibro+etfcheck,2026-10-03 09:33,
009140,국내주식,500.0,2.51,연,1,500.0,500.0,,4,2026-04-08:500,2026-04-08,seibro,2026-10-03 09:33,
009150,국내주식,2350.0,0.15,연,1,2350.0,2350.0,,4,2026-04-17:2350,2026-04-17,seibro,2026-10-03 09:33,
009155,국내주식,2400.0,0.46,연,1,2400.0,2400.0,,4,2026-04-17:2400,2026-04-17,seibro,2026-10-03 09:33,
009160,국내주식,300.0,6.09,연,1,300.0,300.0,,4,2026-04-03:300,2026-04-03,seibro,2026-10-03 09:33,
009180,국내주식,60.0,9.25,반기,2,260.0,260.0,,4|7,2026-04-22:200;2026-07-29:60,2026-07-29,seibro,2026-10-03 09:33,
0091C0,국내ETF,,4.32,월,12,400.0,408.0,200.0,1|2|3|4|5|6|7|8|9|10|11|12,2025-10-17:48;2025-11-18:31;2025-12-17:30;2026-01-19:31;2026-02-20:32;2026-03-17:28;2026-04-17:33;2026-05-19:32;2026-06-17:34;2026-07-20:33;2026-08-19:34;2026-09-17:34,2026-09-17,seibro+etfcheck,2026-10-03 09:33,
0091P0,국내ETF,,0.21,연,1,35.0,35.0,35.0,5,2026-05-06:35,2026-05-06,seibro+etfcheck,2026-10-03 09:33,
009200,국내주식,125.0,8.16,연,1,125.0,125.0,,4,2026-04-08:125,2026-04-08,seibro,2026-10-03 09:33,
009240,국내주식,1500.0,3.79,연,1,1500.0,1500.0,,7,2026-07-16:1500,2026-07-16,seibro,2026-10-03 09:33,
009270,국내주식,50.0,4.55,연,1,50.0,50.0,,4,2026-04-17:50,2026-04-17,seibro,2026-10-03 09:33,
009275,국내주식,55.0,,연,1,55.0,55.0,,4,2026-04-17:55,2026-04-17,seibro,2026-10-03 09:33,
009290,국내주식,100.0,1.52,연,1,100.0,100.0,,4,2026-04-24:100,2026-04-24,seibro,2026-10-03 09:33,
0092B0,국내ETF,,0.19,반기,2,30.0,30.0,25.0,1|5,2026-01-02:5;2026-05-04:25,2026-05-04,seibro+etfcheck,2026-10-03 09:33,
0092C0,국내ETF,,0.68,연,1,340.0,340.0,0.0,12,2025-12-16:340,2025-12-16,seibro+etfcheck,2026-10-03 09:33,
009300,국내주식,850.0,6.09,연,1,850.0,850.0,,4,2026-04-13:850,2026-04-13,seibro,2026-10-03 09:33,
0093A0,국내ETF,,0.04,반기,2,15.0,20.0,10.0,1|5,2026-01-05:5;2026-05-06:10,2026-05-06,seibro+etfcheck,2026-10-03 09:33,
0093B0,국내ETF,,0.41,분기,4,52.0,56.0,52.0,1|4|7|10,2026-01-05:11;2026-04-02:11;2026-07-02:16;2026-10-02:14,2026-10-02,seibro+etfcheck,2026-10-03 09:33,
009450,국내주식,750.0,1.22,연,1,750.0,750.0,,4,2026-04-07:750,2026-04-07,seibro,2026-10-03 09:33,
009470,국내주식,600.0,2.17,연,1,600.0,600.0,,4,2026-04-24:600,2026-04-24,seibro,2026-10-03 09:33,
0094L0,국내ETF,,16.04,월,12,1058.0,840.0,298.0,1|2|3|4|5|6|7|8|9|10|11|12,2025-11-04:103;2025-12-02:87;2026-01-05:108;2026-02-03:101;2026-03-04:87;2026-04-02:89;2026-05-06:87;2026-06-02:84;2026-07-02:83;2026-08-04:83;2026-09-02:76;2026-10-02:70,2026-10-02,seibro+etfcheck,2026-10-03 09:33,
0094M0,국내ETF,,24.03,월,12,4200.0,4200.0,187.0,1|2|3|4|5|6|7|8|9|10|11|12,2025-10-17:105;2025-11-18:210;2025-12-17:125;2026-01-19:190;2026-02-20:310;2026-03-17:400;2026-04-17:340;2026-05-19:390;2026-06-17:420;2026-07-20:590;2026-08-19:580;2026-09-17:540,2026-09-17,seibro+etfcheck,2026-10-03 09:33,
0094X0,국내ETF,,0.93,반기,2,71.0,71.0,0.0,2|8,2026-02-02:10;2026-08-03:61,2026-08-03,seibro+etfcheck,2026-10-03 09:33,
009520,국내주식,10.0,0.08,연,1,10.0,10.0,,4,2026-04-24:10,2026-04-24,seibro,2026-10-03 09:33,
009540,국내주식,6500.0,4.78,반기,2,15600.0,13000.0,,4|9,2026-04-10:9100;2026-09-01:6500,2026-09-01,seibro,2026-10-03 09:33,
009580,국내주식,125.0,7.1,연,1,125.0,125.0,,4,2026-04-08:125,2026-04-08,seibro,2026-10-03 09:33,
009680,국내주식,790.0,7.86,연,1,790.0,790.0,,4,2026-04-06:790,2026-04-06,seibro,2026-10-03 09:33,
009770,국내주식,1000.0,3.64,연,1,1000.0,1000.0,,4,2026-04-13:1000,2026-04-13,seibro,2026-10-03 09:33,
009780,국내주식,130.0,1.74,연,1,130.0,130.0,,4,2026-04-24:130,2026-04-24,seibro,2026-10-03 09:33,
0097L0,국내ETF,,4.02,월,12,500.0,660.0,500.0,1|2|3|4|5|6|7|8|9|10|11|12,2025-11-04:30;2025-12-02:30;2026-01-05:30;2026-02-03:30;2026-03-04:40;2026-04-02:40;2026-05-06:45;2026-06-02:45;2026-07-02:50;2026-08-04:50;2026-09-02:55;2026-10-02:55,2026-10-02,seibro+etfcheck,2026-10-03 09:33,
0098F0,국내ETF,,0.37,연,1,58.0,58.0,57.0,5,2026-05-06:58,2026-05-06,seibro+etfcheck,2026-10-03 09:33,
0098N0,국내ETF,,5.04,월,12,645.0,840.0,428.0,1|2|3|4|5|6|7|8|9|10|11|12,2025-10-17:35;2025-11-18:35;2025-12-17:35;2026-01-19:40;2026-02-20:40;2026-03-17:40;2026-04-17:70;2026-05-19:70;2026-06-17:70;2026-07-20:70;2026-08-19:70;2026-09-17:70,2026-09-17,seibro+etfcheck,2026-10-03 09:33,
0098Z0,국내ETF,,0.44,반기,2,420.0,240.0,420.0,5|8,2026-05-06:300;2026-08-04:120,2026-08-04,seibro+etfcheck,2026-10-03 09:33,
009900,국내주식,100.0,1.17,연,1,100.0,100.0,,4,2026-04-17:100,2026-04-17,seibro,2026-10-03 09:33,
009970,국내주식,4176.0,2.54,연,1,4176.0,4176.0,,4,2026-04-17:4176,2026-04-17,seibro,2026-10-03 09:33,
0099L0,국내ETF,,0.75,연,1,744.0,744.0,0.0,12,2025-12-02:744,2025-12-02,seibro+etfcheck,2026-10-03 09:33,
010060,국내주식,1000.0,0.42,연,1,1000.0,1000.0,,4,2026-04-10:1000,2026-04-10,seibro,2026-10-03 09:33,
010100,국내주식,100.0,2.87,연,1,100.0,100.0,,4,2026-04-20:100,2026-04-20,seibro,2026-10-03 09:33,
010120,국내주식,3000.0,1.44,연,1,3000.0,3000.0,,4,2026-04-09:3000,2026-04-09,seibro,2026-10-03 09:33,
010130,국내주식,5000.0,2.77,분기,3,30000.0,17500.0,,4|6|9,2026-04-21:20000;2026-06-05:5000;2026-09-04:5000,2026-09-04,seibro,2026-10-03 09:33,2026-04-21:12500
0101N0,국내ETF,,0.0,연,1,1.0,1.0,0.0,1,2026-01-05:1,2026-01-05,seibro+etfcheck,2026-10-03 09:33,
010240,국내주식,280.0,5.35,연,1,280.0,280.0,,4,2026-04-10:280,2026-04-10,seibro,2026-10-03 09:33,
0102A0,국내ETF,,0.08,연,1,7.0,7.0,7.0,1,2026-01-05:7,2026-01-05,seibro+etfcheck,2026-10-03 09:33,
0102X0,국내ETF,,0.86,분기,3,73.0,73.0,0.0,1|5|8,2026-01-05:9;2026-05-06:32;2026-08-04:32,2026-08-04,seibro+etfcheck,2026-10-03 09:33,
0103T0,국내ETF,,1.04,반기,2,86.0,90.0,51.0,2|5,2026-02-02:41;2026-05-04:45,2026-05-04,seibro+etfcheck,2026-10-03 09:33,
010400,국내주식,150.0,3.58,연,1,150.0,150.0,,4,2026-04-15:150,2026-04-15,seibro,2026-10-03 09:33,
010470,국내주식,270.0,5.36,연,1,270.0,270.0,,4,2026-04-30:270,2026-04-30,seibro,2026-10-03 09:33,
0104G0,국내ETF,,0.61,연,1,35.0,35.0,0.0,5,2026-05-06:35,2026-05-06,seibro+etfcheck,2026-10-03 09:33,
0104H0,국내ETF,,0.28,연,1,33.0,33.0,33.0,1,2026-01-05:33,2026-01-05,seibro+etfcheck,2026-10-03 09:33,
0104N0,국내ETF,,5.72,월,12,1230.0,1512.0,140.0,1|2|3|4|5|6|7|8|9|10|11|12,2025-10-17:62;2025-11-18:71;2025-12-17:72;2026-01-19:80;2026-02-20:92;2026-03-17:97;2026-04-17:103;2026-05-19:137;2026-06-17:141;2026-07-20:137;2026-08-19:112;2026-09-17:126,2026-09-17,seibro+etfcheck,2026-10-03 09:33,
0104P0,국내ETF,,11.93,월,12,1280.0,1320.0,381.0,1|2|3|4|5|6|7|8|9|10|11|12,2025-11-04:98;2025-12-02:98;2026-01-05:100;2026-02-03:103;2026-03-04:114;2026-04-02:112;2026-05-06:114;2026-06-02:113;2026-07-02:104;2026-08-04:105;2026-09-02:109;2026-10-02:110,2026-10-02,seibro+etfcheck,2026-10-03 09:33,
0105D0,국내ETF,,0.66,반기,2,59.0,59.0,55.0,1|5,2026-01-02:4;2026-05-04:55,2026-05-04,seibro+etfcheck,2026-10-03 09:33,
0105E0,국내ETF,,5.52,월,11,696.0,660.0,423.0,1|2|3|4|5|6|7|8|9|11|12,2025-11-17:95;2025-12-16:61;2026-01-16:60;2026-02-19:60;2026-03-16:60;2026-04-16:60;2026-05-18:60;2026-06-16:60;2026-07-16:60;2026-08-18:60;2026-09-16:60,2026-09-16,seibro+etfcheck,2026-10-03 09:33,
010640,국내주식,50.0,7.19,반기,2,150.0,100.0,,4|8,2026-04-07:100;2026-08-11:50,2026-08-11,seibro,2026-10-03 09:33,
010660,국내주식,20.0,0.64,연,1,20.0,20.0,,4,2026-04-22:20,2026-04-22,seibro,2026-10-03 09:33,
010690,국내주식,170.0,2.22,연,1,170.0,170.0,,4,2026-04-07:170,2026-04-07,seibro,2026-10-03 09:33,
010770,국내주식,150.0,4.24,연,1,150.0,150.0,,4,2026-04-03:150,2026-04-03,seibro,2026-10-03 09:33,
010780,국내주식,500.0,3.41,연,1,500.0,500.0,,4,2026-04-09:500,2026-04-09,seibro,2026-10-03 09:33,
0107F0,국내ETF,,3.65,월,12,394.0,408.0,394.0,1|2|3|4|5|6|7|8|9|10|11|12,2025-11-04:31;2025-12-02:32;2026-01-05:32;2026-02-03:32;2026-03-04:32;2026-04-02:32;2026-05-06:33;2026-06-02:34;2026-07-02:34;2026-08-04:34;2026-09-02:34;2026-10-02:34,2026-10-02,seibro+etfcheck,2026-10-03 09:33,
010950,국내주식,800.0,0.69,반기,2,1130.0,1600.0,,4|9,2026-04-30:330;2026-09-15:800,2026-09-15,seibro,2026-10-03 09:33,
010955,국내주식,800.0,1.32,반기,2,1155.0,1600.0,,4|9,2026-04-30:355;2026-09-15:800,2026-09-15,seibro,2026-10-03 09:33,
010960,국내주식,200.0,6.46,연,1,200.0,200.0,,4,2026-04-16:200,2026-04-16,seibro,2026-10-03 09:33,
011040,국내주식,300.0,5.98,연,1,300.0,300.0,,4,2026-04-17:300,2026-04-17,seibro,2026-10-03 09:33,
011060,국내주식,150.0,,연,1,150.0,150.0,,4,2026-04-17:150,2026-04-17,seibro,2026-10-03 09:33,
011070,국내주식,1880.0,0.33,연,1,1880.0,1880.0,,4,2026-04-22:1880,2026-04-22,seibro,2026-10-03 09:33,
011170,국내주식,500.0,1.64,반기,2,1000.0,1000.0,,4|9,2026-04-17:500;2026-09-18:500,2026-09-18,seibro,2026-10-03 09:33,
0111J0,국내ETF,,2.54,격월,9,305.0,305.0,305.0,2|3|4|5|6|7|8|9|10,2026-02-03:10;2026-03-04:25;2026-04-02:30;2026-05-06:40;2026-06-02:40;2026-07-02:40;2026-08-04:40;2026-09-02:40;2026-10-02:40,2026-10-02,seibro+etfcheck,2026-10-03 09:33,
0111P0,국내ETF,,0.81,분기,3,87.0,87.0,87.0,2|5|8,2026-02-02:29;2026-05-04:29;2026-08-03:29,2026-08-03,seibro+etfcheck,2026-10-03 09:33,
011200,국내주식,700.0,3.27,연,1,700.0,700.0,,4,2026-04-24:700,2026-04-24,seibro,2026-10-03 09:33,
011210,국내주식,1200.0,2.25,연,1,1200.0,1200.0,,4,2026-04-24:1200,2026-04-24,seibro,2026-10-03 09:33,
011320,국내주식,30.0,2.28,반기,2,90.0,60.0,,4|7,2026-04-10:60;2026-07-16:30,2026-07-16,seibro,2026-10-03 09:33,
011370,국내주식,50.0,1.32,연,1,50.0,50.0,,4,2026-04-15:50,2026-04-15,seibro,2026-10-03 09:33,
011390,국내주식,250.0,0.52,연,1,250.0,250.0,,4,2026-04-24:250,2026-04-24,seibro,2026-10-03 09:33,
0113D0,국내ETF,,0.14,연,1,16.0,16.0,16.0,1,2026-01-05:16,2026-01-05,seibro+etfcheck,2026-10-03 09:33,
0113G0,국내ETF,,0.03,연,1,3.0,3.0,3.0,1,2026-01-05:3,2026-01-05,seibro+etfcheck,2026-10-03 09:33,
0113P0,국내ETF,,0.24,연,1,246.0,246.0,246.0,1,2026-01-05:246,2026-01-05,seibro+etfcheck,2026-10-03 09:33,
0114X0,국내ETF,,0.08,연,1,7.0,7.0,0.0,1,2026-01-05:7,2026-01-05,seibro+etfcheck,2026-10-03 09:33,
011500,국내주식,40.0,0.27,연,1,40.0,40.0,,4,2026-04-13:40,2026-04-13,seibro,2026-10-03 09:33,
011560,국내주식,600.0,2.43,연,1,600.0,600.0,,3,2026-03-31:600,2026-03-31,seibro,2026-10-03 09:33,
0115C0,국내ETF,,3.28,격월,10,340.0,330.0,340.0,1|2|3|4|5|6|7|8|9|12,2025-12-17:35;2026-01-19:34;2026-02-20:34;2026-03-17:34;2026-04-17:34;2026-05-19:34;2026-06-17:34;2026-07-20:35;2026-08-19:33;2026-09-17:33,2026-09-17,seibro+etfcheck,2026-10-03 09:33,
0115D0,국내ETF,,0.35,연,1,25.0,25.0,25.0,5,2026-05-06:25,2026-05-06,seibro+etfcheck,2026-10-03 09:33,
0115E0,국내ETF,,0.46,반기,2,66.0,50.0,66.0,5|8,2026-05-06:41;2026-08-04:25,2026-08-04,seibro+etfcheck,2026-10-03 09:33,
011700,국내주식,20.0,0.78,연,1,20.0,20.0,,4,2026-04-24:20,2026-04-24,seibro,2026-10-03 09:33,
011760,국내주식,700.0,2.8,연,1,700.0,700.0,,4,2026-04-14:700,2026-04-14,seibro,2026-10-03 09:33,
011780,국내주식,1700.0,1.45,연,1,1700.0,1700.0,,4,2026-04-09:1700,2026-04-09,seibro,2026-10-03 09:33,
011785,국내주식,1750.0,3.52,연,1,1750.0,1750.0,,4,2026-04-09:1750,2026-04-09,seibro,2026-10-03 09:33,
0117L0,국내ETF,,0.52,연,1,53.0,53.0,0.0,12,2025-12-17:53,2025-12-17,seibro+etfcheck,2026-10-03 09:33,
0117V0,국내ETF,,0.48,연,1,93.0,93.0,24.0,8,2026-08-04:93,2026-08-04,seibro+etfcheck,2026-10-03 09:33,
0118S0,국내ETF,,0.07,반기,2,8.0,10.0,5.0,1|5,2026-01-02:3;2026-05-04:5,2026-05-04,seibro+etfcheck,2026-10-03 09:33,
0118Z0,국내ETF,,0.03,연,1,3.0,3.0,0.0,1,2026-01-05:3,2026-01-05,seibro+etfcheck,2026-10-03 09:33,
011910,국내주식,15200.0,,연,1,15200.0,15200.0,,4,2026-04-10:15200,2026-04-10,seibro,2026-10-03 09:33,
0119H0,국내ETF,,0.49,연,1,49.0,49.0,0.0,12,2025-12-17:49,2025-12-17,seibro+etfcheck,2026-10-03 09:33,
012280,국내주식,35.0,0.97,연,1,35.0,35.0,,4,2026-04-15:35,2026-04-15,seibro,2026-10-03 09:33,
0122W0,국내ETF,,0.26,연,1,135.0,135.0,61.0,12,2025-12-17:135,2025-12-17,seibro+etfcheck,2026-10-03 09:33,
012320,국내주식,750.0,1.73,연,1,750.0,750.0,,4,2026-04-27:750,2026-04-27,seibro,2026-10-03 09:33,
012330,국내주식,1500.0,1.69,반기,2,6500.0,6500.0,,4|8,2026-04-16:5000;2026-08-31:1500,2026-08-31,seibro,2026-10-03 09:33,
012335,국내주식,1500.0,,반기,2,6550.0,6550.0,,4|8,2026-04-16:5050;2026-08-31:1500,2026-08-31,seibro,2026-10-03 09:33,
0123G0,국내ETF,,0.07,연,1,4.0,4.0,0.0,1,2026-01-05:4,2026-01-05,seibro+etfcheck,2026-10-03 09:33,
012450,국내주식,7000.0,0.65,연,1,7000.0,7000.0,,4,2026-04-08:7000,2026-04-08,seibro,2026-10-03 09:33,
012510,국내주식,640.0,,연,1,640.0,640.0,,4,2026-04-24:640,2026-04-24,seibro,2026-10-03 09:33,
01251K,국내주식,4861.0,,연,1,4861.0,4861.0,,4,2026-04-24:4861,2026-04-24,seibro,2026-10-03 09:33,
012610,국내주식,50.0,1.46,연,1,50.0,50.0,,4,2026-04-14:50,2026-04-14,seibro,2026-10-03 09:33,
012620,국내주식,270.0,3.67,연,1,270.0,270.0,,4,2026-04-13:270,2026-04-13,seibro,2026-10-03 09:33,
012630,국내주식,450.0,1.91,연,1,450.0,450.0,,4,2026-04-24:450,2026-04-24,seibro,2026-10-03 09:33,
012690,국내주식,50.0,3.51,연,1,50.0,50.0,,4,2026-04-09:50,2026-04-09,seibro,2026-10-03 09:33,
012700,국내주식,150.0,5.15,연,1,150.0,150.0,,4,2026-04-07:150,2026-04-07,seibro,2026-10-03 09:33,
012750,국내주식,3200.0,3.8,연,1,3200.0,3200.0,,4,2026-04-17:3200,2026-04-17,seibro,2026-10-03 09:33,
012790,국내주식,190.0,2.93,연,1,190.0,190.0,,4,2026-04-15:190,2026-04-15,seibro,2026-10-03 09:33,
0127M0,국내ETF,,1.0,분기,4,118.0,118.0,118.0,1|2|5|8,2026-01-05:14;2026-02-03:18;2026-05-06:41;2026-08-04:45,2026-08-04,seibro+etfcheck,2026-10-03 09:33,
0127P0,국내ETF,,0.19,반기,2,20.0,20.0,20.0,1|8,2026-01-05:2;2026-08-04:18,2026-08-04,seibro+etfcheck,2026-10-03 09:33,
0127R0,국내ETF,,0.05,반기,2,9.0,9.0,9.0,1|8,2026-01-05:1;2026-08-04:8,2026-08-04,seibro+etfcheck,2026-10-03 09:33,
0127T0,국내ETF,,1.47,격월,10,158.0,150.0,158.0,1|2|3|4|5|6|7|8|9|10,2026-01-05:23;2026-02-03:15;2026-03-04:15;2026-04-02:15;2026-05-06:15;2026-06-02:15;2026-07-02:15;2026-08-04:15;2026-09-02:15;2026-10-02:15,2026-10-02,seibro+etfcheck,2026-10-03 09:33,
0127V0,국내ETF,,1.04,격월,10,110.0,100.0,90.0,1|2|3|4|5|6|7|8|9|10,2026-01-05:18;2026-02-03:12;2026-03-04:10;2026-04-02:10;2026-05-06:10;2026-06-02:10;2026-07-02:10;2026-08-04:10;2026-09-02:10;2026-10-02:10,2026-10-02,seibro+etfcheck,2026-10-03 09:33,
012860,국내주식,40.0,1.61,연,1,40.0,40.0,,4,2026-04-24:40,2026-04-24,seibro,2026-10-03 09:33,
0128D0,국내ETF,,16.86,격월,10,1024.0,810.0,0.0,1|2|3|4|5|6|7|8|9|10,2026-01-05:117;2026-02-03:121;2026-03-04:108;2026-04-02:105;2026-05-06:105;2026-06-02:104;2026-07-02:100;2026-08-04:95;2026-09-02:88;2026-10-02:81,2026-10-02,seibro+etfcheck,2026-10-03 09:33,
013030,국내주식,1350.0,3.71,연,1,1350.0,1350.0,,4,2026-04-17:1350,2026-04-17,seibro,2026-10-03 09:33,
013120,국내주식,90.0,4.24,연,1,90.0,90.0,,4,2026-04-24:90,2026-04-24,seibro,2026-10-03 09:33,
0131A0,국내ETF,,0.01,연,1,1.0,1.0,0.0,1,2026-01-02:1,2026-01-02,seibro+etfcheck,2026-10-03 09:33,
0131V0,국내ETF,,0.11,연,1,12.0,12.0,12.0,5,2026-05-04:12,2026-05-04,seibro+etfcheck,2026-10-03 09:33,
0132H0,국내ETF,,0.23,분기,3,16.0,12.0,12.0,2|5|8,2026-02-03:4;2026-05-06:8;2026-08-04:4,2026-08-04,seibro+etfcheck,2026-10-03 09:33,
0132K0,국내ETF,,21.16,격월,10,1675.0,1675.0,62.0,1|2|3|4|5|6|7|8|9|12,2025-12-17:25;2026-01-19:212;2026-02-20:200;2026-03-17:195;2026-04-17:180;2026-05-19:187;2026-06-17:178;2026-07-20:177;2026-08-19:161;2026-09-17:160,2026-09-17,seibro+etfcheck,2026-10-03 09:33,
013310,국내주식,100.0,4.32,연,1,100.0,100.0,,4,2026-04-24:100,2026-04-24,seibro,2026-10-03 09:33,
013520,국내주식,75.0,2.95,연,1,75.0,75.0,,4,2026-04-14:75,2026-04-14,seibro,2026-10-03 09:33,
013570,국내주식,170.0,4.01,연,1,170.0,170.0,,4,2026-04-21:170,2026-04-21,seibro,2026-10-03 09:33,
013580,국내주식,700.0,3.25,연,1,700.0,700.0,,4,2026-04-17:700,2026-04-17,seibro,2026-10-03 09:33,
013700,국내주식,15.0,2.52,반기,2,40.0,30.0,,4|9,2026-04-21:25;2026-09-11:15,2026-09-11,seibro,2026-10-03 09:33,
0137V0,국내ETF,,0.42,분기,3,49.0,48.0,39.0,2|5|8,2026-02-03:10;2026-05-06:23;2026-08-04:16,2026-08-04,seibro+etfcheck,2026-10-03 09:33,
0137W0,국내ETF,,0.51,분기,3,51.0,34.5,38.0,2|5|8,2026-02-03:13;2026-05-06:28;2026-08-04:10,2026-08-04,seibro+etfcheck,2026-10-03 09:33,2026-05-06:16.5
013870,국내주식,250.0,6.54,연,1,250.0,250.0,,4,2026-04-20:250,2026-04-20,seibro,2026-10-03 09:33,
013890,국내주식,90.0,1.31,연,1,90.0,90.0,,4,2026-04-22:90,2026-04-22,seibro,2026-10-03 09:33,
0138D0,국내ETF,,0.67,연,1,90.0,90.0,75.0,5,2026-05-06:90,2026-05-06,seibro+etfcheck,2026-10-03 09:33,
0138T0,국내ETF,,11.35,격월,10,1050.0,1050.0,593.0,1|2|3|4|5|6|7|8|9,2026-01-05:10;2026-02-03:103;2026-03-04:92;2026-04-02:119;2026-04-17:118;2026-05-19:163;2026-06-17:109;2026-07-20:144;2026-08-19:118;2026-09-17:74,2026-09-17,seibro+etfcheck,2026-10-03 09:33,
0138Y0,국내ETF,,0.02,연,1,2.0,2.0,2.0,1,2026-01-05:2,2026-01-05,seibro+etfcheck,2026-10-03 09:33,
013900,국내주식,400.0,,연,1,400.0,400.0,,4,2026-04-24:400,2026-04-24,seibro,2026-10-03 09:33,
0139P0,국내ETF,,3.46,격월,10,458.0,520.0,436.0,1|2|3|4|5|6|7|8|9|10,2026-01-05:22;2026-02-03:44;2026-03-04:44;2026-04-02:44;2026-05-06:44;2026-06-02:52;2026-07-02:52;2026-08-04:52;2026-09-02:52;2026-10-02:52,2026-10-02,seibro+etfcheck,2026-10-03 09:33,
0141S0,국내ETF,,0.13,반기,2,11.0,11.0,10.0,1|5,2026-01-02:1;2026-05-04:10,2026-05-04,seibro+etfcheck,2026-10-03 09:33,
0141T0,국내ETF,,0.04,연,1,20.0,20.0,20.0,1,2026-01-02:20,2026-01-02,seibro+etfcheck,2026-10-03 09:33,
014280,국내주식,120.0,2.63,연,1,120.0,120.0,,4,2026-04-03:120,2026-04-03,seibro,2026-10-03 09:33,
014285,국내주식,130.0,2.32,연,1,130.0,130.0,,4,2026-04-03:130,2026-04-03,seibro,2026-10-03 09:33,
0142D0,국내ETF,,0.02,연,1,2.0,2.0,0.0,1,2026-01-05:2,2026-01-05,seibro+etfcheck,2026-10-03 09:33,
014440,국내주식,350.0,7.39,연,1,350.0,350.0,,4,2026-04-15:350,2026-04-15,seibro,2026-10-03 09:33,
0144L0,국내ETF,,9.38,격월,9,887.0,873.0,420.0,2|3|4|5|6|7|8|9|10,2026-02-03:97;2026-03-04:94;2026-04-02:93;2026-05-06:99;2026-06-02:107;2026-07-02:106;2026-08-04:99;2026-09-02:95;2026-10-02:97,2026-10-02,seibro+etfcheck,2026-10-03 09:33,
0144M0,국내ETF,,0.1,반기,2,6.0,4.0,0.0,5|8,2026-05-06:4;2026-08-04:2,2026-08-04,seibro+etfcheck,2026-10-03 09:33,
014530,국내주식,200.0,5.89,연,1,200.0,200.0,,4,2026-04-21:200,2026-04-21,seibro,2026-10-03 09:33,
014570,국내주식,180.0,5.5,연,1,180.0,180.0,,4,2026-04-08:180,2026-04-08,seibro,2026-10-03 09:33,
014580,국내주식,150.0,3.87,연,1,150.0,150.0,,4,2026-04-21:150,2026-04-21,seibro,2026-10-03 09:33,
014620,국내주식,200.0,0.65,연,1,200.0,200.0,,4,2026-04-21:200,2026-04-21,seibro,2026-10-03 09:33,
014680,국내주식,2600.0,0.94,연,1,2600.0,2600.0,,4,2026-04-17:2600,2026-04-17,seibro,2026-10-03 09:33,
014710,국내주식,50.0,0.52,연,1,50.0,50.0,,4,2026-04-20:50,2026-04-20,seibro,2026-10-03 09:33,
01479K,국내주식,559.8,,연,1,559.8,559.8,,4,2026-04-23:559.8,2026-04-23,seibro,2026-10-03 09:33,
014820,국내주식,300.0,2.81,반기,2,600.0,600.0,,4|9,2026-04-15:300;2026-09-09:300,2026-09-09,seibro,2026-10-03 09:33,
014825,국내주식,350.0,4.75,반기,2,650.0,700.0,,4|9,2026-04-15:300;2026-09-09:350,2026-09-09,seibro,2026-10-03 09:33,
014830,국내주식,2000.0,3.27,연,1,2000.0,2000.0,,4,2026-04-17:2000,2026-04-17,seibro,2026-10-03 09:33,
014910,국내주식,5.0,0.25,연,1,5.0,5.0,,4,2026-04-14:5,2026-04-14,seibro,2026-10-03 09:33,
014915,국내주식,10.0,0.19,연,1,10.0,10.0,,4,2026-04-14:10,2026-04-14,seibro,2026-10-03 09:33,
014950,국내주식,40.0,0.47,연,1,40.0,40.0,,4,2026-04-20:40,2026-04-20,seibro,2026-10-03 09:33,
014970,국내주식,105.0,2.36,연,1,105.0,105.0,,4,2026-04-17:105,2026-04-17,seibro,2026-10-03 09:33,
0151P0,국내ETF,,0.2,연,1,30.0,30.0,18.0,8,2026-08-04:30,2026-08-04,seibro+etfcheck,2026-10-03 09:33,
0151S0,국내ETF,,0.16,반기,2,25.0,26.0,25.0,5|8,2026-05-06:12;2026-08-04:13,2026-08-04,seibro+etfcheck,2026-10-03 09:33,
015230,국내주식,180.0,2.75,연,1,180.0,180.0,,4,2026-04-21:180,2026-04-21,seibro,2026-10-03 09:33,
015250,국내주식,100.0,,연,1,100.0,100.0,,10,2026-10-20:100,2026-10-20,seibro,2026-10-03 09:33,
0152E0,국내ETF,,3.94,격월,8,420.0,400.0,350.0,3|4|5|6|7|8|9|10,2026-03-03:70;2026-04-01:50;2026-05-04:50;2026-06-01:50;2026-07-01:50;2026-08-03:50;2026-09-01:50;2026-10-01:50,2026-10-01,seibro+etfcheck,2026-10-03 09:33,
015360,국내주식,5400.0,36.73,연,1,5400.0,5400.0,,4,2026-04-03:5400,2026-04-03,seibro,2026-10-03 09:33,
0153K0,국내ETF,,2.37,격월,7,284.0,329.0,284.0,3|4|5|6|7|8|9,2026-03-17:32;2026-04-17:33;2026-05-19:40;2026-06-17:42;2026-07-20:44;2026-08-19:46;2026-09-17:47,2026-09-17,seibro+etfcheck,2026-10-03 09:33,
0153P0,국내ETF,,4.78,격월,8,450.0,432.0,227.0,3|4|5|6|7|8|9|10,2026-03-04:72;2026-04-02:54;2026-05-06:54;2026-06-02:54;2026-07-02:54;2026-08-04:54;2026-09-02:54;2026-10-02:54,2026-10-02,seibro+etfcheck,2026-10-03 09:33,
0153X0,국내ETF,,3.56,격월,8,374.0,360.0,374.0,3|4|5|6|7|8|9|10,2026-03-04:45;2026-04-02:47;2026-05-06:47;2026-06-02:48;2026-07-02:47;2026-08-04:47;2026-09-02:48;2026-10-02:45,2026-10-02,seibro+etfcheck,2026-10-03 09:33,
0154F0,국내ETF,,2.16,연,1,259.0,259.0,259.0,5,2026-05-06:259,2026-05-06,seibro+etfcheck,2026-10-03 09:33,
015710,국내주식,150.0,5.15,연,1,150.0,150.0,,4,2026-04-15:150,2026-04-15,seibro,2026-10-03 09:33,
015750,국내주식,200.0,3.37,연,1,200.0,200.0,,4,2026-04-16:200,2026-04-16,seibro,2026-10-03 09:33,
015760,국내주식,1542.0,5.12,연,1,1542.0,1542.0,,4,2026-04-22:1542,2026-04-22,seibro,2026-10-03 09:33,
015860,국내주식,200.0,2.7,연,1,200.0,200.0,,4,2026-04-06:200,2026-04-06,seibro,2026-10-03 09:33,
015890,국내주식,250.0,5.24,연,1,250.0,250.0,,4,2026-04-22:250,2026-04-22,seibro,2026-10-03 09:33,
016090,국내주식,80.0,5.67,연,1,80.0,80.0,,4,2026-04-01:80,2026-04-01,seibro,2026-10-03 09:33,
0162L0,국내ETF,,0.19,반기,2,23.0,34.0,23.0,5|8,2026-05-06:6;2026-08-04:17,2026-08-04,seibro+etfcheck,2026-10-03 09:33,
0162Z0,국내ETF,,0.27,반기,2,37.0,52.0,37.0,5|8,2026-05-06:11;2026-08-04:26,2026-08-04,seibro+etfcheck,2026-10-03 09:33,
016360,국내주식,4000.0,4.43,연,1,4000.0,4000.0,,4,2026-04-10:4000,2026-04-10,seibro,2026-10-03 09:33,
016380,국내주식,300.0,5.24,연,1,300.0,300.0,,4,2026-04-23:300,2026-04-23,seibro,2026-10-03 09:33,
016385,국내주식,350.0,,연,1,350.0,350.0,,4,2026-04-23:350,2026-04-23,seibro,2026-10-03 09:33,
016450,국내주식,500.0,11.55,연,1,500.0,500.0,,4,2026-04-15:500,2026-04-15,seibro,2026-10-03 09:33,
016580,국내주식,300.0,2.95,연,1,300.0,300.0,,4,2026-04-15:300,2026-04-15,seibro,2026-10-03 09:33,
016590,국내주식,225.0,2.45,연,1,225.0,225.0,,4,2026-04-13:225,2026-04-13,seibro,2026-10-03 09:33,
016610,국내주식,550.0,5.24,연,1,550.0,550.0,,4,2026-04-17:550,2026-04-17,seibro,2026-10-03 09:33,
0166N0,국내ETF,,0.05,연,1,5.0,5.0,3.0,5,2026-05-06:5,2026-05-06,seibro+etfcheck,2026-10-03 09:33,
0166S0,국내ETF,,0.04,연,1,5.0,5.0,5.0,5,2026-05-06:5,2026-05-06,seibro+etfcheck,2026-10-03 09:33,
0166T0,국내ETF,,0.06,연,1,5.0,5.0,5.0,5,2026-05-06:5,2026-05-06,seibro+etfcheck,2026-10-03 09:33,
016710,국내주식,250.0,3.63,연,1,250.0,250.0,,4,2026-04-24:250,2026-04-24,seibro,2026-10-03 09:33,
016740,국내주식,120.0,3.02,연,1,120.0,120.0,,4,2026-04-20:120,2026-04-20,seibro,2026-10-03 09:33,
0167B0,국내ETF,,9.87,격월,6,1178.0,1020.0,35.0,5|6|7|8|9|10,2026-05-04:250;2026-06-01:217;2026-07-01:223;2026-08-03:150;2026-09-01:168;2026-10-01:170,2026-10-01,seibro+etfcheck,2026-10-03 09:33,
0167Z0,국내ETF,,0.11,연,1,8.0,8.0,0.0,8,2026-08-04:8,2026-08-04,seibro+etfcheck,2026-10-03 09:33,
016800,국내주식,1000.0,4.17,연,1,1000.0,1000.0,,4,2026-04-10:1000,2026-04-10,seibro,2026-10-03 09:33,
016920,국내주식,10.0,0.97,연,1,10.0,10.0,,4,2026-04-23:10,2026-04-23,seibro,2026-10-03 09:33,
017370,국내주식,30.0,0.84,연,1,30.0,30.0,,4,2026-04-24:30,2026-04-24,seibro,2026-10-03 09:33,
017390,국내주식,2750.0,5.09,연,1,2750.0,2750.0,,4,2026-04-13:2750,2026-04-13,seibro,2026-10-03 09:33,
0173Y0,국내ETF,,0.04,연,1,5.0,5.0,0.0,8,2026-08-04:5,2026-08-04,seibro+etfcheck,2026-10-03 09:33,
017480,국내주식,300.0,6.38,연,1,300.0,300.0,,3,2026-03-30:300,2026-03-30,seibro,2026-10-03 09:33,
0174J0,국내ETF,,1.61,격월,6,140.0,140.0,140.0,5|6|7|8|9|10,2026-05-06:10;2026-06-02:10;2026-07-02:10;2026-08-04:20;2026-09-02:40;2026-10-02:50,2026-10-02,seibro+etfcheck,2026-10-03 09:33,
0174R0,국내ETF,,0.11,연,1,12.0,12.0,12.0,8,2026-08-04:12,2026-08-04,seibro+etfcheck,2026-10-03 09:33,
017510,국내주식,220.0,2.77,연,1,220.0,220.0,,4,2026-04-17:220,2026-04-17,seibro,2026-10-03 09:33,
017550,국내주식,10.0,0.53,연,1,10.0,10.0,,4,2026-04-23:10,2026-04-23,seibro,2026-10-03 09:33,
017555,국내주식,15.0,,연,1,15.0,15.0,,4,2026-04-23:15,2026-04-23,seibro,2026-10-03 09:33,
017650,국내주식,100.0,0.93,연,1,100.0,100.0,,4,2026-04-17:100,2026-04-17,seibro,2026-10-03 09:33,
017670,국내주식,830.0,1.87,반기,2,1660.0,1660.0,,6|9,2026-06-18:830;2026-09-17:830,2026-09-17,seibro,2026-10-03 09:33,
0176P0,국내ETF,,8.63,격월,6,1265.0,1320.0,0.0,5|6|7|8|9|10,2026-05-06:195;2026-06-02:175;2026-07-02:325;2026-08-04:165;2026-09-02:185;2026-10-02:220,2026-10-02,seibro+etfcheck,2026-10-03 09:33,
0177N0,국내ETF,,0.69,격월,5,102.0,115.0,22.0,5|6|7|8|9,2026-05-19:15;2026-06-17:20;2026-07-20:22;2026-08-19:22;2026-09-17:23,2026-09-17,seibro+etfcheck,2026-10-03 09:33,
0177R0,국내ETF,,7.53,격월,5,918.0,885.0,0.0,5|6|7|8|9,2026-05-19:170;2026-06-17:215;2026-07-20:205;2026-08-19:151;2026-09-17:177,2026-09-17,seibro+etfcheck,2026-10-03 09:33,
017800,국내주식,1000.0,20.53,분기,4,15010.0,7000.0,,4|6|9|12,2025-12-19:1000;2026-04-07:12010;2026-06-19:1000;2026-09-18:1000,2026-09-18,seibro,2026-10-03 09:33,2026-04-07:8010
017810,국내주식,102.0,1.17,연,1,102.0,102.0,,4,2026-04-17:102,2026-04-17,seibro,2026-10-03 09:33,
017860,국내주식,10.0,0.08,연,1,10.0,10.0,,4,2026-04-24:10,2026-04-24,seibro,2026-10-03 09:33,
017890,국내주식,110.0,0.7,연,1,110.0,110.0,,4,2026-04-21:110,2026-04-21,seibro,2026-10-03 09:33,
0178H0,국내ETF,,0.14,연,1,14.0,14.0,0.0,8,2026-08-04:14,2026-08-04,seibro+etfcheck,2026-10-03 09:33,
017900,국내주식,50.0,0.51,연,1,50.0,50.0,,4,2026-04-07:50,2026-04-07,seibro,2026-10-03 09:33,
017940,국내주식,450.0,5.13,반기,2,4550.0,4550.0,,4|8,2026-04-17:4100;2026-08-14:450,2026-08-14,seibro,2026-10-03 09:33,
017960,국내주식,100.0,2.03,반기,2,420.0,420.0,,4|10,2026-04-17:320;2026-10-16:100,2026-10-16,seibro,2026-10-03 09:33,
018120,국내주식,1250.0,7.47,연,1,1250.0,1250.0,,4,2026-04-10:1250,2026-04-10,seibro,2026-10-03 09:33,
018250,국내주식,200.0,1.78,연,1,200.0,200.0,,4,2026-04-23:200,2026-04-23,seibro,2026-10-03 09:33,
018260,국내주식,3190.0,1.46,연,1,3190.0,3190.0,,4,2026-04-17:3190,2026-04-17,seibro,2026-10-03 09:33,
018310,국내주식,300.0,2.0,연,1,300.0,300.0,,4,2026-04-30:300,2026-04-30,seibro,2026-10-03 09:33,
0183V0,국내ETF,,6.3,격월,5,761.0,755.0,57.0,5|6|7|8|9,2026-05-19:152;2026-06-17:159;2026-07-20:160;2026-08-19:139;2026-09-17:151,2026-09-17,seibro+etfcheck,2026-10-03 09:33,
0184E0,국내ETF,,0.27,연,1,30.0,30.0,30.0,8,2026-08-03:30,2026-08-03,seibro+etfcheck,2026-10-03 09:33,
018500,국내주식,50.0,3.66,연,1,50.0,50.0,,7,2026-07-28:50,2026-07-28,seibro,2026-10-03 09:33,
018670,국내주식,2000.0,3.76,반기,2,9000.0,9000.0,,4|8,2026-04-23:7000;2026-08-14:2000,2026-08-14,seibro,2026-10-03 09:33,
0186S0,국내ETF,,0.23,연,1,20.0,20.0,17.0,8,2026-08-03:20,2026-08-03,seibro+etfcheck,2026-10-03 09:33,
0189Z0,국내ETF,,0.49,분기,3,50.0,60.0,37.0,8|9|10,2026-08-04:10;2026-09-02:20;2026-10-02:20,2026-10-02,seibro+etfcheck,2026-10-03 09:33,
019010,국내주식,70.0,1.57,연,1,70.0,70.0,,4,2026-04-15:70,2026-04-15,seibro,2026-10-03 09:33,
0190G0,국내ETF,,3.57,격월,5,365.0,340.0,0.0,6|7|8|9|10,2026-06-02:83;2026-07-02:82;2026-08-04:66;2026-09-02:66;2026-10-02:68,2026-10-02,seibro+etfcheck,2026-10-03 09:33,
0190Y0,국내ETF,,0.36,연,1,31.0,31.0,0.0,8,2026-08-04:31,2026-08-04,seibro+etfcheck,2026-10-03 09:33,
019180,국내주식,120.0,2.35,연,1,120.0,120.0,,4,2026-04-24:120,2026-04-24,seibro,2026-10-03 09:33,
019210,국내주식,190.0,1.48,연,1,190.0,190.0,,4,2026-04-15:190,2026-04-15,seibro,2026-10-03 09:33,
01921S,국내주식,190.0,,연,1,190.0,190.0,,4,2026-04-15:190,2026-04-15,seibro,2026-10-03 09:33,
01921T,국내주식,190.0,,연,1,190.0,190.0,,4,2026-04-15:190,2026-04-15,seibro,2026-10-03 09:33,
0192S0,국내ETF,,0.5,분기,4,48.0,48.0,36.0,7|8|9|10,2026-07-01:14;2026-08-03:10;2026-09-01:12;2026-10-01:12,2026-10-01,seibro+etfcheck,2026-10-03 09:33,
0194N0,국내ETF,,0.51,분기,4,63.0,46.0,16.0,7|8|9|10,2026-07-02:28;2026-08-04:11;2026-09-02:11;2026-10-02:13,2026-10-02,seibro+etfcheck,2026-10-03 09:33,2026-07-02:17
0194R0,국내ETF,,0.31,분기,3,30.0,21.0,2.0,7|8|9,2026-07-20:16;2026-08-19:6;2026-09-17:8,2026-09-17,seibro+etfcheck,2026-10-03 09:33,2026-07-20:9
019540,국내주식,150.0,2.95,연,1,150.0,150.0,,4,2026-04-14:150,2026-04-14,seibro,2026-10-03 09:33,
019680,국내주식,60.0,3.7,연,1,60.0,60.0,,4,2026-04-07:60,2026-04-07,seibro,2026-10-03 09:33,
019685,국내주식,60.0,6.11,연,1,60.0,60.0,,4,2026-04-07:60,2026-04-07,seibro,2026-10-03 09:33,
019770,국내주식,65.0,1.98,연,1,65.0,65.0,,4,2026-04-15:65,2026-04-15,seibro,2026-10-03 09:33,
0198A0,국내ETF,,6.86,분기,3,615.0,645.0,0.0,8|9|10,2026-08-04:175;2026-09-02:225;2026-10-02:215,2026-10-02,seibro+etfcheck,2026-10-03 09:33,
019990,국내주식,100.0,1.91,연,1,100.0,100.0,,4,2026-04-09:100,2026-04-09,seibro,2026-10-03 09:33,
0199C0,국내ETF,,7.48,분기,4,668.0,628.0,25.0,7|8|9|10,2026-07-02:168;2026-08-04:175;2026-09-02:168;2026-10-02:157,2026-10-02,seibro+etfcheck,2026-10-03 09:33,
020000,국내주식,750.0,3.4,연,1,750.0,750.0,,4,2026-04-23:750,2026-04-23,seibro,2026-10-03 09:33,
020180,국내주식,50.0,1.28,연,1,50.0,50.0,,7,2026-07-16:50,2026-07-16,seibro,2026-10-03 09:33,
0203D0,국내ETF,,2.94,분기,4,266.0,256.0,42.0,7|8|9|10,2026-07-02:74;2026-08-04:65;2026-09-02:63;2026-10-02:64,2026-10-02,seibro+etfcheck,2026-10-03 09:33,
020400,국내주식,60.0,2.22,연,1,60.0,60.0,,4,2026-04-22:60,2026-04-22,seibro,2026-10-03 09:33,
0205Y0,국내주식,3360.0,,연,1,3360.0,3360.0,,10,2026-10-12:3360,2026-10-12,seibro,2026-10-03 09:33,
020710,국내주식,339.0,9.35,연,1,339.0,339.0,,4,2026-04-23:339,2026-04-23,seibro,2026-10-03 09:33,
021080,국내주식,140.0,6.62,연,1,140.0,140.0,,4,2026-04-06:140,2026-04-06,seibro,2026-10-03 09:33,
0210E0,국내ETF,,5.94,분기,3,438.0,456.0,0.0,8|9|10,2026-08-04:139;2026-09-02:147;2026-10-02:152,2026-10-02,seibro+etfcheck,2026-10-03 09:33,
021240,국내주식,700.0,3.28,분기,3,3357.0,2100.0,,4|6|9,2026-04-29:1957;2026-06-26:700;2026-09-29:700,2026-09-29,seibro,2026-10-03 09:33,
021320,국내주식,200.0,3.51,연,1,200.0,200.0,,4,2026-04-24:200,2026-04-24,seibro,2026-10-03 09:33,
021650,국내주식,100.0,5.06,연,1,100.0,100.0,,4,2026-04-15:100,2026-04-15,seibro,2026-10-03 09:33,
0216K0,국내ETF,,0.23,반기,2,20.0,20.0,0.0,9|10,2026-09-02:10;2026-10-02:10,2026-10-02,seibro+etfcheck,2026-10-03 09:33,
021820,국내주식,200.0,1.89,연,1,200.0,200.0,,6,2026-06-30:200,2026-06-30,seibro,2026-10-03 09:33,
0219E0,국내ETF,,5.87,분기,3,495.0,525.0,0.0,8|9|10,2026-08-04:153;2026-09-02:167;2026-10-02:175,2026-10-02,seibro+etfcheck,2026-10-03 09:33,
0220A0,국내ETF,,0.36,반기,2,31.0,20.0,27.0,9|10,2026-09-02:21;2026-10-02:10,2026-10-02,seibro+etfcheck,2026-10-03 09:33,
022100,국내주식,60.0,0.88,반기,2,185.0,120.0,,4|8,2026-04-10:125;2026-08-21:60,2026-08-21,seibro,2026-10-03 09:33,
0222D0,국내ETF,,1.66,반기,2,167.0,164.0,37.0,9|10,2026-09-02:85;2026-10-02:82,2026-10-02,seibro+etfcheck,2026-10-03 09:33,
0223A0,국내ETF,,3.82,반기,2,454.0,470.0,0.0,9|10,2026-09-02:219;2026-10-02:235,2026-10-02,seibro+etfcheck,2026-10-03 09:33,
0224X0,국내ETF,,0.25,반기,2,24.0,24.0,0.0,9|10,2026-09-01:12;2026-10-01:12,2026-10-01,seibro+etfcheck,2026-10-03 09:33,
023000,국내주식,110.0,4.97,연,1,110.0,110.0,,4,2026-04-24:110,2026-04-24,seibro,2026-10-03 09:33,
023150,국내주식,250.0,5.51,연,1,250.0,250.0,,4,2026-04-17:250,2026-04-17,seibro,2026-10-03 09:33,
023160,국내주식,250.0,0.89,연,1,250.0,250.0,,4,2026-04-27:250,2026-04-27,seibro,2026-10-03 09:33,
023350,국내주식,150.0,4.0,연,1,150.0,150.0,,4,2026-04-24:150,2026-04-24,seibro,2026-10-03 09:33,
0233A0,국내ETF,,0.12,연,1,13.0,13.0,9.0,10,2026-10-02:13,2026-10-02,seibro+etfcheck,2026-10-03 09:33,
0233J0,국내ETF,,0.07,연,1,7.0,7.0,0.0,10,2026-10-02:7,2026-10-02,seibro+etfcheck,2026-10-03 09:33,
023410,국내주식,180.0,5.49,연,1,180.0,180.0,,4,2026-04-22:180,2026-04-22,seibro,2026-10-03 09:33,
023450,국내주식,650.0,3.67,반기,2,1175.0,1300.0,,4|8,2026-04-07:525;2026-08-14:650,2026-08-14,seibro,2026-10-03 09:33,
023530,국내주식,1300.0,4.03,반기,2,4100.0,2600.0,,4|7,2026-04-20:2800;2026-07-31:1300,2026-07-31,seibro,2026-10-03 09:33,
023590,국내주식,1800.0,4.74,연,1,1800.0,1800.0,,4,2026-04-14:1800,2026-04-14,seibro,2026-10-03 09:33,
023600,국내주식,210.0,2.3,연,1,210.0,210.0,,4,2026-04-28:210,2026-04-28,seibro,2026-10-03 09:33,
023760,국내주식,40.0,2.83,연,1,40.0,40.0,,4,2026-04-15:40,2026-04-15,seibro,2026-10-03 09:33,
023800,국내주식,270.0,5.35,연,1,270.0,270.0,,4,2026-04-28:270,2026-04-28,seibro,2026-10-03 09:33,
023810,국내주식,180.0,3.4,연,1,180.0,180.0,,4,2026-04-27:180,2026-04-27,seibro,2026-10-03 09:33,
023900,국내주식,200.0,2.75,연,1,200.0,200.0,,4,2026-04-07:200,2026-04-07,seibro,2026-10-03 09:33,
023910,국내주식,1000.0,3.83,연,1,1000.0,1000.0,,4,2026-04-17:1000,2026-04-17,seibro,2026-10-03 09:33,
024060,국내주식,20.0,0.16,연,1,20.0,20.0,,4,2026-04-07:20,2026-04-07,seibro,2026-10-03 09:33,
024070,국내주식,50.0,2.5,연,1,50.0,50.0,,4,2026-04-17:50,2026-04-17,seibro,2026-10-03 09:33,
024090,국내주식,820.0,7.12,연,1,820.0,820.0,,4,2026-04-14:820,2026-04-14,seibro,2026-10-03 09:33,
024110,국내주식,210.0,6.2,반기,2,1258.0,1258.0,,4|8,2026-04-23:1048;2026-08-28:210,2026-08-28,seibro,2026-10-03 09:33,
024120,국내주식,250.0,8.17,연,1,250.0,250.0,,4,2026-04-24:250,2026-04-24,seibro,2026-10-03 09:33,
024720,국내주식,220.0,2.37,연,1,220.0,220.0,,4,2026-04-23:220,2026-04-23,seibro,2026-10-03 09:33,
024830,국내주식,200.0,2.43,연,1,200.0,200.0,,4,2026-04-27:200,2026-04-27,seibro,2026-10-03 09:33,
024880,국내주식,193.0,4.86,연,1,193.0,193.0,,4,2026-04-24:193,2026-04-24,seibro,2026-10-03 09:33,
024900,국내주식,60.0,2.65,연,1,60.0,60.0,,4,2026-04-23:60,2026-04-23,seibro,2026-10-03 09:33,
024940,국내주식,35.0,1.72,연,1,35.0,35.0,,4,2026-04-24:35,2026-04-24,seibro,2026-10-03 09:33,
024950,국내주식,100.0,2.36,연,1,100.0,100.0,,4,2026-04-06:100,2026-04-06,seibro,2026-10-03 09:33,
025000,국내주식,1000.0,7.58,반기,2,4250.0,4250.0,,4|8,2026-04-07:3250;2026-08-11:1000,2026-08-11,seibro,2026-10-03 09:33,
025530,국내주식,250.0,6.79,연,1,250.0,250.0,,4,2026-04-24:250,2026-04-24,seibro,2026-10-03 09:33,
025540,국내주식,1000.0,6.23,반기,2,3500.0,2000.0,,4|9,2026-04-08:2500;2026-09-11:1000,2026-09-11,seibro,2026-10-03 09:33,
025770,국내주식,290.0,3.71,연,1,290.0,290.0,,4,2026-04-10:290,2026-04-10,seibro,2026-10-03 09:33,
025820,국내주식,90.0,2.1,연,1,90.0,90.0,,4,2026-04-10:90,2026-04-10,seibro,2026-10-03 09:33,
025860,국내주식,90.0,1.49,연,1,90.0,90.0,,4,2026-04-16:90,2026-04-16,seibro,2026-10-03 09:33,
025880,국내주식,165.0,7.13,연,1,165.0,165.0,,4,2026-04-15:165,2026-04-15,seibro,2026-10-03 09:33,
025950,국내주식,150.0,1.49,연,1,150.0,150.0,,4,2026-04-27:150,2026-04-27,seibro,2026-10-03 09:33,
026040,국내주식,100.0,4.5,연,1,100.0,100.0,,4,2026-04-21:100,2026-04-21,seibro,2026-10-03 09:33,
026150,국내주식,29.0,0.74,연,1,29.0,29.0,,4,2026-04-10:29,2026-04-10,seibro,2026-10-03 09:33,
026710,국내주식,1000.0,,연,1,1000.0,1000.0,,4,2026-04-15:1000,2026-04-15,seibro,2026-10-03 09:33,
026940,국내주식,80.0,3.79,연,1,80.0,80.0,,4,2026-04-15:80,2026-04-15,seibro,2026-10-03 09:33,
026960,국내주식,250.0,4.14,반기,2,1140.0,1140.0,,3|9,2026-03-05:890;2026-09-18:250,2026-09-18,seibro,2026-10-03 09:33,
027360,국내주식,70.0,1.77,연,1,70.0,70.0,,4,2026-04-14:70,2026-04-14,seibro,2026-10-03 09:33,
027410,국내주식,130.0,3.49,연,1,130.0,130.0,,4,2026-04-10:130,2026-04-10,seibro,2026-10-03 09:33,
027710,국내주식,100.0,8.94,연,1,100.0,100.0,,4,2026-04-15:100,2026-04-15,seibro,2026-10-03 09:33,
028050,국내주식,790.0,1.65,연,1,790.0,790.0,,4,2026-04-17:790,2026-04-17,seibro,2026-10-03 09:33,
028100,국내주식,600.0,3.02,연,1,600.0,600.0,,4,2026-04-10:600,2026-04-10,seibro,2026-10-03 09:33,
028260,국내주식,2800.0,0.81,연,1,2800.0,2800.0,,4,2026-04-17:2800,2026-04-17,seibro,2026-10-03 09:33,
02826K,국내주식,2850.0,,연,1,2850.0,2850.0,,4,2026-04-17:2850,2026-04-17,seibro,2026-10-03 09:33,
028670,국내주식,150.0,2.4,연,1,150.0,150.0,,4,2026-04-15:150,2026-04-15,seibro,2026-10-03 09:33,
028820,국내주식,300.0,,반기,2,1450.0,1450.0,,4|9,2026-04-14:1150;2026-09-11:300,2026-09-11,seibro,2026-10-03 09:33,
029460,국내주식,430.0,0.98,연,1,430.0,430.0,,4,2026-04-13:430,2026-04-13,seibro,2026-10-03 09:33,
029530,국내주식,1000.0,2.58,연,1,1000.0,1000.0,,4,2026-04-16:1000,2026-04-16,seibro,2026-10-03 09:33,
029780,국내주식,2800.0,6.64,연,1,2800.0,2800.0,,4,2026-04-17:2800,2026-04-17,seibro,2026-10-03 09:33,
030000,국내주식,1230.0,6.55,연,1,1230.0,1230.0,,4,2026-04-17:1230,2026-04-17,seibro,2026-10-03 09:33,
030010,국내주식,71.0,,연,1,71.0,71.0,,12,2025-12-30:71,2025-12-30,seibro,2026-10-03 09:33,
030190,국내주식,510.0,3.1,연,1,510.0,510.0,,4,2026-04-17:510,2026-04-17,seibro,2026-10-03 09:33,
030200,국내주식,600.0,4.62,분기,4,2400.0,2400.0,,4|6|8|11,2025-11-20:600;2026-04-15:600;2026-06-11:600;2026-08-13:600,2026-08-13,seibro,2026-10-03 09:33,
030210,국내주식,240.0,6.23,연,1,240.0,240.0,,4,2026-04-07:240,2026-04-07,seibro,2026-10-03 09:33,
03021K,국내주식,292.0,,연,1,292.0,292.0,,4,2026-04-07:292,2026-04-07,seibro,2026-10-03 09:33,
03021L,국내주식,242.0,,연,1,242.0,242.0,,4,2026-04-07:242,2026-04-07,seibro,2026-10-03 09:33,
030520,국내주식,400.0,2.33,연,1,400.0,400.0,,4,2026-04-24:400,2026-04-24,seibro,2026-10-03 09:33,
030610,국내주식,550.0,5.52,연,1,550.0,550.0,,4,2026-04-22:550,2026-04-22,seibro,2026-10-03 09:33,
030960,국내주식,50.0,1.06,연,1,50.0,50.0,,10,2026-10-15:50,2026-10-15,seibro,2026-10-03 09:33,
031210,국내주식,430.0,7.8,반기,2,3295.0,3295.0,,4|9,2026-04-30:2865;2026-09-10:430,2026-09-10,seibro,2026-10-03 09:33,
031330,국내주식,230.0,2.6,연,1,230.0,230.0,,4,2026-04-15:230,2026-04-15,seibro,2026-10-03 09:33,
031430,국내주식,400.0,3.81,연,1,400.0,400.0,,4,2026-04-17:400,2026-04-17,seibro,2026-10-03 09:33,
031440,국내주식,900.0,,연,1,900.0,900.0,,4,2026-04-16:900,2026-04-16,seibro,2026-10-03 09:33,
031510,국내주식,20.0,1.77,연,1,20.0,20.0,,4,2026-04-15:20,2026-04-15,seibro,2026-10-03 09:33,
031980,국내주식,1080.0,0.56,연,1,1080.0,1080.0,,4,2026-04-10:1080,2026-04-10,seibro,2026-10-03 09:33,
032190,국내주식,550.0,2.91,연,1,550.0,550.0,,4,2026-04-17:550,2026-04-17,seibro,2026-10-03 09:33,
032280,국내주식,40.0,3.06,연,1,40.0,40.0,,4,2026-04-20:40,2026-04-20,seibro,2026-10-03 09:33,
032300,국내주식,50.0,0.58,연,1,50.0,50.0,,4,2026-04-24:50,2026-04-24,seibro,2026-10-03 09:33,
032540,국내주식,320.0,8.47,연,1,320.0,320.0,,4,2026-04-10:320,2026-04-10,seibro,2026-10-03 09:33,
032560,국내주식,150.0,2.7,연,1,150.0,150.0,,4,2026-04-15:150,2026-04-15,seibro,2026-10-03 09:33,
032620,국내주식,50.0,1.56,연,1,50.0,50.0,,4,2026-04-22:50,2026-04-22,seibro,2026-10-03 09:33,
032640,국내주식,270.0,4.67,반기,2,680.0,540.0,,4|8,2026-04-23:410;2026-08-28:270,2026-08-28,seibro,2026-10-03 09:33,
032750,국내주식,90.0,3.08,연,1,90.0,90.0,,4,2026-04-15:90,2026-04-15,seibro,2026-10-03 09:33,
032830,국내주식,5300.0,1.84,연,1,5300.0,5300.0,,4,2026-04-17:5300,2026-04-17,seibro,2026-10-03 09:33,
032850,국내주식,66.0,1.59,연,1,66.0,66.0,,4,2026-04-09:66,2026-04-09,seibro,2026-10-03 09:33,
032960,국내주식,500.0,18.55,연,1,500.0,500.0,,4,2026-04-15:500,2026-04-15,seibro,2026-10-03 09:33,
033100,국내주식,1100.0,2.21,연,1,1100.0,1100.0,,4,2026-04-10:1100,2026-04-10,seibro,2026-10-03 09:33,
033130,국내주식,40.0,2.31,연,1,40.0,40.0,,4,2026-04-16:40,2026-04-16,seibro,2026-10-03 09:33,
033160,국내주식,120.0,0.6,연,1,120.0,120.0,,4,2026-04-17:120,2026-04-17,seibro,2026-10-03 09:33,
033270,국내주식,610.0,3.46,연,1,610.0,610.0,,4,2026-04-13:610,2026-04-13,seibro,2026-10-03 09:33,
033320,국내주식,50.0,1.57,연,1,50.0,50.0,,4,2026-04-23:50,2026-04-23,seibro,2026-10-03 09:33,
033500,국내주식,400.0,2.44,연,1,400.0,400.0,,4,2026-04-17:400,2026-04-17,seibro,2026-10-03 09:33,
033530,국내주식,200.0,2.94,연,1,200.0,200.0,,4,2026-04-07:200,2026-04-07,seibro,2026-10-03 09:33,
033780,국내주식,2000.0,3.73,반기,2,6600.0,4000.0,,4|9,2026-04-27:4600;2026-09-07:2000,2026-09-07,seibro,2026-10-03 09:33,
033830,국내주식,14.0,0.79,연,1,14.0,14.0,,4,2026-04-24:14,2026-04-24,seibro,2026-10-03 09:33,
033920,국내주식,160.0,6.28,분기,3,466.0,480.0,,4|5|8,2026-04-15:176;2026-05-15:130;2026-08-14:160,2026-08-14,seibro,2026-10-03 09:33,
034120,국내주식,330.0,2.84,연,1,330.0,330.0,,4,2026-04-20:330,2026-04-20,seibro,2026-10-03 09:33,
034230,국내주식,150.0,1.6,연,1,150.0,150.0,,4,2026-04-24:150,2026-04-24,seibro,2026-10-03 09:33,
034310,국내주식,560.0,4.71,연,1,560.0,560.0,,4,2026-04-24:560,2026-04-24,seibro,2026-10-03 09:33,
034590,국내주식,1375.0,5.23,연,1,1375.0,1375.0,,3,2026-03-25:1375,2026-03-25,seibro,2026-10-03 09:33,
034730,국내주식,1500.0,1.38,반기,2,8000.0,8000.0,,4|8,2026-04-24:6500;2026-08-31:1500,2026-08-31,seibro,2026-10-03 09:33,
03473K,국내주식,1500.0,,반기,2,8050.0,8050.0,,4|8,2026-04-24:6550;2026-08-31:1500,2026-08-31,seibro,2026-10-03 09:33,
034810,국내주식,250.0,4.21,연,1,250.0,250.0,,4,2026-04-27:250,2026-04-27,seibro,2026-10-03 09:33,
03481K,국내주식,255.0,,연,1,255.0,255.0,,4,2026-04-27:255,2026-04-27,seibro,2026-10-03 09:33,
034830,국내주식,70.0,6.23,연,1,70.0,70.0,,4,2026-04-13:70,2026-04-13,seibro,2026-10-03 09:33,
034950,국내주식,8009.0,7.78,연,1,8009.0,8009.0,,4,2026-04-10:8009,2026-04-10,seibro,2026-10-03 09:33,
035000,국내주식,300.0,12.2,반기,2,750.0,600.0,,4|9,2026-04-17:450;2026-09-11:300,2026-09-11,seibro,2026-10-03 09:33,
035080,국내주식,200.0,1.72,연,1,200.0,200.0,,4,2026-04-24:200,2026-04-24,seibro,2026-10-03 09:33,
035150,국내주식,250.0,5.25,반기,2,550.0,500.0,,4|10,2026-04-13:300;2026-10-14:250,2026-10-14,seibro,2026-10-03 09:33,
035200,국내주식,80.0,3.11,연,1,80.0,80.0,,4,2026-04-13:80,2026-04-13,seibro,2026-10-03 09:33,
035250,국내주식,950.0,6.63,연,1,950.0,950.0,,4,2026-04-24:950,2026-04-24,seibro,2026-10-03 09:33,
035420,국내주식,2630.0,1.37,연,1,2630.0,2630.0,,4,2026-04-14:2630,2026-04-14,seibro,2026-10-03 09:33,
035510,국내주식,560.0,3.62,연,1,560.0,560.0,,4,2026-04-23:560,2026-04-23,seibro,2026-10-03 09:33,
035600,국내주식,600.0,6.13,연,1,600.0,600.0,,4,2026-04-24:600,2026-04-24,seibro,2026-10-03 09:33,
035720,국내주식,75.0,0.22,연,1,75.0,75.0,,4,2026-04-23:75,2026-04-23,seibro,2026-10-03 09:33,
035810,국내주식,1361.0,29.88,연,1,1361.0,1361.0,,4,2026-04-17:1361,2026-04-17,seibro,2026-10-03 09:33,
035890,국내주식,100.0,4.48,연,1,100.0,100.0,,4,2026-04-24:100,2026-04-24,seibro,2026-10-03 09:33,
035900,국내주식,877.0,2.34,연,1,877.0,877.0,,4,2026-04-24:877,2026-04-24,seibro,2026-10-03 09:33,
036000,국내주식,662.0,24.52,연,1,662.0,662.0,,7,2026-07-23:662,2026-07-23,seibro,2026-10-03 09:33,
036010,국내주식,30.0,0.36,연,1,30.0,30.0,,4,2026-04-09:30,2026-04-09,seibro,2026-10-03 09:33,
036030,국내주식,280.0,5.6,연,1,280.0,280.0,,4,2026-04-24:280,2026-04-24,seibro,2026-10-03 09:33,
036120,국내주식,80.0,5.18,연,1,80.0,80.0,,4,2026-04-17:80,2026-04-17,seibro,2026-10-03 09:33,
036190,국내주식,1600.0,4.58,연,1,1600.0,1600.0,,4,2026-04-17:1600,2026-04-17,seibro,2026-10-03 09:33,
036200,국내주식,80.0,0.73,연,1,80.0,80.0,,4,2026-04-07:80,2026-04-07,seibro,2026-10-03 09:33,
036220,국내주식,200.0,3.09,연,1,200.0,200.0,,4,2026-04-17:200,2026-04-17,seibro,2026-10-03 09:33,
036460,국내주식,1154.0,3.22,연,1,1154.0,1154.0,,4,2026-04-23:1154,2026-04-23,seibro,2026-10-03 09:33,
036480,국내주식,75.0,1.25,연,1,75.0,75.0,,4,2026-04-24:75,2026-04-24,seibro,2026-10-03 09:33,
036530,국내주식,750.0,4.95,분기,3,2250.0,2250.0,,3|5|8,2026-03-18:750;2026-05-28:750;2026-08-26:750,2026-08-26,seibro,2026-10-03 09:33,
036560,국내주식,800.0,6.64,연,1,800.0,800.0,,4,2026-04-02:800,2026-04-02,seibro,2026-10-03 09:33,
036570,국내주식,1150.0,0.47,연,1,1150.0,1150.0,,4,2026-04-24:1150,2026-04-24,seibro,2026-10-03 09:33,
036580,국내주식,50.0,2.01,연,1,50.0,50.0,,4,2026-04-17:50,2026-04-17,seibro,2026-10-03 09:33,
036620,국내주식,200.0,5.38,연,1,200.0,200.0,,4,2026-04-23:200,2026-04-23,seibro,2026-10-03 09:33,
036630,국내주식,300.0,3.9,연,1,300.0,300.0,,4,2026-04-21:300,2026-04-21,seibro,2026-10-03 09:33,
036640,국내주식,300.0,6.09,연,1,300.0,300.0,,4,2026-04-09:300,2026-04-09,seibro,2026-10-03 09:33,
036670,국내주식,250.0,4.91,연,1,250.0,250.0,,4,2026-04-07:250,2026-04-07,seibro,2026-10-03 09:33,
036710,국내주식,10.0,0.2,연,1,10.0,10.0,,4,2026-04-24:10,2026-04-24,seibro,2026-10-03 09:33,
036800,국내주식,1100.0,12.97,연,1,1100.0,1100.0,,4,2026-04-17:1100,2026-04-17,seibro,2026-10-03 09:33,
036830,국내주식,500.0,1.02,연,1,500.0,500.0,,4,2026-04-16:500,2026-04-16,seibro,2026-10-03 09:33,
036890,국내주식,330.0,2.88,연,1,330.0,330.0,,4,2026-04-15:330,2026-04-15,seibro,2026-10-03 09:33,
036930,국내주식,53.0,0.02,연,1,53.0,53.0,,4,2026-04-23:53,2026-04-23,seibro,2026-10-03 09:33,
037070,국내주식,150.0,2.22,연,1,150.0,150.0,,4,2026-04-24:150,2026-04-24,seibro,2026-10-03 09:33,
037090,국내주식,219.0,,연,1,219.0,219.0,,4,2026-04-22:219,2026-04-22,seibro,2026-10-03 09:33,
037230,국내주식,50.0,3.68,연,1,50.0,50.0,,4,2026-04-15:50,2026-04-15,seibro,2026-10-03 09:33,
037270,국내주식,30.0,0.97,연,1,30.0,30.0,,4,2026-04-13:30,2026-04-13,seibro,2026-10-03 09:33,
037330,국내주식,35.0,5.12,연,1,35.0,35.0,,4,2026-04-27:35,2026-04-27,seibro,2026-10-03 09:33,
037350,국내주식,250.0,2.95,연,1,250.0,250.0,,4,2026-04-17:250,2026-04-17,seibro,2026-10-03 09:33,
037400,국내주식,20.0,0.6,연,1,20.0,20.0,,4,2026-04-20:20,2026-04-20,seibro,2026-10-03 09:33,
037440,국내주식,100.0,2.41,연,1,100.0,100.0,,4,2026-04-23:100,2026-04-23,seibro,2026-10-03 09:33,
037460,국내주식,550.0,1.65,연,1,550.0,550.0,,4,2026-04-21:550,2026-04-21,seibro,2026-10-03 09:33,
037710,국내주식,600.0,10.6,분기,3,3600.0,3600.0,,4|6|9,2026-04-20:2400;2026-06-19:600;2026-09-18:600,2026-09-18,seibro,2026-10-03 09:33,
037760,국내주식,50.0,2.01,연,1,50.0,50.0,,4,2026-04-24:50,2026-04-24,seibro,2026-10-03 09:33,
037870,국내주식,570.0,,연,1,570.0,570.0,,5,2026-05-18:570,2026-05-18,seibro,2026-10-03 09:33,
037890,국내주식,1200.0,,반기,2,2700.0,2400.0,,3|7,2026-03-31:1500;2026-07-24:1200,2026-07-24,seibro,2026-10-03 09:33,
038010,국내주식,120.0,2.18,연,1,120.0,120.0,,4,2026-04-17:120,2026-04-17,seibro,2026-10-03 09:33,
038070,국내주식,100.0,2.49,연,1,100.0,100.0,,4,2026-04-24:100,2026-04-24,seibro,2026-10-03 09:33,
038110,국내주식,50.0,2.43,연,1,50.0,50.0,,4,2026-04-24:50,2026-04-24,seibro,2026-10-03 09:33,
038290,국내주식,500.0,3.99,연,1,500.0,500.0,,4,2026-04-23:500,2026-04-23,seibro,2026-10-03 09:33,
038390,국내주식,300.0,8.0,반기,2,800.0,600.0,,4|8,2026-04-10:500;2026-08-03:300,2026-08-03,seibro,2026-10-03 09:33,
038500,국내주식,121.0,1.77,연,1,121.0,121.0,,4,2026-04-29:121,2026-04-29,seibro,2026-10-03 09:33,
038680,국내주식,100.0,2.62,연,1,100.0,100.0,,4,2026-04-17:100,2026-04-17,seibro,2026-10-03 09:33,
038950,국내주식,50.0,1.71,연,1,50.0,50.0,,4,2026-04-10:50,2026-04-10,seibro,2026-10-03 09:33,
038990,국내주식,35000.0,,연,1,35000.0,35000.0,,4,2026-04-17:35000,2026-04-17,seibro,2026-10-03 09:33,
039010,국내주식,450.0,5.34,연,1,450.0,450.0,,4,2026-04-09:450,2026-04-09,seibro,2026-10-03 09:33,
039020,국내주식,50.0,1.89,연,1,50.0,50.0,,4,2026-04-23:50,2026-04-23,seibro,2026-10-03 09:33,
039030,국내주식,1200.0,0.22,연,1,1200.0,1200.0,,4,2026-04-15:1200,2026-04-15,seibro,2026-10-03 09:33,
039130,국내주식,1200.0,3.99,연,1,1200.0,1200.0,,4,2026-04-15:1200,2026-04-15,seibro,2026-10-03 09:33,
039240,국내주식,120.0,6.17,연,1,120.0,120.0,,4,2026-04-01:120,2026-04-01,seibro,2026-10-03 09:33,
039340,국내주식,150.0,3.11,연,1,150.0,150.0,,4,2026-04-24:150,2026-04-24,seibro,2026-10-03 09:33,
039420,국내주식,100.0,3.74,연,1,100.0,100.0,,4,2026-04-24:100,2026-04-24,seibro,2026-10-03 09:33,
039440,국내주식,150.0,0.58,연,1,150.0,150.0,,4,2026-04-10:150,2026-04-10,seibro,2026-10-03 09:33,
039490,국내주식,11500.0,4.44,연,1,11500.0,11500.0,,4,2026-04-10:11500,2026-04-10,seibro,2026-10-03 09:33,
03949L,국내주식,9386.013,,연,1,9386.013,9386.013,,4,2026-04-10:9386.01,2026-04-10,seibro,2026-10-03 09:33,
03949M,국내주식,5792.5341146923,,연,1,5792.5341,5792.5341,,4,2026-04-10:5792.53,2026-04-10,seibro,2026-10-03 09:33,
039560,국내주식,20.0,0.67,연,1,20.0,20.0,,4,2026-04-10:20,2026-04-10,seibro,2026-10-03 09:33,
039570,국내주식,450.0,6.01,연,1,450.0,450.0,,4,2026-04-24:450,2026-04-24,seibro,2026-10-03 09:33,
039830,국내주식,200.0,4.39,반기,2,700.0,400.0,,4|9,2026-04-15:500;2026-09-30:200,2026-09-30,seibro,2026-10-03 09:33,
040420,국내주식,530.0,9.06,연,1,530.0,530.0,,4,2026-04-15:530,2026-04-15,seibro,2026-10-03 09:33,
041440,국내주식,70.0,1.06,연,1,70.0,70.0,,4,2026-04-22:70,2026-04-22,seibro,2026-10-03 09:33,
041460,국내주식,96.0,2.9,연,1,96.0,96.0,,4,2026-04-13:96,2026-04-13,seibro,2026-10-03 09:33,
041510,국내주식,1620.0,2.06,연,1,1620.0,1620.0,,4,2026-04-24:1620,2026-04-24,seibro,2026-10-03 09:33,
041520,국내주식,365.0,2.8,연,1,365.0,365.0,,4,2026-04-10:365,2026-04-10,seibro,2026-10-03 09:33,
041650,국내주식,50.0,2.29,연,1,50.0,50.0,,4,2026-04-17:50,2026-04-17,seibro,2026-10-03 09:33,
041830,국내주식,600.0,1.15,연,1,600.0,600.0,,4,2026-04-17:600,2026-04-17,seibro,2026-10-03 09:33,
041930,국내주식,300.0,5.98,연,1,300.0,300.0,,4,2026-04-10:300,2026-04-10,seibro,2026-10-03 09:33,
042110,국내주식,50.0,4.86,연,1,50.0,50.0,,4,2026-04-10:50,2026-04-10,seibro,2026-10-03 09:33,
042370,국내주식,60.0,0.53,연,1,60.0,60.0,,4,2026-04-13:60,2026-04-13,seibro,2026-10-03 09:33,
042380,국내주식,900.0,,연,1,900.0,900.0,,4,2026-04-29:900,2026-04-29,seibro,2026-10-03 09:33,
042420,국내주식,486.0,2.19,연,1,486.0,486.0,,4,2026-04-10:486,2026-04-10,seibro,2026-10-03 09:33,
042500,국내주식,300.0,7.09,연,1,300.0,300.0,,4,2026-04-24:300,2026-04-24,seibro,2026-10-03 09:33,
042700,국내주식,800.0,0.29,연,1,800.0,800.0,,3,2026-03-27:800,2026-03-27,seibro,2026-10-03 09:33,
042910,국내주식,5000.0,,연,1,5000.0,5000.0,,4,2026-04-08:5000,2026-04-08,seibro,2026-10-03 09:33,
043150,국내주식,300.0,1.68,연,1,300.0,300.0,,4,2026-04-16:300,2026-04-16,seibro,2026-10-03 09:33,
043370,국내주식,400.0,3.53,연,1,400.0,400.0,,4,2026-04-13:400,2026-04-13,seibro,2026-10-03 09:33,
043650,국내주식,80.0,2.28,연,1,80.0,80.0,,4,2026-04-13:80,2026-04-13,seibro,2026-10-03 09:33,
044130,국내주식,44.0,,연,1,44.0,44.0,,6,2026-06-24:44,2026-06-24,seibro,2026-10-03 09:33,
04413K,국내주식,75.0,,연,1,75.0,75.0,,6,2026-06-24:75,2026-06-24,seibro,2026-10-03 09:33,
044320,국내주식,250.0,,연,1,250.0,250.0,,4,2026-04-24:250,2026-04-24,seibro,2026-10-03 09:33,
044340,국내주식,100.0,3.41,연,1,100.0,100.0,,4,2026-04-23:100,2026-04-23,seibro,2026-10-03 09:33,
044450,국내주식,450.0,3.77,연,1,450.0,450.0,,4,2026-04-17:450,2026-04-17,seibro,2026-10-03 09:33,
044820,국내주식,780.0,3.12,연,1,780.0,780.0,,4,2026-04-17:780,2026-04-17,seibro,2026-10-03 09:33,
044960,국내주식,80.0,2.57,연,1,80.0,80.0,,4,2026-04-15:80,2026-04-15,seibro,2026-10-03 09:33,
044990,국내주식,250.0,2.14,연,1,250.0,250.0,,4,2026-04-03:250,2026-04-03,seibro,2026-10-03 09:33,
045060,국내주식,50.0,2.4,연,1,50.0,50.0,,4,2026-04-16:50,2026-04-16,seibro,2026-10-03 09:33,
045300,국내주식,20.0,0.68,연,1,20.0,20.0,,4,2026-04-16:20,2026-04-16,seibro,2026-10-03 09:33,
045340,국내주식,100.0,1.47,연,1,100.0,100.0,,4,2026-04-23:100,2026-04-23,seibro,2026-10-03 09:33,
045660,국내주식,350.0,4.09,연,1,350.0,350.0,,4,2026-04-16:350,2026-04-16,seibro,2026-10-03 09:33,
046310,국내주식,100.0,4.26,연,1,100.0,100.0,,4,2026-04-14:100,2026-04-14,seibro,2026-10-03 09:33,
046440,국내주식,250.0,6.14,연,1,250.0,250.0,,4,2026-04-23:250,2026-04-23,seibro,2026-10-03 09:33,
046940,국내주식,120.0,4.35,연,1,120.0,120.0,,4,2026-04-10:120,2026-04-10,seibro,2026-10-03 09:33,
047050,국내주식,1480.0,4.38,반기,2,2480.0,2960.0,,4|9,2026-04-23:1000;2026-09-03:1480,2026-09-03,seibro,2026-10-03 09:33,
047810,국내주식,500.0,0.38,연,1,500.0,500.0,,4,2026-04-24:500,2026-04-24,seibro,2026-10-03 09:33,
048180,국내주식,202.0,,연,1,202.0,202.0,,4,2026-04-24:202,2026-04-24,seibro,2026-10-03 09:33,
048260,국내주식,26800.0,,연,1,26800.0,26800.0,,4,2026-04-09:26800,2026-04-09,seibro,2026-10-03 09:33,
048265,국내주식,26800.0,,연,1,26800.0,26800.0,,4,2026-04-09:26800,2026-04-09,seibro,2026-10-03 09:33,
048430,국내주식,200.0,3.38,연,1,200.0,200.0,,4,2026-04-21:200,2026-04-21,seibro,2026-10-03 09:33,
048470,국내주식,30.0,1.07,연,1,30.0,30.0,,4,2026-04-24:30,2026-04-24,seibro,2026-10-03 09:33,
048740,국내주식,100.0,,연,1,100.0,100.0,,4,2026-04-15:100,2026-04-15,seibro,2026-10-03 09:33,
048770,국내주식,10.0,0.24,연,1,10.0,10.0,,4,2026-04-24:10,2026-04-24,seibro,2026-10-03 09:33,
048830,국내주식,30.0,2.79,연,1,30.0,30.0,,4,2026-04-23:30,2026-04-23,seibro,2026-10-03 09:33,
049070,국내주식,70.0,1.17,반기,2,220.0,140.0,,4|8,2026-04-24:150;2026-08-26:70,2026-08-26,seibro,2026-10-03 09:33,
049430,국내주식,700.0,3.14,연,1,700.0,700.0,,4,2026-04-29:700,2026-04-29,seibro,2026-10-03 09:33,
049480,국내주식,25.0,1.26,연,1,25.0,25.0,,4,2026-04-27:25,2026-04-27,seibro,2026-10-03 09:33,
049500,국내주식,10.0,,연,1,10.0,10.0,,4,2026-04-10:10,2026-04-10,seibro,2026-10-03 09:33,
049520,국내주식,150.0,11.98,반기,2,450.0,300.0,,4|7,2026-04-15:300;2026-07-24:150,2026-07-24,seibro,2026-10-03 09:33,
049720,국내주식,250.0,5.57,반기,2,510.0,500.0,,3|8,2026-03-13:260;2026-08-12:250,2026-08-12,seibro,2026-10-03 09:33,
049800,국내주식,50.0,2.49,연,1,50.0,50.0,,4,2026-04-29:50,2026-04-29,seibro,2026-10-03 09:33,
049830,국내주식,150.0,2.22,연,1,150.0,150.0,,4,2026-04-08:150,2026-04-08,seibro,2026-10-03 09:33,
049960,국내주식,600.0,3.87,연,1,600.0,600.0,,4,2026-04-07:600,2026-04-07,seibro,2026-10-03 09:33,
050860,국내주식,50.0,2.86,연,1,50.0,50.0,,10,2026-10-13:50,2026-10-13,seibro,2026-10-03 09:33,
050890,국내주식,50.0,0.47,연,1,50.0,50.0,,4,2026-04-23:50,2026-04-23,seibro,2026-10-03 09:33,
050960,국내주식,310.0,3.61,연,1,310.0,310.0,,4,2026-04-15:310,2026-04-15,seibro,2026-10-03 09:33,
051360,국내주식,350.0,2.94,연,1,350.0,350.0,,4,2026-04-15:350,2026-04-15,seibro,2026-10-03 09:33,
051380,국내주식,70.0,4.69,연,1,70.0,70.0,,4,2026-04-24:70,2026-04-24,seibro,2026-10-03 09:33,
051390,국내주식,230.0,5.79,연,1,230.0,230.0,,4,2026-04-17:230,2026-04-17,seibro,2026-10-03 09:33,
051490,국내주식,90.0,3.52,연,1,90.0,90.0,,4,2026-04-17:90,2026-04-17,seibro,2026-10-03 09:33,
051500,국내주식,500.0,2.3,연,1,500.0,500.0,,4,2026-04-24:500,2026-04-24,seibro,2026-10-03 09:33,
051600,국내주식,1651.0,3.66,연,1,1651.0,1651.0,,4,2026-04-30:1651,2026-04-30,seibro,2026-10-03 09:33,
051900,국내주식,1500.0,0.92,반기,2,2500.0,3000.0,,4|8,2026-04-21:1000;2026-08-28:1500,2026-08-28,seibro,2026-10-03 09:33,
051905,국내주식,1500.0,2.73,반기,2,2550.0,3000.0,,4|8,2026-04-21:1050;2026-08-28:1500,2026-08-28,seibro,2026-10-03 09:33,
051910,국내주식,2000.0,0.76,연,1,2000.0,2000.0,,4,2026-04-30:2000,2026-04-30,seibro,2026-10-03 09:33,
051915,국내주식,2050.0,1.76,연,1,2050.0,2050.0,,4,2026-04-30:2050,2026-04-30,seibro,2026-10-03 09:33,
052260,국내주식,70.0,1.4,연,1,70.0,70.0,,4,2026-04-17:70,2026-04-17,seibro,2026-10-03 09:33,
052330,국내주식,300.0,2.86,연,1,300.0,300.0,,4,2026-04-10:300,2026-04-10,seibro,2026-10-03 09:33,
052400,국내주식,800.0,5.29,반기,2,2000.0,1600.0,,3|7,2026-03-31:1200;2026-07-31:800,2026-07-31,seibro,2026-10-03 09:33,
052460,국내주식,100.0,1.54,연,1,100.0,100.0,,4,2026-04-01:100,2026-04-01,seibro,2026-10-03 09:33,
052600,국내주식,180.0,6.25,연,1,180.0,180.0,,4,2026-04-16:180,2026-04-16,seibro,2026-10-03 09:33,
052690,국내주식,1347.0,1.06,연,1,1347.0,1347.0,,4,2026-04-30:1347,2026-04-30,seibro,2026-10-03 09:33,
052700,국내주식,800.0,,연,1,800.0,800.0,,4,2026-04-22:800,2026-04-22,seibro,2026-10-03 09:33,
052960,국내주식,25.0,0.71,연,1,25.0,25.0,,4,2026-04-21:25,2026-04-21,seibro,2026-10-03 09:33,
053050,국내주식,20.0,2.12,반기,2,40.0,40.0,,4|8,2026-04-24:20;2026-08-25:20,2026-08-25,seibro,2026-10-03 09:33,
053160,국내주식,130.0,1.5,연,1,130.0,130.0,,4,2026-04-16:130,2026-04-16,seibro,2026-10-03 09:33,
053210,국내주식,350.0,8.74,연,1,350.0,350.0,,4,2026-04-24:350,2026-04-24,seibro,2026-10-03 09:33,
053260,국내주식,170.0,2.34,연,1,170.0,170.0,,4,2026-04-16:170,2026-04-16,seibro,2026-10-03 09:33,
053270,국내주식,70.0,3.58,연,1,70.0,70.0,,4,2026-04-10:70,2026-04-10,seibro,2026-10-03 09:33,
053280,국내주식,250.0,8.62,연,1,250.0,250.0,,4,2026-04-14:250,2026-04-14,seibro,2026-10-03 09:33,
053300,국내주식,200.0,3.8,연,1,200.0,200.0,,4,2026-04-24:200,2026-04-24,seibro,2026-10-03 09:33,
053580,국내주식,200.0,2.76,연,1,200.0,200.0,,4,2026-04-22:200,2026-04-22,seibro,2026-10-03 09:33,
053610,국내주식,400.0,0.47,연,1,400.0,400.0,,3,2026-03-31:400,2026-03-31,seibro,2026-10-03 09:33,
053620,국내주식,400.0,6.02,연,1,400.0,400.0,,4,2026-04-08:400,2026-04-08,seibro,2026-10-03 09:33,
053690,국내주식,400.0,1.92,연,1,400.0,400.0,,4,2026-04-10:400,2026-04-10,seibro,2026-10-03 09:33,
053700,국내주식,50.0,1.24,연,1,50.0,50.0,,4,2026-04-24:50,2026-04-24,seibro,2026-10-03 09:33,
053800,국내주식,1400.0,1.79,연,1,1400.0,1400.0,,4,2026-04-16:1400,2026-04-16,seibro,2026-10-03 09:33,
053900,국내주식,250.0,,연,1,250.0,250.0,,3,2026-03-20:250,2026-03-20,seibro,2026-10-03 09:33,
053980,국내주식,150.0,6.13,연,1,150.0,150.0,,4,2026-04-10:150,2026-04-10,seibro,2026-10-03 09:33,
054040,국내주식,300.0,6.77,연,1,300.0,300.0,,4,2026-04-16:300,2026-04-16,seibro,2026-10-03 09:33,
054050,국내주식,250.0,3.47,연,1,250.0,250.0,,4,2026-04-24:250,2026-04-24,seibro,2026-10-03 09:33,
054210,국내주식,100.0,1.47,연,1,100.0,100.0,,4,2026-04-10:100,2026-04-10,seibro,2026-10-03 09:33,
05421K,국내주식,100.0,,연,1,100.0,100.0,,4,2026-04-10:100,2026-04-10,seibro,2026-10-03 09:33,
054540,국내주식,165.0,2.3,연,1,165.0,165.0,,4,2026-04-10:165,2026-04-10,seibro,2026-10-03 09:33,
054670,국내주식,100.0,1.8,연,1,100.0,100.0,,4,2026-04-20:100,2026-04-20,seibro,2026-10-03 09:33,
054800,국내주식,300.0,2.05,연,1,300.0,300.0,,4,2026-04-15:300,2026-04-15,seibro,2026-10-03 09:33,
054930,국내주식,900.0,5.07,연,1,900.0,900.0,,4,2026-04-24:900,2026-04-24,seibro,2026-10-03 09:33,
054950,국내주식,650.0,2.67,연,1,650.0,650.0,,4,2026-04-17:650,2026-04-17,seibro,2026-10-03 09:33,
055490,국내주식,200.0,1.19,연,1,200.0,200.0,,4,2026-04-10:200,2026-04-10,seibro,2026-10-03 09:33,
055550,국내주식,740.0,2.77,분기,4,2930.0,2960.0,,4|5|8|11,2025-11-28:570;2026-04-03:880;2026-05-29:740;2026-08-28:740,2026-08-28,seibro,2026-10-03 09:33,
056190,국내주식,365.0,3.01,반기,2,935.0,730.0,,4|8,2026-04-15:570;2026-08-28:365,2026-08-28,seibro,2026-10-03 09:33,
056360,국내주식,50.0,0.75,연,1,50.0,50.0,,4,2026-04-15:50,2026-04-15,seibro,2026-10-03 09:33,
057030,국내주식,100.0,4.72,연,1,100.0,100.0,,4,2026-04-24:100,2026-04-24,seibro,2026-10-03 09:33,
057050,국내주식,2800.0,,연,1,2800.0,2800.0,,4,2026-04-24:2800,2026-04-24,seibro,2026-10-03 09:33,
057160,국내주식,500.0,,연,1,500.0,500.0,,4,2026-04-24:500,2026-04-24,seibro,2026-10-03 09:33,
058400,국내주식,25.0,0.41,연,1,25.0,25.0,,4,2026-04-21:25,2026-04-21,seibro,2026-10-03 09:33,
058430,국내주식,1085.0,23.59,연,1,1085.0,1085.0,,4,2026-04-24:1085,2026-04-24,seibro,2026-10-03 09:33,
058470,국내주식,800.0,0.94,연,1,800.0,800.0,,4,2026-04-23:800,2026-04-23,seibro,2026-10-03 09:33,
058610,국내주식,100.0,0.24,반기,2,250.0,200.0,,4|10,2026-04-07:150;2026-10-22:100,2026-10-22,seibro,2026-10-03 09:33,
058630,국내주식,110.0,8.25,반기,2,332.0,220.0,,4|7,2026-04-03:222;2026-07-14:110,2026-07-14,seibro,2026-10-03 09:33,
058650,국내주식,4300.0,3.36,연,1,4300.0,4300.0,,4,2026-04-23:4300,2026-04-23,seibro,2026-10-03 09:33,
058850,국내주식,100.0,4.52,연,1,100.0,100.0,,4,2026-04-24:100,2026-04-24,seibro,2026-10-03 09:33,
058860,국내주식,140.0,5.42,연,1,140.0,140.0,,4,2026-04-30:140,2026-04-30,seibro,2026-10-03 09:33,
059100,국내주식,150.0,2.23,연,1,150.0,150.0,,4,2026-04-13:150,2026-04-13,seibro,2026-10-03 09:33,
059210,국내주식,55.0,4.33,반기,2,160.0,110.0,,4|7,2026-04-13:105;2026-07-15:55,2026-07-15,seibro,2026-10-03 09:33,
060250,국내주식,250.0,1.8,연,1,250.0,250.0,,4,2026-04-15:250,2026-04-15,seibro,2026-10-03 09:33,
060260,국내주식,10.0,1.24,연,1,10.0,10.0,,4,2026-04-15:10,2026-04-15,seibro,2026-10-03 09:33,
060370,국내주식,160.0,0.47,연,1,160.0,160.0,,4,2026-04-07:160,2026-04-07,seibro,2026-10-03 09:33,
060380,국내주식,50.0,3.77,연,1,50.0,50.0,,4,2026-04-06:50,2026-04-06,seibro,2026-10-03 09:33,
060480,국내주식,30.0,3.5,연,1,30.0,30.0,,4,2026-04-10:30,2026-04-10,seibro,2026-10-03 09:33,
060540,국내주식,50.0,3.75,연,1,50.0,50.0,,4,2026-04-16:50,2026-04-16,seibro,2026-10-03 09:33,
060560,국내주식,10.0,0.52,연,1,10.0,10.0,,4,2026-04-30:10,2026-04-30,seibro,2026-10-03 09:33,
060720,국내주식,315.0,2.72,연,1,315.0,315.0,,4,2026-04-30:315,2026-04-30,seibro,2026-10-03 09:33,
060850,국내주식,120.0,2.72,연,1,120.0,120.0,,4,2026-04-17:120,2026-04-17,seibro,2026-10-03 09:33,
060980,국내주식,1100.0,8.08,반기,2,3100.0,2200.0,,4|7,2026-04-21:2000;2026-07-20:1100,2026-07-20,seibro,2026-10-03 09:33,
062040,국내주식,1250.0,0.55,연,1,1250.0,1250.0,,4,2026-04-15:1250,2026-04-15,seibro,2026-10-03 09:33,
063570,국내주식,140.0,4.23,연,1,140.0,140.0,,4,2026-04-21:140,2026-04-21,seibro,2026-10-03 09:33,
063760,국내주식,40.0,8.37,분기,3,180.0,130.0,,4|6|9,2026-04-24:100;2026-06-12:40;2026-09-11:40,2026-09-11,seibro,2026-10-03 09:33,2026-04-24:50
064350,국내주식,600.0,0.52,연,1,600.0,600.0,,4,2026-04-24:600,2026-04-24,seibro,2026-10-03 09:33,
064400,국내주식,750.0,2.57,반기,2,1850.0,1500.0,,4|9,2026-04-23:1100;2026-09-04:750,2026-09-04,seibro,2026-10-03 09:33,
064480,국내주식,120.0,4.66,연,1,120.0,120.0,,4,2026-04-10:120,2026-04-10,seibro,2026-10-03 09:33,
064540,국내주식,600.0,,연,1,600.0,600.0,,4,2026-04-17:600,2026-04-17,seibro,2026-10-03 09:33,
064760,국내주식,1430.0,0.48,연,1,1430.0,1430.0,,4,2026-04-15:1430,2026-04-15,seibro,2026-10-03 09:33,
064820,국내주식,400.0,5.03,연,1,400.0,400.0,,4,2026-04-17:400,2026-04-17,seibro,2026-10-03 09:33,
064850,국내주식,260.0,1.23,연,1,260.0,260.0,,4,2026-04-24:260,2026-04-24,seibro,2026-10-03 09:33,
064960,국내주식,400.0,4.45,분기,3,1200.0,1200.0,,3|5|8,2026-03-17:400;2026-05-27:400;2026-08-25:400,2026-08-25,seibro,2026-10-03 09:33,
065350,국내주식,120.0,0.37,연,1,120.0,120.0,,4,2026-04-24:120,2026-04-24,seibro,2026-10-03 09:33,
065370,국내주식,150.0,4.95,연,1,150.0,150.0,,4,2026-04-13:150,2026-04-13,seibro,2026-10-03 09:33,
065450,국내주식,30.0,0.97,연,1,30.0,30.0,,4,2026-04-14:30,2026-04-14,seibro,2026-10-03 09:33,
065510,국내주식,250.0,3.52,연,1,250.0,250.0,,4,2026-04-10:250,2026-04-10,seibro,2026-10-03 09:33,
065530,국내주식,50.0,3.29,연,1,50.0,50.0,,4,2026-04-14:50,2026-04-14,seibro,2026-10-03 09:33,
065680,국내주식,350.0,1.39,연,1,350.0,350.0,,4,2026-04-23:350,2026-04-23,seibro,2026-10-03 09:33,
065710,국내주식,2000.0,9.23,반기,2,4000.0,4000.0,,4|9,2026-04-24:2000;2026-09-11:2000,2026-09-11,seibro,2026-10-03 09:33,
065950,국내주식,20.0,1.77,연,1,20.0,20.0,,4,2026-04-22:20,2026-04-22,seibro,2026-10-03 09:33,
066130,국내주식,140.0,4.05,연,1,140.0,140.0,,4,2026-04-23:140,2026-04-23,seibro,2026-10-03 09:33,
066290,국내주식,450.0,,연,1,450.0,450.0,,4,2026-04-17:450,2026-04-17,seibro,2026-10-03 09:33,
066310,국내주식,100.0,1.14,연,1,100.0,100.0,,4,2026-04-09:100,2026-04-09,seibro,2026-10-03 09:33,
066400,국내주식,50.0,,연,1,50.0,50.0,,4,2026-04-15:50,2026-04-15,seibro,2026-10-03 09:33,
066570,국내주식,500.0,0.63,반기,2,1350.0,1000.0,,4|8,2026-04-22:850;2026-08-28:500,2026-08-28,seibro,2026-10-03 09:33,
066575,국내주식,500.0,1.87,반기,2,1400.0,1000.0,,4|8,2026-04-22:900;2026-08-28:500,2026-08-28,seibro,2026-10-03 09:33,
066620,국내주식,500.0,2.03,연,1,500.0,500.0,,4,2026-04-20:500,2026-04-20,seibro,2026-10-03 09:33,
066710,국내주식,50.0,,연,1,50.0,50.0,,10,2026-10-21:50,2026-10-21,seibro,2026-10-03 09:33,
067010,국내주식,100.0,3.94,연,1,100.0,100.0,,6,2026-06-30:100,2026-06-30,seibro,2026-10-03 09:33,
067080,국내주식,50.0,1.29,반기,2,150.0,100.0,,4|8,2026-04-24:100;2026-08-26:50,2026-08-26,seibro,2026-10-03 09:33,
067160,국내주식,3380.0,9.31,연,1,3380.0,3380.0,,4,2026-04-20:3380,2026-04-20,seibro,2026-10-03 09:33,
067280,국내주식,1350.0,5.13,연,1,1350.0,1350.0,,4,2026-04-28:1350,2026-04-28,seibro,2026-10-03 09:33,
067310,국내주식,70.0,0.13,연,1,70.0,70.0,,4,2026-04-24:70,2026-04-24,seibro,2026-10-03 09:33,
067430,국내주식,213.8,,연,1,213.8,213.8,,8,2026-08-11:213.8,2026-08-11,seibro,2026-10-03 09:33,
067570,국내주식,150.0,8.91,연,1,150.0,150.0,,4,2026-04-24:150,2026-04-24,seibro,2026-10-03 09:33,
067730,국내주식,150.0,6.83,연,1,150.0,150.0,,4,2026-04-16:150,2026-04-16,seibro,2026-10-03 09:33,
067830,국내주식,30.0,1.32,연,1,30.0,30.0,,4,2026-04-24:30,2026-04-24,seibro,2026-10-03 09:33,
067900,국내주식,100.0,1.69,연,1,100.0,100.0,,4,2026-04-20:100,2026-04-20,seibro,2026-10-03 09:33,
067920,국내주식,210.0,3.57,연,1,210.0,210.0,,4,2026-04-15:210,2026-04-15,seibro,2026-10-03 09:33,
067990,국내주식,390.0,9.89,연,1,390.0,390.0,,4,2026-04-13:390,2026-04-13,seibro,2026-10-03 09:33,
068270,국내주식,750.0,0.41,연,1,750.0,750.0,,4,2026-04-22:750,2026-04-22,seibro,2026-10-03 09:33,
068290,국내주식,200.0,3.27,연,1,200.0,200.0,,4,2026-04-17:200,2026-04-17,seibro,2026-10-03 09:33,
068330,국내주식,10.0,0.97,연,1,10.0,10.0,,4,2026-04-10:10,2026-04-10,seibro,2026-10-03 09:33,
068410,국내주식,50.0,,연,1,50.0,50.0,,4,2026-04-10:50,2026-04-10,seibro,2026-10-03 09:33,
068560,국내주식,1650.0,,연,1,1650.0,1650.0,,4,2026-04-06:1650,2026-04-06,seibro,2026-10-03 09:33,
068760,국내주식,200.0,0.52,연,1,200.0,200.0,,4,2026-04-17:200,2026-04-17,seibro,2026-10-03 09:33,
068790,국내주식,250.0,3.1,연,1,250.0,250.0,,4,2026-04-14:250,2026-04-14,seibro,2026-10-03 09:33,
068930,국내주식,520.0,5.57,연,1,520.0,520.0,,4,2026-04-17:520,2026-04-17,seibro,2026-10-03 09:33,
069080,국내주식,590.0,11.03,반기,2,1290.0,1180.0,,4|9,2026-04-22:700;2026-09-02:590,2026-09-02,seibro,2026-10-03 09:33,
069260,국내주식,1000.0,6.25,연,1,1000.0,1000.0,,4,2026-04-24:1000,2026-04-24,seibro,2026-10-03 09:33,
069500,국내ETF,,0.76,분기,4,849.0,849.0,816.0,2|5|8|11,2025-11-04:140;2026-02-03:80;2026-05-06:446;2026-08-04:183,2026-08-04,seibro+etfcheck,2026-10-03 09:33,
069510,국내주식,850.0,6.31,연,1,850.0,850.0,,4,2026-04-16:850,2026-04-16,seibro,2026-10-03 09:33,
069620,국내주식,600.0,0.55,연,1,600.0,600.0,,4,2026-04-10:600,2026-04-10,seibro,2026-10-03 09:33,
069660,국내ETF,,0.95,분기,4,1070.0,1070.0,1043.0,2|5|8|11,2025-11-04:280;2026-02-03:180;2026-05-06:480;2026-08-04:130,2026-08-04,seibro+etfcheck,2026-10-03 09:33,
069730,국내주식,430.0,7.82,연,1,430.0,430.0,,4,2026-04-24:430,2026-04-24,seibro,2026-10-03 09:33,
069960,국내주식,500.0,2.42,반기,2,2150.0,2150.0,,4|9,2026-04-24:1650;2026-09-30:500,2026-09-30,seibro,2026-10-03 09:33,
071050,국내주식,8690.0,4.82,연,1,8690.0,8690.0,,4,2026-04-07:8690,2026-04-07,seibro,2026-10-03 09:33,
071055,국내주식,8751.5,6.12,연,1,8751.5,8751.5,,4,2026-04-07:8751.5,2026-04-07,seibro,2026-10-03 09:33,
071200,국내주식,100.0,0.85,연,1,100.0,100.0,,5,2026-05-29:100,2026-05-29,seibro,2026-10-03 09:33,
071280,국내주식,50.0,0.58,연,1,50.0,50.0,,4,2026-04-07:50,2026-04-07,seibro,2026-10-03 09:33,
071320,국내주식,6157.0,7.74,연,1,6157.0,6157.0,,4,2026-04-22:6157,2026-04-22,seibro,2026-10-03 09:33,
071840,국내주식,300.0,4.98,연,1,300.0,300.0,,4,2026-04-17:300,2026-04-17,seibro,2026-10-03 09:33,
072020,국내주식,200.0,2.18,연,1,200.0,200.0,,4,2026-04-15:200,2026-04-15,seibro,2026-10-03 09:33,
072130,국내주식,100.0,2.09,연,1,100.0,100.0,,4,2026-04-24:100,2026-04-24,seibro,2026-10-03 09:33,
072470,국내주식,60.0,2.55,연,1,60.0,60.0,,4,2026-04-20:60,2026-04-20,seibro,2026-10-03 09:33,
072540,국내주식,75.0,,연,1,75.0,75.0,,4,2026-04-15:75,2026-04-15,seibro,2026-10-03 09:33,
072610,국내주식,3933.0,,연,1,3933.0,3933.0,,3,2026-03-20:3933,2026-03-20,seibro,2026-10-03 09:33,
072710,국내주식,3000.0,3.36,연,1,3000.0,3000.0,,4,2026-04-24:3000,2026-04-24,seibro,2026-10-03 09:33,
072870,국내주식,1320.0,10.0,연,1,1320.0,1320.0,,4,2026-04-14:1320,2026-04-14,seibro,2026-10-03 09:33,
072950,국내주식,70.0,0.41,연,1,70.0,70.0,,4,2026-04-10:70,2026-04-10,seibro,2026-10-03 09:33,
072990,국내주식,45.0,1.43,연,1,45.0,45.0,,4,2026-04-15:45,2026-04-15,seibro,2026-10-03 09:33,
073010,국내주식,20.0,0.6,연,1,20.0,20.0,,4,2026-04-03:20,2026-04-03,seibro,2026-10-03 09:33,
073110,국내주식,220.0,4.2,연,1,220.0,220.0,,4,2026-04-24:220,2026-04-24,seibro,2026-10-03 09:33,
073490,국내주식,100.0,0.28,연,1,100.0,100.0,,4,2026-04-21:100,2026-04-21,seibro,2026-10-03 09:33,
073540,국내주식,75.0,2.75,연,1,75.0,75.0,,4,2026-04-10:75,2026-04-10,seibro,2026-10-03 09:33,
073560,국내주식,150.0,9.91,연,1,150.0,150.0,,4,2026-04-14:150,2026-04-14,seibro,2026-10-03 09:33,
073980,국내주식,1190.0,,연,1,1190.0,1190.0,,3,2026-03-17:1190,2026-03-17,seibro,2026-10-03 09:33,
074600,국내주식,130.0,0.4,연,1,130.0,130.0,,4,2026-04-29:130,2026-04-29,seibro,2026-10-03 09:33,
075130,국내주식,100.0,9.43,반기,2,200.0,200.0,,4|8,2026-04-08:100;2026-08-27:100,2026-08-27,seibro,2026-10-03 09:33,
075180,국내주식,140.0,4.78,연,1,140.0,140.0,,4,2026-04-10:140,2026-04-10,seibro,2026-10-03 09:33,
075580,국내주식,225.0,2.25,연,1,225.0,225.0,,4,2026-04-27:225,2026-04-27,seibro,2026-10-03 09:33,
075970,국내주식,80.0,4.79,연,1,80.0,80.0,,4,2026-04-21:80,2026-04-21,seibro,2026-10-03 09:33,
076340,국내주식,200.0,4.67,연,1,200.0,200.0,,4,2026-04-07:200,2026-04-07,seibro,2026-10-03 09:33,
077500,국내주식,200.0,1.91,연,1,200.0,200.0,,4,2026-04-24:200,2026-04-24,seibro,2026-10-03 09:33,
078000,국내주식,640.0,4.69,연,1,640.0,640.0,,4,2026-04-10:640,2026-04-10,seibro,2026-10-03 09:33,
078020,국내주식,500.0,7.67,연,1,500.0,500.0,,4,2026-04-17:500,2026-04-17,seibro,2026-10-03 09:33,
078060,국내주식,50.0,,연,1,50.0,50.0,,4,2026-04-17:50,2026-04-17,seibro,2026-10-03 09:33,
078070,국내주식,240.0,2.6,연,1,240.0,240.0,,3,2026-03-31:240,2026-03-31,seibro,2026-10-03 09:33,
078140,국내주식,50.0,0.66,연,1,50.0,50.0,,4,2026-04-17:50,2026-04-17,seibro,2026-10-03 09:33,
078150,국내주식,20.0,0.86,연,1,20.0,20.0,,4,2026-04-24:20,2026-04-24,seibro,2026-10-03 09:33,
078340,국내주식,1300.0,3.46,연,1,1300.0,1300.0,,4,2026-04-22:1300,2026-04-22,seibro,2026-10-03 09:33,
078520,국내주식,100.0,3.98,분기,3,437.0,437.0,,4|7|10,2025-10-29:76;2026-04-24:261;2026-07-29:100,2026-07-29,seibro,2026-10-03 09:33,
078600,국내주식,100.0,0.09,연,1,100.0,100.0,,4,2026-04-17:100,2026-04-17,seibro,2026-10-03 09:33,
078890,국내주식,70.0,1.49,연,1,70.0,70.0,,4,2026-04-16:70,2026-04-16,seibro,2026-10-03 09:33,
078930,국내주식,3000.0,2.85,연,1,3000.0,3000.0,,4,2026-04-06:3000,2026-04-06,seibro,2026-10-03 09:33,
078935,국내주식,3050.0,5.12,연,1,3050.0,3050.0,,4,2026-04-06:3050,2026-04-06,seibro,2026-10-03 09:33,
079170,국내주식,210.0,3.78,연,1,210.0,210.0,,4,2026-04-20:210,2026-04-20,seibro,2026-10-03 09:33,
079370,국내주식,50.0,0.35,연,1,50.0,50.0,,4,2026-04-14:50,2026-04-14,seibro,2026-10-03 09:33,
079430,국내주식,130.0,2.3,연,1,130.0,130.0,,4,2026-04-21:130,2026-04-21,seibro,2026-10-03 09:33,
079550,국내주식,2950.0,0.39,연,1,2950.0,2950.0,,4,2026-04-24:2950,2026-04-24,seibro,2026-10-03 09:33,
079900,국내주식,689.0,3.43,반기,2,1389.0,1378.0,,4|8,2026-04-16:700;2026-08-21:689,2026-08-21,seibro,2026-10-03 09:33,
079940,국내주식,100.0,0.26,연,1,100.0,100.0,,4,2026-04-13:100,2026-04-13,seibro,2026-10-03 09:33,
079960,국내주식,450.0,2.64,연,1,450.0,450.0,,4,2026-04-10:450,2026-04-10,seibro,2026-10-03 09:33,
080010,국내주식,200.0,2.71,연,1,200.0,200.0,,4,2026-04-17:200,2026-04-17,seibro,2026-10-03 09:33,
080070,국내주식,20.0,,연,1,20.0,20.0,,4,2026-04-15:20,2026-04-15,seibro,2026-10-03 09:33,
080470,국내주식,70.0,2.58,연,1,70.0,70.0,,4,2026-04-17:70,2026-04-17,seibro,2026-10-03 09:33,
080520,국내주식,100.0,3.46,연,1,100.0,100.0,,4,2026-04-23:100,2026-04-23,seibro,2026-10-03 09:33,
080610,국내주식,2000.0,,연,1,2000.0,2000.0,,4,2026-04-03:2000,2026-04-03,seibro,2026-10-03 09:33,
081000,국내주식,300.0,3.17,연,1,300.0,300.0,,4,2026-04-03:300,2026-04-03,seibro,2026-10-03 09:33,
081150,국내주식,50.0,1.92,연,1,50.0,50.0,,4,2026-04-13:50,2026-04-13,seibro,2026-10-03 09:33,
081580,국내주식,50.0,2.04,연,1,50.0,50.0,,4,2026-04-22:50,2026-04-22,seibro,2026-10-03 09:33,
081660,국내주식,1040.0,2.66,연,1,1040.0,1040.0,,4,2026-04-21:1040,2026-04-21,seibro,2026-10-03 09:33,
082850,국내주식,20.0,0.44,연,1,20.0,20.0,,4,2026-04-20:20,2026-04-20,seibro,2026-10-03 09:33,
082920,국내주식,260.0,0.88,연,1,260.0,260.0,,4,2026-04-06:260,2026-04-06,seibro,2026-10-03 09:33,
083030,국내주식,7700.0,,연,1,7700.0,7700.0,,7,2026-07-15:7700,2026-07-15,seibro,2026-10-03 09:33,
083420,국내주식,80.0,5.06,반기,2,240.0,160.0,,4|8,2026-04-10:160;2026-08-21:80,2026-08-21,seibro,2026-10-03 09:33,
083450,국내주식,650.0,1.21,연,1,650.0,650.0,,4,2026-04-24:650,2026-04-24,seibro,2026-10-03 09:33,
083500,국내주식,340.0,2.32,연,1,340.0,340.0,,4,2026-04-10:340,2026-04-10,seibro,2026-10-03 09:33,
083550,국내주식,50.0,1.47,연,1,50.0,50.0,,4,2026-04-24:50,2026-04-24,seibro,2026-10-03 09:33,
083930,국내주식,500.0,3.94,연,1,500.0,500.0,,4,2026-04-15:500,2026-04-15,seibro,2026-10-03 09:33,
084010,국내주식,100.0,6.77,반기,2,600.0,600.0,,4|9,2026-04-15:500;2026-09-17:100,2026-09-17,seibro,2026-10-03 09:33,
084110,국내주식,400.0,5.9,분기,4,1350.0,1600.0,,4|6|9|12,2025-12-12:550;2026-04-23:200;2026-06-16:200;2026-09-17:400,2026-09-17,seibro,2026-10-03 09:33,
084370,국내주식,230.0,0.13,연,1,230.0,230.0,,4,2026-04-15:230,2026-04-15,seibro,2026-10-03 09:33,
084440,국내주식,20.0,0.42,연,1,20.0,20.0,,4,2026-04-24:20,2026-04-24,seibro,2026-10-03 09:33,
084690,국내주식,300.0,3.82,연,1,300.0,300.0,,4,2026-04-24:300,2026-04-24,seibro,2026-10-03 09:33,
084695,국내주식,310.0,2.21,연,1,310.0,310.0,,4,2026-04-24:310,2026-04-24,seibro,2026-10-03 09:33,
084870,국내주식,50.0,2.24,연,1,50.0,50.0,,4,2026-04-27:50,2026-04-27,seibro,2026-10-03 09:33,
084890,국내주식,800.0,,연,1,800.0,800.0,,4,2026-04-08:800,2026-04-08,seibro,2026-10-03 09:33,
085310,국내주식,10.0,0.11,연,1,10.0,10.0,,4,2026-04-30:10,2026-04-30,seibro,2026-10-03 09:33,
085670,국내주식,100.0,2.67,연,1,100.0,100.0,,4,2026-04-24:100,2026-04-24,seibro,2026-10-03 09:33,
085910,국내주식,200.0,1.17,연,1,200.0,200.0,,4,2026-04-10:200,2026-04-10,seibro,2026-10-03 09:33,
086060,국내주식,50.0,1.0,연,1,50.0,50.0,,4,2026-04-22:50,2026-04-22,seibro,2026-10-03 09:33,
086280,국내주식,5800.0,2.89,연,1,5800.0,5800.0,,4,2026-04-24:5800,2026-04-24,seibro,2026-10-03 09:33,
086450,국내주식,200.0,0.87,연,1,200.0,200.0,,4,2026-04-17:200,2026-04-17,seibro,2026-10-03 09:33,
086520,국내주식,150.0,0.17,연,1,150.0,150.0,,4,2026-04-22:150,2026-04-22,seibro,2026-10-03 09:33,
086670,국내주식,600.0,3.18,연,1,600.0,600.0,,4,2026-04-13:600,2026-04-13,seibro,2026-10-03 09:33,
086710,국내주식,200.0,2.87,연,1,200.0,200.0,,4,2026-04-17:200,2026-04-17,seibro,2026-10-03 09:33,
086790,국내주식,1155.0,3.54,분기,4,4586.0,4620.0,,4|5|8|11,2025-11-28:920;2026-04-10:1366;2026-05-22:1145;2026-08-21:1155,2026-08-21,seibro,2026-10-03 09:33,
088130,국내주식,150.0,2.57,연,1,150.0,150.0,,4,2026-04-16:150,2026-04-16,seibro,2026-10-03 09:33,
088260,국내주식,176.0,5.41,연,1,176.0,176.0,,3,2026-03-31:176,2026-03-31,seibro,2026-10-03 09:33,
088790,국내주식,150.0,5.91,연,1,150.0,150.0,,4,2026-04-28:150,2026-04-28,seibro,2026-10-03 09:33,
088795,국내주식,160.0,,연,1,160.0,160.0,,4,2026-04-28:160,2026-04-28,seibro,2026-10-03 09:33,
088910,국내주식,50.0,2.55,연,1,50.0,50.0,,4,2026-04-24:50,2026-04-24,seibro,2026-10-03 09:33,
088980,국내주식,350.0,7.43,반기,2,730.0,700.0,,2|8,2026-02-27:380;2026-08-28:350,2026-08-28,seibro,2026-10-03 09:33,
089010,국내주식,220.0,0.78,연,1,220.0,220.0,,4,2026-04-17:220,2026-04-17,seibro,2026-10-03 09:33,
08901P,국내주식,220.0,,연,1,220.0,220.0,,4,2026-04-17:220,2026-04-17,seibro,2026-10-03 09:33,
089030,국내주식,130.0,0.23,연,1,130.0,130.0,,4,2026-04-03:130,2026-04-03,seibro,2026-10-03 09:33,
089150,국내주식,80.0,4.87,연,1,80.0,80.0,,4,2026-04-16:80,2026-04-16,seibro,2026-10-03 09:33,
089470,국내주식,160.0,4.22,연,1,160.0,160.0,,4,2026-04-24:160,2026-04-24,seibro,2026-10-03 09:33,
089600,국내주식,700.0,5.78,연,1,700.0,700.0,,4,2026-04-24:700,2026-04-24,seibro,2026-10-03 09:33,
089660,국내주식,250.0,,연,1,250.0,250.0,,4,2026-04-24:250,2026-04-24,seibro,2026-10-03 09:33,
089860,국내주식,1200.0,2.33,연,1,1200.0,1200.0,,4,2026-04-24:1200,2026-04-24,seibro,2026-10-03 09:33,
089980,국내주식,200.0,1.21,연,1,200.0,200.0,,4,2026-04-10:200,2026-04-10,seibro,2026-10-03 09:33,
090350,국내주식,400.0,4.94,연,1,400.0,400.0,,4,2026-04-17:400,2026-04-17,seibro,2026-10-03 09:33,
090355,국내주식,405.0,3.3,연,1,405.0,405.0,,4,2026-04-17:405,2026-04-17,seibro,2026-10-03 09:33,
090430,국내주식,1240.0,0.94,연,1,1240.0,1240.0,,4,2026-04-22:1240,2026-04-22,seibro,2026-10-03 09:33,
090435,국내주식,1245.0,3.1,연,1,1245.0,1245.0,,4,2026-04-22:1245,2026-04-22,seibro,2026-10-03 09:33,
090460,국내주식,250.0,1.2,연,1,250.0,250.0,,4,2026-04-24:250,2026-04-24,seibro,2026-10-03 09:33,
090470,국내주식,50.0,1.21,연,1,50.0,50.0,,4,2026-04-23:50,2026-04-23,seibro,2026-10-03 09:33,
090850,국내주식,220.0,4.47,연,1,220.0,220.0,,4,2026-04-24:220,2026-04-24,seibro,2026-10-03 09:33,
091160,국내ETF,,0.08,연,1,115.0,115.0,115.0,5,2026-05-06:115,2026-05-06,seibro+etfcheck,2026-10-03 09:33,
091170,국내ETF,,3.99,월,12,628.0,732.0,508.0,1|2|3|4|5|6|7|8|9|10|11|12,2025-11-04:42;2025-12-02:42;2026-01-05:45;2026-02-03:45;2026-03-04:50;2026-04-02:52;2026-05-06:59;2026-06-02:58;2026-07-02:55;2026-08-04:60;2026-09-02:59;2026-10-02:61,2026-10-02,seibro+etfcheck,2026-10-03 09:33,
091180,국내ETF,,2.79,분기,3,713.0,713.0,713.0,2|5|8,2026-02-03:66;2026-05-06:496;2026-08-04:151,2026-08-04,seibro+etfcheck,2026-10-03 09:33,
091220,국내ETF,,3.34,분기,4,550.0,584.0,515.0,2|5|8|11,2025-11-04:95;2026-02-03:88;2026-05-06:221;2026-08-04:146,2026-08-04,seibro+etfcheck,2026-10-03 09:33,
091230,국내ETF,,0.32,분기,4,499.0,499.0,197.0,2|5|8|11,2025-11-04:55;2026-02-03:56;2026-05-06:211;2026-08-04:177,2026-08-04,seibro+etfcheck,2026-10-03 09:33,
091580,국내주식,100.0,0.45,연,1,100.0,100.0,,4,2026-04-30:100,2026-04-30,seibro,2026-10-03 09:33,
091590,국내주식,100.0,1.66,연,1,100.0,100.0,,4,2026-04-24:100,2026-04-24,seibro,2026-10-03 09:33,
091700,국내주식,310.0,5.88,연,1,310.0,310.0,,4,2026-04-07:310,2026-04-07,seibro,2026-10-03 09:33,
092070,국내주식,100.0,0.68,연,1,100.0,100.0,,4,2026-04-21:100,2026-04-21,seibro,2026-10-03 09:33,
092130,국내주식,850.0,5.96,연,1,850.0,850.0,,4,2026-04-09:850,2026-04-09,seibro,2026-10-03 09:33,
092230,국내주식,2000.0,6.45,반기,2,6250.0,4000.0,,4|8,2026-04-09:4250;2026-08-13:2000,2026-08-13,seibro,2026-10-03 09:33,
092300,국내주식,70.0,2.66,연,1,70.0,70.0,,4,2026-04-21:70,2026-04-21,seibro,2026-10-03 09:33,
092440,국내주식,60.0,3.22,연,1,60.0,60.0,,7,2026-07-09:60,2026-07-09,seibro,2026-10-03 09:33,
092460,국내주식,620.0,3.68,연,1,620.0,620.0,,4,2026-04-14:620,2026-04-14,seibro,2026-10-03 09:33,
092730,국내주식,750.0,3.21,연,1,750.0,750.0,,4,2026-04-08:750,2026-04-08,seibro,2026-10-03 09:33,
092780,국내주식,80.0,2.35,연,1,80.0,80.0,,4,2026-04-24:80,2026-04-24,seibro,2026-10-03 09:33,
092870,국내주식,100.0,0.19,연,1,100.0,100.0,,4,2026-04-16:100,2026-04-16,seibro,2026-10-03 09:33,
093050,국내주식,700.0,2.89,연,1,700.0,700.0,,4,2026-04-22:700,2026-04-22,seibro,2026-10-03 09:33,
093190,국내주식,325.0,3.96,연,1,325.0,325.0,,4,2026-04-10:325,2026-04-10,seibro,2026-10-03 09:33,
093320,국내주식,600.0,0.48,연,1,600.0,600.0,,4,2026-04-13:600,2026-04-13,seibro,2026-10-03 09:33,
093520,국내주식,1200.0,4.03,연,1,1200.0,1200.0,,4,2026-04-14:1200,2026-04-14,seibro,2026-10-03 09:33,
093920,국내주식,350.0,7.26,연,1,350.0,350.0,,4,2026-04-14:350,2026-04-14,seibro,2026-10-03 09:33,
094170,국내주식,170.0,0.64,연,1,170.0,170.0,,4,2026-04-16:170,2026-04-16,seibro,2026-10-03 09:33,
094280,국내주식,150.0,5.03,분기,3,600.0,450.0,,4|5|8,2026-04-08:300;2026-05-08:150;2026-08-07:150,2026-08-07,seibro,2026-10-03 09:33,
094285,국내주식,150.0,,분기,3,605.0,450.0,,4|5|8,2026-04-08:305;2026-05-08:150;2026-08-07:150,2026-08-07,seibro,2026-10-03 09:33,
094360,국내주식,116.0,0.9,연,1,116.0,116.0,,4,2026-04-08:116,2026-04-08,seibro,2026-10-03 09:33,
094480,국내주식,45.0,0.75,연,1,45.0,45.0,,4,2026-04-24:45,2026-04-24,seibro,2026-10-03 09:33,
094800,국내주식,137.0,5.24,반기,2,412.0,274.0,,2|8,2026-02-27:275;2026-08-28:137,2026-08-28,seibro,2026-10-03 09:33,
094820,국내주식,360.0,2.95,연,1,360.0,360.0,,4,2026-04-15:360,2026-04-15,seibro,2026-10-03 09:33,
094840,국내주식,100.0,0.75,연,1,100.0,100.0,,7,2026-07-23:100,2026-07-23,seibro,2026-10-03 09:33,
094850,국내주식,150.0,3.53,연,1,150.0,150.0,,4,2026-04-06:150,2026-04-06,seibro,2026-10-03 09:33,
094970,국내주식,60.0,2.09,연,1,60.0,60.0,,4,2026-04-14:60,2026-04-14,seibro,2026-10-03 09:33,
095340,국내주식,850.0,0.4,연,1,850.0,850.0,,4,2026-04-24:850,2026-04-24,seibro,2026-10-03 09:33,
095500,국내주식,70.0,0.98,연,1,70.0,70.0,,4,2026-04-03:70,2026-04-03,seibro,2026-10-03 09:33,
095570,국내주식,95.0,11.8,분기,3,505.0,505.0,,4|5|8,2026-04-16:330;2026-05-20:80;2026-08-20:95,2026-08-20,seibro,2026-10-03 09:33,
095610,국내주식,850.0,0.48,연,1,850.0,850.0,,4,2026-04-15:850,2026-04-15,seibro,2026-10-03 09:33,
095660,국내주식,303.0,1.67,연,1,303.0,303.0,,4,2026-04-10:303,2026-04-10,seibro,2026-10-03 09:33,
095720,국내주식,85.0,7.05,연,1,85.0,85.0,,4,2026-04-16:85,2026-04-16,seibro,2026-10-03 09:33,
096240,국내주식,500.0,9.38,반기,2,800.0,1000.0,,4|7,2026-04-20:300;2026-07-21:500,2026-07-21,seibro,2026-10-03 09:33,
096250,국내주식,85.0,1.5,연,1,85.0,85.0,,4,2026-04-24:85,2026-04-24,seibro,2026-10-03 09:33,
096530,국내주식,300.0,2.72,분기,3,1000.0,900.0,,4|5|8,2026-04-10:400;2026-05-15:300;2026-08-21:300,2026-08-21,seibro,2026-10-03 09:33,
096760,국내주식,215.0,4.89,연,1,215.0,215.0,,4,2026-04-24:215,2026-04-24,seibro,2026-10-03 09:33,
097520,국내주식,1000.0,5.12,연,1,1000.0,1000.0,,4,2026-04-09:1000,2026-04-09,seibro,2026-10-03 09:33,
097870,국내주식,200.0,4.54,연,1,200.0,200.0,,10,2026-10-14:200,2026-10-14,seibro,2026-10-03 09:33,
097950,국내주식,1500.0,3.34,분기,4,6000.0,6000.0,,4|6|9|12,2025-12-30:1500;2026-04-23:1500;2026-06-30:1500;2026-09-30:1500,2026-09-30,seibro,2026-10-03 09:33,
097955,국내주식,1500.0,5.53,분기,4,6050.0,6000.0,,4|6|9|12,2025-12-30:1500;2026-04-23:1550;2026-06-30:1500;2026-09-30:1500,2026-09-30,seibro,2026-10-03 09:33,
098070,국내주식,375.0,1.6,연,1,375.0,375.0,,4,2026-04-10:375,2026-04-10,seibro,2026-10-03 09:33,
098120,국내주식,100.0,0.17,연,1,100.0,100.0,,4,2026-04-20:100,2026-04-20,seibro,2026-10-03 09:33,
098460,국내주식,140.0,0.41,연,1,140.0,140.0,,4,2026-04-17:140,2026-04-17,seibro,2026-10-03 09:33,
098560,국내ETF,,,연,1,75.0,75.0,,11,2025-11-04:75,2025-11-04,seibro,2026-10-03 09:33,
098710,국내주식,1200.0,,연,1,1200.0,1200.0,,4,2026-04-17:1200,2026-04-17,seibro,2026-10-03 09:33,
099140,국내ETF,,2.95,분기,4,586.0,586.0,586.0,2|5|8|11,2025-11-04:168;2026-02-03:115;2026-05-06:19;2026-08-04:284,2026-08-04,seibro+etfcheck,2026-10-03 09:33,
099190,국내주식,100.0,0.59,연,1,100.0,100.0,,4,2026-04-24:100,2026-04-24,seibro,2026-10-03 09:33,
099320,국내주식,100.0,0.12,연,1,100.0,100.0,,4,2026-04-23:100,2026-04-23,seibro,2026-10-03 09:33,
099390,국내주식,170.0,4.49,연,1,170.0,170.0,,4,2026-04-15:170,2026-04-15,seibro,2026-10-03 09:33,
099430,국내주식,70.0,1.84,연,1,70.0,70.0,,4,2026-04-13:70,2026-04-13,seibro,2026-10-03 09:33,
100120,국내주식,690.0,2.4,연,1,690.0,690.0,,4,2026-04-10:690,2026-04-10,seibro,2026-10-03 09:33,
100220,국내주식,220.0,4.4,연,1,220.0,220.0,,4,2026-04-16:220,2026-04-16,seibro,2026-10-03 09:33,
100250,국내주식,74.0,7.36,반기,2,224.0,148.0,,4|8,2026-04-08:150;2026-08-12:74,2026-08-12,seibro,2026-10-03 09:33,
100660,국내주식,10.0,0.3,연,1,10.0,10.0,,4,2026-04-22:10,2026-04-22,seibro,2026-10-03 09:33,
100700,국내주식,70.0,3.02,연,1,70.0,70.0,,4,2026-04-16:70,2026-04-16,seibro,2026-10-03 09:33,
100840,국내주식,300.0,2.46,분기,3,900.0,900.0,,3|5|8,2026-03-17:300;2026-05-27:300;2026-08-25:300,2026-08-25,seibro,2026-10-03 09:33,
100910,국내ETF,,0.63,분기,4,110.0,110.0,110.0,2|5|8|11,2025-11-04:15;2026-02-03:20;2026-05-06:60;2026-08-04:15,2026-08-04,seibro+etfcheck,2026-10-03 09:33,
101160,국내주식,100.0,0.3,연,1,100.0,100.0,,4,2026-04-24:100,2026-04-24,seibro,2026-10-03 09:33,
101170,국내주식,50.0,0.57,연,1,50.0,50.0,,4,2026-04-14:50,2026-04-14,seibro,2026-10-03 09:33,
101280,국내ETF,,1.57,분기,4,475.0,475.0,475.0,2|5|8|11,2025-11-04:182;2026-02-03:29;2026-05-06:214;2026-08-04:50,2026-08-04,seibro+etfcheck,2026-10-03 09:33,
101330,국내주식,140.0,3.73,연,1,140.0,140.0,,4,2026-04-17:140,2026-04-17,seibro,2026-10-03 09:33,
101430,국내주식,335.0,,연,1,335.0,335.0,,4,2026-04-20:335,2026-04-20,seibro,2026-10-03 09:33,
101490,국내주식,200.0,0.37,연,1,200.0,200.0,,4,2026-04-06:200,2026-04-06,seibro,2026-10-03 09:33,
101530,국내주식,250.0,4.52,연,1,250.0,250.0,,4,2026-04-21:250,2026-04-21,seibro,2026-10-03 09:33,
101930,국내주식,500.0,7.8,연,1,500.0,500.0,,4,2026-04-03:500,2026-04-03,seibro,2026-10-03 09:33,
102110,국내ETF,,0.83,분기,4,928.0,928.0,893.0,2|5|8|11,2025-11-04:145;2026-02-03:200;2026-05-06:450;2026-08-04:133,2026-08-04,seibro+etfcheck,2026-10-03 09:33,
102120,국내주식,200.0,2.27,연,1,200.0,200.0,,4,2026-04-24:200,2026-04-24,seibro,2026-10-03 09:33,
102260,국내주식,100.0,4.0,반기,2,150.0,200.0,,4|7,2026-04-21:50;2026-07-31:100,2026-07-31,seibro,2026-10-03 09:33,
102420,국내주식,30.0,,연,1,30.0,30.0,,4,2026-04-30:30,2026-04-30,seibro,2026-10-03 09:33,
102710,국내주식,200.0,0.41,연,1,200.0,200.0,,4,2026-04-21:200,2026-04-21,seibro,2026-10-03 09:33,
102780,국내ETF,,0.52,연,1,138.0,138.0,138.0,5,2026-05-06:138,2026-05-06,seibro+etfcheck,2026-10-03 09:33,
102960,국내ETF,,0.06,연,1,8.0,8.0,8.0,5,2026-05-06:8,2026-05-06,seibro+etfcheck,2026-10-03 09:33,
102970,국내ETF,,2.78,반기,2,489.0,298.0,489.0,5|8,2026-05-06:340;2026-08-04:149,2026-08-04,seibro+etfcheck,2026-10-03 09:33,
103140,국내주식,1700.0,2.15,연,1,1700.0,1700.0,,4,2026-04-09:1700,2026-04-09,seibro,2026-10-03 09:33,
103270,국내주식,277.0,,연,1,277.0,277.0,,4,2026-04-21:277,2026-04-21,seibro,2026-10-03 09:33,
103590,국내주식,500.0,0.58,연,1,500.0,500.0,,4,2026-04-03:500,2026-04-03,seibro,2026-10-03 09:33,
104230,국내주식,1200.0,,연,1,1200.0,1200.0,,4,2026-04-09:1200,2026-04-09,seibro,2026-10-03 09:33,
104460,국내주식,700.0,10.48,연,1,700.0,700.0,,4,2026-04-24:700,2026-04-24,seibro,2026-10-03 09:33,
104520,국내ETF,,1.24,분기,4,180.0,180.0,180.0,2|5|8|11,2025-11-04:20;2026-02-03:30;2026-05-06:110;2026-08-04:20,2026-08-04,seibro+etfcheck,2026-10-03 09:33,
104530,국내ETF,,4.76,월,12,815.0,960.0,726.0,1|2|3|4|5|6|7|8|9|10|11|12,2025-10-17:40;2025-11-18:40;2025-12-17:60;2026-01-19:60;2026-02-20:70;2026-03-17:70;2026-04-17:75;2026-05-19:80;2026-06-17:80;2026-07-20:80;2026-08-19:80;2026-09-17:80,2026-09-17,seibro+etfcheck,2026-10-03 09:33,
104700,국내주식,350.0,3.73,연,1,350.0,350.0,,4,2026-04-15:350,2026-04-15,seibro,2026-10-03 09:33,
104770,국내주식,130.0,,연,1,130.0,130.0,,4,2026-04-16:130,2026-04-16,seibro,2026-10-03 09:33,
104790,국내주식,210.0,,연,1,210.0,210.0,,4,2026-04-15:210,2026-04-15,seibro,2026-10-03 09:33,
104830,국내주식,500.0,1.2,연,1,500.0,500.0,,4,2026-04-21:500,2026-04-21,seibro,2026-10-03 09:33,
105010,국내ETF,,3.28,분기,4,200.0,212.0,200.0,2|5|8|11,2025-11-04:45;2026-02-03:60;2026-05-06:42;2026-08-04:53,2026-08-04,seibro+etfcheck,2026-10-03 09:33,
105190,국내ETF,,0.86,분기,4,970.0,970.0,970.0,2|5|8|11,2025-11-04:165;2026-02-03:105;2026-05-06:550;2026-08-04:150,2026-08-04,seibro+etfcheck,2026-10-03 09:33,
105560,국내주식,1155.0,2.87,분기,4,4833.0,4620.0,,4|5|8|11,2025-11-27:930;2026-04-15:1605;2026-05-21:1143;2026-08-21:1155,2026-08-21,seibro,2026-10-03 09:33,
105630,국내주식,600.0,6.83,연,1,600.0,600.0,,4,2026-04-14:600,2026-04-14,seibro,2026-10-03 09:33,
105740,국내주식,300.0,2.57,연,1,300.0,300.0,,4,2026-04-17:300,2026-04-17,seibro,2026-10-03 09:33,
105780,국내ETF,,0.6,연,1,100.0,100.0,100.0,5,2026-05-06:100,2026-05-06,seibro+etfcheck,2026-10-03 09:33,
105840,국내주식,100.0,2.19,반기,2,300.0,200.0,,4|7,2026-04-17:200;2026-07-24:100,2026-07-24,seibro,2026-10-03 09:33,
106190,국내주식,150.0,1.48,연,1,150.0,150.0,,4,2026-04-10:150,2026-04-10,seibro,2026-10-03 09:33,
107590,국내주식,700.0,1.17,연,1,700.0,700.0,,4,2026-04-10:700,2026-04-10,seibro,2026-10-03 09:33,
108230,국내주식,100.0,3.07,연,1,100.0,100.0,,4,2026-04-28:100,2026-04-28,seibro,2026-10-03 09:33,
108320,국내주식,1500.0,3.99,연,1,1500.0,1500.0,,4,2026-04-14:1500,2026-04-14,seibro,2026-10-03 09:33,
108380,국내주식,200.0,1.07,연,1,200.0,200.0,,4,2026-04-15:200,2026-04-15,seibro,2026-10-03 09:33,
108450,국내ETF,,0.92,연,1,370.0,370.0,370.0,5,2026-05-06:370,2026-05-06,seibro+etfcheck,2026-10-03 09:33,
108590,국내ETF,,0.79,분기,4,880.0,880.0,678.0,2|5|8|11,2025-11-04:160;2026-02-03:120;2026-05-06:500;2026-08-04:100,2026-08-04,seibro+etfcheck,2026-10-03 09:33,
109080,국내주식,150.0,1.52,연,1,150.0,150.0,,4,2026-04-21:150,2026-04-21,seibro,2026-10-03 09:33,
109860,국내주식,320.0,4.1,연,1,320.0,320.0,,4,2026-04-10:320,2026-04-10,seibro,2026-10-03 09:33,
110790,국내주식,200.0,6.73,연,1,200.0,200.0,,4,2026-04-24:200,2026-04-24,seibro,2026-10-03 09:33,
110990,국내주식,420.0,2.19,연,1,420.0,420.0,,4,2026-04-17:420,2026-04-17,seibro,2026-10-03 09:33,
111110,국내주식,400.0,6.25,연,1,400.0,400.0,,4,2026-04-24:400,2026-04-24,seibro,2026-10-03 09:33,
111380,국내주식,370.0,5.26,반기,2,680.0,740.0,,4|11,2025-11-25:310;2026-04-24:370,2026-04-24,seibro,2026-10-03 09:33,
111710,국내주식,200.0,6.37,연,1,200.0,200.0,,4,2026-04-17:200,2026-04-17,seibro,2026-10-03 09:33,
111770,국내주식,1050.0,3.64,반기,2,2450.0,2100.0,,4|9,2026-04-15:1400;2026-09-18:1050,2026-09-18,seibro,2026-10-03 09:33,
112040,국내주식,295.0,1.88,연,1,295.0,295.0,,4,2026-04-08:295,2026-04-08,seibro,2026-10-03 09:33,
112610,국내주식,1000.0,1.81,연,1,1000.0,1000.0,,4,2026-04-16:1000,2026-04-16,seibro,2026-10-03 09:33,
114090,국내주식,60.0,4.84,반기,2,414.0,414.0,,4|9,2026-04-24:354;2026-09-10:60,2026-09-10,seibro,2026-10-03 09:33,
114100,국내ETF,,2.67,분기,4,2837.0,2368.0,2837.0,3|6|9|12,2025-12-11:757;2026-03-11:546;2026-06-11:942;2026-09-11:592,2026-09-11,seibro+etfcheck,2026-10-03 09:33,
114260,국내ETF,,1.3,연,1,807.0,807.0,807.0,12,2025-12-17:807,2025-12-17,seibro+etfcheck,2026-10-03 09:33,
114460,국내ETF,,2.66,분기,4,2665.0,2248.0,1832.0,3|6|9|12,2025-12-11:854;2026-03-11:416;2026-06-11:833;2026-09-11:562,2026-09-11,seibro+etfcheck,2026-10-03 09:33,
114470,국내ETF,,2.47,분기,4,2664.0,2244.0,2664.0,3|6|9|12,2025-12-12:854;2026-03-12:416;2026-06-12:833;2026-09-14:561,2026-09-14,seibro+etfcheck,2026-10-03 09:33,
114820,국내ETF,,0.53,연,1,553.0,553.0,553.0,12,2025-12-02:553,2025-12-02,seibro+etfcheck,2026-10-03 09:33,
114840,국내주식,111.0,2.45,반기,2,205.0,222.0,,4|9,2026-04-24:94;2026-09-14:111,2026-09-14,seibro,2026-10-03 09:33,
115310,국내주식,1200.0,12.24,연,1,1200.0,1200.0,,3,2026-03-31:1200,2026-03-31,seibro,2026-10-03 09:33,
115440,국내주식,50.0,0.4,연,1,50.0,50.0,,4,2026-04-10:50,2026-04-10,seibro,2026-10-03 09:33,
115500,국내주식,180.0,1.65,연,1,180.0,180.0,,4,2026-04-16:180,2026-04-16,seibro,2026-10-03 09:33,
115570,국내주식,100.0,3.74,연,1,100.0,100.0,,4,2026-04-22:100,2026-04-22,seibro,2026-10-03 09:33,
117460,국내ETF,,0.52,반기,2,76.0,70.0,76.0,5|8,2026-05-06:41;2026-08-04:35,2026-08-04,seibro+etfcheck,2026-10-03 09:33,
117580,국내주식,250.0,3.52,연,1,250.0,250.0,,4,2026-04-22:250,2026-04-22,seibro,2026-10-03 09:33,
117680,국내ETF,,1.94,분기,4,240.0,240.0,237.0,2|5|8|11,2025-11-04:25;2026-02-03:10;2026-05-06:135;2026-08-04:70,2026-08-04,seibro+etfcheck,2026-10-03 09:33,
117690,국내ETF,,3.62,연,1,660.0,660.0,660.0,1,2026-01-05:660,2026-01-05,seibro+etfcheck,2026-10-03 09:33,
117700,국내ETF,,0.51,반기,2,34.0,38.0,34.0,5|8,2026-05-06:15;2026-08-04:19,2026-08-04,seibro+etfcheck,2026-10-03 09:33,
119450,국내주식,2510000.0,,연,1,2510000.0,2510000.0,,3,2026-03-31:2.51e+06,2026-03-31,seibro,2026-10-03 09:33,
119500,국내주식,60.0,2.53,연,1,60.0,60.0,,4,2026-04-24:60,2026-04-24,seibro,2026-10-03 09:33,
119610,국내주식,650.0,3.81,연,1,650.0,650.0,,4,2026-04-09:650,2026-04-09,seibro,2026-10-03 09:33,
11961K,국내주식,650.0,,연,1,650.0,650.0,,4,2026-04-09:650,2026-04-09,seibro,2026-10-03 09:33,
119850,국내주식,150.0,0.28,연,1,150.0,150.0,,4,2026-04-10:150,2026-04-10,seibro,2026-10-03 09:33,
120030,국내주식,500.0,0.6,연,1,500.0,500.0,,4,2026-04-24:500,2026-04-24,seibro,2026-10-03 09:33,
120110,국내주식,900.0,2.84,반기,2,1600.0,1800.0,,4|9,2026-04-29:700;2026-09-04:900,2026-09-04,seibro,2026-10-03 09:33,
120115,국내주식,900.0,6.52,반기,2,1650.0,1800.0,,4|9,2026-04-29:750;2026-09-04:900,2026-09-04,seibro,2026-10-03 09:33,
120240,국내주식,475.0,3.2,연,1,475.0,475.0,,4,2026-04-23:475,2026-04-23,seibro,2026-10-03 09:33,
121060,국내주식,30.0,3.68,연,1,30.0,30.0,,4,2026-04-23:30,2026-04-23,seibro,2026-10-03 09:33,
121440,국내주식,250.0,3.26,연,1,250.0,250.0,,4,2026-04-15:250,2026-04-15,seibro,2026-10-03 09:33,
121600,국내주식,250.0,0.42,연,1,250.0,250.0,,4,2026-04-10:250,2026-04-10,seibro,2026-10-03 09:33,
122090,국내ETF,,0.65,분기,4,550.0,550.0,462.0,2|5|8|11,2025-11-04:85;2026-02-03:100;2026-05-06:275;2026-08-04:90,2026-08-04,seibro+etfcheck,2026-10-03 09:33,
122260,국내ETF,,2.83,연,1,2948.0,2948.0,2948.0,1,2026-01-05:2948,2026-01-05,seibro+etfcheck,2026-10-03 09:33,
122310,국내주식,50.0,8.98,분기,4,300.0,200.0,,4|7|9,2026-04-23:150;2026-04-24:50;2026-07-23:50;2026-09-30:50,2026-09-30,seibro,2026-10-03 09:33,
122870,국내주식,300.0,0.74,연,1,300.0,300.0,,4,2026-04-10:300,2026-04-10,seibro,2026-10-03 09:33,
122900,국내주식,150.0,4.27,분기,3,350.0,450.0,,4|5|8,2026-04-21:100;2026-05-21:100;2026-08-21:150,2026-08-21,seibro,2026-10-03 09:33,
122990,국내주식,500.0,7.42,연,1,500.0,500.0,,4,2026-04-10:500,2026-04-10,seibro,2026-10-03 09:33,
123320,국내ETF,,0.26,연,1,300.0,300.0,300.0,1,2026-01-05:300,2026-01-05,seibro+etfcheck,2026-10-03 09:33,
123410,국내주식,200.0,3.34,연,1,200.0,200.0,,4,2026-04-24:200,2026-04-24,seibro,2026-10-03 09:33,
123570,국내주식,60.0,3.64,연,1,60.0,60.0,,4,2026-04-21:60,2026-04-21,seibro,2026-10-03 09:33,
123700,국내주식,205.0,6.25,연,1,205.0,205.0,,4,2026-04-22:205,2026-04-22,seibro,2026-10-03 09:33,
123860,국내주식,250.0,1.91,연,1,250.0,250.0,,4,2026-04-10:250,2026-04-10,seibro,2026-10-03 09:33,
123890,국내주식,150.0,6.22,연,1,150.0,150.0,,4,2026-04-16:150,2026-04-16,seibro,2026-10-03 09:33,
123900,국내주식,400.0,,연,1,400.0,400.0,,4,2026-04-13:400,2026-04-13,seibro,2026-10-03 09:33,
124560,국내주식,130.0,6.61,연,1,130.0,130.0,,4,2026-04-24:130,2026-04-24,seibro,2026-10-03 09:33,
12456K,국내주식,130.0,,연,1,130.0,130.0,,4,2026-04-24:130,2026-04-24,seibro,2026-10-03 09:33,
126560,국내주식,150.0,4.4,연,1,150.0,150.0,,4,2026-04-24:150,2026-04-24,seibro,2026-10-03 09:33,
126600,국내주식,50.0,1.56,연,1,50.0,50.0,,4,2026-04-10:50,2026-04-10,seibro,2026-10-03 09:33,
126640,국내주식,75.0,1.9,연,1,75.0,75.0,,4,2026-04-07:75,2026-04-07,seibro,2026-10-03 09:33,
126700,국내주식,80.0,0.68,연,1,80.0,80.0,,4,2026-04-17:80,2026-04-17,seibro,2026-10-03 09:33,
126720,국내주식,900.0,4.2,연,1,900.0,900.0,,4,2026-04-17:900,2026-04-17,seibro,2026-10-03 09:33,
126730,국내주식,400.0,1.67,연,1,400.0,400.0,,4,2026-04-17:400,2026-04-17,seibro,2026-10-03 09:33,
126880,국내주식,50.0,1.79,연,1,50.0,50.0,,4,2026-04-16:50,2026-04-16,seibro,2026-10-03 09:33,
127980,국내주식,170.0,6.02,연,1,170.0,170.0,,4,2026-04-10:170,2026-04-10,seibro,2026-10-03 09:33,
128660,국내주식,170.0,5.95,연,1,170.0,170.0,,4,2026-04-17:170,2026-04-17,seibro,2026-10-03 09:33,
128820,국내주식,120.0,2.87,연,1,120.0,120.0,,4,2026-04-24:120,2026-04-24,seibro,2026-10-03 09:33,
128940,국내주식,2000.0,0.4,연,1,2000.0,2000.0,,4,2026-04-17:2000,2026-04-17,seibro,2026-10-03 09:33,
129260,국내주식,100.0,5.16,연,1,100.0,100.0,,4,2026-04-10:100,2026-04-10,seibro,2026-10-03 09:33,
129890,국내주식,174.0,18.12,연,1,174.0,174.0,,4,2026-04-08:174,2026-04-08,seibro,2026-10-03 09:33,
130580,국내주식,226.0,3.25,연,1,226.0,226.0,,4,2026-04-17:226,2026-04-17,seibro,2026-10-03 09:33,
130660,국내주식,377.0,3.04,연,1,377.0,377.0,,4,2026-04-15:377,2026-04-15,seibro,2026-10-03 09:33,
130680,국내ETF,,0.34,연,1,27.0,27.0,0.0,1,2026-01-05:27,2026-01-05,seibro+etfcheck,2026-10-03 09:33,
130730,국내ETF,,2.94,연,1,3037.0,3037.0,3037.0,1,2026-01-05:3037,2026-01-05,seibro+etfcheck,2026-10-03 09:33,
131090,국내주식,150.0,3.46,연,1,150.0,150.0,,4,2026-04-15:150,2026-04-15,seibro,2026-10-03 09:33,
131180,국내주식,90.0,2.12,연,1,90.0,90.0,,3,2026-03-30:90,2026-03-30,seibro,2026-10-03 09:33,
131220,국내주식,125.0,3.45,연,1,125.0,125.0,,4,2026-04-10:125,2026-04-10,seibro,2026-10-03 09:33,
131290,국내주식,450.0,0.15,연,1,450.0,450.0,,4,2026-04-10:450,2026-04-10,seibro,2026-10-03 09:33,
131370,국내주식,10.0,0.67,연,1,10.0,10.0,,4,2026-04-20:10,2026-04-20,seibro,2026-10-03 09:33,
131890,국내ETF,,1.76,연,1,700.0,700.0,700.0,5,2026-05-06:700,2026-05-06,seibro+etfcheck,2026-10-03 09:33,
131970,국내주식,160.0,0.15,연,1,160.0,160.0,,4,2026-04-30:160,2026-04-30,seibro,2026-10-03 09:33,
132030,국내ETF,,0.55,연,1,130.0,130.0,130.0,1,2026-01-05:130,2026-01-05,seibro+etfcheck,2026-10-03 09:33,
133690,국내ETF,,0.51,분기,4,937.0,1020.0,937.0,2|5|8|11,2025-11-04:222;2026-02-03:225;2026-05-06:235;2026-08-04:255,2026-08-04,seibro+etfcheck,2026-10-03 09:33,
133750,국내주식,60.0,4.39,연,1,60.0,60.0,,4,2026-04-13:60,2026-04-13,seibro,2026-10-03 09:33,
134060,국내주식,250.0,4.6,연,1,250.0,250.0,,4,2026-04-24:250,2026-04-24,seibro,2026-10-03 09:33,
134380,국내주식,250.0,27.15,반기,2,2750.0,2750.0,,3|7,2026-03-27:2500;2026-07-24:250,2026-07-24,seibro,2026-10-03 09:33,
134450,국내주식,600.0,,연,1,600.0,600.0,,4,2026-04-17:600,2026-04-17,seibro,2026-10-03 09:33,
136340,국내ETF,,2.59,월,12,2699.0,2699.0,2699.0,1|2|3|4|5|6|7|8|9|10|11|12,2025-11-04:299;2025-12-02:210;2026-01-05:204;2026-02-03:281;2026-03-04:124;2026-04-02:368;2026-05-06:205;2026-06-02:113;2026-07-02:347;2026-08-04:188;2026-09-02:124;2026-10-02:236,2026-10-02,seibro+etfcheck,2026-10-03 09:33,
136410,국내주식,130.0,3.47,연,1,130.0,130.0,,4,2026-04-10:130,2026-04-10,seibro,2026-10-03 09:33,
136480,국내주식,40.0,1.5,연,1,40.0,40.0,,4,2026-04-17:40,2026-04-17,seibro,2026-10-03 09:33,
136490,국내주식,200.0,1.97,연,1,200.0,200.0,,4,2026-04-24:200,2026-04-24,seibro,2026-10-03 09:33,
136540,국내주식,800.0,7.44,연,1,800.0,800.0,,4,2026-04-06:800,2026-04-06,seibro,2026-10-03 09:33,
137310,국내주식,200.0,3.15,연,1,200.0,200.0,,4,2026-04-17:200,2026-04-17,seibro,2026-10-03 09:33,
137400,국내주식,200.0,0.61,연,1,200.0,200.0,,4,2026-04-10:200,2026-04-10,seibro,2026-10-03 09:33,
13740P,국내주식,200.0,,연,1,200.0,200.0,,4,2026-04-10:200,2026-04-10,seibro,2026-10-03 09:33,
137610,국내ETF,,0.87,연,1,49.0,49.0,0.0,1,2026-01-05:49,2026-01-05,seibro+etfcheck,2026-10-03 09:33,
137950,국내주식,50.0,1.4,연,1,50.0,50.0,,4,2026-04-15:50,2026-04-15,seibro,2026-10-03 09:33,
138070,국내주식,30.0,2.02,연,1,30.0,30.0,,4,2026-04-10:30,2026-04-10,seibro,2026-10-03 09:33,
138230,국내ETF,,1.13,연,1,180.0,180.0,180.0,1,2026-01-05:180,2026-01-05,seibro+etfcheck,2026-10-03 09:33,
138520,국내ETF,,0.56,반기,2,205.0,205.0,205.0,5|11,2025-11-04:20;2026-05-06:185,2026-05-06,seibro+etfcheck,2026-10-03 09:33,
138530,국내ETF,,1.16,반기,2,140.0,140.0,140.0,5|11,2025-11-04:30;2026-05-06:110,2026-05-06,seibro+etfcheck,2026-10-03 09:33,
138540,국내ETF,,2.38,반기,2,1090.0,1090.0,1090.0,5|11,2025-11-04:130;2026-05-06:960,2026-05-06,seibro+etfcheck,2026-10-03 09:33,
138920,국내ETF,,0.21,연,1,27.0,27.0,27.0,1,2026-01-05:27,2026-01-05,seibro+etfcheck,2026-10-03 09:33,
138930,국내주식,150.0,4.96,분기,4,795.0,795.0,,4|5|8|11,2025-11-28:120;2026-04-09:375;2026-05-29:150;2026-08-27:150,2026-08-27,seibro,2026-10-03 09:33,
139130,국내주식,700.0,3.75,연,1,700.0,700.0,,4,2026-04-10:700,2026-04-10,seibro,2026-10-03 09:33,
139220,국내ETF,,0.86,연,1,65.0,65.0,65.0,5,2026-05-06:65,2026-05-06,seibro+etfcheck,2026-10-03 09:33,
139230,국내ETF,,0.9,반기,2,113.0,113.0,32.0,8|11,2025-11-04:25;2026-08-04:88,2026-08-04,seibro+etfcheck,2026-10-03 09:33,
139240,국내ETF,,2.8,반기,2,300.0,300.0,225.0,5|11,2025-11-04:40;2026-05-06:260,2026-05-06,seibro+etfcheck,2026-10-03 09:33,
139250,국내ETF,,0.49,분기,3,90.0,150.0,90.0,5|8|11,2025-11-04:20;2026-05-06:20;2026-08-04:50,2026-08-04,seibro+etfcheck,2026-10-03 09:33,
139260,국내ETF,,0.32,분기,4,470.0,470.0,236.0,2|5|8|11,2025-11-04:85;2026-02-03:43;2026-05-06:200;2026-08-04:142,2026-08-04,seibro+etfcheck,2026-10-03 09:33,
139270,국내ETF,,2.54,분기,4,418.0,418.0,402.0,2|5|8|11,2025-11-04:60;2026-02-03:48;2026-05-06:250;2026-08-04:60,2026-08-04,seibro+etfcheck,2026-10-03 09:33,
139280,국내ETF,,1.46,분기,3,177.0,177.0,170.0,5|8|11,2025-11-04:45;2026-05-06:120;2026-08-04:12,2026-08-04,seibro+etfcheck,2026-10-03 09:33,
139290,국내ETF,,1.21,반기,2,280.0,400.0,280.0,5|11,2025-11-04:80;2026-05-06:200,2026-05-06,seibro+etfcheck,2026-10-03 09:33,
139320,국내ETF,,0.32,연,1,56.0,56.0,56.0,1,2026-01-05:56,2026-01-05,seibro+etfcheck,2026-10-03 09:33,
139480,국내주식,2500.0,3.47,연,1,2500.0,2500.0,,4,2026-04-23:2500,2026-04-23,seibro,2026-10-03 09:33,
140520,국내주식,150.0,7.5,연,1,150.0,150.0,,4,2026-04-24:150,2026-04-24,seibro,2026-10-03 09:33,
140570,국내ETF,,0.61,연,1,160.0,160.0,160.0,5,2026-05-06:160,2026-05-06,seibro+etfcheck,2026-10-03 09:33,
140580,국내ETF,,0.62,연,1,150.0,150.0,150.0,5,2026-05-06:150,2026-05-06,seibro+etfcheck,2026-10-03 09:33,
140700,국내ETF,,1.75,반기,2,352.0,352.0,350.0,5|8,2026-05-06:328;2026-08-04:24,2026-08-04,seibro+etfcheck,2026-10-03 09:33,
140710,국내ETF,,1.77,반기,2,119.0,119.0,119.0,5|8,2026-05-06:26;2026-08-04:93,2026-08-04,seibro+etfcheck,2026-10-03 09:33,
140720,국내주식,125.0,,연,1,125.0,125.0,,4,2026-04-17:125,2026-04-17,seibro,2026-10-03 09:33,
140860,국내주식,500.0,0.17,연,1,500.0,500.0,,4,2026-04-16:500,2026-04-16,seibro,2026-10-03 09:33,
140950,국내ETF,,0.76,분기,3,670.0,670.0,592.0,5|8|11,2025-11-04:108;2026-05-06:490;2026-08-04:72,2026-08-04,seibro+etfcheck,2026-10-03 09:33,
141000,국내주식,100.0,0.9,연,1,100.0,100.0,,4,2026-04-17:100,2026-04-17,seibro,2026-10-03 09:33,
142210,국내주식,165.0,2.47,연,1,165.0,165.0,,4,2026-04-10:165,2026-04-10,seibro,2026-10-03 09:33,
143160,국내주식,400.0,2.49,연,1,400.0,400.0,,4,2026-04-10:400,2026-04-10,seibro,2026-10-03 09:33,
143240,국내주식,700.0,4.02,연,1,700.0,700.0,,4,2026-04-16:700,2026-04-16,seibro,2026-10-03 09:33,
143850,국내ETF,,1.02,연,1,785.0,785.0,785.0,1,2026-01-05:785,2026-01-05,seibro+etfcheck,2026-10-03 09:33,
143860,국내ETF,,0.2,연,1,72.0,72.0,72.0,5,2026-05-06:72,2026-05-06,seibro+etfcheck,2026-10-03 09:33,
144600,국내ETF,,0.4,연,1,40.0,40.0,40.0,1,2026-01-05:40,2026-01-05,seibro+etfcheck,2026-10-03 09:33,
144960,국내주식,50.0,0.38,연,1,50.0,50.0,,4,2026-04-21:50,2026-04-21,seibro,2026-10-03 09:33,
145270,국내주식,50.0,6.23,연,1,50.0,50.0,,4,2026-04-17:50,2026-04-17,seibro,2026-10-03 09:33,
145720,국내주식,600.0,1.55,연,1,600.0,600.0,,4,2026-04-15:600,2026-04-15,seibro,2026-10-03 09:33,
145850,국내ETF,,1.63,분기,4,1910.0,1910.0,1068.0,2|5|8|11,2025-11-04:240;2026-02-03:170;2026-05-06:1000;2026-08-04:500,2026-08-04,seibro+etfcheck,2026-10-03 09:33,
145990,국내주식,1750.0,3.78,연,1,1750.0,1750.0,,4,2026-04-09:1750,2026-04-09,seibro,2026-10-03 09:33,
145995,국내주식,1800.0,5.62,연,1,1800.0,1800.0,,4,2026-04-09:1800,2026-04-09,seibro,2026-10-03 09:33,
146930,국내주식,300.0,,연,1,300.0,300.0,,4,2026-04-09:300,2026-04-09,seibro,2026-10-03 09:33,
147830,국내주식,300.0,4.08,연,1,300.0,300.0,,4,2026-04-10:300,2026-04-10,seibro,2026-10-03 09:33,
147970,국내ETF,,1.08,반기,2,870.0,870.0,870.0,5|11,2025-11-04:120;2026-05-06:750,2026-05-06,seibro+etfcheck,2026-10-03 09:33,
148020,국내ETF,,0.89,분기,4,1010.0,1010.0,1010.0,2|5|8|11,2025-11-04:160;2026-02-03:150;2026-05-06:580;2026-08-04:120,2026-08-04,seibro+etfcheck,2026-10-03 09:33,
148070,국내ETF,,3.57,연,1,3742.0,3742.0,3742.0,1,2026-01-05:3742,2026-01-05,seibro+etfcheck,2026-10-03 09:33,
148150,국내주식,100.0,2.49,연,1,100.0,100.0,,4,2026-04-13:100,2026-04-13,seibro,2026-10-03 09:33,
14815K,국내주식,180.8533333334,,연,1,180.8533,180.8533,,4,2026-04-13:180.853,2026-04-13,seibro,2026-10-03 09:33,
148930,국내주식,15.0,0.48,연,1,15.0,15.0,,4,2026-04-22:15,2026-04-22,seibro,2026-10-03 09:33,
149010,국내주식,200.0,5.56,연,1,200.0,200.0,,4,2026-04-16:200,2026-04-16,seibro,2026-10-03 09:33,
149950,국내주식,200.0,1.58,연,1,200.0,200.0,,4,2026-04-15:200,2026-04-15,seibro,2026-10-03 09:33,
149980,국내주식,233.0,5.14,연,1,233.0,233.0,,7,2026-07-27:233,2026-07-27,seibro,2026-10-03 09:33,
150460,국내ETF,,1.6,반기,2,115.0,115.0,73.0,5|11,2025-11-04:15;2026-05-06:100,2026-05-06,seibro+etfcheck,2026-10-03 09:33,
150900,국내주식,100.0,2.5,연,1,100.0,100.0,,4,2026-04-06:100,2026-04-06,seibro,2026-10-03 09:33,
151860,국내주식,150.0,2.78,연,1,150.0,150.0,,4,2026-04-24:150,2026-04-24,seibro,2026-10-03 09:33,
152100,국내ETF,,0.85,분기,4,970.0,970.0,970.0,2|5|8|11,2025-11-04:140;2026-02-03:180;2026-05-06:500;2026-08-04:150,2026-08-04,seibro+etfcheck,2026-10-03 09:33,
152380,국내ETF,,1.15,연,1,750.0,750.0,750.0,1,2026-01-05:750,2026-01-05,seibro+etfcheck,2026-10-03 09:33,
152500,국내ETF,,0.5,연,1,236.0,236.0,236.0,1,2026-01-05:236,2026-01-05,seibro+etfcheck,2026-10-03 09:33,
152870,국내ETF,,0.85,분기,3,964.0,964.0,807.0,5|8|11,2025-11-04:142;2026-05-06:730;2026-08-04:92,2026-08-04,seibro+etfcheck,2026-10-03 09:33,
153130,국내ETF,,2.51,월,12,2848.0,3060.0,2848.0,1|2|3|4|5|6|7|8|9|10|11|12,2025-10-17:234;2025-11-18:252;2025-12-17:238;2026-01-19:250;2026-02-20:230;2026-03-17:208;2026-04-17:231;2026-05-19:227;2026-06-17:239;2026-07-20:236;2026-08-19:248;2026-09-17:255,2026-09-17,seibro+etfcheck,2026-10-03 09:33,
153270,국내ETF,,0.72,분기,4,620.0,620.0,620.0,2|5|8|11,2025-11-04:60;2026-02-03:140;2026-05-06:300;2026-08-04:120,2026-08-04,seibro+etfcheck,2026-10-03 09:33,
153490,국내주식,20.0,0.66,연,1,20.0,20.0,,4,2026-04-15:20,2026-04-15,seibro,2026-10-03 09:33,
155650,국내주식,75.0,2.01,연,1,75.0,75.0,,4,2026-04-15:75,2026-04-15,seibro,2026-10-03 09:33,
155660,국내주식,250.0,5.77,연,1,250.0,250.0,,4,2026-04-24:250,2026-04-24,seibro,2026-10-03 09:33,
156080,국내ETF,,0.75,반기,2,398.0,398.0,398.0,5|8,2026-05-06:317;2026-08-04:81,2026-08-04,seibro+etfcheck,2026-10-03 09:33,
157450,국내ETF,,1.0,연,1,1131.0,1131.0,1131.0,12,2025-12-02:1131,2025-12-02,seibro+etfcheck,2026-10-03 09:33,
157490,국내ETF,,0.78,연,1,62.0,62.0,28.0,5,2026-05-06:62,2026-05-06,seibro+etfcheck,2026-10-03 09:33,
157500,국내ETF,,3.71,연,1,443.0,443.0,366.0,8,2026-08-04:443,2026-08-04,seibro+etfcheck,2026-10-03 09:33,
158430,국내주식,50.0,0.88,연,1,50.0,50.0,,4,2026-04-17:50,2026-04-17,seibro,2026-10-03 09:33,
159580,국내주식,50.0,2.36,연,1,50.0,50.0,,4,2026-04-03:50,2026-04-03,seibro,2026-10-03 09:33,
159800,국내ETF,,0.82,연,1,730.0,730.0,576.0,5,2026-05-06:730,2026-05-06,seibro+etfcheck,2026-10-03 09:33,
160580,국내ETF,,0.01,연,1,2.0,2.0,2.0,1,2026-01-05:2,2026-01-05,seibro+etfcheck,2026-10-03 09:33,
160980,국내주식,400.0,1.41,연,1,400.0,400.0,,4,2026-04-22:400,2026-04-22,seibro,2026-10-03 09:33,
161000,국내주식,140.0,1.27,연,1,140.0,140.0,,4,2026-04-15:140,2026-04-15,seibro,2026-10-03 09:33,
161390,국내주식,900.0,4.0,반기,2,2400.0,1800.0,,4|9,2026-04-22:1500;2026-09-09:900,2026-09-09,seibro,2026-10-03 09:33,
161510,국내ETF,,4.32,월,12,1059.0,1236.0,1017.0,1|2|3|4|5|6|7|8|9|10|11|12,2025-11-04:78;2025-12-02:78;2026-01-05:78;2026-02-03:86;2026-03-04:86;2026-04-02:86;2026-05-06:86;2026-06-02:86;2026-07-02:86;2026-08-04:103;2026-09-02:103;2026-10-02:103,2026-10-02,seibro+etfcheck,2026-10-03 09:33,
161890,국내주식,864.0,0.63,연,1,864.0,864.0,,4,2026-04-14:864,2026-04-14,seibro,2026-10-03 09:33,
162300,국내주식,21.0,1.01,연,1,21.0,21.0,,4,2026-04-16:21,2026-04-16,seibro,2026-10-03 09:33,
163560,국내주식,150.0,2.69,연,1,150.0,150.0,,4,2026-04-17:150,2026-04-17,seibro,2026-10-03 09:33,
163730,국내주식,100.0,0.67,연,1,100.0,100.0,,4,2026-04-30:100,2026-04-30,seibro,2026-10-03 09:33,
166090,국내주식,300.0,0.47,연,1,300.0,300.0,,4,2026-04-22:300,2026-04-22,seibro,2026-10-03 09:33,
166400,국내ETF,,3.9,월,12,990.0,1224.0,868.0,1|2|3|4|5|6|7|8|9|10|11|12,2025-11-04:67;2025-12-02:63;2026-01-05:68;2026-02-03:75;2026-03-04:78;2026-04-02:78;2026-05-06:90;2026-06-02:92;2026-07-02:100;2026-08-04:83;2026-09-02:94;2026-10-02:102,2026-10-02,seibro+etfcheck,2026-10-03 09:33,
167860,국내ETF,,3.93,연,1,3631.0,3631.0,3631.0,1,2026-01-05:3631,2026-01-05,seibro+etfcheck,2026-10-03 09:33,
168360,국내주식,50.0,0.31,연,1,50.0,50.0,,4,2026-04-28:50,2026-04-28,seibro,2026-10-03 09:33,
168580,국내ETF,,2.43,연,1,775.0,775.0,775.0,1,2026-01-05:775,2026-01-05,seibro+etfcheck,2026-10-03 09:33,
169330,국내주식,45.0,2.41,연,1,45.0,45.0,,10,2026-10-08:45,2026-10-08,seibro,2026-10-03 09:33,
169950,국내ETF,,1.06,연,1,255.0,255.0,255.0,11,2025-11-04:255,2025-11-04,seibro+etfcheck,2026-10-03 09:33,
170030,국내주식,300.0,6.07,연,1,300.0,300.0,,4,2026-04-15:300,2026-04-15,seibro,2026-10-03 09:33,
170790,국내주식,360.0,4.29,연,1,360.0,360.0,,4,2026-04-09:360,2026-04-09,seibro,2026-10-03 09:33,
170900,국내주식,700.0,2.01,연,1,700.0,700.0,,4,2026-04-15:700,2026-04-15,seibro,2026-10-03 09:33,
170920,국내주식,100.0,0.23,연,1,100.0,100.0,,4,2026-04-24:100,2026-04-24,seibro,2026-10-03 09:33,
171090,국내주식,1000.0,1.31,연,1,1000.0,1000.0,,4,2026-04-21:1000,2026-04-21,seibro,2026-10-03 09:33,
171120,국내주식,100.0,4.9,연,1,100.0,100.0,,4,2026-04-16:100,2026-04-16,seibro,2026-10-03 09:33,
173130,국내주식,250.0,3.24,연,1,250.0,250.0,,4,2026-04-22:250,2026-04-22,seibro,2026-10-03 09:33,
174350,국내ETF,,2.97,분기,3,610.0,610.0,589.0,5|8|11,2025-11-04:25;2026-05-06:525;2026-08-04:60,2026-08-04,seibro+etfcheck,2026-10-03 09:33,
174360,국내ETF,,1.19,연,1,260.0,260.0,260.0,1,2026-01-05:260,2026-01-05,seibro+etfcheck,2026-10-03 09:33,
175330,국내주식,314.0,4.98,분기,4,1445.0,1445.0,,4|5|8|11,2025-11-27:160;2026-04-10:660;2026-05-26:311;2026-08-27:314,2026-08-27,seibro,2026-10-03 09:33,
176950,국내ETF,,0.93,연,1,565.0,565.0,565.0,1,2026-01-05:565,2026-01-05,seibro+etfcheck,2026-10-03 09:33,
177830,국내주식,80.0,3.78,연,1,80.0,80.0,,4,2026-04-08:80,2026-04-08,seibro,2026-10-03 09:33,
17860K,국내주식,35.0,,연,1,35.0,35.0,,10,2026-10-23:35,2026-10-23,seibro,2026-10-03 09:33,
17860M,국내주식,40.0,,연,1,40.0,40.0,,10,2026-10-23:40,2026-10-23,seibro,2026-10-03 09:33,
178780,국내주식,250.0,10.12,연,1,250.0,250.0,,4,2026-04-17:250,2026-04-17,seibro,2026-10-03 09:33,
178920,국내주식,350.0,1.74,연,1,350.0,350.0,,4,2026-04-14:350,2026-04-14,seibro,2026-10-03 09:33,
179290,국내주식,120.0,2.54,연,1,120.0,120.0,,4,2026-04-20:120,2026-04-20,seibro,2026-10-03 09:33,
179430,국내주식,550.0,,연,1,550.0,550.0,,4,2026-04-08:550,2026-04-08,seibro,2026-10-03 09:33,
180640,국내주식,360.0,0.27,연,1,360.0,360.0,,4,2026-04-24:360,2026-04-24,seibro,2026-10-03 09:33,
18064K,국내주식,385.0,,연,1,385.0,385.0,,4,2026-04-24:385,2026-04-24,seibro,2026-10-03 09:33,
181480,국내ETF,,3.56,월,12,2804.0,2484.0,2804.0,1|2|3|4|5|6|7|8|9|10|11|12,2025-11-04:260;2025-12-02:220;2026-01-05:220;2026-02-03:250;2026-03-04:268;2026-04-02:220;2026-05-06:210;2026-06-02:210;2026-07-02:280;2026-08-04:245;2026-09-02:214;2026-10-02:207,2026-10-02,seibro+etfcheck,2026-10-03 09:33,
181710,국내주식,500.0,0.87,연,1,500.0,500.0,,4,2026-04-24:500,2026-04-24,seibro,2026-10-03 09:33,
182480,국내ETF,,3.47,월,12,443.0,443.0,443.0,1|2|3|4|5|6|7|8|9|10|11|12,2025-11-04:45;2025-12-02:20;2026-01-05:50;2026-02-03:42;2026-03-04:10;2026-04-02:50;2026-05-06:50;2026-06-02:19;2026-07-02:46;2026-08-04:46;2026-09-02:20;2026-10-02:45,2026-10-02,seibro+etfcheck,2026-10-03 09:33,
182490,국내ETF,,0.34,연,1,46.0,46.0,46.0,12,2025-12-02:46,2025-12-02,seibro+etfcheck,2026-10-03 09:33,
183190,국내주식,200.0,2.46,반기,2,250.0,250.0,,4|11,2025-11-14:50;2026-04-16:200,2026-04-16,seibro,2026-10-03 09:33,
183300,국내주식,1400.0,4.06,연,1,1400.0,1400.0,,4,2026-04-16:1400,2026-04-16,seibro,2026-10-03 09:33,
183700,국내ETF,,0.82,반기,2,800.0,700.0,800.0,6|12,2025-12-11:450;2026-06-11:350,2026-06-11,seibro+etfcheck,2026-10-03 09:33,
183710,국내ETF,,0.74,반기,2,700.0,900.0,700.0,6|12,2025-12-11:250;2026-06-11:450,2026-06-11,seibro+etfcheck,2026-10-03 09:33,
185750,국내주식,500.0,0.77,연,1,500.0,500.0,,4,2026-04-10:500,2026-04-10,seibro,2026-10-03 09:33,
187220,국내주식,100.0,4.8,연,1,100.0,100.0,,4,2026-04-14:100,2026-04-14,seibro,2026-10-03 09:33,
187270,국내주식,50.0,1.66,연,1,50.0,50.0,,4,2026-04-30:50,2026-04-30,seibro,2026-10-03 09:33,
187870,국내주식,650.0,5.02,연,1,650.0,650.0,,4,2026-04-15:650,2026-04-15,seibro,2026-10-03 09:33,
189300,국내주식,200.0,0.27,연,1,200.0,200.0,,4,2026-04-14:200,2026-04-14,seibro,2026-10-03 09:33,
189400,국내ETF,,0.02,연,1,5.0,5.0,5.0,1,2026-01-05:5,2026-01-05,seibro+etfcheck,2026-10-03 09:33,
189690,국내주식,115.0,7.55,연,1,115.0,115.0,,10,2026-10-08:115,2026-10-08,seibro,2026-10-03 09:33,
190510,국내주식,728.0,4.55,연,1,728.0,728.0,,4,2026-04-13:728,2026-04-13,seibro,2026-10-03 09:33,
190620,국내ETF,,2.52,연,1,2580.0,2580.0,2580.0,1,2026-01-05:2580,2026-01-05,seibro+etfcheck,2026-10-03 09:33,
190650,국내주식,550.0,8.46,연,1,550.0,550.0,,7,2026-07-23:550,2026-07-23,seibro,2026-10-03 09:33,
192080,국내주식,1200.0,2.08,연,1,1200.0,1200.0,,4,2026-04-17:1200,2026-04-17,seibro,2026-10-03 09:33,
192090,국내ETF,,2.72,연,1,310.0,310.0,310.0,1,2026-01-05:310,2026-01-05,seibro+etfcheck,2026-10-03 09:33,
192250,국내주식,200.0,2.38,연,1,200.0,200.0,,4,2026-04-09:200,2026-04-09,seibro,2026-10-03 09:33,
192400,국내주식,1550.0,5.75,연,1,1550.0,1550.0,,4,2026-04-15:1550,2026-04-15,seibro,2026-10-03 09:33,
192440,국내주식,500.0,1.69,연,1,500.0,500.0,,4,2026-04-15:500,2026-04-15,seibro,2026-10-03 09:33,
192650,국내주식,226.0,2.4,연,1,226.0,226.0,,4,2026-04-14:226,2026-04-14,seibro,2026-10-03 09:33,
192720,국내ETF,,2.63,분기,3,1493.0,1493.0,1493.0,5|8|11,2025-11-04:112;2026-05-06:1230;2026-08-04:151,2026-08-04,seibro+etfcheck,2026-10-03 09:33,
192820,국내주식,3300.0,1.22,연,1,3300.0,3300.0,,4,2026-04-17:3300,2026-04-17,seibro,2026-10-03 09:33,
19303P,국내주식,30.0,,연,1,30.0,30.0,,4,2026-04-06:30,2026-04-06,seibro,2026-10-03 09:33,
194370,국내주식,350.0,5.45,반기,2,700.0,700.0,,4|7,2026-04-10:350;2026-07-20:350,2026-07-20,seibro,2026-10-03 09:33,
194700,국내주식,400.0,3.84,연,1,400.0,400.0,,4,2026-04-24:400,2026-04-24,seibro,2026-10-03 09:33,
195870,국내주식,900.0,1.37,연,1,900.0,900.0,,4,2026-04-16:900,2026-04-16,seibro,2026-10-03 09:33,
195920,국내ETF,,0.14,연,1,50.0,50.0,50.0,1,2026-01-05:50,2026-01-05,seibro+etfcheck,2026-10-03 09:33,
195930,국내ETF,,0.18,연,1,40.0,40.0,40.0,1,2026-01-05:40,2026-01-05,seibro+etfcheck,2026-10-03 09:33,
195940,국내주식,410.0,1.02,연,1,410.0,410.0,,4,2026-04-24:410,2026-04-24,seibro,2026-10-03 09:33,
195970,국내ETF,,0.03,연,1,5.0,5.0,5.0,1,2026-01-05:5,2026-01-05,seibro+etfcheck,2026-10-03 09:33,
195980,국내ETF,,0.03,연,1,5.0,5.0,5.0,1,2026-01-05:5,2026-01-05,seibro+etfcheck,2026-10-03 09:33,
196030,국내ETF,,0.44,연,1,406.0,406.0,406.0,1,2026-01-05:406,2026-01-05,seibro+etfcheck,2026-10-03 09:33,
196170,국내주식,371.0,0.14,연,1,371.0,371.0,,4,2026-04-15:371,2026-04-15,seibro,2026-10-03 09:33,
19617P,국내주식,371.0,,연,1,371.0,371.0,,4,2026-04-15:371,2026-04-15,seibro,2026-10-03 09:33,
196230,국내ETF,,1.24,연,1,1458.0,1458.0,1458.0,12,2025-12-17:1458,2025-12-17,seibro+etfcheck,2026-10-03 09:33,
199730,국내주식,300.0,45.25,연,1,300.0,300.0,,4,2026-04-17:300,2026-04-17,seibro,2026-10-03 09:33,
199820,국내주식,100.0,1.26,연,1,100.0,100.0,,4,2026-04-24:100,2026-04-24,seibro,2026-10-03 09:33,
200130,국내주식,60.0,0.75,연,1,60.0,60.0,,9,2026-09-14:60,2026-09-14,seibro,2026-10-03 09:33,
200250,국내ETF,,0.01,연,1,2.0,2.0,2.0,1,2026-01-05:2,2026-01-05,seibro+etfcheck,2026-10-03 09:33,
200670,국내주식,200.0,4.53,분기,4,1170.0,800.0,,4|6|9|12,2025-12-11:570;2026-04-22:200;2026-06-15:200;2026-09-16:200,2026-09-16,seibro,2026-10-03 09:33,2025-12-11:370
200780,국내주식,100.0,3.28,연,1,100.0,100.0,,4,2026-04-22:100,2026-04-22,seibro,2026-10-03 09:33,
200880,국내주식,250.0,2.22,연,1,250.0,250.0,,4,2026-04-21:250,2026-04-21,seibro,2026-10-03 09:33,
203450,국내주식,90.0,3.15,연,1,90.0,90.0,,4,2026-04-08:90,2026-04-08,seibro,2026-10-03 09:33,
203780,국내ETF,,0.47,연,1,160.0,160.0,160.0,1,2026-01-05:160,2026-01-05,seibro+etfcheck,2026-10-03 09:33,
204020,국내주식,115.0,6.13,연,1,115.0,115.0,,4,2026-04-10:115,2026-04-10,seibro,2026-10-03 09:33,
204320,국내주식,750.0,1.59,연,1,750.0,750.0,,4,2026-04-24:750,2026-04-24,seibro,2026-10-03 09:33,
204480,국내ETF,,1.06,연,1,220.0,220.0,220.0,1,2026-01-05:220,2026-01-05,seibro+etfcheck,2026-10-03 09:33,
204610,국내주식,40.0,5.87,분기,3,170.0,120.0,,4|6|9,2026-04-17:90;2026-06-17:40;2026-09-18:40,2026-09-18,seibro,2026-10-03 09:33,
205100,국내주식,42.0,2.9,연,1,42.0,42.0,,4,2026-04-10:42,2026-04-10,seibro,2026-10-03 09:33,
205720,국내ETF,,0.07,연,1,1.0,1.0,0.0,1,2026-01-05:1,2026-01-05,seibro+etfcheck,2026-10-03 09:33,
206640,국내주식,150.0,1.54,연,1,150.0,150.0,,4,2026-04-20:150,2026-04-20,seibro,2026-10-03 09:33,
207490,국내주식,30.0,0.47,연,1,30.0,30.0,,4,2026-04-21:30,2026-04-21,seibro,2026-10-03 09:33,
208140,국내주식,200.0,8.91,연,1,200.0,200.0,,4,2026-04-14:200,2026-04-14,seibro,2026-10-03 09:33,
208760,국내주식,135600.0,,연,1,135600.0,135600.0,,4,2026-04-21:135600,2026-04-21,seibro,2026-10-03 09:33,
209640,국내주식,50.0,1.22,연,1,50.0,50.0,,7,2026-07-29:50,2026-07-29,seibro,2026-10-03 09:33,
210540,국내주식,500.0,4.47,연,1,500.0,500.0,,4,2026-04-17:500,2026-04-17,seibro,2026-10-03 09:33,
210780,국내ETF,,4.76,분기,4,1100.0,1100.0,985.0,2|5|8|11,2025-11-04:70;2026-02-03:47;2026-05-06:742;2026-08-04:241,2026-08-04,seibro+etfcheck,2026-10-03 09:33,
211050,국내주식,370.0,3.78,연,1,370.0,370.0,,4,2026-04-17:370,2026-04-17,seibro,2026-10-03 09:33,
211560,국내ETF,,2.64,분기,3,906.0,906.0,887.0,5|8|11,2025-11-04:90;2026-05-06:751;2026-08-04:65,2026-08-04,seibro+etfcheck,2026-10-03 09:33,
211900,국내ETF,,2.7,월,12,737.0,737.0,737.0,1|2|3|4|5|6|7|8|9|10|11|12,2025-11-04:30;2025-12-02:30;2026-01-05:30;2026-02-03:24;2026-03-04:24;2026-04-02:30;2026-05-06:449;2026-06-02:24;2026-07-02:24;2026-08-04:24;2026-09-02:24;2026-10-02:24,2026-10-02,seibro+etfcheck,2026-10-03 09:33,
212560,국내주식,200.0,1.77,연,1,200.0,200.0,,4,2026-04-24:200,2026-04-24,seibro,2026-10-03 09:33,
213500,국내주식,200.0,6.92,반기,2,500.0,400.0,,4|9,2026-04-22:300;2026-09-30:200,2026-09-30,seibro,2026-10-03 09:33,
21350K,국내주식,200.0,,반기,2,550.0,400.0,,4|9,2026-04-22:350;2026-09-30:200,2026-09-30,seibro,2026-10-03 09:33,
213610,국내ETF,,1.0,반기,2,224.0,224.0,224.0,5|8,2026-05-06:221;2026-08-04:3,2026-08-04,seibro+etfcheck,2026-10-03 09:33,
213630,국내ETF,,0.94,연,1,187.0,187.0,187.0,1,2026-01-05:187,2026-01-05,seibro+etfcheck,2026-10-03 09:33,
214150,국내주식,1000.0,3.24,연,1,1000.0,1000.0,,4,2026-04-14:1000,2026-04-14,seibro,2026-10-03 09:33,
214180,국내주식,500.0,3.56,연,1,500.0,500.0,,4,2026-04-09:500,2026-04-09,seibro,2026-10-03 09:33,
214320,국내주식,950.0,5.22,연,1,950.0,950.0,,4,2026-04-15:950,2026-04-15,seibro,2026-10-03 09:33,
214370,국내주식,200.0,0.94,반기,2,400.0,400.0,,4|7,2026-04-24:200;2026-07-28:200,2026-07-28,seibro,2026-10-03 09:33,
214390,국내주식,50.0,0.92,연,1,50.0,50.0,,4,2026-04-09:50,2026-04-09,seibro,2026-10-03 09:33,
214420,국내주식,50.0,0.98,연,1,50.0,50.0,,4,2026-04-28:50,2026-04-28,seibro,2026-10-03 09:33,
214430,국내주식,450.0,0.58,연,1,450.0,450.0,,4,2026-04-15:450,2026-04-15,seibro,2026-10-03 09:33,
214450,국내주식,3700.0,1.21,연,1,3700.0,3700.0,,4,2026-04-16:3700,2026-04-16,seibro,2026-10-03 09:33,
21445Q,국내주식,3700.0,,연,1,3700.0,3700.0,,4,2026-04-16:3700,2026-04-16,seibro,2026-10-03 09:33,
214980,국내ETF,,2.69,월,12,3085.0,3432.0,3085.0,1|2|3|4|5|6|7|8|9|10|11|12,2025-10-17:232;2025-11-18:238;2025-12-17:236;2026-01-19:251;2026-02-20:258;2026-03-17:239;2026-04-17:266;2026-05-19:259;2026-06-17:270;2026-07-20:267;2026-08-19:283;2026-09-17:286,2026-09-17,seibro+etfcheck,2026-10-03 09:33,
215000,국내주식,4000.0,11.17,연,1,4000.0,4000.0,,4,2026-04-09:4000,2026-04-09,seibro,2026-10-03 09:33,
215200,국내주식,1000.0,10.58,반기,2,4000.0,2000.0,,4|7,2026-04-10:3000;2026-07-31:1000,2026-07-31,seibro,2026-10-03 09:33,
215360,국내주식,200.0,3.11,연,1,200.0,200.0,,4,2026-04-20:200,2026-04-20,seibro,2026-10-03 09:33,
215620,국내ETF,,3.19,연,1,510.0,510.0,510.0,5,2026-05-04:510,2026-05-04,seibro+etfcheck,2026-10-03 09:33,
216050,국내주식,298.0,5.97,연,1,298.0,298.0,,4,2026-04-22:298,2026-04-22,seibro,2026-10-03 09:33,
217190,국내주식,50.0,0.6,연,1,50.0,50.0,,4,2026-04-10:50,2026-04-10,seibro,2026-10-03 09:33,
217500,국내주식,30.0,1.85,연,1,30.0,30.0,,4,2026-04-24:30,2026-04-24,seibro,2026-10-03 09:33,
217590,국내주식,50.0,0.27,연,1,50.0,50.0,,4,2026-04-21:50,2026-04-21,seibro,2026-10-03 09:33,
217770,국내ETF,,1.82,연,1,20.0,20.0,0.0,1,2026-01-05:20,2026-01-05,seibro+etfcheck,2026-10-03 09:33,
217780,국내ETF,,3.1,연,1,185.0,185.0,0.0,1,2026-01-05:185,2026-01-05,seibro+etfcheck,2026-10-03 09:33,
218410,국내주식,400.0,0.64,연,1,400.0,400.0,,4,2026-04-10:400,2026-04-10,seibro,2026-10-03 09:33,
219390,국내ETF,,0.01,연,1,1.0,1.0,0.0,1,2026-01-05:1,2026-01-05,seibro+etfcheck,2026-10-03 09:33,
219480,국내ETF,,0.74,연,1,245.0,245.0,245.0,1,2026-01-05:245,2026-01-05,seibro+etfcheck,2026-10-03 09:33,
219900,국내ETF,,1.0,연,1,37.0,37.0,0.0,1,2026-01-05:37,2026-01-05,seibro+etfcheck,2026-10-03 09:33,
220130,국내ETF,,0.03,연,1,2.0,2.0,0.0,1,2026-01-02:2,2026-01-02,seibro+etfcheck,2026-10-03 09:33,
221800,국내주식,100.0,2.64,연,1,100.0,100.0,,4,2026-04-14:100,2026-04-14,seibro,2026-10-03 09:33,
221980,국내주식,500.0,5.05,연,1,500.0,500.0,,4,2026-04-17:500,2026-04-17,seibro,2026-10-03 09:33,
222070,국내주식,120.0,,연,1,120.0,120.0,,4,2026-04-09:120,2026-04-09,seibro,2026-10-03 09:33,
222800,국내주식,100.0,0.06,연,1,100.0,100.0,,4,2026-04-22:100,2026-04-22,seibro,2026-10-03 09:33,
223190,국내ETF,,1.4,반기,2,389.0,389.0,389.0,5|8,2026-05-06:295;2026-08-04:94,2026-08-04,seibro+etfcheck,2026-10-03 09:33,
224110,국내주식,300.0,3.78,연,1,300.0,300.0,,4,2026-04-13:300,2026-04-13,seibro,2026-10-03 09:33,
225030,국내ETF,,2.47,연,1,56.0,56.0,0.0,1,2026-01-05:56,2026-01-05,seibro+etfcheck,2026-10-03 09:33,
225040,국내ETF,,0.76,연,1,510.0,510.0,510.0,1,2026-01-05:510,2026-01-05,seibro+etfcheck,2026-10-03 09:33,
225050,국내ETF,,1.51,연,1,230.0,230.0,230.0,1,2026-01-05:230,2026-01-05,seibro+etfcheck,2026-10-03 09:33,
225060,국내ETF,,0.72,연,1,116.0,116.0,116.0,1,2026-01-05:116,2026-01-05,seibro+etfcheck,2026-10-03 09:33,
225130,국내ETF,,1.15,연,1,504.0,504.0,504.0,1,2026-01-05:504,2026-01-05,seibro+etfcheck,2026-10-03 09:33,
225530,국내주식,50.0,2.34,연,1,50.0,50.0,,4,2026-04-30:50,2026-04-30,seibro,2026-10-03 09:33,
225800,국내ETF,,1.11,연,1,160.0,160.0,160.0,1,2026-01-05:160,2026-01-05,seibro+etfcheck,2026-10-03 09:33,
226320,국내주식,275.0,2.57,연,1,275.0,275.0,,4,2026-04-10:275,2026-04-10,seibro,2026-10-03 09:33,
226380,국내ETF,,1.05,연,1,60.0,60.0,59.0,5,2026-05-06:60,2026-05-06,seibro+etfcheck,2026-10-03 09:33,
226490,국내ETF,,0.86,반기,2,619.0,619.0,619.0,5|8,2026-05-06:468;2026-08-04:151,2026-08-04,seibro+etfcheck,2026-10-03 09:33,
226980,국내ETF,,1.76,반기,2,404.0,222.0,404.0,5|8,2026-05-06:293;2026-08-04:111,2026-08-04,seibro+etfcheck,2026-10-03 09:33,
227540,국내ETF,,0.49,연,1,90.0,90.0,0.0,5,2026-05-06:90,2026-05-06,seibro+etfcheck,2026-10-03 09:33,
227550,국내ETF,,2.16,연,1,270.0,270.0,75.0,5,2026-05-06:270,2026-05-06,seibro+etfcheck,2026-10-03 09:33,
227560,국내ETF,,2.65,분기,3,325.0,325.0,268.0,5|8|11,2025-11-04:45;2026-05-06:250;2026-08-04:30,2026-08-04,seibro+etfcheck,2026-10-03 09:33,
227570,국내ETF,,1.55,연,1,325.0,325.0,325.0,5,2026-05-06:325,2026-05-06,seibro+etfcheck,2026-10-03 09:33,
227830,국내ETF,,0.85,분기,4,615.0,615.0,615.0,2|5|8|11,2025-11-04:65;2026-02-03:120;2026-05-06:360;2026-08-04:70,2026-08-04,seibro+etfcheck,2026-10-03 09:33,
227840,국내주식,500.0,3.93,연,1,500.0,500.0,,4,2026-04-14:500,2026-04-14,seibro,2026-10-03 09:33,
228790,국내ETF,,0.71,반기,2,29.0,40.0,7.0,5|11,2025-11-04:9;2026-05-06:20,2026-05-06,seibro+etfcheck,2026-10-03 09:33,
228800,국내ETF,,1.73,연,1,45.0,45.0,27.0,5,2026-05-06:45,2026-05-06,seibro+etfcheck,2026-10-03 09:33,
228810,국내ETF,,0.17,연,1,5.0,5.0,0.0,5,2026-05-06:5,2026-05-06,seibro+etfcheck,2026-10-03 09:33,
228820,국내ETF,,0.74,분기,3,143.0,143.0,143.0,5|8|11,2025-11-04:23;2026-05-06:90;2026-08-04:30,2026-08-04,seibro+etfcheck,2026-10-03 09:33,
228850,국내주식,300.0,3.5,연,1,300.0,300.0,,4,2026-04-16:300,2026-04-16,seibro,2026-10-03 09:33,
229200,국내ETF,,0.18,연,1,28.0,28.0,27.0,5,2026-05-06:28,2026-05-06,seibro+etfcheck,2026-10-03 09:33,
229640,국내주식,250.0,0.37,연,1,250.0,250.0,,4,2026-04-07:250,2026-04-07,seibro,2026-10-03 09:33,
229720,국내ETF,,0.83,반기,2,318.0,318.0,317.0,5|8,2026-05-06:287;2026-08-04:31,2026-08-04,seibro+etfcheck,2026-10-03 09:33,
232080,국내ETF,,0.26,연,1,40.0,40.0,40.0,5,2026-05-06:40,2026-05-06,seibro+etfcheck,2026-10-03 09:33,
232680,국내주식,200.0,1.82,연,1,200.0,200.0,,4,2026-04-10:200,2026-04-10,seibro,2026-10-03 09:33,
233160,국내ETF,,0.3,연,1,27.0,27.0,27.0,1,2026-01-05:27,2026-01-05,seibro+etfcheck,2026-10-03 09:33,
234080,국내주식,550.0,4.97,연,1,550.0,550.0,,4,2026-04-24:550,2026-04-24,seibro,2026-10-03 09:33,
234300,국내주식,140.0,4.31,연,1,140.0,140.0,,4,2026-04-09:140,2026-04-09,seibro,2026-10-03 09:33,
234310,국내ETF,,0.52,연,1,150.0,150.0,150.0,5,2026-05-06:150,2026-05-06,seibro+etfcheck,2026-10-03 09:33,
234340,국내주식,220.0,0.92,연,1,220.0,220.0,,4,2026-04-09:220,2026-04-09,seibro,2026-10-03 09:33,
234690,국내주식,140.0,1.28,연,1,140.0,140.0,,4,2026-04-15:140,2026-04-15,seibro,2026-10-03 09:33,
236200,국내주식,200.0,0.36,연,1,200.0,200.0,,7,2026-07-23:200,2026-07-23,seibro,2026-10-03 09:33,
236350,국내ETF,,4.85,연,1,1065.0,1065.0,1065.0,1,2026-01-05:1065,2026-01-05,seibro+etfcheck,2026-10-03 09:33,
237350,국내ETF,,0.79,반기,2,702.0,702.0,702.0,5|8,2026-05-06:568;2026-08-04:134,2026-08-04,seibro+etfcheck,2026-10-03 09:33,
237370,국내ETF,,2.99,월,12,464.0,576.0,464.0,1|2|3|4|5|6|7|8|9|10|11|12,2025-10-17:30;2025-11-18:36;2025-12-17:37;2026-01-19:39;2026-02-20:40;2026-03-17:39;2026-04-17:44;2026-05-19:35;2026-06-17:37;2026-07-20:39;2026-08-19:40;2026-09-17:48,2026-09-17,seibro+etfcheck,2026-10-03 09:33,
237440,국내ETF,,0.41,연,1,42.0,42.0,42.0,12,2025-12-02:42,2025-12-02,seibro+etfcheck,2026-10-03 09:33,
237690,국내주식,500.0,0.54,연,1,500.0,500.0,,4,2026-04-20:500,2026-04-20,seibro,2026-10-03 09:33,
237750,국내주식,100.0,2.89,연,1,100.0,100.0,,4,2026-04-21:100,2026-04-21,seibro,2026-10-03 09:33,
237820,국내주식,190.0,7.95,연,1,190.0,190.0,,4,2026-04-17:190,2026-04-17,seibro,2026-10-03 09:33,
237880,국내주식,250.0,2.07,연,1,250.0,250.0,,4,2026-04-23:250,2026-04-23,seibro,2026-10-03 09:33,
238670,국내ETF,,1.47,연,1,200.0,200.0,200.0,5,2026-05-06:200,2026-05-06,seibro+etfcheck,2026-10-03 09:33,
238720,국내ETF,,0.62,연,1,308.0,308.0,308.0,1,2026-01-05:308,2026-01-05,seibro+etfcheck,2026-10-03 09:33,
238930,국내주식,100.0,,연,1,100.0,100.0,,4,2026-04-20:100,2026-04-20,seibro,2026-10-03 09:33,
239660,국내ETF,,1.16,연,1,1413.0,1413.0,1413.0,12,2025-12-17:1413,2025-12-17,seibro+etfcheck,2026-10-03 09:33,
239890,국내주식,200.0,5.48,연,1,200.0,200.0,,4,2026-04-21:200,2026-04-21,seibro,2026-10-03 09:33,
240810,국내주식,200.0,0.14,연,1,200.0,200.0,,4,2026-04-17:200,2026-04-17,seibro,2026-10-03 09:33,
241180,국내ETF,,0.99,연,1,350.0,350.0,350.0,1,2026-01-05:350,2026-01-05,seibro+etfcheck,2026-10-03 09:33,
241390,국내ETF,,2.39,반기,2,380.0,500.0,335.0,6|12,2025-12-11:130;2026-06-11:250,2026-06-11,seibro+etfcheck,2026-10-03 09:33,
241520,국내주식,40.0,0.47,연,1,40.0,40.0,,4,2026-04-10:40,2026-04-10,seibro,2026-10-03 09:33,
241560,국내주식,400.0,3.06,분기,4,1700.0,1600.0,,4|5|8|11,2025-11-28:400;2026-04-24:500;2026-05-29:400;2026-08-24:400,2026-08-24,seibro,2026-10-03 09:33,
241590,국내주식,50.0,1.82,연,1,50.0,50.0,,4,2026-04-03:50,2026-04-03,seibro,2026-10-03 09:33,
241690,국내주식,23.0,1.52,반기,2,40.0,46.0,,4|9,2026-04-28:17;2026-09-10:23,2026-09-10,seibro,2026-10-03 09:33,
241710,국내주식,370.0,0.33,연,1,370.0,370.0,,4,2026-04-24:370,2026-04-24,seibro,2026-10-03 09:33,
241770,국내주식,350.0,0.86,연,1,350.0,350.0,,4,2026-04-10:350,2026-04-10,seibro,2026-10-03 09:33,
241790,국내주식,70.0,1.07,연,1,70.0,70.0,,4,2026-04-23:70,2026-04-23,seibro,2026-10-03 09:33,
243070,국내주식,200.0,6.03,분기,4,1170.0,800.0,,4|6|9|12,2025-12-11:570;2026-04-22:200;2026-06-15:200;2026-09-16:200,2026-09-16,seibro,2026-10-03 09:33,2025-12-11:370
243880,국내ETF,,0.12,연,1,453.0,453.0,453.0,1,2026-01-05:453,2026-01-05,seibro+etfcheck,2026-10-03 09:33,
243890,국내ETF,,0.57,연,1,50.0,50.0,50.0,1,2026-01-05:50,2026-01-05,seibro+etfcheck,2026-10-03 09:33,
244620,국내ETF,,0.66,반기,2,143.0,143.0,142.0,2|5,2026-02-03:14;2026-05-06:129,2026-05-06,seibro+etfcheck,2026-10-03 09:33,
244660,국내ETF,,2.34,반기,2,215.0,158.0,215.0,5|8,2026-05-06:136;2026-08-04:79,2026-08-04,seibro+etfcheck,2026-10-03 09:33,
244670,국내ETF,,2.89,분기,3,333.0,537.0,333.0,2|5|8,2026-02-03:78;2026-05-06:76;2026-08-04:179,2026-08-04,seibro+etfcheck,2026-10-03 09:33,
244880,국내주식,100.0,5.65,연,1,100.0,100.0,,4,2026-04-29:100,2026-04-29,seibro,2026-10-03 09:33,
244920,국내주식,300.0,2.46,연,1,300.0,300.0,,4,2026-04-09:300,2026-04-09,seibro,2026-10-03 09:33,
245340,국내ETF,,1.41,월,12,473.0,612.0,473.0,1|2|3|4|5|6|7|8|9|10|11|12,2025-11-04:22;2025-12-02:36;2026-01-05:55;2026-02-03:22;2026-03-04:40;2026-04-02:59;2026-05-06:25;2026-06-02:47;2026-07-02:58;2026-08-04:23;2026-09-02:35;2026-10-02:51,2026-10-02,seibro+etfcheck,2026-10-03 09:33,
245350,국내ETF,,4.27,분기,4,760.0,760.0,760.0,2|5|8|11,2025-11-04:70;2026-02-03:60;2026-05-06:110;2026-08-04:520,2026-08-04,seibro+etfcheck,2026-10-03 09:33,
245360,국내ETF,,1.95,분기,4,224.0,224.0,224.0,2|5|8|11,2025-11-04:70;2026-02-03:65;2026-05-06:15;2026-08-04:74,2026-08-04,seibro+etfcheck,2026-10-03 09:33,
245710,국내ETF,,0.33,연,1,89.0,89.0,89.0,1,2026-01-05:89,2026-01-05,seibro+etfcheck,2026-10-03 09:33,
246690,국내주식,15.0,0.68,연,1,15.0,15.0,,4,2026-04-21:15,2026-04-21,seibro,2026-10-03 09:33,
247540,국내주식,100.0,0.09,연,1,100.0,100.0,,4,2026-04-22:100,2026-04-22,seibro,2026-10-03 09:33,
248070,국내주식,75.0,0.45,연,1,75.0,75.0,,4,2026-04-27:75,2026-04-27,seibro,2026-10-03 09:33,
24807M,국내주식,497.0,,연,1,497.0,497.0,,4,2026-04-27:497,2026-04-27,seibro,2026-10-03 09:33,
24807N,국내주식,172.0,,연,1,172.0,172.0,,4,2026-04-27:172,2026-04-27,seibro,2026-10-03 09:33,
248170,국내주식,200.0,0.91,연,1,200.0,200.0,,4,2026-04-10:200,2026-04-10,seibro,2026-10-03 09:33,
248270,국내ETF,,0.28,연,1,71.0,71.0,71.0,1,2026-01-05:71,2026-01-05,seibro+etfcheck,2026-10-03 09:33,
249420,국내주식,200.0,1.38,연,1,200.0,200.0,,4,2026-04-24:200,2026-04-24,seibro,2026-10-03 09:33,
250000,국내주식,400.0,7.25,연,1,400.0,400.0,,4,2026-04-27:400,2026-04-27,seibro,2026-10-03 09:33,
250730,국내ETF,,3.79,연,1,355.0,355.0,355.0,1,2026-01-05:355,2026-01-05,seibro+etfcheck,2026-10-03 09:33,
251270,국내주식,876.0,2.49,연,1,876.0,876.0,,4,2026-04-23:876,2026-04-23,seibro,2026-10-03 09:33,
251350,국내ETF,,1.38,분기,4,522.0,716.0,522.0,2|5|8|11,2025-11-04:107;2026-02-03:99;2026-05-06:137;2026-08-04:179,2026-08-04,seibro+etfcheck,2026-10-03 09:33,
251590,국내ETF,,3.56,분기,4,613.0,613.0,613.0,2|5|8|11,2025-11-04:30;2026-02-03:85;2026-05-06:450;2026-08-04:48,2026-08-04,seibro+etfcheck,2026-10-03 09:33,
251600,국내ETF,,3.77,월,12,573.0,600.0,573.0,1|2|3|4|5|6|7|8|9|10|11|12,2025-11-04:45;2025-12-02:45;2026-01-05:45;2026-02-03:48;2026-03-04:48;2026-04-02:48;2026-05-06:48;2026-06-02:48;2026-07-02:48;2026-08-04:50;2026-09-02:50;2026-10-02:50,2026-10-02,seibro+etfcheck,2026-10-03 09:33,
251630,국내주식,100.0,2.67,연,1,100.0,100.0,,4,2026-04-21:100,2026-04-21,seibro,2026-10-03 09:33,
251970,국내주식,450.0,0.74,연,1,450.0,450.0,,4,2026-04-14:450,2026-04-14,seibro,2026-10-03 09:33,
252000,국내ETF,,1.81,분기,3,350.0,350.0,350.0,5|8|11,2025-11-04:35;2026-05-06:255;2026-08-04:60,2026-08-04,seibro+etfcheck,2026-10-03 09:33,
252400,국내ETF,,0.36,연,1,380.0,380.0,380.0,1,2026-01-05:380,2026-01-05,seibro+etfcheck,2026-10-03 09:33,
252500,국내주식,10.0,0.44,연,1,10.0,10.0,,4,2026-04-14:10,2026-04-14,seibro,2026-10-03 09:33,
252650,국내ETF,,1.33,분기,3,246.0,246.0,246.0,2|5|8,2026-02-03:8;2026-05-06:138;2026-08-04:100,2026-08-04,seibro+etfcheck,2026-10-03 09:33,
253150,국내ETF,,0.57,반기,2,1206.0,1206.0,1206.0,1|5,2026-01-05:906;2026-05-06:300,2026-05-06,seibro+etfcheck,2026-10-03 09:33,
253250,국내ETF,,0.33,연,1,346.0,346.0,346.0,1,2026-01-05:346,2026-01-05,seibro+etfcheck,2026-10-03 09:33,
253280,국내ETF,,0.2,연,1,25.0,25.0,23.0,5,2026-05-06:25,2026-05-06,seibro+etfcheck,2026-10-03 09:33,
253290,국내ETF,,0.87,반기,2,100.0,100.0,100.0,6|12,2025-12-11:50;2026-06-11:50,2026-06-11,seibro+etfcheck,2026-10-03 09:33,
253590,국내주식,100.0,0.64,연,1,100.0,100.0,,4,2026-04-22:100,2026-04-22,seibro,2026-10-03 09:33,
256150,국내주식,250.0,4.98,연,1,250.0,250.0,,4,2026-04-10:250,2026-04-10,seibro,2026-10-03 09:33,
256440,국내ETF,,0.91,연,1,42.0,42.0,0.0,1,2026-01-05:42,2026-01-05,seibro+etfcheck,2026-10-03 09:33,
256450,국내ETF,,0.04,연,1,5.0,5.0,5.0,1,2026-01-05:5,2026-01-05,seibro+etfcheck,2026-10-03 09:33,
256630,국내주식,10.0,0.23,연,1,10.0,10.0,,4,2026-04-15:10,2026-04-15,seibro,2026-10-03 09:33,
256840,국내주식,70.0,2.22,연,1,70.0,70.0,,4,2026-04-16:70,2026-04-16,seibro,2026-10-03 09:33,
257720,국내주식,306.0,0.82,연,1,306.0,306.0,,4,2026-04-28:306,2026-04-28,seibro,2026-10-03 09:33,
25772M,국내주식,306.0,,연,1,306.0,306.0,,4,2026-04-28:306,2026-04-28,seibro,2026-10-03 09:33,
259630,국내주식,200.0,1.97,연,1,200.0,200.0,,4,2026-04-21:200,2026-04-21,seibro,2026-10-03 09:33,
259960,국내주식,2240.0,1.12,연,1,2240.0,2240.0,,4,2026-04-22:2240,2026-04-22,seibro,2026-10-03 09:33,
260660,국내주식,75.0,3.28,연,1,75.0,75.0,,4,2026-04-10:75,2026-04-10,seibro,2026-10-03 09:33,
260930,국내주식,110.0,4.69,연,1,110.0,110.0,,4,2026-04-16:110,2026-04-16,seibro,2026-10-03 09:33,
260970,국내주식,1790.0,2.92,연,1,1790.0,1790.0,,4,2026-04-23:1790,2026-04-23,seibro,2026-10-03 09:33,
261060,국내ETF,,0.03,연,1,10.0,10.0,0.0,5,2026-05-06:10,2026-05-06,seibro+etfcheck,2026-10-03 09:33,
261070,국내ETF,,0.87,연,1,100.0,100.0,0.0,5,2026-05-06:100,2026-05-06,seibro+etfcheck,2026-10-03 09:33,
261110,국내ETF,,1.62,연,1,248.0,248.0,248.0,1,2026-01-05:248,2026-01-05,seibro+etfcheck,2026-10-03 09:33,
261120,국내ETF,,1.01,연,1,56.0,56.0,0.0,1,2026-01-05:56,2026-01-05,seibro+etfcheck,2026-10-03 09:33,
261140,국내ETF,,1.74,분기,3,425.0,425.0,425.0,5|8|11,2025-11-04:60;2026-05-06:315;2026-08-04:50,2026-08-04,seibro+etfcheck,2026-10-03 09:33,
261240,국내ETF,,0.97,연,1,135.0,135.0,135.0,1,2026-01-05:135,2026-01-05,seibro+etfcheck,2026-10-03 09:33,
261250,국내ETF,,0.89,연,1,135.0,135.0,135.0,1,2026-01-05:135,2026-01-05,seibro+etfcheck,2026-10-03 09:33,
261920,국내ETF,,1.62,연,1,180.0,180.0,0.0,1,2026-01-05:180,2026-01-05,seibro+etfcheck,2026-10-03 09:33,
262260,국내주식,50.0,1.12,연,1,50.0,50.0,,4,2026-04-27:50,2026-04-27,seibro,2026-10-03 09:33,
262840,국내주식,70.0,2.47,연,1,70.0,70.0,,4,2026-04-17:70,2026-04-17,seibro,2026-10-03 09:33,
263020,국내주식,100.0,3.16,연,1,100.0,100.0,,4,2026-04-17:100,2026-04-17,seibro,2026-10-03 09:33,
263690,국내주식,178.0,3.44,연,1,178.0,178.0,,4,2026-04-15:178,2026-04-15,seibro,2026-10-03 09:33,
263770,국내주식,60.0,3.48,연,1,60.0,60.0,,4,2026-04-15:60,2026-04-15,seibro,2026-10-03 09:33,
263860,국내주식,300.0,1.41,연,1,300.0,300.0,,4,2026-04-15:300,2026-04-15,seibro,2026-10-03 09:33,
263920,국내주식,200.0,6.19,연,1,200.0,200.0,,4,2026-04-22:200,2026-04-22,seibro,2026-10-03 09:33,
264450,국내주식,470.0,4.0,연,1,470.0,470.0,,3,2026-03-31:470,2026-03-31,seibro,2026-10-03 09:33,
264660,국내주식,550.0,3.63,연,1,550.0,550.0,,4,2026-04-24:550,2026-04-24,seibro,2026-10-03 09:33,
264850,국내주식,50.0,0.84,연,1,50.0,50.0,,4,2026-04-24:50,2026-04-24,seibro,2026-10-03 09:33,
264900,국내주식,280.0,3.66,연,1,280.0,280.0,,4,2026-04-24:280,2026-04-24,seibro,2026-10-03 09:33,
26490K,국내주식,282.0,,연,1,282.0,282.0,,4,2026-04-24:282,2026-04-24,seibro,2026-10-03 09:33,
265520,국내주식,340.0,1.65,연,1,340.0,340.0,,4,2026-04-21:340,2026-04-21,seibro,2026-10-03 09:33,
265560,국내주식,130.0,2.05,연,1,130.0,130.0,,4,2026-04-17:130,2026-04-17,seibro,2026-10-03 09:33,
265690,국내ETF,,0.01,연,1,1.0,1.0,0.0,1,2026-01-05:1,2026-01-05,seibro+etfcheck,2026-10-03 09:33,
265740,국내주식,60.0,0.81,연,1,60.0,60.0,,4,2026-04-21:60,2026-04-21,seibro,2026-10-03 09:33,
266160,국내ETF,,1.86,분기,4,625.0,625.0,625.0,2|5|8|11,2025-11-04:55;2026-02-03:90;2026-05-06:400;2026-08-04:80,2026-08-04,seibro+etfcheck,2026-10-03 09:33,
266360,국내ETF,,0.35,연,1,32.0,32.0,32.0,5,2026-05-06:32,2026-05-06,seibro+etfcheck,2026-10-03 09:33,
266370,국내ETF,,0.07,연,1,51.0,51.0,51.0,5,2026-05-06:51,2026-05-06,seibro+etfcheck,2026-10-03 09:33,
266390,국내ETF,,1.22,반기,2,179.0,228.0,179.0,5|8,2026-05-06:65;2026-08-04:114,2026-08-04,seibro+etfcheck,2026-10-03 09:33,
266410,국내ETF,,1.39,반기,2,131.0,102.0,131.0,5|8,2026-05-06:80;2026-08-04:51,2026-08-04,seibro+etfcheck,2026-10-03 09:33,
266550,국내ETF,,2.23,연,1,400.0,400.0,400.0,5,2026-05-06:400,2026-05-06,seibro+etfcheck,2026-10-03 09:33,
267250,국내주식,1300.0,1.95,분기,3,3900.0,3900.0,,4|6|9,2026-04-14:1300;2026-06-16:1300;2026-09-04:1300,2026-09-04,seibro,2026-10-03 09:33,
267260,국내주식,1300.0,1.15,분기,3,7800.0,7800.0,,4|5|8,2026-04-08:5200;2026-05-27:1300;2026-08-27:1300,2026-08-27,seibro,2026-10-03 09:33,
267270,국내주식,550.0,0.47,연,1,550.0,550.0,,4,2026-04-24:550,2026-04-24,seibro,2026-10-03 09:33,
267290,국내주식,875.0,4.12,연,1,875.0,875.0,,4,2026-04-23:875,2026-04-23,seibro,2026-10-03 09:33,
267440,국내ETF,,2.6,연,1,199.0,199.0,0.0,1,2026-01-05:199,2026-01-05,seibro+etfcheck,2026-10-03 09:33,
267450,국내ETF,,1.49,연,1,174.0,174.0,174.0,1,2026-01-05:174,2026-01-05,seibro+etfcheck,2026-10-03 09:33,
267490,국내ETF,,2.12,연,1,94.0,94.0,0.0,1,2026-01-05:94,2026-01-05,seibro+etfcheck,2026-10-03 09:33,
267770,국내ETF,,0.33,연,1,295.0,295.0,295.0,1,2026-01-05:295,2026-01-05,seibro+etfcheck,2026-10-03 09:33,
267790,국내주식,75.0,2.33,연,1,75.0,75.0,,4,2026-04-16:75,2026-04-16,seibro,2026-10-03 09:33,
26779L,국내주식,112.0,,연,1,112.0,112.0,,4,2026-04-16:112,2026-04-16,seibro,2026-10-03 09:33,
267850,국내주식,500.0,5.41,연,1,500.0,500.0,,4,2026-04-09:500,2026-04-09,seibro,2026-10-03 09:33,
267980,국내주식,1300.0,3.83,연,1,1300.0,1300.0,,4,2026-04-21:1300,2026-04-21,seibro,2026-10-03 09:33,
268280,국내주식,1200.0,2.63,반기,2,3400.0,2400.0,,4|7,2026-04-02:2200;2026-07-24:1200,2026-07-24,seibro,2026-10-03 09:33,
269200,국내주식,260.0,,연,1,260.0,260.0,,4,2026-04-17:260,2026-04-17,seibro,2026-10-03 09:33,
269370,국내ETF,,3.66,분기,4,571.0,422.0,571.0,2|5|8|11,2025-11-04:100;2026-02-03:120;2026-05-06:101;2026-08-04:250,2026-08-04,seibro+etfcheck,2026-10-03 09:33,2026-08-04:149
269420,국내ETF,,0.18,연,1,37.0,37.0,37.0,1,2026-01-05:37,2026-01-05,seibro+etfcheck,2026-10-03 09:33,
269530,국내ETF,,3.55,분기,4,645.0,535.0,645.0,2|5|8|11,2025-11-04:160;2026-02-03:100;2026-05-06:125;2026-08-04:260,2026-08-04,seibro+etfcheck,2026-10-03 09:33,2026-08-04:110
269540,국내ETF,,0.23,연,1,70.0,70.0,70.0,5,2026-05-06:70,2026-05-06,seibro+etfcheck,2026-10-03 09:33,
270800,국내ETF,,1.99,분기,4,325.0,325.0,325.0,2|5|8|11,2025-11-04:20;2026-02-03:70;2026-05-06:200;2026-08-04:35,2026-08-04,seibro+etfcheck,2026-10-03 09:33,
270810,국내ETF,,0.07,연,1,10.0,10.0,10.0,5,2026-05-06:10,2026-05-06,seibro+etfcheck,2026-10-03 09:33,
270870,국내주식,450.0,12.3,연,1,450.0,450.0,,5,2026-05-15:450,2026-05-15,seibro,2026-10-03 09:33,
271560,국내주식,1750.0,4.97,반기,2,5250.0,3500.0,,4|8,2026-04-17:3500;2026-08-06:1750,2026-08-06,seibro,2026-10-03 09:33,
272210,국내주식,500.0,0.61,연,1,500.0,500.0,,4,2026-04-10:500,2026-04-10,seibro,2026-10-03 09:33,
272290,국내주식,350.0,1.54,연,1,350.0,350.0,,4,2026-04-23:350,2026-04-23,seibro,2026-10-03 09:33,
272550,국내주식,500.0,5.1,연,1,500.0,500.0,,4,2026-04-07:500,2026-04-07,seibro,2026-10-03 09:33,
272560,국내ETF,,1.28,연,1,1476.0,1476.0,1476.0,12,2025-12-17:1476,2025-12-17,seibro+etfcheck,2026-10-03 09:33,
272570,국내ETF,,1.28,연,1,1381.0,1381.0,1381.0,12,2025-12-17:1381,2025-12-17,seibro+etfcheck,2026-10-03 09:33,
272580,국내ETF,,0.76,연,1,437.0,437.0,437.0,12,2025-12-02:437,2025-12-02,seibro+etfcheck,2026-10-03 09:33,
272910,국내ETF,,1.13,연,1,1202.0,1202.0,1202.0,12,2025-12-02:1202,2025-12-02,seibro+etfcheck,2026-10-03 09:33,
273130,국내ETF,,1.56,연,1,1727.0,1727.0,1727.0,12,2025-12-17:1727,2025-12-17,seibro+etfcheck,2026-10-03 09:33,
273140,국내ETF,,2.55,월,12,2926.0,3216.0,2926.0,1|2|3|4|5|6|7|8|9|10|11|12,2025-10-17:228;2025-11-18:233;2025-12-17:232;2026-01-19:246;2026-02-20:238;2026-03-17:228;2026-04-17:251;2026-05-19:241;2026-06-17:248;2026-07-20:251;2026-08-19:262;2026-09-17:268,2026-09-17,seibro+etfcheck,2026-10-03 09:33,
273640,국내주식,100.0,1.71,연,1,100.0,100.0,,4,2026-04-27:100,2026-04-27,seibro,2026-10-03 09:33,
275280,국내ETF,,0.44,반기,2,195.0,195.0,195.0,5|8,2026-05-06:156;2026-08-04:39,2026-08-04,seibro+etfcheck,2026-10-03 09:33,
275290,국내ETF,,0.86,반기,2,305.0,176.0,305.0,5|8,2026-05-06:217;2026-08-04:88,2026-08-04,seibro+etfcheck,2026-10-03 09:33,
275300,국내ETF,,0.41,반기,2,126.0,126.0,126.0,5|8,2026-05-06:106;2026-08-04:20,2026-08-04,seibro+etfcheck,2026-10-03 09:33,
275980,국내ETF,,0.57,연,1,137.0,137.0,137.0,1,2026-01-05:137,2026-01-05,seibro+etfcheck,2026-10-03 09:33,
276000,국내ETF,,0.11,연,1,23.0,23.0,23.0,1,2026-01-05:23,2026-01-05,seibro+etfcheck,2026-10-03 09:33,
276650,국내ETF,,1.32,연,1,644.0,644.0,644.0,1,2026-01-05:644,2026-01-05,seibro+etfcheck,2026-10-03 09:33,
276970,국내ETF,,6.18,분기,4,463.0,460.0,0.0,3|6|9|12,2025-12-29:117;2026-03-27:117;2026-06-26:114;2026-09-29:115,2026-09-29,seibro+etfcheck,2026-10-03 09:33,
277070,국내주식,250.0,7.28,연,1,250.0,250.0,,4,2026-04-14:250,2026-04-14,seibro,2026-10-03 09:33,
277410,국내주식,20.0,0.36,연,1,20.0,20.0,,4,2026-04-10:20,2026-04-10,seibro,2026-10-03 09:33,
277540,국내ETF,,2.07,연,1,666.0,666.0,666.0,1,2026-01-05:666,2026-01-05,seibro+etfcheck,2026-10-03 09:33,
277630,국내ETF,,0.73,분기,4,535.0,535.0,535.0,2|5|8|11,2025-11-04:95;2026-02-03:50;2026-05-06:330;2026-08-04:60,2026-08-04,seibro+etfcheck,2026-10-03 09:33,
277640,국내ETF,,0.6,분기,3,230.0,230.0,230.0,5|8|11,2025-11-04:30;2026-05-06:150;2026-08-04:50,2026-08-04,seibro+etfcheck,2026-10-03 09:33,
277650,국내ETF,,1.01,연,1,215.0,215.0,215.0,5,2026-05-06:215,2026-05-06,seibro+etfcheck,2026-10-03 09:33,
27788N,국내주식,505.0,,연,1,505.0,505.0,,4,2026-04-16:505,2026-04-16,seibro,2026-10-03 09:33,
278240,국내ETF,,0.66,연,1,60.0,60.0,60.0,1,2026-01-05:60,2026-01-05,seibro+etfcheck,2026-10-03 09:33,
278470,국내주식,2500.0,1.09,반기,2,4000.0,5000.0,,4|8,2026-04-30:1500;2026-08-31:2500,2026-08-31,seibro,2026-10-03 09:33,
278620,국내ETF,,1.34,연,1,1595.0,1595.0,1595.0,12,2025-12-17:1595,2025-12-17,seibro+etfcheck,2026-10-03 09:33,
279530,국내ETF,,4.36,월,12,754.0,912.0,754.0,1|2|3|4|5|6|7|8|9|10|11|12,2025-11-04:53;2025-12-02:50;2026-01-05:50;2026-02-03:45;2026-03-04:47;2026-04-02:65;2026-05-06:70;2026-06-02:70;2026-07-02:76;2026-08-04:76;2026-09-02:76;2026-10-02:76,2026-10-02,seibro+etfcheck,2026-10-03 09:33,
279540,국내ETF,,1.3,반기,2,283.0,142.0,266.0,5|8,2026-05-06:212;2026-08-04:71,2026-08-04,seibro+etfcheck,2026-10-03 09:33,
280320,국내ETF,,1.34,연,1,289.0,289.0,289.0,1,2026-01-05:289,2026-01-05,seibro+etfcheck,2026-10-03 09:33,
280360,국내주식,3300.0,2.75,연,1,3300.0,3300.0,,4,2026-04-20:3300,2026-04-20,seibro,2026-10-03 09:33,
280920,국내ETF,,0.65,연,1,150.0,150.0,150.0,5,2026-05-06:150,2026-05-06,seibro+etfcheck,2026-10-03 09:33,
280930,국내ETF,,0.25,연,1,40.0,40.0,40.0,1,2026-01-05:40,2026-01-05,seibro+etfcheck,2026-10-03 09:33,
281570,국내주식,1500.0,,연,1,1500.0,1500.0,,4,2026-04-10:1500,2026-04-10,seibro,2026-10-03 09:33,
281740,국내주식,30.0,0.24,연,1,30.0,30.0,,4,2026-04-21:30,2026-04-21,seibro,2026-10-03 09:33,
281820,국내주식,450.0,0.49,연,1,450.0,450.0,,4,2026-04-13:450,2026-04-13,seibro,2026-10-03 09:33,
281990,국내ETF,,2.7,분기,4,482.0,482.0,482.0,2|5|8|11,2025-11-04:100;2026-02-03:80;2026-05-06:270;2026-08-04:32,2026-08-04,seibro+etfcheck,2026-10-03 09:33,
282000,국내ETF,,1.29,연,1,1479.0,1479.0,1479.0,12,2025-12-17:1479,2025-12-17,seibro+etfcheck,2026-10-03 09:33,
282330,국내주식,4100.0,3.2,연,1,4100.0,4100.0,,4,2026-04-10:4100,2026-04-10,seibro,2026-10-03 09:33,
282880,국내주식,200.0,1.77,연,1,200.0,200.0,,4,2026-04-17:200,2026-04-17,seibro,2026-10-03 09:33,
283580,국내ETF,,2.48,분기,4,347.0,504.0,347.0,2|5|8|11,2025-11-04:120;2026-02-03:59;2026-05-06:42;2026-08-04:126,2026-08-04,seibro+etfcheck,2026-10-03 09:33,
284430,국내ETF,,1.69,월,12,350.0,312.0,350.0,1|2|3|4|5|6|7|8|9|10|11|12,2025-10-17:27;2025-11-18:31;2025-12-17:39;2026-01-19:23;2026-02-20:26;2026-03-17:20;2026-04-17:20;2026-05-19:32;2026-06-17:54;2026-07-20:25;2026-08-19:27;2026-09-17:26,2026-09-17,seibro+etfcheck,2026-10-03 09:33,
284740,국내주식,1200.0,4.84,연,1,1200.0,1200.0,,4,2026-04-15:1200,2026-04-15,seibro,2026-10-03 09:33,
284980,국내ETF,,3.14,분기,4,690.0,690.0,690.0,2|5|8|11,2025-11-04:70;2026-02-03:130;2026-05-06:380;2026-08-04:110,2026-08-04,seibro+etfcheck,2026-10-03 09:33,
285130,국내주식,400.0,2.22,반기,2,1150.0,800.0,,4|8,2026-04-23:750;2026-08-21:400,2026-08-21,seibro,2026-10-03 09:33,
28513K,국내주식,400.0,,반기,2,1200.0,800.0,,4|8,2026-04-23:800;2026-08-21:400,2026-08-21,seibro,2026-10-03 09:33,
285490,국내주식,2871.0,22.61,연,1,2871.0,2871.0,,4,2026-04-24:2871,2026-04-24,seibro,2026-10-03 09:33,
286940,국내주식,700.0,4.04,연,1,700.0,700.0,,4,2026-04-17:700,2026-04-17,seibro,2026-10-03 09:33,
287180,국내ETF,,0.35,연,1,200.0,200.0,200.0,5,2026-05-06:200,2026-05-06,seibro+etfcheck,2026-10-03 09:33,
287620,국내주식,1000.0,,연,1,1000.0,1000.0,,4,2026-04-23:1000,2026-04-23,seibro,2026-10-03 09:33,
289040,국내ETF,,0.59,반기,2,204.0,204.0,204.0,5|8,2026-05-06:168;2026-08-04:36,2026-08-04,seibro+etfcheck,2026-10-03 09:33,
289080,국내주식,20.0,0.72,연,1,20.0,20.0,,7,2026-07-16:20,2026-07-16,seibro,2026-10-03 09:33,
289250,국내ETF,,0.4,분기,3,142.0,142.0,142.0,5|8|11,2025-11-04:32;2026-05-06:90;2026-08-04:20,2026-08-04,seibro+etfcheck,2026-10-03 09:33,
289260,국내ETF,,0.22,반기,2,65.0,90.0,65.0,5|11,2025-11-04:20;2026-05-06:45,2026-05-06,seibro+etfcheck,2026-10-03 09:33,
289480,국내ETF,,6.88,월,12,922.0,1128.0,92.0,1|2|3|4|5|6|7|8|9|10|11|12,2025-11-04:70;2025-12-02:62;2026-01-05:67;2026-02-03:70;2026-03-04:71;2026-04-02:73;2026-05-06:80;2026-06-02:82;2026-07-02:87;2026-08-04:78;2026-09-02:88;2026-10-02:94,2026-10-02,seibro+etfcheck,2026-10-03 09:33,
289670,국내ETF,,0.93,연,1,487.0,487.0,487.0,12,2025-12-17:487,2025-12-17,seibro+etfcheck,2026-10-03 09:33,
290080,국내ETF,,10.84,월,12,785.0,696.0,283.0,1|2|3|4|5|6|7|8|9|10|11|12,2025-11-04:62;2025-12-02:65;2026-01-05:79;2026-02-03:75;2026-03-04:60;2026-04-02:60;2026-05-06:69;2026-06-02:50;2026-07-02:47;2026-08-04:100;2026-09-02:60;2026-10-02:58,2026-10-02,seibro+etfcheck,2026-10-03 09:33,
290120,국내주식,100.0,4.63,연,1,100.0,100.0,,4,2026-04-24:100,2026-04-24,seibro,2026-10-03 09:33,
290130,국내ETF,,0.35,연,1,170.0,170.0,170.0,5,2026-05-06:170,2026-05-06,seibro+etfcheck,2026-10-03 09:33,
290270,국내주식,50.0,1.76,연,1,50.0,50.0,,4,2026-04-10:50,2026-04-10,seibro,2026-10-03 09:33,
290650,국내주식,50.0,0.09,연,1,50.0,50.0,,4,2026-04-15:50,2026-04-15,seibro,2026-10-03 09:33,
290740,국내주식,100.0,0.89,연,1,100.0,100.0,,4,2026-04-13:100,2026-04-13,seibro,2026-10-03 09:33,
291130,국내ETF,,1.53,연,1,246.0,246.0,246.0,1,2026-01-05:246,2026-01-05,seibro+etfcheck,2026-10-03 09:33,
291380,국내주식,14706.0,,연,1,14706.0,14706.0,,4,2026-04-30:14706,2026-04-30,seibro,2026-10-03 09:33,
291680,국내ETF,,1.75,연,1,143.0,143.0,0.0,1,2026-01-05:143,2026-01-05,seibro+etfcheck,2026-10-03 09:33,
291890,국내ETF,,0.5,연,1,62.0,62.0,62.0,1,2026-01-05:62,2026-01-05,seibro+etfcheck,2026-10-03 09:33,
292050,국내ETF,,0.84,반기,2,430.0,430.0,430.0,5|11,2025-11-04:50;2026-05-06:380,2026-05-06,seibro+etfcheck,2026-10-03 09:33,
292150,국내ETF,,0.83,분기,4,322.0,340.0,322.0,2|5|8|11,2025-11-04:55;2026-02-03:52;2026-05-06:130;2026-08-04:85,2026-08-04,seibro+etfcheck,2026-10-03 09:33,
292160,국내ETF,,0.91,분기,4,450.0,450.0,450.0,2|5|8|11,2025-11-04:65;2026-02-03:48;2026-05-06:277;2026-08-04:60,2026-08-04,seibro+etfcheck,2026-10-03 09:33,
292190,국내ETF,,0.88,반기,2,432.0,432.0,432.0,5|8,2026-05-06:339;2026-08-04:93,2026-08-04,seibro+etfcheck,2026-10-03 09:33,
292500,국내ETF,,0.68,분기,4,343.0,343.0,343.0,2|5|8|11,2025-11-03:28;2026-02-02:75;2026-05-04:200;2026-08-03:40,2026-08-03,seibro+etfcheck,2026-10-03 09:33,
292560,국내ETF,,2.15,연,1,170.0,170.0,0.0,1,2026-01-05:170,2026-01-05,seibro+etfcheck,2026-10-03 09:33,
292770,국내ETF,,1.08,연,1,625.0,625.0,625.0,1,2026-01-05:625,2026-01-05,seibro+etfcheck,2026-10-03 09:33,
293180,국내ETF,,0.79,분기,4,890.0,890.0,890.0,2|5|8|11,2025-11-04:110;2026-02-03:100;2026-05-06:500;2026-08-04:180,2026-08-04,seibro+etfcheck,2026-10-03 09:33,
293480,국내주식,260.0,3.11,연,1,260.0,260.0,,4,2026-04-29:260,2026-04-29,seibro,2026-10-03 09:33,
293580,국내주식,22.0,1.72,연,1,22.0,22.0,,4,2026-04-08:22,2026-04-08,seibro,2026-10-03 09:33,
293940,국내주식,182.0,6.5,반기,2,361.0,364.0,,6|12,2025-12-30:179;2026-06-29:182,2026-06-29,seibro,2026-10-03 09:33,
29394K,국내주식,411.0,,반기,2,824.0,822.0,,6|12,2025-12-30:413;2026-06-29:411,2026-06-29,seibro,2026-10-03 09:33,
294570,국내주식,300.0,1.09,연,1,300.0,300.0,,4,2026-04-20:300,2026-04-20,seibro,2026-10-03 09:33,
294870,국내주식,700.0,3.13,연,1,700.0,700.0,,4,2026-04-23:700,2026-04-23,seibro,2026-10-03 09:33,
295000,국내ETF,,0.67,연,1,347.0,347.0,347.0,12,2025-12-17:347,2025-12-17,seibro+etfcheck,2026-10-03 09:33,
295020,국내ETF,,1.15,연,1,698.0,698.0,698.0,12,2025-12-17:698,2025-12-17,seibro+etfcheck,2026-10-03 09:33,
296490,국내주식,100.0,,연,1,100.0,100.0,,4,2026-04-24:100,2026-04-24,seibro,2026-10-03 09:33,
296640,국내주식,350.0,9.36,반기,2,570.0,700.0,,4|10,2026-04-15:220;2026-10-15:350,2026-10-15,seibro,2026-10-03 09:33,
297890,국내주식,30.0,1.8,연,1,30.0,30.0,,4,2026-04-24:30,2026-04-24,seibro,2026-10-03 09:33,
298020,국내주식,10100.0,3.68,연,1,10100.0,10100.0,,4,2026-04-02:10100,2026-04-02,seibro,2026-10-03 09:33,
298040,국내주식,7500.0,0.27,연,1,7500.0,7500.0,,4,2026-04-02:7500,2026-04-02,seibro,2026-10-03 09:33,
298050,국내주식,2500.0,1.53,연,1,2500.0,2500.0,,4,2026-04-02:2500,2026-04-02,seibro,2026-10-03 09:33,
298210,국내주식,60.0,,연,1,60.0,60.0,,4,2026-04-13:60,2026-04-13,seibro,2026-10-03 09:33,
298340,국내ETF,,1.06,연,1,602.0,602.0,602.0,12,2025-12-17:602,2025-12-17,seibro+etfcheck,2026-10-03 09:33,
298540,국내주식,500.0,7.37,연,1,500.0,500.0,,4,2026-04-06:500,2026-04-06,seibro,2026-10-03 09:33,
298770,국내ETF,,0.61,분기,4,516.0,516.0,516.0,2|5|8|11,2025-11-04:240;2026-02-03:65;2026-05-06:102;2026-08-04:109,2026-08-04,seibro+etfcheck,2026-10-03 09:33,
300610,국내ETF,,1.0,연,1,55.0,55.0,1.0,5,2026-05-06:55,2026-05-06,seibro+etfcheck,2026-10-03 09:33,
300640,국내ETF,,0.48,연,1,31.0,31.0,31.0,5,2026-05-06:31,2026-05-06,seibro+etfcheck,2026-10-03 09:33,
300720,국내주식,1000.0,6.21,연,1,1000.0,1000.0,,4,2026-04-08:1000,2026-04-08,seibro,2026-10-03 09:33,
300950,국내ETF,,0.07,연,1,4.0,4.0,4.0,5,2026-05-06:4,2026-05-06,seibro+etfcheck,2026-10-03 09:33,
301400,국내ETF,,0.16,연,1,25.0,25.0,0.0,5,2026-05-06:25,2026-05-06,seibro+etfcheck,2026-10-03 09:33,
302190,국내ETF,,1.03,연,1,515.0,515.0,515.0,12,2025-12-02:515,2025-12-02,seibro+etfcheck,2026-10-03 09:33,
302450,국내ETF,,1.41,분기,4,1028.0,448.0,1028.0,2|5|8|11,2025-11-04:170;2026-02-03:100;2026-05-06:700;2026-08-04:58,2026-08-04,seibro+etfcheck,2026-10-03 09:33,2026-05-06:580
304670,국내ETF,,0.92,연,1,120.0,120.0,120.0,1,2026-01-05:120,2026-01-05,seibro+etfcheck,2026-10-03 09:33,
304760,국내ETF,,0.79,분기,4,385.0,385.0,385.0,2|5|8|11,2025-11-04:40;2026-02-03:35;2026-05-06:250;2026-08-04:60,2026-08-04,seibro+etfcheck,2026-10-03 09:33,
304770,국내ETF,,0.07,연,1,10.0,10.0,10.0,5,2026-05-06:10,2026-05-06,seibro+etfcheck,2026-10-03 09:33,
304940,국내ETF,,0.68,연,1,228.0,228.0,228.0,1,2026-01-05:228,2026-01-05,seibro+etfcheck,2026-10-03 09:33,
305050,국내ETF,,1.29,연,1,940.0,940.0,940.0,5,2026-05-06:940,2026-05-06,seibro+etfcheck,2026-10-03 09:33,
305080,국내ETF,,0.56,연,1,65.0,65.0,65.0,12,2025-12-02:65,2025-12-02,seibro+etfcheck,2026-10-03 09:33,
305540,국내ETF,,0.29,연,1,55.0,55.0,0.0,5,2026-05-06:55,2026-05-06,seibro+etfcheck,2026-10-03 09:33,
305720,국내ETF,,0.12,연,1,18.0,18.0,18.0,5,2026-05-06:18,2026-05-06,seibro+etfcheck,2026-10-03 09:33,
306200,국내주식,5500.0,3.58,연,1,5500.0,5500.0,,4,2026-04-17:5500,2026-04-17,seibro,2026-10-03 09:33,
307280,국내주식,140.0,2.35,연,1,140.0,140.0,,4,2026-04-17:140,2026-04-17,seibro,2026-10-03 09:33,
307510,국내ETF,,1.23,연,1,156.0,156.0,0.0,8,2026-08-04:156,2026-08-04,seibro+etfcheck,2026-10-03 09:33,
307520,국내ETF,,1.35,분기,3,292.0,292.0,244.0,5|8|11,2025-11-04:45;2026-05-06:183;2026-08-04:64,2026-08-04,seibro+etfcheck,2026-10-03 09:33,
307930,국내주식,160.0,2.48,연,1,160.0,160.0,,4,2026-04-15:160,2026-04-15,seibro,2026-10-03 09:33,
307950,국내주식,1900.0,0.5,연,1,1900.0,1900.0,,4,2026-04-24:1900,2026-04-24,seibro,2026-10-03 09:33,
308620,국내ETF,,1.46,연,1,160.0,160.0,160.0,1,2026-01-05:160,2026-01-05,seibro+etfcheck,2026-10-03 09:33,
308940,국내주식,2500.0,,연,1,2500.0,2500.0,,4,2026-04-15:2500,2026-04-15,seibro,2026-10-03 09:33,
309230,국내ETF,,1.24,분기,4,358.0,392.0,358.0,2|5|8|11,2025-11-04:70;2026-02-03:100;2026-05-06:90;2026-08-04:98,2026-08-04,seibro+etfcheck,2026-10-03 09:33,
309960,국내주식,200.0,4.63,연,1,200.0,200.0,,4,2026-04-09:200,2026-04-09,seibro,2026-10-03 09:33,
310080,국내ETF,,2.34,연,1,205.0,205.0,205.0,1,2026-01-05:205,2026-01-05,seibro+etfcheck,2026-10-03 09:33,
310870,국내주식,20.0,1.34,연,1,20.0,20.0,,4,2026-04-10:20,2026-04-10,seibro,2026-10-03 09:33,
311320,국내주식,10.0,0.79,반기,2,70.0,70.0,,4|7,2026-04-10:60;2026-07-21:10,2026-07-21,seibro,2026-10-03 09:33,
311390,국내주식,50.0,2.0,연,1,50.0,50.0,,4,2026-04-24:50,2026-04-24,seibro,2026-10-03 09:33,
314140,국내주식,50.0,0.85,연,1,50.0,50.0,,4,2026-04-20:50,2026-04-20,seibro,2026-10-03 09:33,
314240,국내주식,66448.3659705883,,연,1,66448.366,66448.366,,4,2026-04-10:66448.4,2026-04-10,seibro,2026-10-03 09:33,
314250,국내ETF,,0.44,분기,4,285.0,285.0,285.0,2|5|8|11,2025-11-04:31;2026-02-03:113;2026-05-06:67;2026-08-04:74,2026-08-04,seibro+etfcheck,2026-10-03 09:33,
314700,국내ETF,,1.42,분기,3,150.0,150.0,150.0,5|8|11,2025-11-04:5;2026-05-06:130;2026-08-04:15,2026-08-04,seibro+etfcheck,2026-10-03 09:33,
315270,국내ETF,,1.65,분기,3,310.0,270.0,284.0,5|8|11,2025-11-04:70;2026-05-06:150;2026-08-04:90,2026-08-04,seibro+etfcheck,2026-10-03 09:33,
316140,국내주식,220.0,4.15,분기,4,1400.0,1400.0,,4|5|8|11,2025-11-28:200;2026-04-08:760;2026-05-29:220;2026-08-31:220,2026-08-31,seibro,2026-10-03 09:33,
316300,국내ETF,,6.34,월,12,755.0,588.0,755.0,1|2|3|4|5|6|7|8|9|10|11|12,2025-11-04:65;2025-12-02:69;2026-01-05:69;2026-02-03:57;2026-03-04:69;2026-04-02:61;2026-05-06:64;2026-06-02:67;2026-07-02:68;2026-08-04:65;2026-09-02:52;2026-10-02:49,2026-10-02,seibro+etfcheck,2026-10-03 09:33,
316670,국내ETF,,0.2,연,1,15.0,15.0,15.0,5,2026-05-06:15,2026-05-06,seibro+etfcheck,2026-10-03 09:33,
317400,국내주식,150.0,1.5,연,1,150.0,150.0,,4,2026-04-10:150,2026-04-10,seibro,2026-10-03 09:33,
31740K,국내주식,150.0,,연,1,150.0,150.0,,4,2026-04-10:150,2026-04-10,seibro,2026-10-03 09:33,
317450,국내주식,500.0,4.58,반기,2,2000.0,1000.0,,4|9,2026-04-08:1500;2026-09-18:500,2026-09-18,seibro,2026-10-03 09:33,
317850,국내주식,60.0,0.96,연,1,60.0,60.0,,4,2026-04-13:60,2026-04-13,seibro,2026-10-03 09:33,
318000,국내주식,60.0,2.17,연,1,60.0,60.0,,4,2026-04-10:60,2026-04-10,seibro,2026-10-03 09:33,
318010,국내주식,200.0,5.7,연,1,200.0,200.0,,4,2026-04-20:200,2026-04-20,seibro,2026-10-03 09:33,
318020,국내주식,100.0,3.82,연,1,100.0,100.0,,4,2026-04-30:100,2026-04-30,seibro,2026-10-03 09:33,
318410,국내주식,400.0,6.2,연,1,400.0,400.0,,4,2026-04-24:400,2026-04-24,seibro,2026-10-03 09:33,
319400,국내주식,50.0,0.24,연,1,50.0,50.0,,4,2026-04-10:50,2026-04-10,seibro,2026-10-03 09:33,
319640,국내ETF,,1.11,연,1,272.0,272.0,272.0,1,2026-01-05:272,2026-01-05,seibro+etfcheck,2026-10-03 09:33,
319660,국내주식,680.0,0.45,연,1,680.0,680.0,,4,2026-04-10:680,2026-04-10,seibro,2026-10-03 09:33,
321260,국내주식,60.0,3.35,연,1,60.0,60.0,,4,2026-04-09:60,2026-04-09,seibro,2026-10-03 09:33,
321410,국내ETF,,3.88,분기,4,402.0,352.0,402.0,2|5|8|11,2025-11-04:85;2026-02-03:169;2026-05-06:60;2026-08-04:88,2026-08-04,seibro+etfcheck,2026-10-03 09:33,
322400,국내ETF,,1.48,연,1,140.0,140.0,140.0,5,2026-05-06:140,2026-05-06,seibro+etfcheck,2026-10-03 09:33,
322410,국내ETF,,3.14,월,12,700.0,840.0,700.0,1|2|3|4|5|6|7|8|9|10|11|12,2025-11-04:50;2025-12-02:50;2026-01-05:50;2026-02-03:50;2026-03-04:50;2026-04-02:50;2026-05-06:60;2026-06-02:60;2026-07-02:70;2026-08-04:70;2026-09-02:70;2026-10-02:70,2026-10-02,seibro+etfcheck,2026-10-03 09:33,
323410,국내주식,460.0,2.33,연,1,460.0,460.0,,4,2026-04-14:460,2026-04-14,seibro,2026-10-03 09:33,
325010,국내ETF,,0.16,반기,2,74.0,74.0,74.0,5|8,2026-05-06:70;2026-08-04:4,2026-08-04,seibro+etfcheck,2026-10-03 09:33,
325020,국내ETF,,2.9,분기,4,840.0,663.0,840.0,2|5|8|11,2025-11-04:158;2026-02-03:191;2026-05-06:335;2026-08-04:156,2026-08-04,seibro+etfcheck,2026-10-03 09:33,2026-05-06:177
326230,국내ETF,,0.74,연,1,80.0,80.0,80.0,5,2026-05-06:80,2026-05-06,seibro+etfcheck,2026-10-03 09:33,
326240,국내ETF,,0.21,연,1,100.0,100.0,100.0,5,2026-05-06:100,2026-05-06,seibro+etfcheck,2026-10-03 09:33,
329180,국내주식,6090.0,2.37,반기,2,10080.0,12180.0,,4|8,2026-04-09:3990;2026-08-31:6090,2026-08-31,seibro,2026-10-03 09:33,
329200,국내ETF,,9.79,월,12,396.0,396.0,396.0,1|2|3|4|5|6|7|8|9|10|11|12,2025-11-04:33;2025-12-02:33;2026-01-05:33;2026-02-03:33;2026-03-04:33;2026-04-02:33;2026-05-06:33;2026-06-02:33;2026-07-02:33;2026-08-04:33;2026-09-02:33;2026-10-02:33,2026-10-02,seibro+etfcheck,2026-10-03 09:33,
329650,국내ETF,,2.6,월,12,363.0,360.0,363.0,1|2|3|4|5|6|7|8|9|10|11|12,2025-10-17:28;2025-11-18:26;2025-12-17:34;2026-01-19:29;2026-02-20:26;2026-03-17:31;2026-04-17:33;2026-05-19:31;2026-06-17:33;2026-07-20:31;2026-08-19:31;2026-09-17:30,2026-09-17,seibro+etfcheck,2026-10-03 09:33,
329660,국내ETF,,2.16,월,12,380.0,384.0,380.0,1|2|3|4|5|6|7|8|9|10|11|12,2025-10-17:31;2025-11-18:31;2025-12-17:33;2026-01-19:27;2026-02-20:27;2026-03-17:28;2026-04-17:30;2026-05-19:33;2026-06-17:38;2026-07-20:37;2026-08-19:33;2026-09-17:32,2026-09-17,seibro+etfcheck,2026-10-03 09:33,
329670,국내ETF,,1.87,월,12,403.0,384.0,403.0,1|2|3|4|5|6|7|8|9|10|11|12,2025-10-17:35;2025-11-18:35;2025-12-17:35;2026-01-19:32;2026-02-20:32;2026-03-17:31;2026-04-17:33;2026-05-19:34;2026-06-17:37;2026-07-20:35;2026-08-19:32;2026-09-17:32,2026-09-17,seibro+etfcheck,2026-10-03 09:33,
329750,국내ETF,,0.83,연,1,106.0,106.0,106.0,12,2025-12-02:106,2025-12-02,seibro+etfcheck,2026-10-03 09:33,
330590,국내주식,123.0,3.03,연,1,123.0,123.0,,4,2026-04-10:123,2026-04-10,seibro,2026-10-03 09:33,
330730,국내주식,300.0,6.49,연,1,300.0,300.0,,4,2026-04-15:300,2026-04-15,seibro,2026-10-03 09:33,
332370,국내주식,170.0,3.12,연,1,170.0,170.0,,4,2026-04-10:170,2026-04-10,seibro,2026-10-03 09:33,
332610,국내ETF,,3.87,월,12,4737.0,4428.0,4737.0,1|2|3|4|5|6|7|8|9|10|11|12,2025-11-04:395;2025-12-02:404;2026-01-05:406;2026-02-03:402;2026-03-04:397;2026-04-02:382;2026-05-06:392;2026-06-02:398;2026-07-02:414;2026-08-04:400;2026-09-02:378;2026-10-02:369,2026-10-02,seibro+etfcheck,2026-10-03 09:33,
332620,국내ETF,,5.01,월,12,4122.0,3624.0,2799.0,1|2|3|4|5|6|7|8|9|10|11|12,2025-11-04:353;2025-12-02:352;2026-01-05:351;2026-02-03:385;2026-03-04:348;2026-04-02:346;2026-05-06:348;2026-06-02:345;2026-07-02:356;2026-08-04:327;2026-09-02:309;2026-10-02:302,2026-10-02,seibro+etfcheck,2026-10-03 09:33,
333050,국내주식,20.0,1.2,분기,3,70.0,60.0,,4|6|8,2026-04-24:24;2026-06-19:26;2026-08-20:20,2026-08-20,seibro,2026-10-03 09:33,
333450,국내주식,1447.0,,연,1,1447.0,1447.0,,4,2026-04-15:1447,2026-04-15,seibro,2026-10-03 09:33,
33345K,국내주식,1447.0,,연,1,1447.0,1447.0,,4,2026-04-15:1447,2026-04-15,seibro,2026-10-03 09:33,
333620,국내주식,40.0,0.79,연,1,40.0,40.0,,4,2026-04-10:40,2026-04-10,seibro,2026-10-03 09:33,
334690,국내ETF,,0.73,연,1,39.0,39.0,0.0,1,2026-01-05:39,2026-01-05,seibro+etfcheck,2026-10-03 09:33,
334700,국내ETF,,1.63,연,1,59.0,59.0,0.0,1,2026-01-05:59,2026-01-05,seibro+etfcheck,2026-10-03 09:33,
334890,국내주식,160.0726552583,9.07,반기,2,331.9389,320.1453,,6|12,2025-12-24:171.866;2026-06-23:160.073,2026-06-23,seibro,2026-10-03 09:33,
336160,국내ETF,,3.1,월,12,3104.0,3252.0,3104.0,1|2|3|4|5|6|7|8|9|10|11|12,2025-11-04:214;2025-12-02:360;2026-01-05:242;2026-02-03:320;2026-03-04:215;2026-04-02:227;2026-05-06:159;2026-06-02:251;2026-07-02:331;2026-08-04:317;2026-09-02:197;2026-10-02:271,2026-10-02,seibro+etfcheck,2026-10-03 09:33,
336370,국내주식,10.0,0.11,연,1,10.0,10.0,,4,2026-04-24:10,2026-04-24,seibro,2026-10-03 09:33,
33637K,국내주식,11.0,,연,1,11.0,11.0,,4,2026-04-24:11,2026-04-24,seibro,2026-10-03 09:33,
33637L,국내주식,10.0,,연,1,10.0,10.0,,4,2026-04-24:10,2026-04-24,seibro,2026-10-03 09:33,
336570,국내주식,50.0,0.99,연,1,50.0,50.0,,4,2026-04-24:50,2026-04-24,seibro,2026-10-03 09:33,
336680,국내주식,25.0,2.52,반기,2,75.0,50.0,,4|11,2025-11-28:50;2026-04-15:25,2026-04-15,seibro,2026-10-03 09:33,
337120,국내ETF,,0.81,반기,2,287.0,166.0,287.0,5|8,2026-05-06:204;2026-08-04:83,2026-08-04,seibro+etfcheck,2026-10-03 09:33,
337140,국내ETF,,0.74,반기,2,275.0,275.0,275.0,5|8,2026-05-06:214;2026-08-04:61,2026-08-04,seibro+etfcheck,2026-10-03 09:33,
337150,국내ETF,,1.2,반기,2,300.0,158.0,300.0,5|8,2026-05-06:221;2026-08-04:79,2026-08-04,seibro+etfcheck,2026-10-03 09:33,
337160,국내ETF,,0.82,분기,3,403.0,403.0,403.0,2|5|8,2026-02-03:23;2026-05-06:300;2026-08-04:80,2026-08-04,seibro+etfcheck,2026-10-03 09:33,
337730,국내주식,11140.0,,연,1,11140.0,11140.0,,5,2026-05-14:11140,2026-05-14,seibro,2026-10-03 09:33,
337930,국내주식,80.0,5.49,반기,2,130.0,160.0,,4|9,2026-04-15:50;2026-09-15:80,2026-09-15,seibro,2026-10-03 09:33,
338100,국내주식,837.0,37.58,반기,2,1462.0,1674.0,,2|8,2026-02-27:625;2026-08-28:837,2026-08-28,seibro,2026-10-03 09:33,
339770,국내주식,60.0,10.58,분기,3,410.0,410.0,,4|6|9,2026-04-28:300;2026-06-12:50;2026-09-10:60,2026-09-10,seibro,2026-10-03 09:33,
339950,국내주식,100.0,16.7,반기,2,400.0,200.0,,4|8,2026-04-09:300;2026-08-28:100,2026-08-28,seibro,2026-10-03 09:33,
340460,국내주식,5964.0,,연,1,5964.0,5964.0,,4,2026-04-22:5964,2026-04-22,seibro,2026-10-03 09:33,
340570,국내주식,1500.0,5.43,연,1,1500.0,1500.0,,4,2026-04-13:1500,2026-04-13,seibro,2026-10-03 09:33,
341850,국내ETF,,6.3,월,12,288.0,288.0,288.0,1|2|3|4|5|6|7|8|9|10|11|12,2025-11-04:24;2025-12-02:24;2026-01-05:24;2026-02-03:24;2026-03-04:24;2026-04-02:24;2026-05-06:24;2026-06-02:24;2026-07-02:24;2026-08-04:24;2026-09-02:24;2026-10-02:24,2026-10-02,seibro+etfcheck,2026-10-03 09:33,
342870,국내주식,140.0,3.92,연,1,140.0,140.0,,5,2026-05-07:140,2026-05-07,seibro,2026-10-03 09:33,
344820,국내주식,600.0,6.64,반기,2,1600.0,1200.0,,4|8,2026-04-27:1000;2026-08-07:600,2026-08-07,seibro,2026-10-03 09:33,
344860,국내주식,90.0,6.87,연,1,90.0,90.0,,4,2026-04-14:90,2026-04-14,seibro,2026-10-03 09:33,
346150,국내주식,1964.0,,연,1,1964.0,1964.0,,4,2026-04-24:1964,2026-04-24,seibro,2026-10-03 09:33,
347740,국내주식,50.0,3.01,연,1,50.0,50.0,,4,2026-04-17:50,2026-04-17,seibro,2026-10-03 09:33,
347890,국내주식,60.0,1.38,연,1,60.0,60.0,,4,2026-04-15:60,2026-04-15,seibro,2026-10-03 09:33,
348210,국내주식,510.0,1.3,연,1,510.0,510.0,,4,2026-04-17:510,2026-04-17,seibro,2026-10-03 09:33,
348350,국내주식,800.0,10.14,반기,2,1000.0,1000.0,,4|8,2026-04-20:200;2026-08-11:800,2026-08-11,seibro,2026-10-03 09:33,
350520,국내주식,150.0,9.16,반기,2,300.0,300.0,,4|10,2026-04-07:150;2026-10-15:150,2026-10-15,seibro,2026-10-03 09:33,
350530,국내주식,750.0,,연,1,750.0,750.0,,3,2026-03-13:750,2026-03-13,seibro,2026-10-03 09:33,
352090,국내주식,110.0,12.5,반기,2,460.0,460.0,,4|8,2026-04-24:350;2026-08-25:110,2026-08-25,seibro,2026-10-03 09:33,
352540,국내ETF,,7.19,월,11,762.0,979.0,762.0,1|2|3|4|6|7|8|9|10|11|12,2025-11-04:65;2025-12-02:61;2026-01-05:63;2026-02-03:60;2026-03-04:63;2026-04-02:64;2026-06-02:110;2026-07-02:58;2026-08-04:64;2026-09-02:65;2026-10-02:89,2026-10-02,seibro+etfcheck,2026-10-03 09:33,
352560,국내ETF,,3.6,월,11,411.0,429.0,411.0,1|2|3|4|6|7|8|9|10|11|12,2025-11-04:37;2025-12-02:33;2026-01-05:33;2026-02-03:33;2026-03-04:33;2026-04-02:32;2026-06-02:58;2026-07-02:48;2026-08-04:39;2026-09-02:26;2026-10-02:39,2026-10-02,seibro+etfcheck,2026-10-03 09:33,
352700,국내주식,50.0,3.42,연,1,50.0,50.0,,4,2026-04-15:50,2026-04-15,seibro,2026-10-03 09:33,
352820,국내주식,500.0,0.32,연,1,500.0,500.0,,4,2026-04-16:500,2026-04-16,seibro,2026-10-03 09:33,
353190,국내주식,80.0,3.08,연,1,80.0,80.0,,4,2026-04-10:80,2026-04-10,seibro,2026-10-03 09:33,
353200,국내주식,500.0,0.34,연,1,500.0,500.0,,4,2026-04-10:500,2026-04-10,seibro,2026-10-03 09:33,
35320K,국내주식,505.0,,연,1,505.0,505.0,,4,2026-04-10:505,2026-04-10,seibro,2026-10-03 09:33,
353810,국내주식,250.0,4.13,연,1,250.0,250.0,,4,2026-04-15:250,2026-04-15,seibro,2026-10-03 09:33,
354240,국내ETF,,7.22,연,1,721.0,721.0,721.0,1,2026-01-05:721,2026-01-05,seibro+etfcheck,2026-10-03 09:33,
354350,국내ETF,,0.03,연,1,5.0,5.0,5.0,1,2026-01-05:5,2026-01-05,seibro+etfcheck,2026-10-03 09:33,
354500,국내ETF,,0.33,연,1,50.0,50.0,49.0,5,2026-05-06:50,2026-05-06,seibro+etfcheck,2026-10-03 09:33,
356540,국내ETF,,1.28,연,1,1302.0,1302.0,1302.0,12,2025-12-02:1302,2025-12-02,seibro+etfcheck,2026-10-03 09:33,
356860,국내주식,200.0,1.33,분기,3,650.0,600.0,,4|9|11,2025-11-10:200;2026-04-10:250;2026-09-10:200,2026-09-10,seibro,2026-10-03 09:33,
356890,국내주식,35.0,1.31,연,1,35.0,35.0,,4,2026-04-30:35,2026-04-30,seibro,2026-10-03 09:33,
357120,국내주식,163.0,8.01,반기,2,327.0,326.0,,3|9,2026-03-06:164;2026-09-11:163,2026-09-11,seibro,2026-10-03 09:33,
357230,국내주식,70.0,3.29,연,1,70.0,70.0,,4,2026-04-23:70,2026-04-23,seibro,2026-10-03 09:33,
357250,국내주식,120.0,12.43,반기,2,232.0038,240.0,,3|9,2026-03-05:112.004;2026-09-04:120,2026-09-04,seibro,2026-10-03 09:33,
357430,국내주식,46.0,5.82,연,1,46.0,46.0,,7,2026-07-08:46,2026-07-08,seibro,2026-10-03 09:33,
357780,국내주식,2350.0,0.55,연,1,2350.0,2350.0,,4,2026-04-16:2350,2026-04-16,seibro,2026-10-03 09:33,
357870,국내ETF,,0.11,연,1,65.0,65.0,65.0,12,2025-12-02:65,2025-12-02,seibro+etfcheck,2026-10-03 09:33,
359090,국내주식,10.0,0.44,연,1,10.0,10.0,,4,2026-04-09:10,2026-04-09,seibro,2026-10-03 09:33,
360140,국내ETF,,0.13,연,1,27.0,27.0,27.0,1,2026-01-05:27,2026-01-05,seibro+etfcheck,2026-10-03 09:33,
360200,국내ETF,,0.97,분기,4,253.0,264.0,253.0,2|5|8|11,2025-11-04:60;2026-02-03:65;2026-05-06:62;2026-08-04:66,2026-08-04,seibro+etfcheck,2026-10-03 09:33,
360750,국내ETF,,0.98,분기,4,253.0,264.0,253.0,2|5|8|11,2025-11-04:60;2026-02-03:65;2026-05-06:62;2026-08-04:66,2026-08-04,seibro+etfcheck,2026-10-03 09:33,
362990,국내주식,20.0,1.66,연,1,20.0,20.0,,4,2026-04-21:20,2026-04-21,seibro,2026-10-03 09:33,
363260,국내주식,40.0,0.95,연,1,40.0,40.0,,4,2026-04-24:40,2026-04-24,seibro,2026-10-03 09:33,
363510,국내ETF,,1.27,연,1,1425.0,1425.0,1425.0,12,2025-12-16:1425,2025-12-16,seibro+etfcheck,2026-10-03 09:33,
363570,국내ETF,,1.69,연,1,1469.0,1469.0,0.0,12,2025-12-17:1469,2025-12-17,seibro+etfcheck,2026-10-03 09:33,
364690,국내ETF,,0.48,반기,2,193.0,114.0,193.0,5|8,2026-05-06:136;2026-08-04:57,2026-08-04,seibro+etfcheck,2026-10-03 09:33,
364960,국내ETF,,0.47,연,1,30.0,30.0,12.0,5,2026-05-06:30,2026-05-06,seibro+etfcheck,2026-10-03 09:33,
364970,국내ETF,,0.66,연,1,45.0,45.0,0.0,5,2026-05-06:45,2026-05-06,seibro+etfcheck,2026-10-03 09:33,
364990,국내ETF,,0.97,연,1,45.0,45.0,45.0,5,2026-05-06:45,2026-05-06,seibro+etfcheck,2026-10-03 09:33,
365000,국내ETF,,0.67,연,1,25.0,25.0,21.0,5,2026-05-06:25,2026-05-06,seibro+etfcheck,2026-10-03 09:33,
365040,국내ETF,,0.01,연,1,5.0,5.0,5.0,5,2026-05-06:5,2026-05-06,seibro+etfcheck,2026-10-03 09:33,
365550,국내주식,139.0,8.91,반기,2,278.0,278.0,,3|9,2026-03-13:139;2026-09-11:139,2026-09-11,seibro,2026-10-03 09:33,
365780,국내ETF,,3.23,연,1,2670.0,2670.0,0.0,1,2026-01-05:2670,2026-01-05,seibro+etfcheck,2026-10-03 09:33,
366030,국내주식,80.0,1.82,연,1,80.0,80.0,,4,2026-04-14:80,2026-04-14,seibro,2026-10-03 09:33,
367380,국내ETF,,0.51,분기,4,161.0,180.0,161.0,2|5|8|11,2025-11-04:38;2026-02-03:38;2026-05-06:40;2026-08-04:45,2026-08-04,seibro+etfcheck,2026-10-03 09:33,
367740,국내ETF,,0.35,반기,2,160.0,160.0,160.0,5|11,2025-11-04:20;2026-05-06:140,2026-05-06,seibro+etfcheck,2026-10-03 09:33,
367760,국내ETF,,0.09,연,1,56.0,56.0,56.0,5,2026-05-06:56,2026-05-06,seibro+etfcheck,2026-10-03 09:33,
367770,국내ETF,,0.46,연,1,100.0,100.0,100.0,5,2026-05-06:100,2026-05-06,seibro+etfcheck,2026-10-03 09:33,
368590,국내ETF,,0.59,분기,4,181.0,176.0,181.0,1|4|7|10,2026-01-05:47;2026-04-02:40;2026-07-02:50;2026-10-02:44,2026-10-02,seibro+etfcheck,2026-10-03 09:33,
368680,국내ETF,,0.69,반기,2,53.0,53.0,53.0,5|8,2026-05-06:44;2026-08-04:9,2026-08-04,seibro+etfcheck,2026-10-03 09:33,
368770,국내주식,86.0,0.58,연,1,86.0,86.0,,4,2026-04-17:86,2026-04-17,seibro,2026-10-03 09:33,
371150,국내ETF,,2.01,반기,2,120.0,110.0,0.0,1|8,2026-01-05:65;2026-08-04:55,2026-08-04,seibro+etfcheck,2026-10-03 09:33,
371160,국내ETF,,1.14,분기,4,70.0,100.0,0.0,2|5|8|11,2025-11-04:15;2026-02-03:10;2026-05-06:20;2026-08-04:25,2026-08-04,seibro+etfcheck,2026-10-03 09:33,
371450,국내ETF,,0.34,연,1,47.0,47.0,47.0,1,2026-01-05:47,2026-01-05,seibro+etfcheck,2026-10-03 09:33,
371460,국내ETF,,1.57,연,1,140.0,140.0,140.0,1,2026-01-05:140,2026-01-05,seibro+etfcheck,2026-10-03 09:33,
371470,국내ETF,,0.69,연,1,60.0,60.0,0.0,1,2026-01-05:60,2026-01-05,seibro+etfcheck,2026-10-03 09:33,
371870,국내ETF,,0.33,연,1,20.0,20.0,0.0,1,2026-01-05:20,2026-01-05,seibro+etfcheck,2026-10-03 09:33,
372170,국내주식,80.0,0.36,연,1,80.0,80.0,,4,2026-04-17:80,2026-04-17,seibro,2026-10-03 09:33,
372330,국내ETF,,1.24,분기,4,76.0,76.0,0.0,2|5|8|11,2025-11-04:11;2026-02-03:8;2026-05-06:6;2026-08-04:51,2026-08-04,seibro+etfcheck,2026-10-03 09:33,
373170,국내주식,200.0,10.84,연,1,200.0,200.0,,4,2026-04-28:200,2026-04-28,seibro,2026-10-03 09:33,
373490,국내ETF,,0.47,연,1,120.0,120.0,120.0,5,2026-05-06:120,2026-05-06,seibro+etfcheck,2026-10-03 09:33,
373790,국내ETF,,2.09,월,12,302.0,300.0,302.0,1|2|3|4|5|6|7|8|9|10|11|12,2025-11-04:25;2025-12-02:25;2026-01-05:25;2026-02-03:25;2026-03-04:24;2026-04-02:25;2026-05-06:24;2026-06-02:24;2026-07-02:25;2026-08-04:25;2026-09-02:30;2026-10-02:25,2026-10-02,seibro+etfcheck,2026-10-03 09:33,
374310,국내주식,2500.0,,연,1,2500.0,2500.0,,4,2026-04-27:2500,2026-04-27,seibro,2026-10-03 09:33,
375270,국내ETF,,1.83,연,1,230.0,230.0,230.0,1,2026-01-05:230,2026-01-05,seibro+etfcheck,2026-10-03 09:33,
375500,국내주식,890.0,1.18,연,1,890.0,890.0,,4,2026-04-24:890,2026-04-24,seibro,2026-10-03 09:33,
37550K,국내주식,940.0,,연,1,940.0,940.0,,4,2026-04-24:940,2026-04-24,seibro,2026-10-03 09:33,
37550L,국내주식,890.0,,연,1,890.0,890.0,,4,2026-04-24:890,2026-04-24,seibro,2026-10-03 09:33,
375760,국내ETF,,0.68,분기,4,170.0,170.0,170.0,2|5|8|11,2025-11-04:10;2026-02-03:10;2026-05-06:120;2026-08-04:30,2026-08-04,seibro+etfcheck,2026-10-03 09:33,
375770,국내ETF,,0.8,분기,3,203.0,203.0,203.0,2|5|8,2026-02-03:1;2026-05-06:155;2026-08-04:47,2026-08-04,seibro+etfcheck,2026-10-03 09:33,
376180,국내주식,100.0,6.68,연,1,100.0,100.0,,4,2026-04-24:100,2026-04-24,seibro,2026-10-03 09:33,
376290,국내주식,24.0,0.83,연,1,24.0,24.0,,4,2026-04-30:24,2026-04-30,seibro,2026-10-03 09:33,
376300,국내주식,316.0,1.68,연,1,316.0,316.0,,4,2026-04-13:316,2026-04-13,seibro,2026-10-03 09:33,
376410,국내ETF,,0.78,분기,4,197.0,197.0,197.0,2|5|8|11,2025-11-04:30;2026-02-03:24;2026-05-06:85;2026-08-04:58,2026-08-04,seibro+etfcheck,2026-10-03 09:33,
377190,국내주식,120.0,6.01,연,1,120.0,120.0,,6,2026-06-24:120,2026-06-24,seibro,2026-10-03 09:33,
377450,국내주식,260.0,1.8,연,1,260.0,260.0,,4,2026-04-20:260,2026-04-20,seibro,2026-10-03 09:33,
377740,국내주식,228.0,4.86,연,1,228.0,228.0,,4,2026-04-16:228,2026-04-16,seibro,2026-10-03 09:33,
377990,국내ETF,,0.71,연,1,180.0,180.0,0.0,8,2026-08-04:180,2026-08-04,seibro+etfcheck,2026-10-03 09:33,
378850,국내주식,75.0,2.64,연,1,75.0,75.0,,4,2026-04-14:75,2026-04-14,seibro,2026-10-03 09:33,
379780,국내ETF,,1.15,분기,4,259.0,224.0,259.0,1|4|7|10,2026-01-05:77;2026-04-02:60;2026-07-02:66;2026-10-02:56,2026-10-02,seibro+etfcheck,2026-10-03 09:33,
379790,국내ETF,,4.1,반기,2,687.0,420.0,687.0,1|8,2026-01-05:477;2026-08-04:210,2026-08-04,seibro+etfcheck,2026-10-03 09:33,
379800,국내ETF,,2.04,분기,4,479.0,528.0,479.0,2|5|8|11,2025-11-04:110;2026-02-03:119;2026-05-06:118;2026-08-04:132,2026-08-04,seibro+etfcheck,2026-10-03 09:33,
379810,국내ETF,,1.03,분기,4,282.0,332.0,282.0,2|5|8|11,2025-11-04:63;2026-02-03:68;2026-05-06:68;2026-08-04:83,2026-08-04,seibro+etfcheck,2026-10-03 09:33,
380340,국내ETF,,0.26,연,1,75.0,75.0,74.0,5,2026-05-06:75,2026-05-06,seibro+etfcheck,2026-10-03 09:33,
381170,국내ETF,,0.25,연,1,77.0,77.0,77.0,1,2026-01-05:77,2026-01-05,seibro+etfcheck,2026-10-03 09:33,
381180,국내ETF,,0.37,분기,4,169.0,196.0,169.0,2|5|8|11,2025-11-04:37;2026-02-03:37;2026-05-06:46;2026-08-04:49,2026-08-04,seibro+etfcheck,2026-10-03 09:33,
381560,국내ETF,,0.51,반기,2,90.0,60.0,90.0,5|8,2026-05-06:60;2026-08-04:30,2026-08-04,seibro+etfcheck,2026-10-03 09:33,
381570,국내ETF,,0.33,연,1,35.0,35.0,35.0,5,2026-05-06:35,2026-05-06,seibro+etfcheck,2026-10-03 09:33,
381970,국내주식,50.0,10.37,분기,3,650.0,650.0,,4|5|8,2026-04-23:300;2026-05-28:300;2026-08-27:50,2026-08-27,seibro,2026-10-03 09:33,
382480,국내주식,11.0,0.67,연,1,11.0,11.0,,4,2026-04-16:11,2026-04-16,seibro,2026-10-03 09:33,
38248K,국내주식,45.0,,연,1,45.0,45.0,,4,2026-04-16:45,2026-04-16,seibro,2026-10-03 09:33,
382800,국내주식,100.0,3.4,반기,2,220.0,200.0,,4|7,2026-04-06:120;2026-07-28:100,2026-07-28,seibro,2026-10-03 09:33,
383220,국내주식,2700.0,3.9,연,1,2700.0,2700.0,,4,2026-04-20:2700,2026-04-20,seibro,2026-10-03 09:33,
383310,국내주식,200.0,0.8,연,1,200.0,200.0,,4,2026-04-24:200,2026-04-24,seibro,2026-10-03 09:33,
383800,국내주식,290.0,3.61,연,1,290.0,290.0,,4,2026-04-17:290,2026-04-17,seibro,2026-10-03 09:33,
38380K,국내주식,300.0,,연,1,300.0,300.0,,4,2026-04-17:300,2026-04-17,seibro,2026-10-03 09:33,
385510,국내ETF,,0.02,연,1,10.0,10.0,8.0,5,2026-05-06:10,2026-05-06,seibro+etfcheck,2026-10-03 09:33,
385520,국내ETF,,0.83,연,1,136.0,136.0,136.0,5,2026-05-06:136,2026-05-06,seibro+etfcheck,2026-10-03 09:33,
385540,국내ETF,,1.11,연,1,1147.0,1147.0,1147.0,12,2025-12-17:1147,2025-12-17,seibro+etfcheck,2026-10-03 09:33,
385550,국내ETF,,1.8,연,1,2052.0,2052.0,2052.0,12,2025-12-17:2052,2025-12-17,seibro+etfcheck,2026-10-03 09:33,
385560,국내ETF,,4.7,반기,2,2429.0,2302.0,0.0,3|9,2026-03-11:1278;2026-09-11:1151,2026-09-11,seibro+etfcheck,2026-10-03 09:33,
385590,국내ETF,,0.55,연,1,135.0,135.0,135.0,5,2026-05-06:135,2026-05-06,seibro+etfcheck,2026-10-03 09:33,
385600,국내ETF,,1.01,연,1,120.0,120.0,119.0,5,2026-05-06:120,2026-05-06,seibro+etfcheck,2026-10-03 09:33,
387270,국내ETF,,0.38,연,1,100.0,100.0,100.0,1,2026-01-05:100,2026-01-05,seibro+etfcheck,2026-10-03 09:33,
387280,국내ETF,,0.04,연,1,5.0,5.0,5.0,5,2026-05-06:5,2026-05-06,seibro+etfcheck,2026-10-03 09:33,
388050,국내주식,100.0,0.98,연,1,100.0,100.0,,4,2026-04-15:100,2026-04-15,seibro,2026-10-03 09:33,
388280,국내ETF,,1.47,연,1,100.0,100.0,100.0,5,2026-05-06:100,2026-05-06,seibro+etfcheck,2026-10-03 09:33,
388420,국내ETF,,0.18,연,1,55.0,55.0,19.0,8,2026-08-04:55,2026-08-04,seibro+etfcheck,2026-10-03 09:33,
389930,국내주식,5827.0,,연,1,5827.0,5827.0,,4,2026-04-24:5827,2026-04-24,seibro,2026-10-03 09:33,
390390,국내ETF,,0.4,분기,4,226.0,220.0,226.0,2|5|8|11,2025-11-04:44;2026-02-03:60;2026-05-06:67;2026-08-04:55,2026-08-04,seibro+etfcheck,2026-10-03 09:33,
390400,국내ETF,,0.82,분기,4,54.0,40.0,0.0,2|5|8|11,2025-11-04:9;2026-02-03:16;2026-05-06:19;2026-08-04:10,2026-08-04,seibro+etfcheck,2026-10-03 09:33,
391600,국내ETF,,0.56,연,1,54.0,54.0,54.0,1,2026-01-05:54,2026-01-05,seibro+etfcheck,2026-10-03 09:33,
391670,국내ETF,,1.03,반기,2,305.0,260.0,266.0,5|11,2025-11-05:175;2026-05-04:130,2026-05-04,seibro+etfcheck,2026-10-03 09:33,
394350,국내ETF,,,연,1,1.0,1.0,,1,2026-01-05:1,2026-01-05,seibro,2026-10-03 09:33,
394660,국내ETF,,0.95,연,1,141.0,141.0,141.0,1,2026-01-05:141,2026-01-05,seibro+etfcheck,2026-10-03 09:33,
394670,국내ETF,,0.1,연,1,10.0,10.0,10.0,1,2026-01-05:10,2026-01-05,seibro+etfcheck,2026-10-03 09:33,
395160,국내ETF,,0.08,연,1,35.0,35.0,35.0,5,2026-05-06:35,2026-05-06,seibro+etfcheck,2026-10-03 09:33,
395170,국내ETF,,1.04,분기,3,163.0,163.0,162.0,2|5|8,2026-02-03:15;2026-05-06:139;2026-08-04:9,2026-08-04,seibro+etfcheck,2026-10-03 09:33,
395270,국내ETF,,0.12,연,1,75.0,75.0,75.0,5,2026-05-06:75,2026-05-06,seibro+etfcheck,2026-10-03 09:33,
395400,국내주식,68.0,3.81,분기,3,202.0,204.0,,3|6|9,2026-03-31:66;2026-06-26:68;2026-09-28:68,2026-09-28,seibro,2026-10-03 09:33,
395750,국내ETF,,0.19,연,1,40.0,40.0,40.0,5,2026-05-06:40,2026-05-06,seibro+etfcheck,2026-10-03 09:33,
395760,국내ETF,,0.16,연,1,35.0,35.0,35.0,5,2026-05-06:35,2026-05-06,seibro+etfcheck,2026-10-03 09:33,
396470,국내주식,200.0,3.73,반기,2,270.0,400.0,,4|8,2026-04-20:70;2026-08-28:200,2026-08-28,seibro,2026-10-03 09:33,
396500,국내ETF,,0.19,반기,2,75.0,75.0,75.0,5|11,2025-11-04:15;2026-05-06:60,2026-05-06,seibro+etfcheck,2026-10-03 09:33,
396510,국내ETF,,1.67,연,1,110.0,110.0,0.0,1,2026-01-05:110,2026-01-05,seibro+etfcheck,2026-10-03 09:33,
396520,국내ETF,,0.21,연,1,25.0,25.0,0.0,1,2026-01-05:25,2026-01-05,seibro+etfcheck,2026-10-03 09:33,
396690,국내주식,129.6557718867,9.53,연,1,129.6558,129.6558,,7,2026-07-01:129.656,2026-07-01,seibro,2026-10-03 09:33,
397420,국내ETF,,,연,1,298.0,298.0,,12,2025-12-17:298,2025-12-17,seibro,2026-10-03 09:33,
397810,국내주식,250.0,3.79,연,1,250.0,250.0,,4,2026-04-21:250,2026-04-21,seibro,2026-10-03 09:33,
399110,국내ETF,,0.91,분기,4,186.0,184.0,186.0,2|5|8|11,2025-11-03:44;2026-02-02:48;2026-05-04:48;2026-08-03:46,2026-08-03,seibro+etfcheck,2026-10-03 09:33,
399580,국내ETF,,2.22,반기,2,198.0,114.0,0.0,1|8,2026-01-05:141;2026-08-04:57,2026-08-04,seibro+etfcheck,2026-10-03 09:33,
400580,국내ETF,,0.83,연,1,100.0,100.0,100.0,1,2026-01-02:100,2026-01-02,seibro+etfcheck,2026-10-03 09:33,
400590,국내ETF,,0.01,연,1,2.0,2.0,2.0,1,2026-01-02:2,2026-01-02,seibro+etfcheck,2026-10-03 09:33,
400760,국내주식,150.0,10.66,반기,2,300.0,300.0,,3|9,2026-03-31:150;2026-09-30:150,2026-09-30,seibro,2026-10-03 09:33,
400970,국내ETF,,0.56,연,1,40.0,40.0,8.0,5,2026-05-06:40,2026-05-06,seibro+etfcheck,2026-10-03 09:33,
401170,국내ETF,,0.29,반기,2,31.0,32.0,16.0,1|5,2026-01-05:15;2026-05-06:16,2026-05-06,seibro+etfcheck,2026-10-03 09:33,
401470,국내ETF,,0.33,연,1,31.0,31.0,30.0,5,2026-05-06:31,2026-05-06,seibro+etfcheck,2026-10-03 09:33,
401590,국내ETF,,0.27,연,1,30.0,30.0,30.0,1,2026-01-05:30,2026-01-05,seibro+etfcheck,2026-10-03 09:33,
402340,국내주식,1550.0,0.13,연,1,1550.0,1550.0,,6,2026-06-05:1550,2026-06-05,seibro,2026-10-03 09:33,
402460,국내ETF,,0.48,분기,3,70.0,70.0,70.0,5|8|11,2025-11-04:5;2026-05-06:50;2026-08-04:15,2026-08-04,seibro+etfcheck,2026-10-03 09:33,
402970,국내ETF,,3.08,월,12,441.0,420.0,441.0,1|2|3|4|5|6|7|8|9|10|11|12,2025-10-17:37;2025-11-18:21;2025-12-17:53;2026-01-19:39;2026-02-20:24;2026-03-17:46;2026-04-17:44;2026-05-19:27;2026-06-17:40;2026-07-20:50;2026-08-19:25;2026-09-17:35,2026-09-17,seibro+etfcheck,2026-10-03 09:33,
403550,국내주식,92.0,0.82,연,1,92.0,92.0,,4,2026-04-24:92,2026-04-24,seibro,2026-10-03 09:33,
403790,국내ETF,,0.12,연,1,72.0,72.0,72.0,1,2026-01-05:72,2026-01-05,seibro+etfcheck,2026-10-03 09:33,
403870,국내주식,500.0,0.76,연,1,500.0,500.0,,4,2026-04-10:500,2026-04-10,seibro,2026-10-03 09:33,
404260,국내ETF,,0.81,반기,2,198.0,198.0,197.0,5|8,2026-05-06:156;2026-08-04:42,2026-08-04,seibro+etfcheck,2026-10-03 09:33,
404540,국내ETF,,0.97,분기,4,237.0,237.0,237.0,2|5|8|11,2025-11-04:25;2026-02-03:20;2026-05-06:110;2026-08-04:82,2026-08-04,seibro+etfcheck,2026-10-03 09:33,
404650,국내ETF,,0.7,분기,4,171.0,171.0,171.0,2|5|8|11,2025-11-03:16;2026-02-02:37;2026-05-04:97;2026-08-03:21,2026-08-03,seibro+etfcheck,2026-10-03 09:33,
404990,국내주식,133.0,3.41,연,1,133.0,133.0,,3,2026-03-27:133,2026-03-27,seibro,2026-10-03 09:33,
405100,국내주식,480.0,2.9,연,1,480.0,480.0,,4,2026-04-20:480,2026-04-20,seibro,2026-10-03 09:33,
407300,국내ETF,,1.52,분기,3,155.0,155.0,155.0,2|5|8,2026-02-03:5;2026-05-06:140;2026-08-04:10,2026-08-04,seibro+etfcheck,2026-10-03 09:33,
407310,국내ETF,,0.85,분기,3,140.0,140.0,140.0,2|5|8,2026-02-03:10;2026-05-06:110;2026-08-04:20,2026-08-04,seibro+etfcheck,2026-10-03 09:33,
407820,국내ETF,,0.08,연,1,5.0,5.0,5.0,1,2026-01-05:5,2026-01-05,seibro+etfcheck,2026-10-03 09:33,
408920,국내주식,120.0,3.9,연,1,120.0,120.0,,4,2026-04-15:120,2026-04-15,seibro,2026-10-03 09:33,
409820,국내ETF,,0.57,연,1,122.0,122.0,122.0,1,2026-01-05:122,2026-01-05,seibro+etfcheck,2026-10-03 09:33,
411060,국내ETF,,0.0,연,1,1.0,1.0,1.0,1,2026-01-05:1,2026-01-05,seibro+etfcheck,2026-10-03 09:33,
411080,국내주식,150.0,2.17,연,1,150.0,150.0,,3,2026-03-31:150,2026-03-31,seibro,2026-10-03 09:33,
411420,국내ETF,,0.23,분기,4,64.0,39.0,64.0,2|5|8|11,2025-11-04:9;2026-02-03:11;2026-05-06:9;2026-08-04:35,2026-08-04,seibro+etfcheck,2026-10-03 09:33,2026-08-04:25
411540,국내ETF,,0.58,분기,4,97.0,97.0,97.0,2|5|8|11,2025-11-03:29;2026-02-02:10;2026-05-04:35;2026-08-03:23,2026-08-03,seibro+etfcheck,2026-10-03 09:33,
411860,국내ETF,,2.99,분기,3,464.0,464.0,464.0,2|5|8,2026-02-03:5;2026-05-06:109;2026-08-04:350,2026-08-04,seibro+etfcheck,2026-10-03 09:33,
412560,국내ETF,,0.55,연,1,9.0,9.0,0.0,1,2026-01-05:9,2026-01-05,seibro+etfcheck,2026-10-03 09:33,
412570,국내ETF,,0.42,연,1,5.0,5.0,0.0,1,2026-01-05:5,2026-01-05,seibro+etfcheck,2026-10-03 09:33,
412770,국내ETF,,0.31,연,1,40.0,40.0,40.0,1,2026-01-05:40,2026-01-05,seibro+etfcheck,2026-10-03 09:33,
413220,국내ETF,,1.39,연,1,58.0,58.0,0.0,1,2026-01-02:58,2026-01-02,seibro+etfcheck,2026-10-03 09:33,
413390,국내주식,100.0,1.5,연,1,100.0,100.0,,4,2026-04-10:100,2026-04-10,seibro,2026-10-03 09:33,
413630,국내주식,60.0,1.44,연,1,60.0,60.0,,4,2026-04-30:60,2026-04-30,seibro,2026-10-03 09:33,
414270,국내ETF,,0.52,연,1,58.0,58.0,58.0,1,2026-01-05:58,2026-01-05,seibro+etfcheck,2026-10-03 09:33,
414780,국내ETF,,0.16,연,1,20.0,20.0,20.0,1,2026-01-05:20,2026-01-05,seibro+etfcheck,2026-10-03 09:33,
415380,국내주식,50.0,7.11,반기,2,150.0,100.0,,4|8,2026-04-17:100;2026-08-31:50,2026-08-31,seibro,2026-10-03 09:33,
415640,국내주식,325.0,6.47,반기,2,650.0,650.0,,2|8,2026-02-27:325;2026-08-31:325,2026-08-31,seibro,2026-10-03 09:33,
415760,국내ETF,,0.9,연,1,106.0,106.0,106.0,1,2026-01-02:106,2026-01-02,seibro+etfcheck,2026-10-03 09:33,
415920,국내ETF,,1.21,연,1,70.0,70.0,70.0,5,2026-05-06:70,2026-05-06,seibro+etfcheck,2026-10-03 09:33,
416090,국내ETF,,0.07,연,1,8.0,8.0,8.0,1,2026-01-05:8,2026-01-05,seibro+etfcheck,2026-10-03 09:33,
416180,국내주식,200.0,0.75,연,1,200.0,200.0,,4,2026-04-22:200,2026-04-22,seibro,2026-10-03 09:33,
417200,국내주식,22.0,0.14,연,1,22.0,22.0,,4,2026-04-17:22,2026-04-17,seibro,2026-10-03 09:33,
417310,국내주식,8974.0,381.05,반기,2,9088.0,9088.0,,8,2026-08-31:114;2026-08-31:8974,2026-08-31,seibro,2026-10-03 09:33,
417450,국내ETF,,1.32,반기,2,206.0,214.0,206.0,1|8,2026-01-05:99;2026-08-04:107,2026-08-04,seibro+etfcheck,2026-10-03 09:33,
417460,국내주식,1400.0,,연,1,1400.0,1400.0,,4,2026-04-13:1400,2026-04-13,seibro,2026-10-03 09:33,
417500,국내주식,100.0,2.31,연,1,100.0,100.0,,4,2026-04-15:100,2026-04-15,seibro,2026-10-03 09:33,
417630,국내ETF,,0.23,반기,2,45.0,40.0,45.0,5|11,2025-11-04:25;2026-05-06:20,2026-05-06,seibro+etfcheck,2026-10-03 09:33,
417790,국내주식,200.0,2.91,연,1,200.0,200.0,,4,2026-04-17:200,2026-04-17,seibro,2026-10-03 09:33,
417970,국내주식,280.0,2.49,연,1,280.0,280.0,,4,2026-04-23:280,2026-04-23,seibro,2026-10-03 09:33,
418470,국내주식,550.0,5.92,연,1,550.0,550.0,,4,2026-04-22:550,2026-04-22,seibro,2026-10-03 09:33,
418660,국내ETF,,0.92,연,1,380.0,380.0,380.0,1,2026-01-05:380,2026-01-05,seibro+etfcheck,2026-10-03 09:33,
418670,국내ETF,,0.17,연,1,33.0,33.0,33.0,1,2026-01-05:33,2026-01-05,seibro+etfcheck,2026-10-03 09:33,
419120,국내주식,100.0,4.39,연,1,100.0,100.0,,4,2026-04-24:100,2026-04-24,seibro,2026-10-03 09:33,
419420,국내ETF,,0.37,분기,4,32.0,32.0,6.0,2|5|8|11,2025-11-04:8;2026-02-03:10;2026-05-06:6;2026-08-04:8,2026-08-04,seibro+etfcheck,2026-10-03 09:33,
419650,국내ETF,,0.23,연,1,11.0,11.0,0.0,5,2026-05-06:11,2026-05-06,seibro+etfcheck,2026-10-03 09:33,
419890,국내ETF,,2.66,연,1,2864.0,2864.0,2864.0,1,2026-01-05:2864,2026-01-05,seibro+etfcheck,2026-10-03 09:33,
420570,국내주식,250.0,2.76,연,1,250.0,250.0,,4,2026-04-13:250,2026-04-13,seibro,2026-10-03 09:33,
420770,국내주식,800.0,0.62,연,1,800.0,800.0,,4,2026-04-10:800,2026-04-10,seibro,2026-10-03 09:33,
421320,국내ETF,,0.2,연,1,60.0,60.0,52.0,5,2026-05-06:60,2026-05-06,seibro+etfcheck,2026-10-03 09:33,
422260,국내ETF,,,연,1,14.0,14.0,,1,2026-01-02:14,2026-01-02,seibro,2026-10-03 09:33,
422420,국내ETF,,0.42,반기,2,30.0,30.0,30.0,1|8,2026-01-05:15;2026-08-04:15,2026-08-04,seibro+etfcheck,2026-10-03 09:33,
423160,국내ETF,,2.64,월,12,2921.0,3192.0,2921.0,1|2|3|4|5|6|7|8|9|10|11|12,2025-11-04:235;2025-12-02:242;2026-01-05:229;2026-02-03:252;2026-03-04:248;2026-04-02:221;2026-05-06:240;2026-06-02:237;2026-07-02:246;2026-08-04:242;2026-09-02:263;2026-10-02:266,2026-10-02,seibro+etfcheck,2026-10-03 09:33,
423170,국내ETF,,0.41,연,1,250.0,250.0,250.0,5,2026-05-04:250,2026-05-04,seibro+etfcheck,2026-10-03 09:33,
423920,국내ETF,,0.38,분기,4,356.0,356.0,356.0,2|5|8|11,2025-11-04:36;2026-02-03:78;2026-05-06:92;2026-08-04:150,2026-08-04,seibro+etfcheck,2026-10-03 09:33,
424460,국내ETF,,,연,1,40.0,40.0,,1,2026-01-05:40,2026-01-05,seibro,2026-10-03 09:33,
425040,국내주식,150.0,1.02,연,1,150.0,150.0,,4,2026-04-21:150,2026-04-21,seibro,2026-10-03 09:33,
426020,국내ETF,,0.17,연,1,54.0,54.0,54.0,1,2026-01-05:54,2026-01-05,seibro+etfcheck,2026-10-03 09:33,
426030,국내ETF,,0.06,연,1,30.0,30.0,30.0,1,2026-01-05:30,2026-01-05,seibro+etfcheck,2026-10-03 09:33,
426150,국내ETF,,1.39,연,1,717.0,717.0,717.0,1,2026-01-05:717,2026-01-05,seibro+etfcheck,2026-10-03 09:33,
426330,국내ETF,,,연,1,45.0,45.0,,11,2025-11-04:45,2025-11-04,seibro,2026-10-03 09:33,
427100,국내주식,500.0,,연,1,500.0,500.0,,4,2026-04-08:500,2026-04-08,seibro,2026-10-03 09:33,
427120,국내ETF,,1.97,반기,2,105.0,105.0,69.0,1|5,2026-01-05:5;2026-05-06:100,2026-05-06,seibro+etfcheck,2026-10-03 09:33,
428510,국내ETF,,0.32,분기,4,72.0,41.0,72.0,2|5|8|11,2025-11-04:13;2026-02-03:4;2026-05-06:12;2026-08-04:43,2026-08-04,seibro+etfcheck,2026-10-03 09:33,2026-08-04:31
428560,국내ETF,,1.39,분기,4,208.0,204.0,208.0,2|5|8|11,2025-11-04:44;2026-02-03:38;2026-05-06:75;2026-08-04:51,2026-08-04,seibro+etfcheck,2026-10-03 09:33,
429000,국내ETF,,2.22,월,12,276.0,300.0,276.0,1|2|3|4|5|6|7|8|9|10|11|12,2025-11-04:20;2025-12-02:20;2026-01-05:25;2026-02-03:16;2026-03-04:24;2026-04-02:27;2026-05-06:24;2026-06-02:24;2026-07-02:28;2026-08-04:23;2026-09-02:20;2026-10-02:25,2026-10-02,seibro+etfcheck,2026-10-03 09:33,
429010,국내ETF,,0.57,연,1,108.0,108.0,108.0,1,2026-01-05:108,2026-01-05,seibro+etfcheck,2026-10-03 09:33,
429740,국내ETF,,8.24,월,12,495.0,404.0,435.0,1|2|3|4|5|6|7|8|9|10|11|12,2025-11-04:40;2025-12-02:40;2026-01-05:40;2026-02-03:40;2026-03-04:30;2026-04-02:30;2026-05-06:35;2026-06-02:27;2026-07-02:27;2026-08-04:28;2026-09-02:27;2026-10-02:131,2026-10-02,seibro+etfcheck,2026-10-03 09:33,2026-10-02:91
429760,국내ETF,,0.95,분기,4,182.0,160.0,182.0,2|5|8|11,2025-11-04:50;2026-02-03:40;2026-05-06:52;2026-08-04:40,2026-08-04,seibro+etfcheck,2026-10-03 09:33,
429980,국내ETF,,0.44,연,1,75.0,75.0,75.0,5,2026-05-04:75,2026-05-04,seibro+etfcheck,2026-10-03 09:33,
430500,국내ETF,,1.17,연,1,1325.0,1325.0,1325.0,1,2026-01-05:1325,2026-01-05,seibro+etfcheck,2026-10-03 09:33,
432320,국내주식,170.0,10.37,연,1,170.0,170.0,,5,2026-05-22:170,2026-05-22,seibro,2026-10-03 09:33,
432600,국내ETF,,0.19,연,1,108.0,108.0,108.0,12,2025-12-17:108,2025-12-17,seibro+etfcheck,2026-10-03 09:33,
432840,국내ETF,,0.69,월,12,134.0,120.0,134.0,1|2|3|4|5|6|7|8|9|10|11|12,2025-11-04:13;2025-12-02:8;2026-01-05:15;2026-02-03:9;2026-03-04:10;2026-04-02:11;2026-05-06:13;2026-06-02:10;2026-07-02:12;2026-08-04:13;2026-09-02:10;2026-10-02:10,2026-10-02,seibro+etfcheck,2026-10-03 09:33,
433330,국내ETF,,0.92,월,12,197.0,240.0,197.0,1|2|3|4|5|6|7|8|9|10|11|12,2025-11-03:11;2025-12-01:17;2026-01-02:19;2026-02-02:12;2026-03-03:14;2026-04-01:21;2026-05-04:10;2026-06-01:18;2026-07-01:24;2026-08-03:12;2026-09-01:19;2026-10-01:20,2026-10-01,seibro+etfcheck,2026-10-03 09:33,
433500,국내ETF,,0.5,연,1,280.0,280.0,280.0,5,2026-05-06:280,2026-05-06,seibro+etfcheck,2026-10-03 09:33,
433880,국내ETF,,0.8,분기,4,145.0,160.0,145.0,2|5|8|11,2025-11-04:35;2026-02-03:35;2026-05-06:35;2026-08-04:40,2026-08-04,seibro+etfcheck,2026-10-03 09:33,
433970,국내ETF,,1.77,분기,4,246.0,264.0,246.0,2|5|8|11,2025-11-04:60;2026-02-03:88;2026-05-06:32;2026-08-04:66,2026-08-04,seibro+etfcheck,2026-10-03 09:33,
433980,국내ETF,,1.78,분기,4,279.0,279.0,279.0,2|5|8|11,2025-11-04:50;2026-02-03:96;2026-05-06:30;2026-08-04:103,2026-08-04,seibro+etfcheck,2026-10-03 09:33,
434060,국내ETF,,1.64,분기,4,273.0,273.0,273.0,2|5|8|11,2025-11-04:40;2026-02-03:90;2026-05-06:26;2026-08-04:117,2026-08-04,seibro+etfcheck,2026-10-03 09:33,
434730,국내ETF,,0.46,연,1,265.0,265.0,265.0,5,2026-05-06:265,2026-05-06,seibro+etfcheck,2026-10-03 09:33,
434960,국내ETF,,0.8,분기,4,900.0,900.0,818.0,2|5|8|11,2025-11-04:140;2026-02-03:140;2026-05-06:500;2026-08-04:120,2026-08-04,seibro+etfcheck,2026-10-03 09:33,
435040,국내ETF,,0.77,분기,4,142.0,128.0,142.0,2|5|8|11,2025-11-04:42;2026-02-03:38;2026-05-06:30;2026-08-04:32,2026-08-04,seibro+etfcheck,2026-10-03 09:33,
435420,국내ETF,,1.13,분기,4,160.0,160.0,160.0,2|5|8|11,2025-11-04:9;2026-02-03:59;2026-05-06:50;2026-08-04:42,2026-08-04,seibro+etfcheck,2026-10-03 09:33,
435530,국내ETF,,1.68,연,1,250.0,250.0,250.0,8,2026-08-04:250,2026-08-04,seibro+etfcheck,2026-10-03 09:33,
435540,국내ETF,,1.4,연,1,235.0,235.0,235.0,8,2026-08-04:235,2026-08-04,seibro+etfcheck,2026-10-03 09:33,
435550,국내ETF,,1.04,연,1,180.0,180.0,180.0,8,2026-08-04:180,2026-08-04,seibro+etfcheck,2026-10-03 09:33,
435570,국내주식,130.0,1.84,연,1,130.0,130.0,,4,2026-04-21:130,2026-04-21,seibro,2026-10-03 09:33,
435590,국내주식,1335.0,,연,1,1335.0,1335.0,,4,2026-04-21:1335,2026-04-21,seibro,2026-10-03 09:33,
436140,국내ETF,,2.23,연,1,2380.0,2380.0,2380.0,12,2025-12-16:2380,2025-12-16,seibro+etfcheck,2026-10-03 09:33,
437070,국내ETF,,5.18,월,12,2934.0,3012.0,2934.0,1|2|3|4|5|6|7|8|9|10|11|12,2025-11-04:222;2025-12-02:274;2026-01-05:233;2026-02-03:239;2026-03-04:237;2026-04-02:219;2026-05-06:261;2026-06-02:243;2026-07-02:259;2026-08-04:249;2026-09-02:247;2026-10-02:251,2026-10-02,seibro+etfcheck,2026-10-03 09:33,
437080,국내ETF,,4.74,월,12,4464.0,4824.0,2271.0,1|2|3|4|5|6|7|8|9|10|11|12,2025-11-04:355;2025-12-02:377;2026-01-05:362;2026-02-03:372;2026-03-04:357;2026-04-02:328;2026-05-06:384;2026-06-02:369;2026-07-02:393;2026-08-04:375;2026-09-02:390;2026-10-02:402,2026-10-02,seibro+etfcheck,2026-10-03 09:33,
437350,국내ETF,,2.31,연,1,272.0,272.0,272.0,1,2026-01-05:272,2026-01-05,seibro+etfcheck,2026-10-03 09:33,
437370,국내ETF,,2.92,반기,2,293.0,293.0,72.0,1|8,2026-01-05:221;2026-08-04:72,2026-08-04,seibro+etfcheck,2026-10-03 09:33,
437730,국내주식,50.0,0.1,연,1,50.0,50.0,,4,2026-04-24:50,2026-04-24,seibro,2026-10-03 09:33,
438080,국내ETF,,2.43,연,1,334.0,334.0,334.0,1,2026-01-05:334,2026-01-05,seibro+etfcheck,2026-10-03 09:33,
438100,국내ETF,,1.9,연,1,288.0,288.0,288.0,1,2026-01-05:288,2026-01-05,seibro+etfcheck,2026-10-03 09:33,
438320,국내ETF,,1.18,연,1,50.0,50.0,0.0,1,2026-01-05:50,2026-01-05,seibro+etfcheck,2026-10-03 09:33,
438330,국내ETF,,0.4,반기,2,467.0,464.0,467.0,11|12,2025-11-04:235;2025-12-02:232,2025-12-02,seibro+etfcheck,2026-10-03 09:33,
438560,국내ETF,,2.51,연,1,2525.0,2525.0,2525.0,1,2026-01-02:2525,2026-01-02,seibro+etfcheck,2026-10-03 09:33,
438570,국내ETF,,3.33,연,1,3280.0,3280.0,3280.0,1,2026-01-02:3280,2026-01-02,seibro+etfcheck,2026-10-03 09:33,
438740,국내ETF,,0.23,연,1,81.0,81.0,81.0,1,2026-01-05:81,2026-01-05,seibro+etfcheck,2026-10-03 09:33,
438900,국내ETF,,2.13,반기,2,230.0,230.0,230.0,5|8,2026-05-06:220;2026-08-04:10,2026-08-04,seibro+etfcheck,2026-10-03 09:33,
439260,국내주식,250.0,0.54,연,1,250.0,250.0,,4,2026-04-30:250,2026-04-30,seibro,2026-10-03 09:33,
439270,국내주식,150.0,,연,1,150.0,150.0,,4,2026-04-15:150,2026-04-15,seibro,2026-10-03 09:33,
439860,국내ETF,,1.7,연,1,1936.0,1936.0,1936.0,12,2025-12-17:1936,2025-12-17,seibro+etfcheck,2026-10-03 09:33,
439870,국내ETF,,1.92,연,1,1703.0,1703.0,1703.0,12,2025-12-17:1703,2025-12-17,seibro+etfcheck,2026-10-03 09:33,
440290,국내주식,120.0,6.96,연,1,120.0,120.0,,4,2026-04-16:120,2026-04-16,seibro,2026-10-03 09:33,
440340,국내ETF,,4.29,월,12,486.0,492.0,486.0,1|2|3|4|5|6|7|8|9|10|11|12,2025-11-04:35;2025-12-02:30;2026-01-05:35;2026-02-03:35;2026-03-04:40;2026-04-02:42;2026-05-06:46;2026-06-02:46;2026-07-02:46;2026-08-04:44;2026-09-02:46;2026-10-02:41,2026-10-02,seibro+etfcheck,2026-10-03 09:33,
440640,국내ETF,,1.45,연,1,1635.0,1635.0,1635.0,12,2025-12-02:1635,2025-12-02,seibro+etfcheck,2026-10-03 09:33,
440650,국내ETF,,3.26,연,1,370.0,370.0,370.0,1,2026-01-05:370,2026-01-05,seibro+etfcheck,2026-10-03 09:33,
440910,국내ETF,,0.21,연,1,45.0,45.0,45.0,11,2025-11-04:45,2025-11-04,seibro+etfcheck,2026-10-03 09:33,
441330,국내ETF,,,연,1,40.0,40.0,,11,2025-11-04:40,2025-11-04,seibro,2026-10-03 09:33,
441540,국내ETF,,0.77,연,1,200.0,200.0,200.0,5,2026-05-06:200,2026-05-06,seibro+etfcheck,2026-10-03 09:33,
441640,국내ETF,,9.77,월,12,1184.0,1152.0,1184.0,1|2|3|4|5|6|7|8|9|10|11|12,2025-10-17:93;2025-11-18:96;2025-12-17:98;2026-01-19:98;2026-02-20:99;2026-03-17:99;2026-04-17:99;2026-05-19:100;2026-06-17:101;2026-07-20:103;2026-08-19:102;2026-09-17:96,2026-09-17,seibro+etfcheck,2026-10-03 09:33,
441680,국내ETF,,12.56,월,12,1345.0,1296.0,1345.0,1|2|3|4|5|6|7|8|9|10|11|12,2025-11-04:109;2025-12-02:111;2026-01-05:112;2026-02-03:112;2026-03-04:110;2026-04-02:113;2026-05-06:114;2026-06-02:117;2026-07-02:120;2026-08-04:111;2026-09-02:108;2026-10-02:108,2026-10-02,seibro+etfcheck,2026-10-03 09:33,
441800,국내ETF,,7.99,월,12,2290.0,2290.0,319.0,1|2|3|4|5|6|7|8|9|10|11|12,2025-11-04:94;2025-12-02:93;2026-01-05:294;2026-02-03:117;2026-03-04:148;2026-04-02:267;2026-05-06:154;2026-06-02:181;2026-07-02:368;2026-08-04:134;2026-09-02:145;2026-10-02:295,2026-10-02,seibro+etfcheck,2026-10-03 09:33,
442260,국내ETF,,0.89,연,1,350.0,350.0,345.0,5,2026-05-06:350,2026-05-06,seibro+etfcheck,2026-10-03 09:33,
442320,국내ETF,,0.48,반기,2,164.0,172.0,164.0,1|8,2026-01-05:78;2026-08-04:86,2026-08-04,seibro+etfcheck,2026-10-03 09:33,
442550,국내ETF,,1.22,반기,2,180.0,98.0,180.0,1|8,2026-01-05:131;2026-08-04:49,2026-08-04,seibro+etfcheck,2026-10-03 09:33,
442560,국내ETF,,1.08,반기,2,177.0,106.0,177.0,1|8,2026-01-05:124;2026-08-04:53,2026-08-04,seibro+etfcheck,2026-10-03 09:33,
442570,국내ETF,,0.93,반기,2,161.0,110.0,161.0,1|8,2026-01-05:106;2026-08-04:55,2026-08-04,seibro+etfcheck,2026-10-03 09:33,
442580,국내ETF,,0.09,연,1,100.0,100.0,100.0,5,2026-05-06:100,2026-05-06,seibro+etfcheck,2026-10-03 09:33,
443060,국내주식,900.0,1.56,분기,3,3650.0,2700.0,,4|5|8,2026-04-09:1850;2026-05-22:900;2026-08-25:900,2026-08-25,seibro,2026-10-03 09:33,
443250,국내주식,261.0,5.02,연,1,261.0,261.0,,7,2026-07-20:261,2026-07-20,seibro,2026-10-03 09:33,
444200,국내ETF,,0.28,연,1,128.0,128.0,128.0,5,2026-05-04:128,2026-05-04,seibro+etfcheck,2026-10-03 09:33,
444490,국내ETF,,0.29,연,1,57.0,57.0,57.0,11,2025-11-04:57,2025-11-04,seibro+etfcheck,2026-10-03 09:33,
445150,국내ETF,,0.53,반기,2,146.0,146.0,145.0,5|8,2026-05-06:141;2026-08-04:5,2026-08-04,seibro+etfcheck,2026-10-03 09:33,
445180,국내주식,120.0,1.18,연,1,120.0,120.0,,4,2026-04-21:120,2026-04-21,seibro,2026-10-03 09:33,
445290,국내ETF,,0.23,반기,2,72.0,72.0,72.0,5|8,2026-05-06:60;2026-08-04:12,2026-08-04,seibro+etfcheck,2026-10-03 09:33,
445910,국내ETF,,1.94,분기,4,396.0,396.0,383.0,2|5|8|11,2025-11-04:75;2026-02-03:19;2026-05-06:277;2026-08-04:25,2026-08-04,seibro+etfcheck,2026-10-03 09:33,
446530,국내주식,100.0,,연,1,100.0,100.0,,4,2026-04-17:100,2026-04-17,seibro,2026-10-03 09:33,
446690,국내ETF,,0.43,분기,4,281.0,224.0,281.0,2|5|8|11,2025-11-04:73;2026-02-03:52;2026-05-06:100;2026-08-04:56,2026-08-04,seibro+etfcheck,2026-10-03 09:33,
446700,국내ETF,,0.15,연,1,16.0,16.0,16.0,5,2026-05-06:16,2026-05-06,seibro+etfcheck,2026-10-03 09:33,
446720,국내ETF,,3.17,월,12,408.0,444.0,408.0,1|2|3|4|5|6|7|8|9|10|11|12,2025-11-03:34;2025-12-01:35;2026-01-02:37;2026-02-02:30;2026-03-03:35;2026-04-01:33;2026-05-04:30;2026-06-01:33;2026-07-01:42;2026-08-03:35;2026-09-01:27;2026-10-01:37,2026-10-01,seibro+etfcheck,2026-10-03 09:33,
446770,국내ETF,,0.52,분기,4,426.0,512.0,426.0,2|5|8|11,2025-11-04:100;2026-02-03:79;2026-05-06:119;2026-08-04:128,2026-08-04,seibro+etfcheck,2026-10-03 09:33,
447430,국내ETF,,3.55,분기,4,589.0,589.0,377.0,2|5|8|11,2025-11-04:40;2026-02-03:130;2026-05-06:390;2026-08-04:29,2026-08-04,seibro+etfcheck,2026-10-03 09:33,
447620,국내ETF,,0.41,연,1,65.0,65.0,65.0,5,2026-05-04:65,2026-05-04,seibro+etfcheck,2026-10-03 09:33,
447660,국내ETF,,0.62,분기,4,85.0,100.0,85.0,2|5|8|11,2025-11-04:20;2026-02-03:20;2026-05-06:20;2026-08-04:25,2026-08-04,seibro+etfcheck,2026-10-03 09:33,
447770,국내ETF,,1.46,분기,4,200.0,200.0,200.0,2|5|8|11,2025-11-04:10;2026-02-03:68;2026-05-06:57;2026-08-04:65,2026-08-04,seibro+etfcheck,2026-10-03 09:33,
448100,국내ETF,,0.65,월,12,750.0,840.0,750.0,1|2|3|4|5|6|7|8|9|10|11|12,2025-11-04:60;2025-12-02:60;2026-01-05:60;2026-02-03:60;2026-03-04:60;2026-04-02:60;2026-05-06:60;2026-06-02:60;2026-07-02:60;2026-08-04:70;2026-09-02:70;2026-10-02:70,2026-10-02,seibro+etfcheck,2026-10-03 09:33,
448280,국내주식,70.0,0.75,연,1,70.0,70.0,,4,2026-04-20:70,2026-04-20,seibro,2026-10-03 09:33,
448290,국내ETF,,0.92,분기,4,163.0,168.0,163.0,2|5|8|11,2025-11-04:40;2026-02-03:41;2026-05-06:40;2026-08-04:42,2026-08-04,seibro+etfcheck,2026-10-03 09:33,
448300,국내ETF,,0.48,분기,4,114.0,120.0,114.0,2|5|8|11,2025-11-04:28;2026-02-03:27;2026-05-06:29;2026-08-04:30,2026-08-04,seibro+etfcheck,2026-10-03 09:33,
448330,국내ETF,,2.05,월,12,362.0,444.0,362.0,1|2|3|4|5|6|7|8|9|10|11|12,2025-10-17:26;2025-11-18:22;2025-12-17:22;2026-01-19:25;2026-02-20:28;2026-03-17:28;2026-04-17:30;2026-05-19:32;2026-06-17:36;2026-07-20:38;2026-08-19:38;2026-09-17:37,2026-09-17,seibro+etfcheck,2026-10-03 09:33,
448490,국내ETF,,0.94,연,1,500.0,500.0,500.0,1,2026-01-05:500,2026-01-05,seibro+etfcheck,2026-10-03 09:33,
448540,국내ETF,,0.87,연,1,233.0,233.0,233.0,1,2026-01-05:233,2026-01-05,seibro+etfcheck,2026-10-03 09:33,
448570,국내ETF,,0.92,연,1,280.0,280.0,280.0,5,2026-05-06:280,2026-05-06,seibro+etfcheck,2026-10-03 09:33,
448600,국내ETF,,,연,1,111.0,111.0,,11,2025-11-04:111,2025-11-04,seibro,2026-10-03 09:33,
448630,국내ETF,,0.07,연,1,11.0,11.0,11.0,5,2026-05-06:11,2026-05-06,seibro+etfcheck,2026-10-03 09:33,
448710,국내주식,150.0,1.29,연,1,150.0,150.0,,4,2026-04-24:150,2026-04-24,seibro,2026-10-03 09:33,
448730,국내주식,69.0,5.48,분기,4,275.0297,276.0,,1|4|7|8,2026-01-26:68.6766;2026-04-28:68.6766;2026-08-04:68.6766;2026-07-31:69,2026-07-31,seibro,2026-10-03 09:33,
449170,국내ETF,,0.61,연,1,680.0,680.0,680.0,12,2025-12-02:680,2025-12-02,seibro+etfcheck,2026-10-03 09:33,
449180,국내ETF,,0.93,분기,4,160.0,160.0,160.0,2|5|8|11,2025-11-04:38;2026-02-03:40;2026-05-06:42;2026-08-04:40,2026-08-04,seibro+etfcheck,2026-10-03 09:33,
449190,국내ETF,,0.51,분기,4,118.0,132.0,118.0,2|5|8|11,2025-11-04:25;2026-02-03:30;2026-05-06:30;2026-08-04:33,2026-08-04,seibro+etfcheck,2026-10-03 09:33,
449450,국내ETF,,0.14,연,1,75.0,75.0,52.0,5,2026-05-06:75,2026-05-06,seibro+etfcheck,2026-10-03 09:33,
449580,국내ETF,,2.03,반기,2,326.0,342.0,326.0,1|8,2026-01-05:155;2026-08-04:171,2026-08-04,seibro+etfcheck,2026-10-03 09:33,
449680,국내ETF,,0.06,연,1,6.0,6.0,6.0,1,2026-01-05:6,2026-01-05,seibro+etfcheck,2026-10-03 09:33,
449690,국내ETF,,0.03,연,1,13.0,13.0,13.0,1,2026-01-05:13,2026-01-05,seibro+etfcheck,2026-10-03 09:33,
449770,국내ETF,,1.03,분기,4,212.0,188.0,212.0,2|5|8|11,2025-11-04:47;2026-02-03:63;2026-05-06:55;2026-08-04:47,2026-08-04,seibro+etfcheck,2026-10-03 09:33,
449780,국내ETF,,0.96,분기,4,179.0,172.0,179.0,2|5|8|11,2025-11-04:41;2026-02-03:46;2026-05-06:49;2026-08-04:43,2026-08-04,seibro+etfcheck,2026-10-03 09:33,
449870,국내주식,38.0,,연,1,38.0,38.0,,6,2026-06-23:38,2026-06-23,seibro,2026-10-03 09:33,
45008L,국내주식,1139.61,,연,1,1139.61,1139.61,,4,2026-04-22:1139.61,2026-04-22,seibro,2026-10-03 09:33,
450330,국내주식,60.0,1.19,연,1,60.0,60.0,,4,2026-04-17:60,2026-04-17,seibro,2026-10-03 09:33,
450910,국내ETF,,0.2,연,1,30.0,30.0,30.0,5,2026-05-04:30,2026-05-04,seibro+etfcheck,2026-10-03 09:33,
450950,국내주식,52.0,0.82,연,1,52.0,52.0,,4,2026-04-09:52,2026-04-09,seibro,2026-10-03 09:33,
451000,국내ETF,,1.36,연,1,1465.0,1465.0,1465.0,12,2025-12-17:1465,2025-12-17,seibro+etfcheck,2026-10-03 09:33,
451060,국내ETF,,1.18,분기,4,425.0,252.0,425.0,2|5|8|11,2025-11-03:39;2026-02-02:212;2026-05-04:143;2026-08-03:31,2026-08-03,seibro+etfcheck,2026-10-03 09:33,2026-02-02:173
451250,국내주식,200.0,2.72,연,1,200.0,200.0,,4,2026-04-09:200,2026-04-09,seibro,2026-10-03 09:33,
451530,국내ETF,,1.7,연,1,612.0,612.0,612.0,12,2025-12-02:612,2025-12-02,seibro+etfcheck,2026-10-03 09:33,
451540,국내ETF,,1.32,연,1,700.0,700.0,700.0,12,2025-12-02:700,2025-12-02,seibro+etfcheck,2026-10-03 09:33,
451600,국내ETF,,1.51,연,1,1296.0,1296.0,1296.0,12,2025-12-17:1296,2025-12-17,seibro+etfcheck,2026-10-03 09:33,
451670,국내ETF,,1.61,연,1,201.0,201.0,183.0,1,2026-01-05:201,2026-01-05,seibro+etfcheck,2026-10-03 09:33,
451800,국내주식,135.0,5.03,반기,2,270.0,270.0,,1|7,2026-01-30:135;2026-07-31:135,2026-07-31,seibro,2026-10-03 09:33,
452160,국내주식,100.0,3.22,연,1,100.0,100.0,,4,2026-04-15:100,2026-04-15,seibro,2026-10-03 09:33,
452250,국내ETF,,2.4,연,1,101.0,101.0,0.0,1,2026-01-05:101,2026-01-05,seibro+etfcheck,2026-10-03 09:33,
452300,국내주식,29.0,1.14,연,1,29.0,29.0,,4,2026-04-23:29,2026-04-23,seibro,2026-10-03 09:33,
452360,국내ETF,,2.92,월,12,375.0,432.0,375.0,1|2|3|4|5|6|7|8|9|10|11|12,2025-11-03:32;2025-12-01:32;2026-01-02:34;2026-02-02:28;2026-03-03:33;2026-04-01:30;2026-05-04:28;2026-06-01:29;2026-07-01:36;2026-08-03:31;2026-09-01:26;2026-10-01:36,2026-10-01,seibro+etfcheck,2026-10-03 09:33,
452440,국내ETF,,,반기,2,46.0,46.0,,1|11,2025-11-04:6;2026-01-02:40,2026-01-02,seibro,2026-10-03 09:33,
453010,국내ETF,,1.02,연,1,1122.0,1122.0,1122.0,12,2025-12-17:1122,2025-12-17,seibro+etfcheck,2026-10-03 09:33,
453060,국내ETF,,0.01,연,1,10.0,10.0,10.0,1,2026-01-05:10,2026-01-05,seibro+etfcheck,2026-10-03 09:33,
453080,국내ETF,,0.47,분기,4,111.0,120.0,111.0,2|5|8|11,2025-11-04:26;2026-02-03:26;2026-05-06:29;2026-08-04:30,2026-08-04,seibro+etfcheck,2026-10-03 09:33,
453330,국내ETF,,1.01,월,12,183.0,180.0,183.0,1|2|3|4|5|6|7|8|9|10|11|12,2025-11-04:15;2025-12-02:15;2026-01-05:16;2026-02-03:15;2026-03-04:16;2026-04-02:15;2026-05-06:15;2026-06-02:15;2026-07-02:16;2026-08-04:15;2026-09-02:15;2026-10-02:15,2026-10-02,seibro+etfcheck,2026-10-03 09:33,
453340,국내주식,314.0,3.62,반기,2,684.0,628.0,,4|9,2026-04-23:370;2026-09-30:314,2026-09-30,seibro,2026-10-03 09:33,
453630,국내ETF,,2.54,분기,4,293.0,296.0,293.0,2|5|8|11,2025-11-04:65;2026-02-03:80;2026-05-06:74;2026-08-04:74,2026-08-04,seibro+etfcheck,2026-10-03 09:33,
453640,국내ETF,,1.49,분기,4,203.0,224.0,203.0,2|5|8|11,2025-11-04:47;2026-02-03:48;2026-05-06:52;2026-08-04:56,2026-08-04,seibro+etfcheck,2026-10-03 09:33,
453650,국내ETF,,1.43,분기,4,254.0,248.0,254.0,2|5|8|11,2025-11-04:54;2026-02-03:63;2026-05-06:75;2026-08-04:62,2026-08-04,seibro+etfcheck,2026-10-03 09:33,
453660,국내ETF,,0.83,분기,4,133.0,140.0,133.0,2|5|8|11,2025-11-04:30;2026-02-03:34;2026-05-06:34;2026-08-04:35,2026-08-04,seibro+etfcheck,2026-10-03 09:33,
453810,국내ETF,,1.63,분기,4,173.0,173.0,173.0,2|5|8|11,2025-11-04:45;2026-02-03:25;2026-05-06:27;2026-08-04:76,2026-08-04,seibro+etfcheck,2026-10-03 09:33,
453820,국내ETF,,1.41,연,1,135.0,135.0,135.0,1,2026-01-05:135,2026-01-05,seibro+etfcheck,2026-10-03 09:33,
453850,국내ETF,,4.37,월,12,296.0,300.0,0.0,1|2|3|4|5|6|7|8|9|10|11|12,2025-11-04:28;2025-12-02:25;2026-01-05:24;2026-02-03:23;2026-03-04:23;2026-04-02:20;2026-05-06:25;2026-06-02:25;2026-07-02:26;2026-08-04:26;2026-09-02:26;2026-10-02:25,2026-10-02,seibro+etfcheck,2026-10-03 09:33,
453860,국내주식,500.0,6.99,연,1,500.0,500.0,,4,2026-04-22:500,2026-04-22,seibro,2026-10-03 09:33,
453870,국내ETF,,1.34,분기,4,140.0,140.0,140.0,2|5|8|11,2025-11-04:35;2026-02-03:40;2026-05-06:15;2026-08-04:50,2026-08-04,seibro+etfcheck,2026-10-03 09:33,
453950,국내ETF,,0.3,반기,2,105.0,70.0,105.0,5|11,2025-11-04:70;2026-05-06:35,2026-05-06,seibro+etfcheck,2026-10-03 09:33,
454180,국내ETF,,,분기,4,130.0,130.0,0.0,2|5|8|11,2025-11-04:47;2026-02-03:39;2026-05-06:29;2026-08-04:15,2026-08-04,seibro+etfcheck,2026-10-03 09:33,
454320,국내ETF,,0.19,연,1,80.0,80.0,80.0,5,2026-05-06:80,2026-05-06,seibro+etfcheck,2026-10-03 09:33,
454780,국내ETF,,3.03,연,1,3028.0,3028.0,3028.0,1,2026-01-05:3028,2026-01-05,seibro+etfcheck,2026-10-03 09:33,
455030,국내ETF,,4.27,월,12,495.0,516.0,495.0,1|2|3|4|5|6|7|8|9|10|11|12,2025-11-04:42;2025-12-02:49;2026-01-05:38;2026-02-03:46;2026-03-04:37;2026-04-02:34;2026-05-06:37;2026-06-02:40;2026-07-02:43;2026-08-04:43;2026-09-02:43;2026-10-02:43,2026-10-02,seibro+etfcheck,2026-10-03 09:33,
455660,국내ETF,,6.98,월,12,638.0,612.0,288.0,1|2|3|4|5|6|7|8|9|10|11|12,2025-11-04:53;2025-12-02:54;2026-01-05:53;2026-02-03:54;2026-03-04:53;2026-04-02:50;2026-05-06:54;2026-06-02:54;2026-07-02:55;2026-08-04:55;2026-09-02:52;2026-10-02:51,2026-10-02,seibro+etfcheck,2026-10-03 09:33,
455850,국내ETF,,0.04,연,1,12.0,12.0,10.0,5,2026-05-04:12,2026-05-04,seibro+etfcheck,2026-10-03 09:33,
455860,국내ETF,,0.34,연,1,16.0,16.0,13.0,5,2026-05-04:16,2026-05-04,seibro+etfcheck,2026-10-03 09:33,
455890,국내ETF,,1.37,연,1,765.0,765.0,765.0,12,2025-12-17:765,2025-12-17,seibro+etfcheck,2026-10-03 09:33,
455960,국내ETF,,0.01,연,1,1.0,1.0,1.0,1,2026-01-05:1,2026-01-05,seibro+etfcheck,2026-10-03 09:33,
456200,국내ETF,,0.03,연,1,15.0,15.0,15.0,1,2026-01-05:15,2026-01-05,seibro+etfcheck,2026-10-03 09:33,
456250,국내ETF,,1.6,분기,4,121.0,121.0,41.0,2|5|8|11,2025-11-04:25;2026-02-03:16;2026-05-06:5;2026-08-04:75,2026-08-04,seibro+etfcheck,2026-10-03 09:33,
456600,국내ETF,,0.05,연,1,27.0,27.0,27.0,1,2026-01-05:27,2026-01-05,seibro+etfcheck,2026-10-03 09:33,
456610,국내ETF,,0.07,연,1,41.0,41.0,41.0,12,2025-12-02:41,2025-12-02,seibro+etfcheck,2026-10-03 09:33,
456680,국내ETF,,1.87,연,1,90.0,90.0,0.0,1,2026-01-05:90,2026-01-05,seibro+etfcheck,2026-10-03 09:33,
456880,국내ETF,,0.01,연,1,1.0,1.0,1.0,1,2026-01-05:1,2026-01-05,seibro+etfcheck,2026-10-03 09:33,
457370,국내주식,200.0,1.82,연,1,200.0,200.0,,4,2026-04-20:200,2026-04-20,seibro,2026-10-03 09:33,
457480,국내ETF,,2.07,연,1,365.0,365.0,365.0,1,2026-01-05:365,2026-01-05,seibro+etfcheck,2026-10-03 09:33,
457550,국내주식,150.0,1.06,연,1,150.0,150.0,,4,2026-04-20:150,2026-04-20,seibro,2026-10-03 09:33,
457690,국내ETF,,1.61,연,1,170.0,170.0,170.0,12,2025-12-17:170,2025-12-17,seibro+etfcheck,2026-10-03 09:33,
457700,국내ETF,,1.98,연,1,184.0,184.0,184.0,12,2025-12-17:184,2025-12-17,seibro+etfcheck,2026-10-03 09:33,
457990,국내ETF,,0.5,연,1,190.0,190.0,36.0,5,2026-05-06:190,2026-05-06,seibro+etfcheck,2026-10-03 09:33,
458030,국내ETF,,1.09,연,1,604.0,604.0,604.0,1,2026-01-05:604,2026-01-05,seibro+etfcheck,2026-10-03 09:33,
458210,국내ETF,,0.01,연,1,16.0,16.0,16.0,1,2026-01-05:16,2026-01-05,seibro+etfcheck,2026-10-03 09:33,
458250,국내ETF,,0.59,연,1,187.0,187.0,0.0,12,2025-12-02:187,2025-12-02,seibro+etfcheck,2026-10-03 09:33,
458260,국내ETF,,5.17,월,12,2306.0,2880.0,1178.0,1|2|3|4|5|6|7|8|9|10|11|12,2025-11-04:191;2025-12-02:220;2026-01-05:180;2026-02-03:170;2026-03-04:196;2026-04-02:224;2026-05-06:150;2026-06-02:210;2026-07-02:175;2026-08-04:175;2026-09-02:175;2026-10-02:240,2026-10-02,seibro+etfcheck,2026-10-03 09:33,
458650,국내주식,200.0,2.59,연,1,200.0,200.0,,4,2026-04-27:200,2026-04-27,seibro,2026-10-03 09:33,
458730,국내ETF,,3.09,월,12,434.0,468.0,434.0,1|2|3|4|5|6|7|8|9|10|11|12,2025-11-04:30;2025-12-02:38;2026-01-05:40;2026-02-03:32;2026-03-04:38;2026-04-02:36;2026-05-06:33;2026-06-02:36;2026-07-02:45;2026-08-04:37;2026-09-02:30;2026-10-02:39,2026-10-02,seibro+etfcheck,2026-10-03 09:33,
458750,국내ETF,,6.29,월,12,767.0,780.0,767.0,1|2|3|4|5|6|7|8|9|10|11|12,2025-10-17:63;2025-11-18:50;2025-12-17:73;2026-01-19:58;2026-02-20:62;2026-03-17:74;2026-04-17:63;2026-05-19:62;2026-06-17:69;2026-07-20:68;2026-08-19:60;2026-09-17:65,2026-09-17,seibro+etfcheck,2026-10-03 09:33,
458760,국내ETF,,10.65,월,12,1093.0,1092.0,1093.0,1|2|3|4|5|6|7|8|9|10|11|12,2025-11-04:83;2025-12-02:87;2026-01-05:88;2026-02-03:88;2026-03-04:94;2026-04-02:94;2026-05-06:92;2026-06-02:96;2026-07-02:97;2026-08-04:93;2026-09-02:90;2026-10-02:91,2026-10-02,seibro+etfcheck,2026-10-03 09:33,
459100,국내주식,300.0,7.47,연,1,300.0,300.0,,4,2026-04-22:300,2026-04-22,seibro,2026-10-03 09:33,
459560,국내ETF,,0.64,분기,4,142.0,156.0,142.0,2|5|8|11,2025-11-04:28;2026-02-03:55;2026-05-06:20;2026-08-04:39,2026-08-04,seibro+etfcheck,2026-10-03 09:33,
459580,국내ETF,,2.79,월,12,30006.0,33336.0,30006.0,1|2|3|4|5|6|7|8|9|10|11|12,2025-11-04:2195;2025-12-02:2328;2026-01-05:2461;2026-02-03:2572;2026-03-04:2616;2026-04-02:2308;2026-05-06:2389;2026-06-02:2468;2026-07-02:2663;2026-08-04:2470;2026-09-02:2758;2026-10-02:2778,2026-10-02,seibro+etfcheck,2026-10-03 09:33,
459750,국내ETF,,1.86,반기,2,321.0,184.0,321.0,1|8,2026-01-05:229;2026-08-04:92,2026-08-04,seibro+etfcheck,2026-10-03 09:33,
459790,국내ETF,,0.39,연,1,80.0,80.0,80.0,1,2026-01-05:80,2026-01-05,seibro+etfcheck,2026-10-03 09:33,
460270,국내ETF,,0.01,연,1,1.0,1.0,1.0,1,2026-01-05:1,2026-01-05,seibro+etfcheck,2026-10-03 09:33,
460660,국내ETF,,3.16,월,12,347.0,336.0,347.0,1|2|3|4|5|6|7|8|9|10|11|12,2025-11-04:28;2025-12-02:28;2026-01-05:28;2026-02-03:28;2026-03-04:30;2026-04-02:29;2026-05-06:29;2026-06-02:29;2026-07-02:31;2026-08-04:30;2026-09-02:29;2026-10-02:28,2026-10-02,seibro+etfcheck,2026-10-03 09:33,
460850,국내주식,300.0,5.57,연,1,300.0,300.0,,4,2026-04-20:300,2026-04-20,seibro,2026-10-03 09:33,
460860,국내주식,200.0,4.04,반기,2,400.0,400.0,,4|9,2026-04-17:200;2026-09-04:200,2026-09-04,seibro,2026-10-03 09:33,
460930,국내주식,130.0,0.99,연,1,130.0,130.0,,4,2026-04-17:130,2026-04-17,seibro,2026-10-03 09:33,
460940,국내주식,40.0,0.75,연,1,40.0,40.0,,4,2026-04-22:40,2026-04-22,seibro,2026-10-03 09:33,
460960,국내ETF,,8.23,월,12,856.0,780.0,856.0,1|2|3|4|5|6|7|8|9|10|11|12,2025-11-04:63;2025-12-02:60;2026-01-05:113;2026-02-03:64;2026-03-04:64;2026-04-02:71;2026-05-06:72;2026-06-02:73;2026-07-02:74;2026-08-04:70;2026-09-02:67;2026-10-02:65,2026-10-02,seibro+etfcheck,2026-10-03 09:33,
461270,국내ETF,,,연,1,167.0,167.0,,12,2025-12-02:167,2025-12-02,seibro,2026-10-03 09:33,
461300,국내주식,1083.0,5.87,연,1,1083.0,1083.0,,8,2026-08-25:1083,2026-08-25,seibro,2026-10-03 09:33,
461340,국내ETF,,0.12,분기,3,53.0,51.0,53.0,2|5|11,2025-11-04:24;2026-02-03:12;2026-05-06:17,2026-05-06,seibro+etfcheck,2026-10-03 09:33,
461450,국내ETF,,0.22,연,1,37.0,37.0,37.0,5,2026-05-06:37,2026-05-06,seibro+etfcheck,2026-10-03 09:33,
461460,국내ETF,,1.32,연,1,681.0,681.0,681.0,12,2025-12-17:681,2025-12-17,seibro+etfcheck,2026-10-03 09:33,
461490,국내ETF,,0.78,반기,2,113.0,113.0,113.0,1|5,2026-01-05:100;2026-05-06:13,2026-05-06,seibro+etfcheck,2026-10-03 09:33,
461500,국내ETF,,3.31,연,1,3500.0,3500.0,3500.0,11,2025-11-04:3500,2025-11-04,seibro+etfcheck,2026-10-03 09:33,
461580,국내ETF,,0.12,연,1,20.0,20.0,20.0,5,2026-05-06:20,2026-05-06,seibro+etfcheck,2026-10-03 09:33,
461600,국내ETF,,2.58,연,1,204.0,204.0,0.0,12,2025-12-01:204,2025-12-01,seibro+etfcheck,2026-10-03 09:33,
461900,국내ETF,,0.07,연,1,15.0,15.0,15.0,5,2026-05-06:15,2026-05-06,seibro+etfcheck,2026-10-03 09:33,
461910,국내ETF,,0.93,연,1,350.0,350.0,350.0,1,2026-01-05:350,2026-01-05,seibro+etfcheck,2026-10-03 09:33,
461950,국내ETF,,0.38,반기,2,19.0,18.0,19.0,5|8,2026-05-06:10;2026-08-04:9,2026-08-04,seibro+etfcheck,2026-10-03 09:33,
462010,국내ETF,,0.2,연,1,10.0,10.0,10.0,5,2026-05-06:10,2026-05-06,seibro+etfcheck,2026-10-03 09:33,
462200,국내주식,24.0,,연,1,24.0,24.0,,4,2026-04-21:24,2026-04-21,seibro,2026-10-03 09:33,
462520,국내주식,800.0,7.75,반기,2,1000.0,1000.0,,4|7,2026-04-03:200;2026-07-29:800,2026-07-29,seibro,2026-10-03 09:33,
462860,국내주식,15.0,1.18,반기,2,35.0,30.0,,4|7,2026-04-13:20;2026-07-22:15,2026-07-22,seibro,2026-10-03 09:33,
463250,국내ETF,,0.16,연,1,55.0,55.0,55.0,5,2026-05-06:55,2026-05-06,seibro+etfcheck,2026-10-03 09:33,
463290,국내ETF,,1.66,연,1,1819.0,1819.0,1819.0,1,2026-01-02:1819,2026-01-02,seibro+etfcheck,2026-10-03 09:33,
463300,국내ETF,,2.58,반기,2,318.0,228.0,318.0,1|8,2026-01-05:204;2026-08-04:114,2026-08-04,seibro+etfcheck,2026-10-03 09:33,
463640,국내ETF,,2.78,분기,4,348.0,360.0,348.0,2|5|8|11,2025-11-04:81;2026-02-03:90;2026-05-06:87;2026-08-04:90,2026-08-04,seibro+etfcheck,2026-10-03 09:33,
463680,국내ETF,,0.44,분기,4,102.0,92.0,102.0,2|5|8|11,2025-11-04:23;2026-02-03:30;2026-05-06:26;2026-08-04:23,2026-08-04,seibro+etfcheck,2026-10-03 09:33,
463690,국내ETF,,0.97,분기,4,167.0,180.0,167.0,2|5|8|11,2025-11-04:37;2026-02-03:40;2026-05-06:45;2026-08-04:45,2026-08-04,seibro+etfcheck,2026-10-03 09:33,
464240,국내ETF,,,분기,4,1828.0,1720.0,1398.0,3|6|9|12,2025-12-12:475;2026-03-12:470;2026-06-12:453;2026-09-14:430,2026-09-14,seibro+etfcheck,2026-10-03 09:33,
464310,국내ETF,,0.66,연,1,89.0,89.0,89.0,1,2026-01-05:89,2026-01-05,seibro+etfcheck,2026-10-03 09:33,
464470,국내ETF,,2.84,월,12,1260.0,1116.0,1074.0,1|2|3|4|5|6|7|8|9|10|11|12,2025-11-04:110;2025-12-02:110;2026-01-05:108;2026-02-03:107;2026-03-04:108;2026-04-02:108;2026-05-06:108;2026-06-02:106;2026-07-02:109;2026-08-04:100;2026-09-02:93;2026-10-02:93,2026-10-02,seibro+etfcheck,2026-10-03 09:33,
464600,국내ETF,,0.55,연,1,135.0,135.0,135.0,5,2026-05-04:135,2026-05-04,seibro+etfcheck,2026-10-03 09:33,
464610,국내ETF,,0.17,연,1,12.0,12.0,12.0,5,2026-05-04:12,2026-05-04,seibro+etfcheck,2026-10-03 09:33,
464920,국내ETF,,0.83,연,1,215.0,215.0,215.0,5,2026-05-06:215,2026-05-06,seibro+etfcheck,2026-10-03 09:33,
464930,국내ETF,,0.74,연,1,150.0,150.0,150.0,1,2026-01-05:150,2026-01-05,seibro+etfcheck,2026-10-03 09:33,
465330,국내ETF,,0.09,연,1,11.0,11.0,11.0,5,2026-05-06:11,2026-05-06,seibro+etfcheck,2026-10-03 09:33,
465350,국내ETF,,2.3,연,1,360.0,360.0,360.0,1,2026-01-05:360,2026-01-05,seibro+etfcheck,2026-10-03 09:33,
465480,국내주식,100.0,2.53,연,1,100.0,100.0,,4,2026-04-24:100,2026-04-24,seibro,2026-10-03 09:33,
465580,국내ETF,,0.22,연,1,54.0,54.0,54.0,1,2026-01-05:54,2026-01-05,seibro+etfcheck,2026-10-03 09:33,
465610,국내ETF,,1.12,연,1,470.0,470.0,470.0,1,2026-01-05:470,2026-01-05,seibro+etfcheck,2026-10-03 09:33,
465620,국내ETF,,2.91,연,1,188.0,188.0,0.0,1,2026-01-05:188,2026-01-05,seibro+etfcheck,2026-10-03 09:33,
465660,국내ETF,,0.82,분기,4,220.0,220.0,220.0,2|5|8|11,2025-11-04:15;2026-02-03:100;2026-05-06:80;2026-08-04:25,2026-08-04,seibro+etfcheck,2026-10-03 09:33,
465670,국내ETF,,1.53,월,12,240.0,264.0,240.0,1|2|3|4|5|6|7|8|9|10|11|12,2025-11-04:15;2025-12-02:26;2026-01-05:35;2026-02-03:16;2026-03-04:21;2026-04-02:12;2026-05-06:16;2026-06-02:17;2026-07-02:25;2026-08-04:18;2026-09-02:17;2026-10-02:22,2026-10-02,seibro+etfcheck,2026-10-03 09:33,
465780,국내ETF,,,연,1,2940.0,2940.0,2940.0,1,2026-01-05:2940,2026-01-05,seibro+etfcheck,2026-10-03 09:33,
466920,국내ETF,,0.2,연,1,52.0,52.0,52.0,5,2026-05-04:52,2026-05-04,seibro+etfcheck,2026-10-03 09:33,
466930,국내ETF,,1.67,연,1,392.0,392.0,392.0,5,2026-05-04:392,2026-05-04,seibro+etfcheck,2026-10-03 09:33,
466940,국내ETF,,3.97,월,12,1028.0,1248.0,1002.0,1|2|3|4|5|6|7|8|9|10|11|12,2025-11-04:72;2025-12-02:72;2026-01-05:72;2026-02-03:73;2026-03-04:87;2026-04-02:87;2026-05-06:87;2026-06-02:87;2026-07-02:87;2026-08-04:100;2026-09-02:100;2026-10-02:104,2026-10-02,seibro+etfcheck,2026-10-03 09:33,
466950,국내ETF,,0.16,연,1,50.0,50.0,50.0,1,2026-01-05:50,2026-01-05,seibro+etfcheck,2026-10-03 09:33,
468370,국내ETF,,4.37,격월,8,444.0,444.0,444.0,1|2|6|7|8|9|11|12,2025-11-04:17;2025-12-02:38;2026-01-05:32;2026-02-03:31;2026-06-02:47;2026-07-02:115;2026-08-04:98;2026-09-02:66,2026-09-02,seibro+etfcheck,2026-10-03 09:33,
468380,국내ETF,,7.47,월,12,774.0,720.0,774.0,1|2|3|4|5|6|7|8|9|10|11|12,2025-11-04:62;2025-12-02:63;2026-01-05:68;2026-02-03:73;2026-03-04:64;2026-04-02:59;2026-05-06:71;2026-06-02:61;2026-07-02:65;2026-08-04:65;2026-09-02:63;2026-10-02:60,2026-10-02,seibro+etfcheck,2026-10-03 09:33,
468630,국내ETF,,4.9,월,12,502.0,492.0,502.0,1|2|3|4|5|6|7|8|9|10|11|12,2025-11-04:39;2025-12-02:40;2026-01-05:39;2026-02-03:49;2026-03-04:40;2026-04-02:39;2026-05-06:46;2026-06-02:42;2026-07-02:43;2026-08-04:40;2026-09-02:44;2026-10-02:41,2026-10-02,seibro+etfcheck,2026-10-03 09:33,
469050,국내ETF,,0.4,분기,4,140.0,168.0,140.0,2|5|8|11,2025-11-04:30;2026-02-03:31;2026-05-06:37;2026-08-04:42,2026-08-04,seibro+etfcheck,2026-10-03 09:33,
469060,국내ETF,,0.42,분기,4,157.0,176.0,157.0,2|5|8|11,2025-11-04:30;2026-02-03:40;2026-05-06:43;2026-08-04:44,2026-08-04,seibro+etfcheck,2026-10-03 09:33,
469070,국내ETF,,0.09,연,1,10.0,10.0,0.0,5,2026-05-06:10,2026-05-06,seibro+etfcheck,2026-10-03 09:33,
469150,국내ETF,,0.18,연,1,120.0,120.0,118.0,5,2026-05-06:120,2026-05-06,seibro+etfcheck,2026-10-03 09:33,
469160,국내ETF,,0.88,연,1,231.0,231.0,231.0,1,2026-01-05:231,2026-01-05,seibro+etfcheck,2026-10-03 09:33,
469170,국내ETF,,1.2,분기,4,71.0,71.0,71.0,2|5|8|11,2025-11-04:10;2026-02-03:13;2026-05-06:40;2026-08-04:8,2026-08-04,seibro+etfcheck,2026-10-03 09:33,
469790,국내ETF,,0.4,분기,4,180.0,180.0,57.0,2|5|8|11,2025-11-04:20;2026-02-03:40;2026-05-06:80;2026-08-04:40,2026-08-04,seibro+etfcheck,2026-10-03 09:33,
469830,국내ETF,,1.56,연,1,850.0,850.0,850.0,12,2025-12-16:850,2025-12-16,seibro+etfcheck,2026-10-03 09:33,
471230,국내ETF,,1.55,연,1,1613.0,1613.0,1613.0,12,2025-12-17:1613,2025-12-17,seibro+etfcheck,2026-10-03 09:33,
471460,국내ETF,,3.19,월,12,1470.0,1956.0,1470.0,1|2|3|4|5|6|7|8|9|10|11|12,2025-11-04:109;2025-12-02:109;2026-01-05:109;2026-02-03:109;2026-03-04:109;2026-04-02:127;2026-05-06:127;2026-06-02:127;2026-07-02:127;2026-08-04:127;2026-09-02:127;2026-10-02:163,2026-10-02,seibro+etfcheck,2026-10-03 09:33,
471760,국내ETF,,0.03,연,1,5.0,5.0,5.0,5,2026-05-06:5,2026-05-06,seibro+etfcheck,2026-10-03 09:33,
471780,국내ETF,,0.01,연,1,5.0,5.0,5.0,5,2026-05-06:5,2026-05-06,seibro+etfcheck,2026-10-03 09:33,
471820,국내주식,50.0,3.64,분기,3,150.0,150.0,,4|5|7,2026-04-17:50;2026-05-15:50;2026-07-30:50,2026-07-30,seibro,2026-10-03 09:33,
471990,국내ETF,,0.1,반기,2,29.0,29.0,27.0,5|8,2026-05-06:24;2026-08-04:5,2026-08-04,seibro+etfcheck,2026-10-03 09:33,
472150,국내ETF,,22.25,월,12,4561.0,5100.0,135.0,1|2|3|4|5|6|7|8|9|10|11|12,2025-11-04:273;2025-12-02:255;2026-01-05:270;2026-02-03:320;2026-03-04:375;2026-04-02:350;2026-05-06:415;2026-06-02:510;2026-07-02:580;2026-08-04:375;2026-09-02:413;2026-10-02:425,2026-10-02,seibro+etfcheck,2026-10-03 09:33,
472160,국내ETF,,0.23,연,1,45.0,45.0,45.0,1,2026-01-05:45,2026-01-05,seibro+etfcheck,2026-10-03 09:33,
472170,국내ETF,,0.36,연,1,51.0,51.0,51.0,12,2025-12-02:51,2025-12-02,seibro+etfcheck,2026-10-03 09:33,
472350,국내ETF,,,연,1,53.0,53.0,,1,2026-01-02:53,2026-01-02,seibro,2026-10-03 09:33,
472720,국내ETF,,1.5,연,1,381.0,381.0,381.0,1,2026-01-02:381,2026-01-02,seibro+etfcheck,2026-10-03 09:33,
472830,국내ETF,,11.52,월,12,838.0,624.0,588.0,1|2|3|4|5|6|7|8|9|10|11|12,2025-11-04:86;2025-12-02:80;2026-01-05:80;2026-02-03:80;2026-03-04:72;2026-04-02:70;2026-05-06:68;2026-06-02:67;2026-07-02:65;2026-08-04:64;2026-09-02:54;2026-10-02:52,2026-10-02,seibro+etfcheck,2026-10-03 09:33,
472840,국내ETF,,0.8,분기,4,887.0,887.0,867.0,2|5|8|11,2025-11-04:151;2026-02-03:110;2026-05-06:512;2026-08-04:114,2026-08-04,seibro+etfcheck,2026-10-03 09:33,
472850,국내주식,40.0,6.18,격월,5,290.0,290.0,,4|5|7|10,2025-10-24:50;2026-04-14:130;2026-05-29:35;2026-07-15:35;2026-10-15:40,2026-10-15,seibro,2026-10-03 09:33,
472870,국내ETF,,3.66,월,12,234.0,192.0,0.0,1|2|3|4|5|6|7|8|9|10|11|12,2025-11-04:22;2025-12-02:21;2026-01-05:21;2026-02-03:20;2026-03-04:20;2026-04-02:20;2026-05-06:19;2026-06-02:20;2026-07-02:20;2026-08-04:18;2026-09-02:17;2026-10-02:16,2026-10-02,seibro+etfcheck,2026-10-03 09:33,
472920,국내ETF,,7.48,연,1,7368.0,7368.0,7368.0,1,2026-01-05:7368,2026-01-05,seibro+etfcheck,2026-10-03 09:33,
473290,국내ETF,,1.79,연,1,195.0,195.0,195.0,12,2025-12-17:195,2025-12-17,seibro+etfcheck,2026-10-03 09:33,
473330,국내ETF,,13.41,월,12,992.0,720.0,743.0,1|2|3|4|5|6|7|8|9|10|11|12,2025-11-03:80;2025-12-01:130;2026-01-02:115;2026-02-02:75;2026-03-03:75;2026-04-01:77;2026-05-04:95;2026-06-01:75;2026-07-01:85;2026-08-03:65;2026-09-01:60;2026-10-01:60,2026-10-01,seibro+etfcheck,2026-10-03 09:33,
473440,국내ETF,,1.54,연,1,167.0,167.0,167.0,12,2025-12-02:167,2025-12-02,seibro+etfcheck,2026-10-03 09:33,
473460,국내ETF,,0.22,분기,4,52.0,60.0,52.0,2|5|8|11,2025-11-04:12;2026-02-03:13;2026-05-06:12;2026-08-04:15,2026-08-04,seibro+etfcheck,2026-10-03 09:33,
473490,국내ETF,,0.31,분기,4,104.0,104.0,104.0,2|5|8|11,2025-11-04:33;2026-02-03:13;2026-05-06:13;2026-08-04:45,2026-08-04,seibro+etfcheck,2026-10-03 09:33,
473590,국내ETF,,0.12,연,1,24.0,24.0,24.0,1,2026-01-05:24,2026-01-05,seibro+etfcheck,2026-10-03 09:33,
473640,국내ETF,,0.26,연,1,80.0,80.0,80.0,2,2026-02-03:80,2026-02-03,seibro+etfcheck,2026-10-03 09:33,
474220,국내ETF,,10.51,월,12,1568.0,1452.0,1568.0,1|2|3|4|5|6|7|8|9|10|11|12,2025-10-17:126;2025-11-18:137;2025-12-17:136;2026-01-19:134;2026-02-20:129;2026-03-17:126;2026-04-17:126;2026-05-19:138;2026-06-17:133;2026-07-20:132;2026-08-19:130;2026-09-17:121,2026-09-17,seibro+etfcheck,2026-10-03 09:33,
474390,국내ETF,,2.23,연,1,915.0,915.0,915.0,12,2025-12-16:915,2025-12-16,seibro+etfcheck,2026-10-03 09:33,
474800,국내ETF,,1.76,분기,4,271.0,280.0,271.0,2|5|8|11,2025-11-04:75;2026-02-03:41;2026-05-06:85;2026-08-04:70,2026-08-04,seibro+etfcheck,2026-10-03 09:33,
475050,국내ETF,,0.91,연,1,60.0,60.0,57.0,5,2026-05-06:60,2026-05-06,seibro+etfcheck,2026-10-03 09:33,
475080,국내ETF,,16.37,월,12,1272.0,1188.0,628.0,1|2|3|4|5|6|7|8|9|10|11|12,2025-11-04:116;2025-12-02:114;2026-01-05:116;2026-02-03:112;2026-03-04:108;2026-04-02:108;2026-05-06:107;2026-06-02:109;2026-07-02:105;2026-08-04:79;2026-09-02:99;2026-10-02:99,2026-10-02,seibro+etfcheck,2026-10-03 09:33,
475260,국내ETF,,1.25,연,1,135.0,135.0,135.0,12,2025-12-02:135,2025-12-02,seibro+etfcheck,2026-10-03 09:33,
475270,국내ETF,,1.14,연,1,123.0,123.0,123.0,12,2025-12-02:123,2025-12-02,seibro+etfcheck,2026-10-03 09:33,
475280,국내ETF,,1.19,연,1,128.0,128.0,128.0,12,2025-12-02:128,2025-12-02,seibro+etfcheck,2026-10-03 09:33,
475300,국내ETF,,0.15,연,1,40.0,40.0,40.0,5,2026-05-04:40,2026-05-04,seibro+etfcheck,2026-10-03 09:33,
475310,국내ETF,,0.02,연,1,5.0,5.0,2.0,5,2026-05-04:5,2026-05-04,seibro+etfcheck,2026-10-03 09:33,
475350,국내ETF,,1.7,반기,2,237.0,170.0,237.0,1|8,2026-01-05:152;2026-08-04:85,2026-08-04,seibro+etfcheck,2026-10-03 09:33,
475380,국내ETF,,4.22,월,12,399.0,384.0,399.0,1|2|3|4|5|6|7|8|9|10|11|12,2025-11-04:34;2025-12-02:34;2026-01-05:34;2026-02-03:31;2026-03-04:31;2026-04-02:33;2026-05-06:35;2026-06-02:35;2026-07-02:35;2026-08-04:33;2026-09-02:32;2026-10-02:32,2026-10-02,seibro+etfcheck,2026-10-03 09:33,
475430,국내주식,50.0,1.11,연,1,50.0,50.0,,4,2026-04-24:50,2026-04-24,seibro,2026-10-03 09:33,
475460,국내주식,100.0,3.51,연,1,100.0,100.0,,4,2026-04-22:100,2026-04-22,seibro,2026-10-03 09:33,
475560,국내주식,500.0,3.47,연,1,500.0,500.0,,4,2026-04-23:500,2026-04-23,seibro,2026-10-03 09:33,
475630,국내ETF,,0.57,연,1,6133.0,6133.0,6133.0,12,2025-12-02:6133,2025-12-02,seibro+etfcheck,2026-10-03 09:33,
475720,국내ETF,,20.13,월,12,2567.0,2880.0,108.0,1|2|3|4|5|6|7|8|9|10|11|12,2025-11-04:160;2025-12-02:160;2026-01-05:160;2026-02-03:180;2026-03-04:200;2026-04-02:210;2026-05-06:237;2026-06-02:265;2026-07-02:280;2026-08-04:235;2026-09-02:240;2026-10-02:240,2026-10-02,seibro+etfcheck,2026-10-03 09:33,
476030,국내ETF,,0.44,분기,4,76.0,68.0,76.0,2|5|8|11,2025-11-03:18;2026-02-02:19;2026-05-04:22;2026-08-03:17,2026-08-03,seibro+etfcheck,2026-10-03 09:33,
476070,국내ETF,,1.69,분기,4,169.0,93.0,169.0,2|5|8|11,2025-11-04:27;2026-02-03:17;2026-05-06:110;2026-08-04:15,2026-08-04,seibro+etfcheck,2026-10-03 09:33,2026-05-06:76
476310,국내ETF,,2.97,반기,2,265.0,228.0,265.0,1|8,2026-01-05:151;2026-08-04:114,2026-08-04,seibro+etfcheck,2026-10-03 09:33,
476450,국내ETF,,2.75,연,1,1454.0,1454.0,1454.0,1,2026-01-05:1454,2026-01-05,seibro+etfcheck,2026-10-03 09:33,
476550,국내ETF,,13.98,월,12,892.0,792.0,0.0,1|2|3|4|5|6|7|8|9|10|11|12,2025-11-04:82;2025-12-02:80;2026-01-05:77;2026-02-03:77;2026-03-04:77;2026-04-02:75;2026-05-06:74;2026-06-02:72;2026-07-02:73;2026-08-04:70;2026-09-02:69;2026-10-02:66,2026-10-02,seibro+etfcheck,2026-10-03 09:33,
476690,국내ETF,,1.7,월,12,165.0,132.0,141.0,1|2|3|4|5|6|7|8|9|10|11|12,2025-11-04:12;2025-12-02:12;2026-01-05:12;2026-02-03:12;2026-03-04:12;2026-04-02:33;2026-05-06:12;2026-06-02:12;2026-07-02:15;2026-08-04:11;2026-09-02:11;2026-10-02:11,2026-10-02,seibro+etfcheck,2026-10-03 09:33,
476750,국내ETF,,3.7,월,12,256.0,264.0,0.0,1|2|3|4|5|6|7|8|9|10|11|12,2025-11-04:25;2025-12-02:23;2026-01-05:22;2026-02-03:21;2026-03-04:18;2026-04-02:18;2026-05-06:20;2026-06-02:21;2026-07-02:22;2026-08-04:22;2026-09-02:22;2026-10-02:22,2026-10-02,seibro+etfcheck,2026-10-03 09:33,
476760,국내ETF,,4.81,월,12,398.0,384.0,268.0,1|2|3|4|5|6|7|8|9|10|11|12,2025-11-04:38;2025-12-02:35;2026-01-05:34;2026-02-03:31;2026-03-04:31;2026-04-02:30;2026-05-06:33;2026-06-02:33;2026-07-02:34;2026-08-04:34;2026-09-02:33;2026-10-02:32,2026-10-02,seibro+etfcheck,2026-10-03 09:33,
476800,국내ETF,,9.2,월,12,387.0,364.0,353.0,1|2|3|4|5|6|7|8|9|10|11|12,2025-10-17:33;2025-11-18:31;2025-12-17:29;2026-01-19:29;2026-02-20:29;2026-03-17:29;2026-04-17:30;2026-05-19:30;2026-06-17:29;2026-07-20:29;2026-08-19:29;2026-09-17:60,2026-09-17,seibro+etfcheck,2026-10-03 09:33,2026-09-17:23
476850,국내ETF,,7.19,격월,9,1586.0,1586.0,185.0,2|4|5|6|7|8|9|10|11,2025-11-04:200;2026-02-03:417;2026-04-02:90;2026-05-06:107;2026-06-02:125;2026-07-02:136;2026-08-04:290;2026-09-02:108;2026-10-02:113,2026-10-02,seibro+etfcheck,2026-10-03 09:33,
477050,국내ETF,,1.28,연,1,689.0,689.0,689.0,12,2025-12-17:689,2025-12-17,seibro+etfcheck,2026-10-03 09:33,
477080,국내ETF,,0.01,연,1,16.0,16.0,16.0,12,2025-12-17:16,2025-12-17,seibro+etfcheck,2026-10-03 09:33,
477730,국내ETF,,1.73,분기,4,116.0,116.0,0.0,2|5|8|11,2025-11-04:11;2026-02-03:10;2026-05-06:35;2026-08-04:60,2026-08-04,seibro+etfcheck,2026-10-03 09:33,
478150,국내ETF,,0.49,연,1,85.0,85.0,85.0,1,2026-01-05:85,2026-01-05,seibro+etfcheck,2026-10-03 09:33,
478560,국내주식,325.0,9.57,연,1,325.0,325.0,,4,2026-04-15:325,2026-04-15,seibro,2026-10-03 09:33,
479080,국내ETF,,0.84,연,1,455.0,455.0,455.0,11,2025-11-17:455,2025-11-17,seibro+etfcheck,2026-10-03 09:33,
479520,국내ETF,,0.55,연,1,586.0,586.0,586.0,12,2025-12-17:586,2025-12-17,seibro+etfcheck,2026-10-03 09:33,
479620,국내ETF,,0.15,연,1,40.0,40.0,40.0,5,2026-05-04:40,2026-05-04,seibro+etfcheck,2026-10-03 09:33,
479730,국내ETF,,0.94,분기,4,83.0,136.0,83.0,2|5|8|11,2025-11-04:21;2026-02-03:15;2026-05-06:13;2026-08-04:34,2026-08-04,seibro+etfcheck,2026-10-03 09:33,
479850,국내ETF,,0.23,연,1,40.0,40.0,40.0,5,2026-05-06:40,2026-05-06,seibro+etfcheck,2026-10-03 09:33,
479960,국내주식,500.0,7.87,연,1,500.0,500.0,,4,2026-04-15:500,2026-04-15,seibro,2026-10-03 09:33,
480020,국내ETF,,26.77,월,12,2650.0,3612.0,2546.0,1|2|3|4|5|6|7|8|9|10|11|12,2025-10-17:150;2025-11-18:164;2025-12-17:166;2026-01-19:163;2026-02-20:154;2026-03-17:151;2026-04-17:150;2026-05-19:168;2026-06-17:389;2026-07-20:359;2026-08-19:335;2026-09-17:301,2026-09-17,seibro+etfcheck,2026-10-03 09:33,
480030,국내ETF,,20.36,월,12,1943.0,2304.0,1751.0,1|2|3|4|5|6|7|8|9|10|11|12,2025-10-17:131;2025-11-18:138;2025-12-17:137;2026-01-19:139;2026-02-20:134;2026-03-17:134;2026-04-17:133;2026-05-19:142;2026-06-17:230;2026-07-20:224;2026-08-19:209;2026-09-17:192,2026-09-17,seibro+etfcheck,2026-10-03 09:33,
480040,국내ETF,,23.04,월,12,3482.0,3482.0,3482.0,1|2|3|4|5|6|7|8|9|10|11|12,2025-10-17:141;2025-11-18:157;2025-12-17:163;2026-01-19:168;2026-02-20:176;2026-03-17:167;2026-04-17:187;2026-05-19:243;2026-06-17:612;2026-07-20:569;2026-08-19:466;2026-09-17:433,2026-09-17,seibro+etfcheck,2026-10-03 09:33,
480260,국내ETF,,1.08,연,1,581.0,581.0,581.0,12,2025-12-02:581,2025-12-02,seibro+etfcheck,2026-10-03 09:33,
480310,국내ETF,,0.31,분기,4,67.0,67.0,67.0,2|5|8|11,2025-11-04:19;2026-02-03:8;2026-05-06:15;2026-08-04:25,2026-08-04,seibro+etfcheck,2026-10-03 09:33,
480460,국내ETF,,6.56,월,12,600.0,600.0,600.0,1|2|3|4|5|6|7|8|9|10|11|12,2025-11-04:50;2025-12-02:50;2026-01-05:50;2026-02-03:50;2026-03-04:50;2026-04-02:50;2026-05-06:50;2026-06-02:50;2026-07-02:50;2026-08-04:50;2026-09-02:50;2026-10-02:50,2026-10-02,seibro+etfcheck,2026-10-03 09:33,
48094K,국내주식,10.0,,연,1,10.0,10.0,,4,2026-04-20:10,2026-04-20,seibro,2026-10-03 09:33,
481050,국내ETF,,2.94,월,12,30021.0,34164.0,30021.0,1|2|3|4|5|6|7|8|9|10|11|12,2025-11-04:2334;2025-12-02:2331;2026-01-05:2477;2026-02-03:2549;2026-03-04:2541;2026-04-02:2218;2026-05-06:2363;2026-06-02:2380;2026-07-02:2595;2026-08-04:2638;2026-09-02:2748;2026-10-02:2847,2026-10-02,seibro+etfcheck,2026-10-03 09:33,
481060,국내ETF,,13.72,월,12,964.0,888.0,0.0,1|2|3|4|5|6|7|8|9|10|11|12,2025-10-17:87;2025-11-18:83;2025-12-17:83;2026-01-19:83;2026-02-20:83;2026-03-17:82;2026-04-17:80;2026-05-19:79;2026-06-17:78;2026-07-20:78;2026-08-19:74;2026-09-17:74,2026-09-17,seibro+etfcheck,2026-10-03 09:33,
481180,국내ETF,,0.03,연,1,5.0,5.0,5.0,5,2026-05-04:5,2026-05-04,seibro+etfcheck,2026-10-03 09:33,
481190,국내ETF,,0.22,연,1,38.0,38.0,38.0,5,2026-05-04:38,2026-05-04,seibro+etfcheck,2026-10-03 09:33,
481200,국내ETF,,,연,1,12.0,12.0,,1,2026-01-02:12,2026-01-02,seibro,2026-10-03 09:33,
481340,국내ETF,,5.46,월,12,429.0,396.0,224.0,1|2|3|4|5|6|7|8|9|10|11|12,2025-11-04:38;2025-12-02:39;2026-01-05:38;2026-02-03:37;2026-03-04:37;2026-04-02:37;2026-05-06:35;2026-06-02:35;2026-07-02:35;2026-08-04:34;2026-09-02:31;2026-10-02:33,2026-10-02,seibro+etfcheck,2026-10-03 09:33,
481430,국내ETF,,1.34,연,1,1321.0,1321.0,1321.0,12,2025-12-17:1321,2025-12-17,seibro+etfcheck,2026-10-03 09:33,
481680,국내주식,2300.0,,연,1,2300.0,2300.0,,6,2026-06-30:2300,2026-06-30,seibro,2026-10-03 09:33,
481850,국내주식,130.0,13.29,연,1,130.0,130.0,,5,2026-05-29:130,2026-05-29,seibro,2026-10-03 09:33,
482030,국내ETF,,0.17,연,1,17.0,17.0,14.0,1,2026-01-05:17,2026-01-05,seibro+etfcheck,2026-10-03 09:33,
482730,국내ETF,,10.71,월,12,1225.0,1368.0,1225.0,1|2|3|4|5|6|7|8|9|11|12,2025-11-04:100;2025-12-02:99;2026-01-05:99;2026-02-03:100;2026-03-04:97;2026-04-02:97;2026-05-06:101;2026-06-02:108;2026-07-02:108;2026-08-04:102;2026-09-02:100;2026-09-17:114,2026-09-17,seibro+etfcheck,2026-10-03 09:33,
483020,국내ETF,,0.32,연,1,30.0,30.0,0.0,5,2026-05-06:30,2026-05-06,seibro+etfcheck,2026-10-03 09:33,
483030,국내ETF,,1.5,분기,4,167.0,160.0,167.0,2|5|8|11,2025-11-04:35;2026-02-03:42;2026-05-06:50;2026-08-04:40,2026-08-04,seibro+etfcheck,2026-10-03 09:33,
483240,국내ETF,,,연,1,165.0,165.0,,1,2026-01-05:165,2026-01-05,seibro,2026-10-03 09:33,
483280,국내ETF,,15.68,월,12,1837.0,1800.0,1837.0,1|2|3|4|5|6|7|8|9|10|11|12,2025-11-04:159;2025-12-02:162;2026-01-05:163;2026-02-03:159;2026-03-04:149;2026-04-02:148;2026-05-06:160;2026-06-02:169;2026-07-02:158;2026-08-04:117;2026-09-02:143;2026-10-02:150,2026-10-02,seibro+etfcheck,2026-10-03 09:33,
483290,국내ETF,,13.08,월,12,1255.0,1188.0,1163.0,1|2|3|4|5|6|7|8|9|10|11|12,2025-11-04:92;2025-12-02:93;2026-01-05:96;2026-02-03:98;2026-03-04:106;2026-04-02:108;2026-05-06:107;2026-06-02:110;2026-07-02:109;2026-08-04:133;2026-09-02:104;2026-10-02:99,2026-10-02,seibro+etfcheck,2026-10-03 09:33,
483320,국내ETF,,0.22,연,1,57.0,57.0,57.0,1,2026-01-05:57,2026-01-05,seibro+etfcheck,2026-10-03 09:33,
483330,국내ETF,,0.41,연,1,63.0,63.0,63.0,1,2026-01-05:63,2026-01-05,seibro+etfcheck,2026-10-03 09:33,
483340,국내ETF,,0.35,연,1,79.0,79.0,79.0,1,2026-01-05:79,2026-01-05,seibro+etfcheck,2026-10-03 09:33,
483420,국내ETF,,,연,1,44.0,44.0,,1,2026-01-05:44,2026-01-05,seibro,2026-10-03 09:33,
483650,국내주식,403.0,1.43,반기,2,2629.0,2629.0,,4|12,2025-12-12:2226;2026-04-24:403,2026-04-24,seibro,2026-10-03 09:33,
484790,국내ETF,,5.49,월,12,429.0,420.0,0.0,1|2|3|4|5|6|7|8|9|10|11|12,2025-11-04:36;2025-12-02:37;2026-01-05:36;2026-02-03:37;2026-03-04:36;2026-04-02:32;2026-05-06:37;2026-06-02:36;2026-07-02:37;2026-08-04:35;2026-09-02:35;2026-10-02:35,2026-10-02,seibro+etfcheck,2026-10-03 09:33,
484870,국내주식,2491.0,13.45,연,1,2491.0,2491.0,,4,2026-04-10:2491,2026-04-10,seibro,2026-10-03 09:33,
484880,국내ETF,,3.75,월,12,828.0,1092.0,587.0,1|2|3|4|5|6|7|8|9|10|11|12,2025-11-03:73;2025-12-01:55;2026-01-02:44;2026-02-02:45;2026-03-03:50;2026-04-01:66;2026-05-04:76;2026-06-01:78;2026-07-01:78;2026-08-03:86;2026-09-01:86;2026-10-01:91,2026-10-01,seibro+etfcheck,2026-10-03 09:33,
484890,국내ETF,,1.27,연,1,670.0,670.0,670.0,12,2025-12-16:670,2025-12-16,seibro+etfcheck,2026-10-03 09:33,
485540,국내ETF,,0.39,분기,4,60.0,76.0,60.0,2|5|8|11,2025-11-04:11;2026-02-03:14;2026-05-06:16;2026-08-04:19,2026-08-04,seibro+etfcheck,2026-10-03 09:33,
485690,국내ETF,,0.33,반기,2,75.0,60.0,75.0,1|8,2026-01-05:45;2026-08-04:30,2026-08-04,seibro+etfcheck,2026-10-03 09:33,
485810,국내ETF,,0.29,연,1,33.0,33.0,33.0,1,2026-01-05:33,2026-01-05,seibro+etfcheck,2026-10-03 09:33,
486240,국내ETF,,0.26,연,1,82.0,82.0,70.0,5,2026-05-06:82,2026-05-06,seibro+etfcheck,2026-10-03 09:33,
486290,국내ETF,,15.63,월,12,1642.0,1608.0,1642.0,1|2|3|4|5|6|7|8|9|10|11|12,2025-11-04:138;2025-12-02:135;2026-01-05:136;2026-02-03:134;2026-03-04:127;2026-04-02:128;2026-05-06:138;2026-06-02:153;2026-07-02:151;2026-08-04:136;2026-09-02:132;2026-10-02:134,2026-10-02,seibro+etfcheck,2026-10-03 09:33,
486450,국내ETF,,0.64,연,1,120.0,120.0,120.0,5,2026-05-04:120,2026-05-04,seibro+etfcheck,2026-10-03 09:33,
486830,국내ETF,,0.37,연,1,200.0,200.0,200.0,1,2026-01-05:200,2026-01-05,seibro+etfcheck,2026-10-03 09:33,
487230,국내ETF,,0.31,분기,4,60.0,60.0,60.0,2|5|8|11,2025-11-04:14;2026-02-03:11;2026-05-06:20;2026-08-04:15,2026-08-04,seibro+etfcheck,2026-10-03 09:33,
487240,국내ETF,,0.12,반기,2,44.0,44.0,39.0,5|8,2026-05-06:39;2026-08-04:5,2026-08-04,seibro+etfcheck,2026-10-03 09:33,
487340,국내ETF,,1.3,연,1,1377.0,1377.0,1377.0,12,2025-12-02:1377,2025-12-02,seibro+etfcheck,2026-10-03 09:33,
487570,국내주식,1000.0,2.0,연,1,1000.0,1000.0,,4,2026-04-02:1000,2026-04-02,seibro,2026-10-03 09:33,
487580,국내주식,200.0,7.1,연,1,200.0,200.0,,7,2026-07-24:200,2026-07-24,seibro,2026-10-03 09:33,
487910,국내ETF,,0.04,연,1,3.0,3.0,0.0,1,2026-01-05:3,2026-01-05,seibro+etfcheck,2026-10-03 09:33,
487920,국내ETF,,0.04,연,1,3.0,3.0,0.0,1,2026-01-05:3,2026-01-05,seibro+etfcheck,2026-10-03 09:33,
487950,국내ETF,,6.33,월,12,824.0,924.0,824.0,1|2|3|4|5|6|7|8|9|10|11|12,2025-11-04:61;2025-12-02:58;2026-01-05:58;2026-02-03:63;2026-03-04:60;2026-04-02:65;2026-05-06:65;2026-06-02:79;2026-07-02:86;2026-08-04:77;2026-09-02:75;2026-10-02:77,2026-10-02,seibro+etfcheck,2026-10-03 09:33,
488080,국내ETF,,0.01,연,1,6.0,6.0,0.0,1,2026-01-05:6,2026-01-05,seibro+etfcheck,2026-10-03 09:33,
488200,국내ETF,,,반기,2,25.0,30.0,0.0,5|8,2026-05-06:10;2026-08-04:15,2026-08-04,seibro+etfcheck,2026-10-03 09:33,
488210,국내ETF,,,반기,2,115.0,115.0,0.0,5|8,2026-05-06:100;2026-08-04:15,2026-08-04,seibro+etfcheck,2026-10-03 09:33,
488290,국내ETF,,0.34,연,1,157.0,157.0,157.0,1,2026-01-05:157,2026-01-05,seibro+etfcheck,2026-10-03 09:33,
488480,국내ETF,,2.3,반기,2,303.0,230.0,303.0,1|8,2026-01-05:188;2026-08-04:115,2026-08-04,seibro+etfcheck,2026-10-03 09:33,
488500,국내ETF,,1.53,분기,4,183.0,196.0,183.0,2|5|8|11,2025-11-04:44;2026-02-03:42;2026-05-06:48;2026-08-04:49,2026-08-04,seibro+etfcheck,2026-10-03 09:33,
488720,국내ETF,,1.21,연,1,590.0,590.0,590.0,1,2026-01-05:590,2026-01-05,seibro+etfcheck,2026-10-03 09:33,
488770,국내ETF,,1.42,연,1,1498.0,1498.0,1498.0,12,2025-12-17:1498,2025-12-17,seibro+etfcheck,2026-10-03 09:33,
488980,국내ETF,,2.4,연,1,1255.0,1255.0,1255.0,12,2025-12-16:1255,2025-12-16,seibro+etfcheck,2026-10-03 09:33,
489000,국내ETF,,1.32,연,1,120.0,120.0,0.0,1,2026-01-05:120,2026-01-05,seibro+etfcheck,2026-10-03 09:33,
489030,국내ETF,,23.71,월,12,1464.0,1128.0,319.0,1|2|3|4|5|6|7|8|9|10|11|12,2025-11-04:136;2025-12-02:138;2026-01-05:135;2026-02-03:136;2026-03-04:156;2026-04-02:135;2026-05-06:130;2026-06-02:113;2026-07-02:90;2026-08-04:103;2026-09-02:98;2026-10-02:94,2026-10-02,seibro+etfcheck,2026-10-03 09:33,
489250,국내ETF,,3.04,월,12,368.0,288.0,368.0,1|2|3|4|5|6|7|8|9|10|11|12,2025-10-17:31;2025-11-18:21;2025-12-17:33;2026-01-19:34;2026-02-20:28;2026-03-17:32;2026-04-17:33;2026-05-19:26;2026-06-17:29;2026-07-20:40;2026-08-19:37;2026-09-17:24,2026-09-17,seibro+etfcheck,2026-10-03 09:33,
489460,국내주식,100.0,0.87,연,1,100.0,100.0,,4,2026-04-21:100,2026-04-21,seibro,2026-10-03 09:33,
489860,국내ETF,,0.85,분기,4,125.0,125.0,125.0,2|5|8|11,2025-11-04:15;2026-02-03:30;2026-05-06:30;2026-08-04:50,2026-08-04,seibro+etfcheck,2026-10-03 09:33,
490090,국내ETF,,0.23,연,1,37.0,37.0,37.0,1,2026-01-05:37,2026-01-05,seibro+etfcheck,2026-10-03 09:33,
490480,국내ETF,,0.04,연,1,11.0,11.0,0.0,5,2026-05-04:11,2026-05-04,seibro+etfcheck,2026-10-03 09:33,
490490,국내ETF,,3.08,월,12,322.0,336.0,322.0,1|2|3|4|5|6|7|8|9|10|11|12,2025-10-16:21;2025-11-17:24;2025-12-16:30;2026-01-16:31;2026-02-19:24;2026-03-16:30;2026-04-16:30;2026-05-18:22;2026-06-16:34;2026-07-16:27;2026-08-18:21;2026-09-16:28,2026-09-16,seibro+etfcheck,2026-10-03 09:33,
490590,국내ETF,,20.17,월,12,2905.0,2256.0,2905.0,1|2|3|4|5|6|7|8|9|10|11|12,2025-11-04:258;2025-12-02:227;2026-01-05:186;2026-02-03:168;2026-03-04:152;2026-04-02:199;2026-05-06:374;2026-06-02:323;2026-07-02:377;2026-08-04:218;2026-09-02:235;2026-10-02:188,2026-10-02,seibro+etfcheck,2026-10-03 09:33,
490600,국내ETF,,17.3,월,12,1457.0,1056.0,1004.0,1|2|3|4|5|6|7|8|9|11|12,2025-11-04:130;2025-12-02:120;2026-01-05:115;2026-02-03:99;2026-03-04:103;2026-04-02:142;2026-04-17:114;2026-05-19:157;2026-06-17:120;2026-07-20:149;2026-08-19:120;2026-09-17:88,2026-09-17,seibro+etfcheck,2026-10-03 09:33,
491010,국내ETF,,0.08,연,1,20.0,20.0,20.0,1,2026-01-05:20,2026-01-05,seibro+etfcheck,2026-10-03 09:33,
491090,국내ETF,,0.29,분기,4,53.0,72.0,53.0,2|5|8|11,2025-11-04:14;2026-02-03:14;2026-05-06:7;2026-08-04:18,2026-08-04,seibro+etfcheck,2026-10-03 09:33,
491230,국내ETF,,1.19,연,1,627.0,627.0,627.0,12,2025-12-17:627,2025-12-17,seibro+etfcheck,2026-10-03 09:33,
491510,국내ETF,,1.41,연,1,250.0,250.0,250.0,8,2026-08-04:250,2026-08-04,seibro+etfcheck,2026-10-03 09:33,
491610,국내ETF,,0.71,연,1,742.0,742.0,742.0,11,2025-11-17:742,2025-11-17,seibro+etfcheck,2026-10-03 09:33,
491620,국내ETF,,21.44,월,12,2233.0,1596.0,2233.0,1|2|3|4|5|6|7|8|9|10|11|12,2025-11-04:201;2025-12-02:193;2026-01-05:158;2026-02-03:137;2026-03-04:126;2026-04-02:160;2026-05-06:276;2026-06-02:240;2026-07-02:271;2026-08-04:161;2026-09-02:177;2026-10-02:133,2026-10-02,seibro+etfcheck,2026-10-03 09:33,
491630,국내ETF,,10.29,연,1,496.0,496.0,0.0,1,2026-01-05:496,2026-01-05,seibro+etfcheck,2026-10-03 09:33,
491700,국내ETF,,1.0,반기,2,1123.0,1370.0,1123.0,5|11,2025-11-05:438;2026-05-04:685,2026-05-04,seibro+etfcheck,2026-10-03 09:33,
491820,국내ETF,,0.18,연,1,80.0,80.0,80.0,5,2026-05-06:80,2026-05-06,seibro+etfcheck,2026-10-03 09:33,
491830,국내ETF,,0.25,분기,4,58.0,60.0,58.0,2|5|8|11,2025-11-04:13;2026-02-03:15;2026-05-06:15;2026-08-04:15,2026-08-04,seibro+etfcheck,2026-10-03 09:33,
492500,국내ETF,,1.47,연,1,757.0,757.0,757.0,1,2026-01-02:757,2026-01-02,seibro+etfcheck,2026-10-03 09:33,
493420,국내ETF,,3.11,월,12,372.0,540.0,372.0,1|2|3|4|5|6|7|8|9|10|11|12,2025-10-16:21;2025-11-17:22;2025-12-16:45;2026-01-16:26;2026-02-19:27;2026-03-16:35;2026-04-16:34;2026-05-18:26;2026-06-16:44;2026-07-16:26;2026-08-18:21;2026-09-16:45,2026-09-16,seibro+etfcheck,2026-10-03 09:33,
493810,국내ETF,,16.06,월,12,1816.0,1656.0,1816.0,1|2|3|4|5|6|7|8|9|10|11|12,2025-10-17:150;2025-11-18:158;2025-12-17:157;2026-01-19:154;2026-02-20:148;2026-03-17:143;2026-04-17:143;2026-05-19:162;2026-06-17:158;2026-07-20:155;2026-08-19:150;2026-09-17:138,2026-09-17,seibro+etfcheck,2026-10-03 09:33,
494180,국내ETF,,0.17,연,1,21.0,21.0,21.0,1,2026-01-05:21,2026-01-05,seibro+etfcheck,2026-10-03 09:33,
494210,국내ETF,,12.6,월,12,1344.0,1296.0,1344.0,1|2|3|4|5|6|7|8|9|10|11|12,2025-11-03:112;2025-12-01:111;2026-01-02:112;2026-02-02:111;2026-03-03:108;2026-04-01:107;2026-05-04:113;2026-06-01:121;2026-07-01:120;2026-08-03:112;2026-09-01:109;2026-10-01:108,2026-10-01,seibro+etfcheck,2026-10-03 09:33,
494300,국내ETF,,22.64,월,12,2005.0,1800.0,1572.0,1|2|3|4|5|6|7|8|9|10|11|12,2025-11-04:170;2025-12-02:167;2026-01-05:172;2026-02-03:167;2026-03-04:161;2026-04-02:164;2026-05-06:169;2026-06-02:182;2026-07-02:185;2026-08-04:166;2026-09-02:152;2026-10-02:150,2026-10-02,seibro+etfcheck,2026-10-03 09:33,
494330,국내ETF,,1.21,분기,4,400.0,400.0,400.0,2|5|8|11,2025-11-04:100;2026-02-03:100;2026-05-06:100;2026-08-04:100,2026-08-04,seibro+etfcheck,2026-10-03 09:33,
494340,국내ETF,,0.12,연,1,26.0,26.0,26.0,1,2026-01-05:26,2026-01-05,seibro+etfcheck,2026-10-03 09:33,
494410,국내ETF,,0.52,분기,4,75.0,60.0,75.0,2|5|8|11,2025-11-04:20;2026-02-03:20;2026-05-06:20;2026-08-04:15,2026-08-04,seibro+etfcheck,2026-10-03 09:33,
494420,국내ETF,,14.97,월,12,1294.0,1248.0,1190.0,1|2|3|4|5|6|7|8|9|10|11|12,2025-10-17:110;2025-11-18:110;2025-12-17:115;2026-01-19:100;2026-02-20:100;2026-03-17:100;2026-04-17:105;2026-05-19:106;2026-06-17:111;2026-07-20:115;2026-08-19:118;2026-09-17:104,2026-09-17,seibro+etfcheck,2026-10-03 09:33,
494670,국내ETF,,0.89,반기,2,185.0,260.0,61.0,5|11,2025-11-04:55;2026-05-06:130,2026-05-06,seibro+etfcheck,2026-10-03 09:33,
494840,국내ETF,,1.39,분기,4,158.0,168.0,158.0,2|5|8|11,2025-11-04:36;2026-02-03:40;2026-05-06:40;2026-08-04:42,2026-08-04,seibro+etfcheck,2026-10-03 09:33,
494890,국내ETF,,0.8,분기,4,258.0,258.0,255.0,2|5|8|11,2025-11-04:38;2026-02-03:35;2026-05-06:132;2026-08-04:53,2026-08-04,seibro+etfcheck,2026-10-03 09:33,
495040,국내ETF,,0.98,월,12,315.0,540.0,288.0,1|2|3|4|5|6|7|8|9|10|11|12,2025-10-17:20;2025-11-18:20;2025-12-17:20;2026-01-19:20;2026-02-20:20;2026-03-17:20;2026-04-17:20;2026-05-19:20;2026-06-17:20;2026-07-20:45;2026-08-19:45;2026-09-17:45,2026-09-17,seibro+etfcheck,2026-10-03 09:33,
495050,국내ETF,,1.07,월,11,348.0,318.0,348.0,1|2|3|4|6|7|8|9|10|11|12,2025-10-17:20;2025-11-18:40;2025-12-17:30;2026-01-19:20;2026-02-20:20;2026-03-17:20;2026-04-17:26;2026-06-17:70;2026-07-20:37;2026-08-19:30;2026-09-17:35,2026-09-17,seibro+etfcheck,2026-10-03 09:33,2026-06-17:30
495230,국내ETF,,2.01,월,12,642.0,768.0,223.0,1|2|3|4|5|6|7|8|9|10|11|12,2025-11-04:31;2025-12-02:32;2026-01-05:34;2026-02-03:44;2026-03-04:53;2026-04-02:49;2026-05-06:60;2026-06-02:76;2026-07-02:83;2026-08-04:55;2026-09-02:61;2026-10-02:64,2026-10-02,seibro+etfcheck,2026-10-03 09:33,
495330,국내ETF,,1.1,월,11,355.0,300.0,355.0,2|3|4|5|6|7|8|9|10|11|12,2025-11-03:14;2025-12-01:22;2026-02-02:10;2026-03-03:17;2026-04-01:81;2026-05-04:31;2026-06-01:41;2026-07-01:54;2026-08-03:15;2026-09-01:40;2026-10-01:30,2026-10-01,seibro+etfcheck,2026-10-03 09:33,2026-04-01:55
495710,국내ETF,,,연,1,435.0,435.0,,1,2026-01-05:435,2026-01-05,seibro,2026-10-03 09:33,
495750,국내ETF,,0.98,분기,4,320.0,320.0,320.0,2|5|8|11,2025-11-04:35;2026-02-03:30;2026-05-06:170;2026-08-04:85,2026-08-04,seibro+etfcheck,2026-10-03 09:33,
495850,국내ETF,,1.18,월,12,384.0,325.0,384.0,1|2|3|4|5|6|7|8|9|10|11|12,2025-11-04:20;2025-12-02:20;2026-01-05:25;2026-02-03:84;2026-03-04:25;2026-04-02:20;2026-05-06:25;2026-06-02:25;2026-07-02:30;2026-08-04:30;2026-09-02:40;2026-10-02:40,2026-10-02,seibro+etfcheck,2026-10-03 09:33,2026-02-03:59
495940,국내ETF,,0.28,반기,2,54.0,50.0,54.0,1|8,2026-01-05:29;2026-08-04:25,2026-08-04,seibro+etfcheck,2026-10-03 09:33,
496020,국내ETF,,1.4,연,1,736.0,736.0,736.0,1,2026-01-05:736,2026-01-05,seibro+etfcheck,2026-10-03 09:33,
496080,국내ETF,,0.99,월,12,324.0,528.0,324.0,1|2|3|4|5|6|7|8|9|10|11|12,2025-11-04:20;2025-12-02:20;2026-01-05:20;2026-02-03:24;2026-03-04:28;2026-04-02:28;2026-05-06:28;2026-06-02:28;2026-07-02:28;2026-08-04:28;2026-09-02:28;2026-10-02:44,2026-10-02,seibro+etfcheck,2026-10-03 09:33,
496090,국내ETF,,0.92,분기,4,300.0,300.0,300.0,2|5|8|11,2025-11-04:40;2026-02-03:60;2026-05-06:150;2026-08-04:50,2026-08-04,seibro+etfcheck,2026-10-03 09:33,
496120,국내ETF,,0.85,분기,4,288.0,288.0,288.0,2|5|8|11,2025-11-04:40;2026-02-03:50;2026-05-06:150;2026-08-04:48,2026-08-04,seibro+etfcheck,2026-10-03 09:33,
496130,국내ETF,,1.35,연,1,344.0,344.0,286.0,1,2026-01-02:344,2026-01-02,seibro+etfcheck,2026-10-03 09:33,
496770,국내ETF,,1.16,연,1,180.0,180.0,180.0,5,2026-05-06:180,2026-05-06,seibro+etfcheck,2026-10-03 09:33,
497510,국내ETF,,2.34,분기,4,288.0,316.0,288.0,2|5|8|11,2025-11-04:51;2026-02-03:58;2026-05-06:100;2026-08-04:79,2026-08-04,seibro+etfcheck,2026-10-03 09:33,
497520,국내ETF,,0.69,연,1,88.0,88.0,88.0,1,2026-01-05:88,2026-01-05,seibro+etfcheck,2026-10-03 09:33,
497570,국내ETF,,0.33,분기,4,75.0,88.0,75.0,2|5|8|11,2025-11-04:16;2026-02-03:15;2026-05-06:22;2026-08-04:22,2026-08-04,seibro+etfcheck,2026-10-03 09:33,
497780,국내ETF,,5.29,월,12,515.0,480.0,438.0,1|2|3|4|5|6|7|8|9|10|11|12,2025-11-04:37;2025-12-02:39;2026-01-05:38;2026-02-03:40;2026-03-04:44;2026-04-02:49;2026-05-06:46;2026-06-02:48;2026-07-02:47;2026-08-04:45;2026-09-02:42;2026-10-02:40,2026-10-02,seibro+etfcheck,2026-10-03 09:33,
497880,국내ETF,,3.17,월,12,1585.0,1680.0,1585.0,1|2|3|4|5|6|7|8|9|10|11|12,2025-11-03:115;2025-12-01:105;2026-01-02:130;2026-02-02:145;2026-03-03:120;2026-04-01:130;2026-05-04:145;2026-06-01:125;2026-07-01:130;2026-08-03:140;2026-09-01:160;2026-10-01:140,2026-10-01,seibro+etfcheck,2026-10-03 09:33,
498180,국내ETF,,3.59,연,1,3354.0,3354.0,923.0,12,2025-12-05:3354,2025-12-05,seibro+etfcheck,2026-10-03 09:33,
498270,국내ETF,,0.31,분기,3,46.0,42.0,46.0,2|5|8,2026-02-03:20;2026-05-06:12;2026-08-04:14,2026-08-04,seibro+etfcheck,2026-10-03 09:33,
498400,국내ETF,,14.99,월,12,3126.0,3600.0,120.0,1|2|3|4|5|6|7|8|9|10|11|12,2025-10-17:172;2025-11-18:196;2025-12-17:196;2026-01-19:213;2026-02-20:244;2026-03-17:252;2026-04-17:262;2026-05-19:348;2026-06-17:350;2026-07-20:323;2026-08-19:270;2026-09-17:300,2026-09-17,seibro+etfcheck,2026-10-03 09:33,
498410,국내ETF,,16.48,월,12,1870.0,1752.0,374.0,1|2|3|4|5|6|7|8|9|10|11|12,2025-11-04:154;2025-12-02:154;2026-01-05:152;2026-02-03:155;2026-03-04:189;2026-04-02:162;2026-05-06:165;2026-06-02:155;2026-07-02:140;2026-08-04:154;2026-09-02:144;2026-10-02:146,2026-10-02,seibro+etfcheck,2026-10-03 09:33,
498610,국내ETF,,2.12,반기,2,156.0,110.0,101.0,1|8,2026-01-05:101;2026-08-04:55,2026-08-04,seibro+etfcheck,2026-10-03 09:33,
498860,국내ETF,,3.63,월,12,594.0,480.0,580.0,1|2|3|4|5|6|7|8|9|10|11|12,2025-10-17:55;2025-11-18:61;2025-12-17:60;2026-01-19:55;2026-02-20:50;2026-03-17:50;2026-04-17:50;2026-05-19:45;2026-06-17:45;2026-07-20:43;2026-08-19:40;2026-09-17:40,2026-09-17,seibro+etfcheck,2026-10-03 09:33,
499150,국내ETF,,1.11,월,12,119.0,120.0,119.0,1|2|3|4|5|6|7|8|9|10|11|12,2025-11-03:10;2025-12-01:9;2026-01-02:10;2026-02-02:10;2026-03-03:10;2026-04-01:10;2026-05-04:10;2026-06-01:10;2026-07-01:10;2026-08-03:10;2026-09-01:10;2026-10-01:10,2026-10-01,seibro+etfcheck,2026-10-03 09:33,
499660,국내ETF,,2.9,월,12,28970.0,36480.0,28828.0,1|2|3|4|5|6|7|8|9|10|11|12,2025-11-04:2140;2025-12-02:2040;2026-01-05:2580;2026-02-03:2260;2026-03-04:2140;2026-04-02:2590;2026-05-06:2270;2026-06-02:2270;2026-07-02:2720;2026-08-04:2520;2026-09-02:2400;2026-10-02:3040,2026-10-02,seibro+etfcheck,2026-10-03 09:33,
499790,국내주식,350.0,0.92,연,1,350.0,350.0,,4,2026-04-02:350,2026-04-02,seibro,2026-10-03 09:33,
950140,국내주식,208.1442,2.55,연,1,208.1442,208.1442,,4,2026-04-22:208.144,2026-04-22,seibro,2026-10-03 09:33,
950190,국내주식,580.6941820002287,5.96,연,1,580.6942,580.6942,,4,2026-04-15:580.694,2026-04-15,seibro,2026-10-03 09:33,
