종목코드,지급기준일,실지급일,주당분배금,배당구분,종목명,운용사
0000D0,20250829,20250902,98.0,이익분배,TIGER 엔비디아미국채커버드콜밸런스(합성),미래에셋자산운용
0000D0,20250930,20251002,99.0,이익분배,TIGER 엔비디아미국채커버드콜밸런스(합성),미래에셋자산운용
0000D0,20251031,20251104,105.0,이익분배,TIGER 엔비디아미국채커버드콜밸런스(합성),미래에셋자산운용
0000D0,20251128,20251202,104.0,이익분배,TIGER 엔비디아미국채커버드콜밸런스(합성),미래에셋자산운용
0000D0,20251230,20260105,101.0,이익분배,TIGER 엔비디아미국채커버드콜밸런스(합성),미래에셋자산운용
0000D0,20260130,20260203,99.0,이익분배,TIGER 엔비디아미국채커버드콜밸런스(합성),미래에셋자산운용
0000D0,20260227,20260304,100.0,이익분배,TIGER 엔비디아미국채커버드콜밸런스(합성),미래에셋자산운용
0000D0,20260331,20260402,100.0,이익분배,TIGER 엔비디아미국채커버드콜밸런스(합성),미래에셋자산운용
0000D0,20260430,20260506,102.0,이익분배,TIGER 엔비디아미국채커버드콜밸런스(합성),미래에셋자산운용
0000D0,20260529,20260602,103.0,이익분배,TIGER 엔비디아미국채커버드콜밸런스(합성),미래에셋자산운용
0000D0,20260630,20260702,104.0,이익분배,TIGER 엔비디아미국채커버드콜밸런스(합성),미래에셋자산운용
0000D0,20260731,20260804,95.0,이익분배,TIGER 엔비디아미국채커버드콜밸런스(합성),미래에셋자산운용
0000D0,20260831,20260902,91.0,이익분배,TIGER 엔비디아미국채커버드콜밸런스(합성),미래에셋자산운용
0000H0,20251031,20251104,33.0,이익분배,KODEX 인도Nifty미드캡100,삼성자산운용
0000H0,20260130,20260203,10.0,이익분배,KODEX 인도Nifty미드캡100,삼성자산운용
0000H0,20260430,20260506,14.0,이익분배,KODEX 인도Nifty미드캡100,삼성자산운용
0000H0,20260731,20260804,15.0,이익분배,KODEX 인도Nifty미드캡100,삼성자산운용
0000J0,20260430,20260506,50.0,이익분배,PLUS 한화그룹주,한화자산운용
0000Y0,20251230,20260105,3100.0,이익분배,HK 26-12 회사채(AA-이상)액티브,흥국자산운용
0000Z0,20251230,20260105,2.0,이익분배,RISE 바이오TOP10액티브,케이비자산운용
0000Z0,20260731,20260804,2.0,이익분배,RISE 바이오TOP10액티브,케이비자산운용
0001P0,20260430,20260506,10.0,이익분배,마이티 바이오시밀러&CDMO액티브,DB자산운용
0001S0,20251128,20251202,746.0,이익분배,TIGER 26-04 회사채(A+이상)액티브,미래에셋자산운용
0001S0,20260423,20260424,51300.95991642056,청산분배,TIGER 26-04 회사채(A+이상)액티브,미래에셋자산운용
0004G0,20250829,20250901,12.0,이익분배,1Q 미국배당TOP30,하나자산운용
0004G0,20250930,20251001,26.0,이익분배,1Q 미국배당TOP30,하나자산운용
0004G0,20251031,20251103,33.0,이익분배,1Q 미국배당TOP30,하나자산운용
0004G0,20251128,20251201,15.0,이익분배,1Q 미국배당TOP30,하나자산운용
0004G0,20251230,20260102,23.0,이익분배,1Q 미국배당TOP30,하나자산운용
0004G0,20260130,20260202,34.0,이익분배,1Q 미국배당TOP30,하나자산운용
0004G0,20260227,20260303,30.0,이익분배,1Q 미국배당TOP30,하나자산운용
0004G0,20260331,20260401,20.0,이익분배,1Q 미국배당TOP30,하나자산운용
0004G0,20260430,20260504,28.0,이익분배,1Q 미국배당TOP30,하나자산운용
0004G0,20260529,20260601,27.0,이익분배,1Q 미국배당TOP30,하나자산운용
0004G0,20260630,20260701,20.0,이익분배,1Q 미국배당TOP30,하나자산운용
0004G0,20260731,20260803,26.0,이익분배,1Q 미국배당TOP30,하나자산운용
0004G0,20260831,20260901,26.0,이익분배,1Q 미국배당TOP30,하나자산운용
0005A0,20250829,20250902,116.0,이익분배,KODEX 미국S&P500데일리커버드콜OTM,삼성자산운용
0005A0,20250930,20251002,119.0,이익분배,KODEX 미국S&P500데일리커버드콜OTM,삼성자산운용
0005A0,20251031,20251104,120.0,이익분배,KODEX 미국S&P500데일리커버드콜OTM,삼성자산운용
0005A0,20251128,20251202,122.0,이익분배,KODEX 미국S&P500데일리커버드콜OTM,삼성자산운용
0005A0,20251230,20260105,125.0,이익분배,KODEX 미국S&P500데일리커버드콜OTM,삼성자산운용
0005A0,20260130,20260203,123.0,이익분배,KODEX 미국S&P500데일리커버드콜OTM,삼성자산운용
0005A0,20260227,20260304,119.0,이익분배,KODEX 미국S&P500데일리커버드콜OTM,삼성자산운용
0005A0,20260331,20260402,121.0,이익분배,KODEX 미국S&P500데일리커버드콜OTM,삼성자산운용
0005A0,20260430,20260506,124.0,이익분배,KODEX 미국S&P500데일리커버드콜OTM,삼성자산운용
0005A0,20260529,20260602,131.0,이익분배,KODEX 미국S&P500데일리커버드콜OTM,삼성자산운용
0005A0,20260630,20260702,132.0,이익분배,KODEX 미국S&P500데일리커버드콜OTM,삼성자산운용
0005A0,20260731,20260804,126.0,이익분배,KODEX 미국S&P500데일리커버드콜OTM,삼성자산운용
0005A0,20260831,20260902,119.0,이익분배,KODEX 미국S&P500데일리커버드콜OTM,삼성자산운용
0005C0,20251230,20260105,196.0,이익분배,RISE 미국S&P500엔화노출(합성 H),케이비자산운용
0005D0,20251230,20260102,13.0,이익분배,SOL 전고체배터리&실리콘음극재,신한자산운용
0005G0,20251031,20251104,17.0,이익분배,IBK K-AI반도체코어테크,아이비케이자산운용
0005G0,20260130,20260203,12.0,이익분배,IBK K-AI반도체코어테크,아이비케이자산운용
0005G0,20260430,20260506,66.0,이익분배,IBK K-AI반도체코어테크,아이비케이자산운용
0005G0,20260731,20260804,11.0,이익분배,IBK K-AI반도체코어테크,아이비케이자산운용
0007F0,20251215,20251217,157.0,이익분배,KODEX 27-12 회사채(AA-이상)액티브,삼성자산운용
0007G0,20251230,20260105,42.0,이익분배,PLUS 글로벌원자력밸류체인,한화자산운용
0007G0,20260430,20260506,5.0,이익분배,PLUS 글로벌원자력밸류체인,한화자산운용
0007N0,20260430,20260506,1200.0,이익분배,아이엠에셋 200,아이엠에셋자산운용
0007N0,20260731,20260804,150.0,이익분배,아이엠에셋 200,아이엠에셋자산운용
0008E0,20251230,20260105,6.0,이익분배,ACE 미국중심중소형제조업,한국투자신탁운용
0008S0,20250915,20250917,88.0,이익분배,TIGER 미국배당다우존스타겟데일리커버드콜,미래에셋자산운용
0008S0,20251015,20251017,87.0,이익분배,TIGER 미국배당다우존스타겟데일리커버드콜,미래에셋자산운용
0008S0,20251114,20251118,89.0,이익분배,TIGER 미국배당다우존스타겟데일리커버드콜,미래에셋자산운용
0008S0,20251215,20251217,91.0,이익분배,TIGER 미국배당다우존스타겟데일리커버드콜,미래에셋자산운용
0008S0,20260115,20260119,95.0,이익분배,TIGER 미국배당다우존스타겟데일리커버드콜,미래에셋자산운용
0008S0,20260213,20260220,102.0,이익분배,TIGER 미국배당다우존스타겟데일리커버드콜,미래에셋자산운용
0008S0,20260313,20260317,101.0,이익분배,TIGER 미국배당다우존스타겟데일리커버드콜,미래에셋자산운용
0008S0,20260415,20260417,101.0,이익분배,TIGER 미국배당다우존스타겟데일리커버드콜,미래에셋자산운용
0008S0,20260515,20260519,102.0,이익분배,TIGER 미국배당다우존스타겟데일리커버드콜,미래에셋자산운용
0008S0,20260615,20260617,106.0,이익분배,TIGER 미국배당다우존스타겟데일리커버드콜,미래에셋자산운용
0008S0,20260715,20260720,104.0,이익분배,TIGER 미국배당다우존스타겟데일리커버드콜,미래에셋자산운용
0008S0,20260814,20260819,103.0,이익분배,TIGER 미국배당다우존스타겟데일리커버드콜,미래에셋자산운용
0008T0,20251230,20260102,17.0,이익분배,SOL 화장품TOP3플러스,신한자산운용
0008T0,20260430,20260504,72.0,이익분배,SOL 화장품TOP3플러스,신한자산운용
0010E0,20251128,20251202,1102.0,이익분배,ACE FTSE WGBI Korea,한국투자신탁운용
0010E0,20260421,20260422,93516.44089583334,청산분배,ACE FTSE WGBI Korea,한국투자신탁운용
0013P0,20250829,20250902,18.0,이익분배,RISE 미국은행TOP10,케이비자산운용
0013P0,20250930,20251002,19.0,이익분배,RISE 미국은행TOP10,케이비자산운용
0013P0,20251031,20251104,19.0,이익분배,RISE 미국은행TOP10,케이비자산운용
0013P0,20251128,20251202,19.0,이익분배,RISE 미국은행TOP10,케이비자산운용
0013P0,20251230,20260105,22.0,이익분배,RISE 미국은행TOP10,케이비자산운용
0013P0,20260130,20260203,22.0,이익분배,RISE 미국은행TOP10,케이비자산운용
0013P0,20260227,20260304,21.0,이익분배,RISE 미국은행TOP10,케이비자산운용
0013P0,20260331,20260402,17.0,이익분배,RISE 미국은행TOP10,케이비자산운용
0013P0,20260430,20260506,19.0,이익분배,RISE 미국은행TOP10,케이비자산운용
0013P0,20260529,20260602,21.0,이익분배,RISE 미국은행TOP10,케이비자산운용
0013P0,20260630,20260702,18.0,이익분배,RISE 미국은행TOP10,케이비자산운용
0013P0,20260731,20260804,22.0,이익분배,RISE 미국은행TOP10,케이비자산운용
0013P0,20260831,20260902,23.0,이익분배,RISE 미국은행TOP10,케이비자산운용
0013R0,20250829,20250902,127.0,이익분배,RISE 테슬라미국채타겟커버드콜혼합(합성),케이비자산운용
0013R0,20250930,20251002,140.0,이익분배,RISE 테슬라미국채타겟커버드콜혼합(합성),케이비자산운용
0013R0,20251031,20251104,132.0,이익분배,RISE 테슬라미국채타겟커버드콜혼합(합성),케이비자산운용
0013R0,20251128,20251202,109.0,이익분배,RISE 테슬라미국채타겟커버드콜혼합(합성),케이비자산운용
0013R0,20251230,20260105,110.0,이익분배,RISE 테슬라미국채타겟커버드콜혼합(합성),케이비자산운용
0013R0,20260130,20260203,125.0,이익분배,RISE 테슬라미국채타겟커버드콜혼합(합성),케이비자산운용
0013R0,20260227,20260304,120.0,이익분배,RISE 테슬라미국채타겟커버드콜혼합(합성),케이비자산운용
0013R0,20260331,20260402,106.0,이익분배,RISE 테슬라미국채타겟커버드콜혼합(합성),케이비자산운용
0013R0,20260430,20260506,112.0,이익분배,RISE 테슬라미국채타겟커버드콜혼합(합성),케이비자산운용
0013R0,20260529,20260602,120.0,이익분배,RISE 테슬라미국채타겟커버드콜혼합(합성),케이비자산운용
0013R0,20260630,20260702,121.0,이익분배,RISE 테슬라미국채타겟커버드콜혼합(합성),케이비자산운용
0013R0,20260731,20260804,102.0,이익분배,RISE 테슬라미국채타겟커버드콜혼합(합성),케이비자산운용
0013R0,20260831,20260902,103.0,이익분배,RISE 테슬라미국채타겟커버드콜혼합(합성),케이비자산운용
0015E0,20250829,20250902,20.0,이익분배,KIWOOM 엔비디아미국30년국채혼합액티브(H),키움투자자산운용
0015E0,20250930,20251002,20.0,이익분배,KIWOOM 엔비디아미국30년국채혼합액티브(H),키움투자자산운용
0015E0,20251031,20251104,20.0,이익분배,KIWOOM 엔비디아미국30년국채혼합액티브(H),키움투자자산운용
0015E0,20251128,20251202,20.0,이익분배,KIWOOM 엔비디아미국30년국채혼합액티브(H),키움투자자산운용
0015E0,20251230,20260105,20.0,이익분배,KIWOOM 엔비디아미국30년국채혼합액티브(H),키움투자자산운용
0015E0,20260130,20260203,20.0,이익분배,KIWOOM 엔비디아미국30년국채혼합액티브(H),키움투자자산운용
0015E0,20260227,20260304,20.0,이익분배,KIWOOM 엔비디아미국30년국채혼합액티브(H),키움투자자산운용
0015E0,20260331,20260402,20.0,이익분배,KIWOOM 엔비디아미국30년국채혼합액티브(H),키움투자자산운용
0015E0,20260430,20260506,20.0,이익분배,KIWOOM 엔비디아미국30년국채혼합액티브(H),키움투자자산운용
0015E0,20260529,20260602,20.0,이익분배,KIWOOM 엔비디아미국30년국채혼합액티브(H),키움투자자산운용
0015E0,20260630,20260702,20.0,이익분배,KIWOOM 엔비디아미국30년국채혼합액티브(H),키움투자자산운용
0015E0,20260731,20260804,20.0,이익분배,KIWOOM 엔비디아미국30년국채혼합액티브(H),키움투자자산운용
0015E0,20260831,20260902,20.0,이익분배,KIWOOM 엔비디아미국30년국채혼합액티브(H),키움투자자산운용
0015F0,20250829,20250902,20.0,이익분배,KIWOOM 팔란티어미국30년국채혼합액티브(H),키움투자자산운용
0015F0,20250930,20251002,20.0,이익분배,KIWOOM 팔란티어미국30년국채혼합액티브(H),키움투자자산운용
0015F0,20251031,20251104,20.0,이익분배,KIWOOM 팔란티어미국30년국채혼합액티브(H),키움투자자산운용
0015F0,20251128,20251202,20.0,이익분배,KIWOOM 팔란티어미국30년국채혼합액티브(H),키움투자자산운용
0015F0,20251230,20260105,20.0,이익분배,KIWOOM 팔란티어미국30년국채혼합액티브(H),키움투자자산운용
0015F0,20260130,20260203,20.0,이익분배,KIWOOM 팔란티어미국30년국채혼합액티브(H),키움투자자산운용
0015F0,20260227,20260304,20.0,이익분배,KIWOOM 팔란티어미국30년국채혼합액티브(H),키움투자자산운용
0015F0,20260331,20260402,20.0,이익분배,KIWOOM 팔란티어미국30년국채혼합액티브(H),키움투자자산운용
0015F0,20260430,20260506,20.0,이익분배,KIWOOM 팔란티어미국30년국채혼합액티브(H),키움투자자산운용
0015F0,20260529,20260602,20.0,이익분배,KIWOOM 팔란티어미국30년국채혼합액티브(H),키움투자자산운용
0015F0,20260630,20260702,20.0,이익분배,KIWOOM 팔란티어미국30년국채혼합액티브(H),키움투자자산운용
0015F0,20260731,20260804,20.0,이익분배,KIWOOM 팔란티어미국30년국채혼합액티브(H),키움투자자산운용
0015F0,20260831,20260902,20.0,이익분배,KIWOOM 팔란티어미국30년국채혼합액티브(H),키움투자자산운용
0015K0,20251230,20260105,50.0,이익분배,TIGER 미국소비트렌드액티브,미래에셋자산운용
0016X0,20251215,20251216,675.0,이익분배,SOL 중단기회사채(A-이상)액티브,신한자산운용
0017Y0,20251114,20251117,1065.0,이익분배,1Q 종합채권(AA-이상)액티브,하나자산운용
0018C0,20250915,20250917,145.0,이익분배,PLUS 고배당주위클리고정커버드콜,한화자산운용
0018C0,20251015,20251017,140.0,이익분배,PLUS 고배당주위클리고정커버드콜,한화자산운용
0018C0,20251114,20251118,150.0,이익분배,PLUS 고배당주위클리고정커버드콜,한화자산운용
0018C0,20251215,20251217,150.0,이익분배,PLUS 고배당주위클리고정커버드콜,한화자산운용
0018C0,20260115,20260119,145.0,이익분배,PLUS 고배당주위클리고정커버드콜,한화자산운용
0018C0,20260213,20260220,173.0,이익분배,PLUS 고배당주위클리고정커버드콜,한화자산운용
0018C0,20260313,20260317,159.0,이익분배,PLUS 고배당주위클리고정커버드콜,한화자산운용
0018C0,20260415,20260417,163.0,이익분배,PLUS 고배당주위클리고정커버드콜,한화자산운용
0018C0,20260515,20260519,159.0,이익분배,PLUS 고배당주위클리고정커버드콜,한화자산운용
0018C0,20260615,20260617,139.0,이익분배,PLUS 고배당주위클리고정커버드콜,한화자산운용
0018C0,20260715,20260720,138.0,이익분배,PLUS 고배당주위클리고정커버드콜,한화자산운용
0018C0,20260814,20260819,136.0,이익분배,PLUS 고배당주위클리고정커버드콜,한화자산운용
0018Z0,20251230,20260105,48.0,이익분배,RISE 미국양자컴퓨팅,케이비자산운용
0018Z0,20260731,20260804,43.0,이익분배,RISE 미국양자컴퓨팅,케이비자산운용
0019K0,20251230,20260105,21.0,이익분배,TIME 미국나스닥100채권혼합50액티브,타임폴리오자산운용
0021C0,20251230,20260105,34.0,이익분배,ACE TDF장기자산배분액티브,한국투자신탁운용
0021C0,20260712,20260713,14725.2025,청산분배,ACE TDF장기자산배분액티브,한국투자신탁운용
0021D0,20251230,20260105,70.0,이익분배,ACE TDF2030액티브 적격,한국투자신탁운용
0021D0,20260708,20260709,11513.7624256,청산분배,ACE TDF2030액티브 적격,한국투자신탁운용
0021E0,20251230,20260105,43.0,이익분배,ACE TDF2050액티브 적격,한국투자신탁운용
0021E0,20260712,20260713,13334.71355861111,청산분배,ACE TDF2050액티브 적격,한국투자신탁운용
0022T0,20250829,20250901,37.0,이익분배,SOL 국제금커버드콜액티브,신한자산운용
0022T0,20250930,20251001,40.0,이익분배,SOL 국제금커버드콜액티브,신한자산운용
0022T0,20251031,20251103,43.0,이익분배,SOL 국제금커버드콜액티브,신한자산운용
0022T0,20251128,20251201,46.0,이익분배,SOL 국제금커버드콜액티브,신한자산운용
0022T0,20251230,20260102,49.0,이익분배,SOL 국제금커버드콜액티브,신한자산운용
0022T0,20260130,20260202,55.0,이익분배,SOL 국제금커버드콜액티브,신한자산운용
0022T0,20260227,20260303,56.0,이익분배,SOL 국제금커버드콜액티브,신한자산운용
0022T0,20260331,20260401,51.0,이익분배,SOL 국제금커버드콜액티브,신한자산운용
0022T0,20260430,20260504,51.0,이익분배,SOL 국제금커버드콜액티브,신한자산운용
0022T0,20260529,20260601,50.0,이익분배,SOL 국제금커버드콜액티브,신한자산운용
0022T0,20260630,20260701,46.0,이익분배,SOL 국제금커버드콜액티브,신한자산운용
0022T0,20260731,20260803,44.0,이익분배,SOL 국제금커버드콜액티브,신한자산운용
0022T0,20260831,20260901,46.0,이익분배,SOL 국제금커버드콜액티브,신한자산운용
0023A0,20251230,20260102,20.0,이익분배,SOL 미국양자컴퓨팅TOP10,신한자산운용
0023A0,20260430,20260504,5.0,이익분배,SOL 미국양자컴퓨팅TOP10,신한자산운용
0023B0,20251230,20260105,57.0,이익분배,PLUS 미국양자컴퓨팅TOP10,한화자산운용
0023B0,20260430,20260506,10.0,이익분배,PLUS 미국양자컴퓨팅TOP10,한화자산운용
0025N0,20251230,20260105,140.0,이익분배,TIGER TDF2045 적격,미래에셋자산운용
0026E0,20260320,20260324,83.0,이익분배,KODEX 미국S&P500버퍼3월액티브,삼성자산운용
0026S0,20250915,20250916,28.0,이익분배,1Q 미국S&P500,하나자산운용
0026S0,20251215,20251216,30.0,이익분배,1Q 미국S&P500,하나자산운용
0026S0,20260313,20260316,29.0,이익분배,1Q 미국S&P500,하나자산운용
0026S0,20260615,20260616,35.0,이익분배,1Q 미국S&P500,하나자산운용
0028X0,20251031,20251104,17.0,이익분배,KODEX 미국금융테크액티브,삼성자산운용
0028X0,20260130,20260203,18.0,이익분배,KODEX 미국금융테크액티브,삼성자산운용
0028X0,20260430,20260506,46.0,이익분배,KODEX 미국금융테크액티브,삼성자산운용
0028X0,20260731,20260804,22.0,이익분배,KODEX 미국금융테크액티브,삼성자산운용
0035T0,20251230,20260105,89.0,이익분배,PLUS 글로벌휴머노이드로봇액티브,한화자산운용
0035T0,20260430,20260506,40.0,이익분배,PLUS 글로벌휴머노이드로봇액티브,한화자산운용
0036D0,20250915,20250917,51.0,이익분배,TIME 미국배당다우존스액티브,타임폴리오자산운용
0036D0,20251015,20251017,53.0,이익분배,TIME 미국배당다우존스액티브,타임폴리오자산운용
0036D0,20251114,20251118,54.0,이익분배,TIME 미국배당다우존스액티브,타임폴리오자산운용
0036D0,20251215,20251217,53.0,이익분배,TIME 미국배당다우존스액티브,타임폴리오자산운용
0036D0,20260115,20260119,54.0,이익분배,TIME 미국배당다우존스액티브,타임폴리오자산운용
0036D0,20260213,20260220,55.0,이익분배,TIME 미국배당다우존스액티브,타임폴리오자산운용
0036D0,20260313,20260317,54.0,이익분배,TIME 미국배당다우존스액티브,타임폴리오자산운용
0036D0,20260415,20260417,57.0,이익분배,TIME 미국배당다우존스액티브,타임폴리오자산운용
0036D0,20260515,20260519,65.0,이익분배,TIME 미국배당다우존스액티브,타임폴리오자산운용
0036D0,20260615,20260617,66.0,이익분배,TIME 미국배당다우존스액티브,타임폴리오자산운용
0036D0,20260715,20260720,66.0,이익분배,TIME 미국배당다우존스액티브,타임폴리오자산운용
0036D0,20260820,20260821,12998.650125252525,청산분배,TIME 미국배당다우존스액티브,타임폴리오자산운용
0036R0,20251230,20260105,21.0,이익분배,RISE 미국휴머노이드로봇,케이비자산운용
0036R0,20260731,20260804,39.0,이익분배,RISE 미국휴머노이드로봇,케이비자산운용
0036Z0,20251230,20260105,254.0,이익분배,RISE 미국천연가스밸류체인,케이비자산운용
0036Z0,20260731,20260804,250.0,이익분배,RISE 미국천연가스밸류체인,케이비자산운용
0038A0,20251031,20251104,10.0,이익분배,KODEX 미국휴머노이드로봇,삼성자산운용
0038A0,20260130,20260203,15.0,이익분배,KODEX 미국휴머노이드로봇,삼성자산운용
0038A0,20260430,20260506,12.0,이익분배,KODEX 미국휴머노이드로봇,삼성자산운용
0038A0,20260731,20260804,14.0,이익분배,KODEX 미국휴머노이드로봇,삼성자산운용
0040S0,20260130,20260203,12.0,이익분배,HANARO 글로벌피지컬AI액티브,엔에이치아문디자산운용
0040X0,20250829,20250901,150.0,이익분배,SOL 팔란티어미국채커버드콜혼합,신한자산운용
0040X0,20250930,20251001,150.0,이익분배,SOL 팔란티어미국채커버드콜혼합,신한자산운용
0040X0,20251031,20251103,250.0,이익분배,SOL 팔란티어미국채커버드콜혼합,신한자산운용
0040X0,20251128,20251201,250.0,이익분배,SOL 팔란티어미국채커버드콜혼합,신한자산운용
0040X0,20251230,20260102,250.0,이익분배,SOL 팔란티어미국채커버드콜혼합,신한자산운용
0040X0,20260130,20260202,225.0,이익분배,SOL 팔란티어미국채커버드콜혼합,신한자산운용
0040X0,20260227,20260303,205.0,이익분배,SOL 팔란티어미국채커버드콜혼합,신한자산운용
0040X0,20260331,20260401,210.0,이익분배,SOL 팔란티어미국채커버드콜혼합,신한자산운용
0040X0,20260430,20260504,175.0,이익분배,SOL 팔란티어미국채커버드콜혼합,신한자산운용
0040X0,20260529,20260601,150.0,이익분배,SOL 팔란티어미국채커버드콜혼합,신한자산운용
0040X0,20260630,20260701,147.0,이익분배,SOL 팔란티어미국채커버드콜혼합,신한자산운용
0040X0,20260731,20260803,141.0,이익분배,SOL 팔란티어미국채커버드콜혼합,신한자산운용
0040X0,20260831,20260901,143.0,이익분배,SOL 팔란티어미국채커버드콜혼합,신한자산운용
0040Y0,20250829,20250901,210.0,이익분배,SOL 팔란티어커버드콜OTM채권혼합,신한자산운용
0040Y0,20250930,20251001,210.0,이익분배,SOL 팔란티어커버드콜OTM채권혼합,신한자산운용
0040Y0,20251031,20251103,210.0,이익분배,SOL 팔란티어커버드콜OTM채권혼합,신한자산운용
0040Y0,20251128,20251201,200.0,이익분배,SOL 팔란티어커버드콜OTM채권혼합,신한자산운용
0040Y0,20251230,20260102,206.0,이익분배,SOL 팔란티어커버드콜OTM채권혼합,신한자산운용
0040Y0,20260130,20260202,194.0,이익분배,SOL 팔란티어커버드콜OTM채권혼합,신한자산운용
0040Y0,20260227,20260303,185.0,이익분배,SOL 팔란티어커버드콜OTM채권혼합,신한자산운용
0040Y0,20260331,20260401,190.0,이익분배,SOL 팔란티어커버드콜OTM채권혼합,신한자산운용
0040Y0,20260430,20260504,177.0,이익분배,SOL 팔란티어커버드콜OTM채권혼합,신한자산운용
0040Y0,20260529,20260601,175.0,이익분배,SOL 팔란티어커버드콜OTM채권혼합,신한자산운용
0040Y0,20260630,20260701,162.0,이익분배,SOL 팔란티어커버드콜OTM채권혼합,신한자산운용
0040Y0,20260731,20260803,162.0,이익분배,SOL 팔란티어커버드콜OTM채권혼합,신한자산운용
0040Y0,20260831,20260901,164.0,이익분배,SOL 팔란티어커버드콜OTM채권혼합,신한자산운용
0041D0,20251031,20251104,6.0,이익분배,KODEX 미국AI소프트웨어TOP10,삼성자산운용
0041D0,20260130,20260203,9.0,이익분배,KODEX 미국AI소프트웨어TOP10,삼성자산운용
0041D0,20260430,20260506,6.0,이익분배,KODEX 미국AI소프트웨어TOP10,삼성자산운용
0041D0,20260731,20260804,12.0,이익분배,KODEX 미국AI소프트웨어TOP10,삼성자산운용
0041E0,20251031,20251104,30.0,이익분배,KODEX 미국S&P500액티브,삼성자산운용
0041E0,20260130,20260203,40.0,이익분배,KODEX 미국S&P500액티브,삼성자산운용
0041E0,20260430,20260506,30.0,이익분배,KODEX 미국S&P500액티브,삼성자산운용
0041E0,20260731,20260804,20.0,이익분배,KODEX 미국S&P500액티브,삼성자산운용
0043B0,20251128,20251202,721.0,이익분배,TIGER 머니마켓액티브,미래에셋자산운용
0043Y0,20251230,20260105,8.0,이익분배,TIME 차이나AI테크액티브,타임폴리오자산운용
0046A0,20250829,20250902,32.0,이익분배,TIGER 미국초단기(3개월이하)국채,미래에셋자산운용
0046A0,20250930,20251002,32.0,이익분배,TIGER 미국초단기(3개월이하)국채,미래에셋자산운용
0046A0,20251031,20251104,35.0,이익분배,TIGER 미국초단기(3개월이하)국채,미래에셋자산운용
0046A0,20251128,20251202,27.0,이익분배,TIGER 미국초단기(3개월이하)국채,미래에셋자산운용
0046A0,20251230,20260105,27.0,이익분배,TIGER 미국초단기(3개월이하)국채,미래에셋자산운용
0046A0,20260130,20260203,25.0,이익분배,TIGER 미국초단기(3개월이하)국채,미래에셋자산운용
0046A0,20260227,20260304,29.0,이익분배,TIGER 미국초단기(3개월이하)국채,미래에셋자산운용
0046A0,20260331,20260402,31.0,이익분배,TIGER 미국초단기(3개월이하)국채,미래에셋자산운용
0046A0,20260430,20260506,27.0,이익분배,TIGER 미국초단기(3개월이하)국채,미래에셋자산운용
0046A0,20260529,20260602,28.0,이익분배,TIGER 미국초단기(3개월이하)국채,미래에셋자산운용
0046A0,20260630,20260702,29.0,이익분배,TIGER 미국초단기(3개월이하)국채,미래에셋자산운용
0046A0,20260731,20260804,28.0,이익분배,TIGER 미국초단기(3개월이하)국채,미래에셋자산운용
0046A0,20260831,20260902,26.0,이익분배,TIGER 미국초단기(3개월이하)국채,미래에셋자산운용
0046Y0,20250829,20250902,16.0,이익분배,ACE 미국배당퀄리티,한국투자신탁운용
0046Y0,20250930,20251002,16.0,이익분배,ACE 미국배당퀄리티,한국투자신탁운용
0046Y0,20251031,20251104,11.0,이익분배,ACE 미국배당퀄리티,한국투자신탁운용
0046Y0,20251128,20251202,17.0,이익분배,ACE 미국배당퀄리티,한국투자신탁운용
0046Y0,20251230,20260105,18.0,이익분배,ACE 미국배당퀄리티,한국투자신탁운용
0046Y0,20260130,20260203,10.0,이익분배,ACE 미국배당퀄리티,한국투자신탁운용
0046Y0,20260227,20260304,16.0,이익분배,ACE 미국배당퀄리티,한국투자신탁운용
0046Y0,20260331,20260402,20.0,이익분배,ACE 미국배당퀄리티,한국투자신탁운용
0046Y0,20260430,20260506,13.0,이익분배,ACE 미국배당퀄리티,한국투자신탁운용
0046Y0,20260529,20260602,14.0,이익분배,ACE 미국배당퀄리티,한국투자신탁운용
0046Y0,20260630,20260702,17.0,이익분배,ACE 미국배당퀄리티,한국투자신탁운용
0046Y0,20260731,20260804,11.0,이익분배,ACE 미국배당퀄리티,한국투자신탁운용
0046Y0,20260831,20260902,12.0,이익분배,ACE 미국배당퀄리티,한국투자신탁운용
0047A0,20251031,20251104,30.0,이익분배,TIGER 차이나테크TOP10,미래에셋자산운용
0047N0,20251230,20260105,25.0,이익분배,PLUS 차이나AI테크TOP10,한화자산운용
0047N0,20260430,20260506,40.0,이익분배,PLUS 차이나AI테크TOP10,한화자산운용
0047P0,20250930,20251002,11.0,이익분배,RISE 테슬라고정테크100,케이비자산운용
0047P0,20251230,20260105,12.0,이익분배,RISE 테슬라고정테크100,케이비자산운용
0047P0,20260331,20260402,12.0,이익분배,RISE 테슬라고정테크100,케이비자산운용
0047P0,20260630,20260702,14.0,이익분배,RISE 테슬라고정테크100,케이비자산운용
0047R0,20250930,20251002,11.0,이익분배,RISE 팔란티어고정테크100,케이비자산운용
0047R0,20251230,20260105,12.0,이익분배,RISE 팔란티어고정테크100,케이비자산운용
0047R0,20260331,20260402,12.0,이익분배,RISE 팔란티어고정테크100,케이비자산운용
0047R0,20260630,20260702,13.0,이익분배,RISE 팔란티어고정테크100,케이비자산운용
0048J0,20250829,20250902,67.0,이익분배,KODEX 미국머니마켓액티브,삼성자산운용
0048J0,20250930,20251002,56.0,이익분배,KODEX 미국머니마켓액티브,삼성자산운용
0048J0,20251031,20251104,52.0,이익분배,KODEX 미국머니마켓액티브,삼성자산운용
0048J0,20251128,20251202,60.0,이익분배,KODEX 미국머니마켓액티브,삼성자산운용
0048J0,20251230,20260105,55.0,이익분배,KODEX 미국머니마켓액티브,삼성자산운용
0048J0,20260130,20260203,54.0,이익분배,KODEX 미국머니마켓액티브,삼성자산운용
0048J0,20260227,20260304,53.0,이익분배,KODEX 미국머니마켓액티브,삼성자산운용
0048J0,20260331,20260402,31.0,이익분배,KODEX 미국머니마켓액티브,삼성자산운용
0048J0,20260430,20260506,49.0,이익분배,KODEX 미국머니마켓액티브,삼성자산운용
0048J0,20260529,20260602,43.0,이익분배,KODEX 미국머니마켓액티브,삼성자산운용
0048J0,20260630,20260702,60.0,이익분배,KODEX 미국머니마켓액티브,삼성자산운용
0048J0,20260731,20260804,60.0,이익분배,KODEX 미국머니마켓액티브,삼성자산운용
0048J0,20260831,20260902,61.0,이익분배,KODEX 미국머니마켓액티브,삼성자산운용
0048K0,20251031,20251104,6.0,이익분배,KODEX 차이나휴머노이드로봇,삼성자산운용
0048K0,20260130,20260203,8.0,이익분배,KODEX 차이나휴머노이드로봇,삼성자산운용
0048K0,20260430,20260506,21.0,이익분배,KODEX 차이나휴머노이드로봇,삼성자산운용
0048K0,20260731,20260804,23.0,이익분배,KODEX 차이나휴머노이드로봇,삼성자산운용
0049K0,20250829,20250902,20.0,이익분배,ACE 미국배당퀄리티채권혼합50,한국투자신탁운용
0049K0,20250930,20251002,20.0,이익분배,ACE 미국배당퀄리티채권혼합50,한국투자신탁운용
0049K0,20251031,20251104,16.0,이익분배,ACE 미국배당퀄리티채권혼합50,한국투자신탁운용
0049K0,20251128,20251202,20.0,이익분배,ACE 미국배당퀄리티채권혼합50,한국투자신탁운용
0049K0,20251230,20260105,20.0,이익분배,ACE 미국배당퀄리티채권혼합50,한국투자신탁운용
0049K0,20260130,20260203,16.0,이익분배,ACE 미국배당퀄리티채권혼합50,한국투자신탁운용
0049K0,20260227,20260304,20.0,이익분배,ACE 미국배당퀄리티채권혼합50,한국투자신탁운용
0049K0,20260331,20260402,23.0,이익분배,ACE 미국배당퀄리티채권혼합50,한국투자신탁운용
0049K0,20260430,20260506,20.0,이익분배,ACE 미국배당퀄리티채권혼합50,한국투자신탁운용
0049K0,20260529,20260602,21.0,이익분배,ACE 미국배당퀄리티채권혼합50,한국투자신탁운용
0049K0,20260630,20260702,24.0,이익분배,ACE 미국배당퀄리티채권혼합50,한국투자신탁운용
0049K0,20260731,20260804,21.0,이익분배,ACE 미국배당퀄리티채권혼합50,한국투자신탁운용
0049K0,20260831,20260902,20.0,이익분배,ACE 미국배당퀄리티채권혼합50,한국투자신탁운용
0049M0,20250829,20250902,64.0,이익분배,ACE 미국배당퀄리티+커버드콜액티브,한국투자신탁운용
0049M0,20250930,20251002,65.0,이익분배,ACE 미국배당퀄리티+커버드콜액티브,한국투자신탁운용
0049M0,20251031,20251104,68.0,이익분배,ACE 미국배당퀄리티+커버드콜액티브,한국투자신탁운용
0049M0,20251128,20251202,68.0,이익분배,ACE 미국배당퀄리티+커버드콜액티브,한국투자신탁운용
0049M0,20251230,20260105,69.0,이익분배,ACE 미국배당퀄리티+커버드콜액티브,한국투자신탁운용
0049M0,20260130,20260203,69.0,이익분배,ACE 미국배당퀄리티+커버드콜액티브,한국투자신탁운용
0049M0,20260227,20260304,69.0,이익분배,ACE 미국배당퀄리티+커버드콜액티브,한국투자신탁운용
0049M0,20260331,20260402,69.0,이익분배,ACE 미국배당퀄리티+커버드콜액티브,한국투자신탁운용
0049M0,20260430,20260506,71.0,이익분배,ACE 미국배당퀄리티+커버드콜액티브,한국투자신탁운용
0049M0,20260529,20260602,73.0,이익분배,ACE 미국배당퀄리티+커버드콜액티브,한국투자신탁운용
0049M0,20260630,20260702,74.0,이익분배,ACE 미국배당퀄리티+커버드콜액티브,한국투자신탁운용
0049M0,20260731,20260804,70.0,이익분배,ACE 미국배당퀄리티+커버드콜액티브,한국투자신탁운용
0049M0,20260831,20260902,68.0,이익분배,ACE 미국배당퀄리티+커버드콜액티브,한국투자신탁운용
0050E0,20251230,20260105,97.0,이익분배,PLUS 미국AI에이전트,한화자산운용
0050E0,20260430,20260506,15.0,이익분배,PLUS 미국AI에이전트,한화자산운용
0051G0,20251230,20260102,27.0,이익분배,SOL 미국원자력SMR,신한자산운용
0051G0,20260430,20260504,30.0,이익분배,SOL 미국원자력SMR,신한자산운용
0052D0,20250915,20250917,48.0,이익분배,TIGER 코리아배당다우존스,미래에셋자산운용
0052D0,20251015,20251017,50.0,이익분배,TIGER 코리아배당다우존스,미래에셋자산운용
0052D0,20251114,20251118,50.0,이익분배,TIGER 코리아배당다우존스,미래에셋자산운용
0052D0,20251215,20251217,50.0,이익분배,TIGER 코리아배당다우존스,미래에셋자산운용
0052D0,20260115,20260119,51.0,이익분배,TIGER 코리아배당다우존스,미래에셋자산운용
0052D0,20260213,20260220,51.0,이익분배,TIGER 코리아배당다우존스,미래에셋자산운용
0052D0,20260313,20260317,58.0,이익분배,TIGER 코리아배당다우존스,미래에셋자산운용
0052D0,20260415,20260417,58.0,이익분배,TIGER 코리아배당다우존스,미래에셋자산운용
0052D0,20260515,20260519,58.0,이익분배,TIGER 코리아배당다우존스,미래에셋자산운용
0052D0,20260615,20260617,58.0,이익분배,TIGER 코리아배당다우존스,미래에셋자산운용
0052D0,20260715,20260720,58.0,이익분배,TIGER 코리아배당다우존스,미래에셋자산운용
0052D0,20260814,20260819,61.0,이익분배,TIGER 코리아배당다우존스,미래에셋자산운용
0052S0,20251031,20251103,54.0,이익분배,1Q 미국S&P500미국채혼합50액티브,하나자산운용
0052S0,20260130,20260202,38.0,이익분배,1Q 미국S&P500미국채혼합50액티브,하나자산운용
0052S0,20260430,20260504,35.0,이익분배,1Q 미국S&P500미국채혼합50액티브,하나자산운용
0052S0,20260731,20260803,60.0,이익분배,1Q 미국S&P500미국채혼합50액티브,하나자산운용
0052T0,20251114,20251117,620.0,이익분배,1Q 중단기회사채(A-이상)액티브,하나자산운용
0053L0,20251031,20251104,14.0,이익분배,TIGER 차이나휴머노이드로봇,미래에셋자산운용
0053L0,20260130,20260203,12.0,이익분배,TIGER 차이나휴머노이드로봇,미래에셋자산운용
0053L0,20260430,20260506,12.0,이익분배,TIGER 차이나휴머노이드로봇,미래에셋자산운용
0053L0,20260731,20260804,38.0,이익분배,TIGER 차이나휴머노이드로봇,미래에셋자산운용
0053M0,20260430,20260506,263.0,이익분배,더제이 중소형포커스액티브,더제이자산운용
0057H0,20251031,20251104,53.0,이익분배,PLUS 미국S&P500미국채혼합50액티브,한화자산운용
0057H0,20251230,20260105,34.0,이익분배,PLUS 미국S&P500미국채혼합50액티브,한화자산운용
0057H0,20260130,20260203,11.0,이익분배,PLUS 미국S&P500미국채혼합50액티브,한화자산운용
0057H0,20260227,20260304,12.0,이익분배,PLUS 미국S&P500미국채혼합50액티브,한화자산운용
0057H0,20260331,20260402,10.0,이익분배,PLUS 미국S&P500미국채혼합50액티브,한화자산운용
0057H0,20260430,20260506,11.0,이익분배,PLUS 미국S&P500미국채혼합50액티브,한화자산운용
0057H0,20260529,20260602,11.0,이익분배,PLUS 미국S&P500미국채혼합50액티브,한화자산운용
0057H0,20260630,20260702,12.0,이익분배,PLUS 미국S&P500미국채혼합50액티브,한화자산운용
0057H0,20260731,20260804,13.0,이익분배,PLUS 미국S&P500미국채혼합50액티브,한화자산운용
0057H0,20260831,20260902,12.0,이익분배,PLUS 미국S&P500미국채혼합50액티브,한화자산운용
0060H0,20251031,20251104,50.0,이익분배,TIGER 토탈월드스탁액티브,미래에셋자산운용
0060H0,20260130,20260203,52.0,이익분배,TIGER 토탈월드스탁액티브,미래에셋자산운용
0060H0,20260430,20260506,52.0,이익분배,TIGER 토탈월드스탁액티브,미래에셋자산운용
0060H0,20260731,20260804,52.0,이익분배,TIGER 토탈월드스탁액티브,미래에셋자산운용
0061Z0,20251215,20251217,612.0,이익분배,RISE 단기특수은행채액티브,케이비자산운용
0065G0,20251031,20251104,14.0,이익분배,KODEX 차이나테크TOP10,삼성자산운용
0065G0,20260130,20260203,4.0,이익분배,KODEX 차이나테크TOP10,삼성자산운용
0065G0,20260430,20260506,9.0,이익분배,KODEX 차이나테크TOP10,삼성자산운용
0065G0,20260731,20260804,53.0,이익분배,KODEX 차이나테크TOP10,삼성자산운용
0066W0,20251230,20260102,3.0,이익분배,SOL 국제금,신한자산운용
0067V0,20260130,20260203,146.0,이익분배,TIGER 차이나글로벌리더스TOP3+,미래에셋자산운용
0067Y0,20251031,20251104,12.0,이익분배,TIGER 차이나AI소프트웨어,미래에셋자산운용
0068M0,20260619,20260623,85.0,이익분배,KODEX 미국S&P500버퍼6월액티브,삼성자산운용
0069M0,20250915,20250916,6.0,이익분배,1Q 미국나스닥100,하나자산운용
0069M0,20251215,20251216,17.0,이익분배,1Q 미국나스닥100,하나자산운용
0069M0,20260313,20260316,15.0,이익분배,1Q 미국나스닥100,하나자산운용
0069M0,20260615,20260616,21.0,이익분배,1Q 미국나스닥100,하나자산운용
0072R0,20251230,20260105,1.0,이익분배,TIGER KRX금현물,미래에셋자산운용
0073X0,20250829,20250903,105.0,이익분배,FOCUS 알리바바미국채커버드콜혼합,브이아이자산운용
0073X0,20250930,20251002,114.0,이익분배,FOCUS 알리바바미국채커버드콜혼합,브이아이자산운용
0073X0,20251031,20251104,122.0,이익분배,FOCUS 알리바바미국채커버드콜혼합,브이아이자산운용
0073X0,20251128,20251202,120.0,이익분배,FOCUS 알리바바미국채커버드콜혼합,브이아이자산운용
0073X0,20251230,20260105,110.0,이익분배,FOCUS 알리바바미국채커버드콜혼합,브이아이자산운용
0073X0,20260130,20260203,116.0,이익분배,FOCUS 알리바바미국채커버드콜혼합,브이아이자산운용
0073X0,20260227,20260304,112.0,이익분배,FOCUS 알리바바미국채커버드콜혼합,브이아이자산운용
0073X0,20260331,20260402,108.0,이익분배,FOCUS 알리바바미국채커버드콜혼합,브이아이자산운용
0073X0,20260430,20260506,105.0,이익분배,FOCUS 알리바바미국채커버드콜혼합,브이아이자산운용
0073X0,20260529,20260602,100.0,이익분배,FOCUS 알리바바미국채커버드콜혼합,브이아이자산운용
0073X0,20260630,20260702,100.0,이익분배,FOCUS 알리바바미국채커버드콜혼합,브이아이자산운용
0073X0,20260731,20260804,95.0,이익분배,FOCUS 알리바바미국채커버드콜혼합,브이아이자산운용
0073X0,20260831,20260902,83.0,이익분배,FOCUS 알리바바미국채커버드콜혼합,브이아이자산운용
0078V0,20251230,20260105,7.0,이익분배,PLUS 미국로보택시,한화자산운용
0078V0,20260430,20260506,5.0,이익분배,PLUS 미국로보택시,한화자산운용
0079X0,20251230,20260105,34.0,이익분배,ACE BYD밸류체인액티브,한국투자신탁운용
0080G0,20260731,20260804,5.0,이익분배,KODEX 방산TOP10,삼성자산운용
0080X0,20250915,20250916,36.0,이익분배,SOL 미국S&P500미국채혼합50,신한자산운용
0080X0,20251015,20251016,16.0,이익분배,SOL 미국S&P500미국채혼합50,신한자산운용
0080X0,20251114,20251117,11.0,이익분배,SOL 미국S&P500미국채혼합50,신한자산운용
0080X0,20251215,20251216,19.0,이익분배,SOL 미국S&P500미국채혼합50,신한자산운용
0080X0,20260115,20260116,11.0,이익분배,SOL 미국S&P500미국채혼합50,신한자산운용
0080X0,20260213,20260219,18.0,이익분배,SOL 미국S&P500미국채혼합50,신한자산운용
0080X0,20260313,20260316,20.0,이익분배,SOL 미국S&P500미국채혼합50,신한자산운용
0080X0,20260415,20260416,22.0,이익분배,SOL 미국S&P500미국채혼합50,신한자산운용
0080X0,20260515,20260518,18.0,이익분배,SOL 미국S&P500미국채혼합50,신한자산운용
0080X0,20260615,20260616,22.0,이익분배,SOL 미국S&P500미국채혼합50,신한자산운용
0080X0,20260715,20260716,20.0,이익분배,SOL 미국S&P500미국채혼합50,신한자산운용
0080X0,20260814,20260818,18.0,이익분배,SOL 미국S&P500미국채혼합50,신한자산운용
0080Y0,20251230,20260102,15.0,이익분배,SOL 조선TOP3플러스레버리지,신한자산운용
0082F0,20260130,20260203,12.0,이익분배,HANARO 유럽방산,엔에이치아문디자산운용
0082V0,20251031,20251104,10.0,이익분배,KODEX TDF2060액티브 적격,삼성자산운용
0082V0,20260130,20260203,65.0,이익분배,KODEX TDF2060액티브 적격,삼성자산운용
0082V0,20260430,20260506,16.0,이익분배,KODEX TDF2060액티브 적격,삼성자산운용
0082V0,20260731,20260804,79.0,이익분배,KODEX TDF2060액티브 적격,삼성자산운용
0083S0,20251031,20251103,12.0,이익분배,1Q 미국메디컬AI,하나자산운용
0083S0,20260731,20260803,19.0,이익분배,1Q 미국메디컬AI,하나자산운용
0084D0,20250829,20250902,12.0,이익분배,KIWOOM 미국테크100월간목표헤지액티브,키움투자자산운용
0084D0,20250930,20251002,12.0,이익분배,KIWOOM 미국테크100월간목표헤지액티브,키움투자자산운용
0084D0,20251031,20251104,12.0,이익분배,KIWOOM 미국테크100월간목표헤지액티브,키움투자자산운용
0084D0,20251128,20251202,13.0,이익분배,KIWOOM 미국테크100월간목표헤지액티브,키움투자자산운용
0084D0,20251230,20260105,13.0,이익분배,KIWOOM 미국테크100월간목표헤지액티브,키움투자자산운용
0084D0,20260130,20260203,13.0,이익분배,KIWOOM 미국테크100월간목표헤지액티브,키움투자자산운용
0084D0,20260227,20260304,13.0,이익분배,KIWOOM 미국테크100월간목표헤지액티브,키움투자자산운용
0084D0,20260331,20260402,13.0,이익분배,KIWOOM 미국테크100월간목표헤지액티브,키움투자자산운용
0084D0,20260430,20260506,13.0,이익분배,KIWOOM 미국테크100월간목표헤지액티브,키움투자자산운용
0084D0,20260529,20260602,14.0,이익분배,KIWOOM 미국테크100월간목표헤지액티브,키움투자자산운용
0084D0,20260630,20260702,14.0,이익분배,KIWOOM 미국테크100월간목표헤지액티브,키움투자자산운용
0084D0,20260731,20260804,14.0,이익분배,KIWOOM 미국테크100월간목표헤지액티브,키움투자자산운용
0084D0,20260831,20260902,14.0,이익분배,KIWOOM 미국테크100월간목표헤지액티브,키움투자자산운용
0084E0,20251128,20251202,20.0,이익분배,KIWOOM 미국대형주500월간목표헤지액티브,키움투자자산운용
0084E0,20251230,20260105,16.0,이익분배,KIWOOM 미국대형주500월간목표헤지액티브,키움투자자산운용
0084E0,20260130,20260203,16.0,이익분배,KIWOOM 미국대형주500월간목표헤지액티브,키움투자자산운용
0084E0,20260227,20260304,16.0,이익분배,KIWOOM 미국대형주500월간목표헤지액티브,키움투자자산운용
0084E0,20260331,20260402,16.0,이익분배,KIWOOM 미국대형주500월간목표헤지액티브,키움투자자산운용
0084E0,20260430,20260506,16.0,이익분배,KIWOOM 미국대형주500월간목표헤지액티브,키움투자자산운용
0084E0,20260529,20260602,16.0,이익분배,KIWOOM 미국대형주500월간목표헤지액티브,키움투자자산운용
0084E0,20260630,20260702,16.0,이익분배,KIWOOM 미국대형주500월간목표헤지액티브,키움투자자산운용
0084E0,20260731,20260804,16.0,이익분배,KIWOOM 미국대형주500월간목표헤지액티브,키움투자자산운용
0084E0,20260831,20260902,16.0,이익분배,KIWOOM 미국대형주500월간목표헤지액티브,키움투자자산운용
0085N0,20250829,20250902,32.0,이익분배,ACE 미국10년국채액티브(H),한국투자신탁운용
0085N0,20250930,20251002,30.0,이익분배,ACE 미국10년국채액티브(H),한국투자신탁운용
0085N0,20251031,20251104,32.0,이익분배,ACE 미국10년국채액티브(H),한국투자신탁운용
0085N0,20251128,20251202,31.0,이익분배,ACE 미국10년국채액티브(H),한국투자신탁운용
0085N0,20251230,20260105,30.0,이익분배,ACE 미국10년국채액티브(H),한국투자신탁운용
0085N0,20260130,20260203,30.0,이익분배,ACE 미국10년국채액티브(H),한국투자신탁운용
0085N0,20260227,20260304,29.0,이익분배,ACE 미국10년국채액티브(H),한국투자신탁운용
0085N0,20260331,20260402,29.0,이익분배,ACE 미국10년국채액티브(H),한국투자신탁운용
0085N0,20260430,20260506,30.0,이익분배,ACE 미국10년국채액티브(H),한국투자신탁운용
0085N0,20260529,20260602,29.0,이익분배,ACE 미국10년국채액티브(H),한국투자신탁운용
0085N0,20260630,20260702,32.0,이익분배,ACE 미국10년국채액티브(H),한국투자신탁운용
0085N0,20260731,20260804,32.0,이익분배,ACE 미국10년국채액티브(H),한국투자신탁운용
0085N0,20260831,20260902,32.0,이익분배,ACE 미국10년국채액티브(H),한국투자신탁운용
0085P0,20250829,20250902,32.0,이익분배,ACE 미국10년국채액티브,한국투자신탁운용
0085P0,20250930,20251002,30.0,이익분배,ACE 미국10년국채액티브,한국투자신탁운용
0085P0,20251031,20251104,34.0,이익분배,ACE 미국10년국채액티브,한국투자신탁운용
0085P0,20251128,20251202,33.0,이익분배,ACE 미국10년국채액티브,한국투자신탁운용
0085P0,20251230,20260105,33.0,이익분배,ACE 미국10년국채액티브,한국투자신탁운용
0085P0,20260130,20260203,32.0,이익분배,ACE 미국10년국채액티브,한국투자신탁운용
0085P0,20260227,20260304,30.0,이익분배,ACE 미국10년국채액티브,한국투자신탁운용
0085P0,20260331,20260402,30.0,이익분배,ACE 미국10년국채액티브,한국투자신탁운용
0085P0,20260430,20260506,30.0,이익분배,ACE 미국10년국채액티브,한국투자신탁운용
0085P0,20260529,20260602,30.0,이익분배,ACE 미국10년국채액티브,한국투자신탁운용
0085P0,20260630,20260702,32.0,이익분배,ACE 미국10년국채액티브,한국투자신탁운용
0085P0,20260731,20260804,31.0,이익분배,ACE 미국10년국채액티브,한국투자신탁운용
0085P0,20260831,20260902,31.0,이익분배,ACE 미국10년국채액티브,한국투자신탁운용
0086B0,20250915,20250917,54.0,이익분배,TIGER 리츠부동산인프라TOP10액티브,미래에셋자산운용
0086B0,20251015,20251017,54.0,이익분배,TIGER 리츠부동산인프라TOP10액티브,미래에셋자산운용
0086B0,20251114,20251118,54.0,이익분배,TIGER 리츠부동산인프라TOP10액티브,미래에셋자산운용
0086B0,20251215,20251217,54.0,이익분배,TIGER 리츠부동산인프라TOP10액티브,미래에셋자산운용
0086B0,20260115,20260119,54.0,이익분배,TIGER 리츠부동산인프라TOP10액티브,미래에셋자산운용
0086B0,20260213,20260220,54.0,이익분배,TIGER 리츠부동산인프라TOP10액티브,미래에셋자산운용
0086B0,20260313,20260317,54.0,이익분배,TIGER 리츠부동산인프라TOP10액티브,미래에셋자산운용
0086B0,20260415,20260417,54.0,이익분배,TIGER 리츠부동산인프라TOP10액티브,미래에셋자산운용
0086B0,20260515,20260519,54.0,이익분배,TIGER 리츠부동산인프라TOP10액티브,미래에셋자산운용
0086B0,20260615,20260617,54.0,이익분배,TIGER 리츠부동산인프라TOP10액티브,미래에셋자산운용
0086B0,20260715,20260720,54.0,이익분배,TIGER 리츠부동산인프라TOP10액티브,미래에셋자산운용
0086B0,20260814,20260819,54.0,이익분배,TIGER 리츠부동산인프라TOP10액티브,미래에셋자산운용
0086C0,20250915,20250917,27.0,이익분배,TIGER 리츠부동산인프라10채권혼합액티브,미래에셋자산운용
0086C0,20251015,20251017,28.0,이익분배,TIGER 리츠부동산인프라10채권혼합액티브,미래에셋자산운용
0086C0,20251114,20251118,28.0,이익분배,TIGER 리츠부동산인프라10채권혼합액티브,미래에셋자산운용
0086C0,20251215,20251217,28.0,이익분배,TIGER 리츠부동산인프라10채권혼합액티브,미래에셋자산운용
0086C0,20260115,20260119,28.0,이익분배,TIGER 리츠부동산인프라10채권혼합액티브,미래에셋자산운용
0086C0,20260213,20260220,28.0,이익분배,TIGER 리츠부동산인프라10채권혼합액티브,미래에셋자산운용
0086C0,20260313,20260317,28.0,이익분배,TIGER 리츠부동산인프라10채권혼합액티브,미래에셋자산운용
0086C0,20260415,20260417,28.0,이익분배,TIGER 리츠부동산인프라10채권혼합액티브,미래에셋자산운용
0086C0,20260515,20260519,28.0,이익분배,TIGER 리츠부동산인프라10채권혼합액티브,미래에셋자산운용
0086C0,20260615,20260617,28.0,이익분배,TIGER 리츠부동산인프라10채권혼합액티브,미래에셋자산운용
0086C0,20260715,20260720,28.0,이익분배,TIGER 리츠부동산인프라10채권혼합액티브,미래에셋자산운용
0086C0,20260814,20260819,28.0,이익분배,TIGER 리츠부동산인프라10채권혼합액티브,미래에셋자산운용
0087F0,20251230,20260105,10.0,이익분배,ACE 차이나AI빅테크TOP2+액티브,한국투자신탁운용
0089B0,20251230,20260105,38.0,이익분배,PLUS 미국나스닥100미국채혼합50,한화자산운용
0089B0,20260130,20260203,9.0,이익분배,PLUS 미국나스닥100미국채혼합50,한화자산운용
0089B0,20260227,20260304,9.0,이익분배,PLUS 미국나스닥100미국채혼합50,한화자산운용
0089B0,20260331,20260402,11.0,이익분배,PLUS 미국나스닥100미국채혼합50,한화자산운용
0089B0,20260430,20260506,10.0,이익분배,PLUS 미국나스닥100미국채혼합50,한화자산운용
0089B0,20260529,20260602,10.0,이익분배,PLUS 미국나스닥100미국채혼합50,한화자산운용
0089B0,20260630,20260702,10.0,이익분배,PLUS 미국나스닥100미국채혼합50,한화자산운용
0089B0,20260731,20260804,11.0,이익분배,PLUS 미국나스닥100미국채혼합50,한화자산운용
0089B0,20260831,20260902,10.0,이익분배,PLUS 미국나스닥100미국채혼합50,한화자산운용
0089C0,20250930,20251002,15.0,이익분배,KODEX 미국S&P500변동성확대시커버드콜,삼성자산운용
0089C0,20251031,20251104,7.0,이익분배,KODEX 미국S&P500변동성확대시커버드콜,삼성자산운용
0089C0,20251128,20251202,11.0,이익분배,KODEX 미국S&P500변동성확대시커버드콜,삼성자산운용
0089C0,20251230,20260105,11.0,이익분배,KODEX 미국S&P500변동성확대시커버드콜,삼성자산운용
0089C0,20260130,20260203,9.0,이익분배,KODEX 미국S&P500변동성확대시커버드콜,삼성자산운용
0089C0,20260227,20260304,10.0,이익분배,KODEX 미국S&P500변동성확대시커버드콜,삼성자산운용
0089C0,20260331,20260402,138.0,이익분배,KODEX 미국S&P500변동성확대시커버드콜,삼성자산운용
0089C0,20260430,20260506,7.0,이익분배,KODEX 미국S&P500변동성확대시커버드콜,삼성자산운용
0089C0,20260529,20260602,10.0,이익분배,KODEX 미국S&P500변동성확대시커버드콜,삼성자산운용
0089C0,20260630,20260702,12.0,이익분배,KODEX 미국S&P500변동성확대시커버드콜,삼성자산운용
0089C0,20260731,20260804,9.0,이익분배,KODEX 미국S&P500변동성확대시커버드콜,삼성자산운용
0089C0,20260831,20260902,10.0,이익분배,KODEX 미국S&P500변동성확대시커버드콜,삼성자산운용
0089D0,20251114,20251118,28.0,이익분배,KODEX 금융고배당TOP10,삼성자산운용
0089D0,20251215,20251217,27.0,이익분배,KODEX 금융고배당TOP10,삼성자산운용
0089D0,20260115,20260119,27.0,이익분배,KODEX 금융고배당TOP10,삼성자산운용
0089D0,20260213,20260220,27.0,이익분배,KODEX 금융고배당TOP10,삼성자산운용
0089D0,20260313,20260317,62.0,이익분배,KODEX 금융고배당TOP10,삼성자산운용
0089D0,20260415,20260417,66.0,이익분배,KODEX 금융고배당TOP10,삼성자산운용
0089D0,20260515,20260519,67.0,이익분배,KODEX 금융고배당TOP10,삼성자산운용
0089D0,20260615,20260617,64.0,이익분배,KODEX 금융고배당TOP10,삼성자산운용
0089D0,20260715,20260720,66.0,이익분배,KODEX 금융고배당TOP10,삼성자산운용
0089D0,20260814,20260819,62.0,이익분배,KODEX 금융고배당TOP10,삼성자산운용
0090B0,20251230,20260105,10.0,이익분배,PLUS K방산소부장,한화자산운용
0090B0,20260430,20260506,55.0,이익분배,PLUS K방산소부장,한화자산운용
0091C0,20251015,20251017,48.0,이익분배,KODEX 미국10년국채액티브(H),삼성자산운용
0091C0,20251114,20251118,31.0,이익분배,KODEX 미국10년국채액티브(H),삼성자산운용
0091C0,20251215,20251217,30.0,이익분배,KODEX 미국10년국채액티브(H),삼성자산운용
0091C0,20260115,20260119,31.0,이익분배,KODEX 미국10년국채액티브(H),삼성자산운용
0091C0,20260213,20260220,32.0,이익분배,KODEX 미국10년국채액티브(H),삼성자산운용
0091C0,20260313,20260317,28.0,이익분배,KODEX 미국10년국채액티브(H),삼성자산운용
0091C0,20260415,20260417,33.0,이익분배,KODEX 미국10년국채액티브(H),삼성자산운용
0091C0,20260515,20260519,32.0,이익분배,KODEX 미국10년국채액티브(H),삼성자산운용
0091C0,20260615,20260617,34.0,이익분배,KODEX 미국10년국채액티브(H),삼성자산운용
0091C0,20260715,20260720,33.0,이익분배,KODEX 미국10년국채액티브(H),삼성자산운용
0091C0,20260814,20260819,34.0,이익분배,KODEX 미국10년국채액티브(H),삼성자산운용
0091P0,20260430,20260506,35.0,이익분배,TIGER 코리아원자력,미래에셋자산운용
0092B0,20251230,20260102,5.0,이익분배,SOL 한국원자력SMR,신한자산운용
0092B0,20260430,20260504,25.0,이익분배,SOL 한국원자력SMR,신한자산운용
0092C0,20251215,20251216,340.0,이익분배,SOL 27-12 회사채(AA-이상)액티브,신한자산운용
0093A0,20251230,20260105,5.0,이익분배,RISE AI반도체TOP10,케이비자산운용
0093A0,20260430,20260506,10.0,이익분배,RISE AI반도체TOP10,케이비자산운용
0093B0,20250930,20251002,4.0,이익분배,RISE 엔비디아고정테크100,케이비자산운용
0093B0,20251230,20260105,11.0,이익분배,RISE 엔비디아고정테크100,케이비자산운용
0093B0,20260331,20260402,11.0,이익분배,RISE 엔비디아고정테크100,케이비자산운용
0093B0,20260630,20260702,16.0,이익분배,RISE 엔비디아고정테크100,케이비자산운용
0094L0,20250930,20251002,102.0,이익분배,RISE 차이나테크TOP10위클리타겟커버드콜,케이비자산운용
0094L0,20251031,20251104,103.0,이익분배,RISE 차이나테크TOP10위클리타겟커버드콜,케이비자산운용
0094L0,20251128,20251202,87.0,이익분배,RISE 차이나테크TOP10위클리타겟커버드콜,케이비자산운용
0094L0,20251230,20260105,108.0,이익분배,RISE 차이나테크TOP10위클리타겟커버드콜,케이비자산운용
0094L0,20260130,20260203,101.0,이익분배,RISE 차이나테크TOP10위클리타겟커버드콜,케이비자산운용
0094L0,20260227,20260304,87.0,이익분배,RISE 차이나테크TOP10위클리타겟커버드콜,케이비자산운용
0094L0,20260331,20260402,89.0,이익분배,RISE 차이나테크TOP10위클리타겟커버드콜,케이비자산운용
0094L0,20260430,20260506,87.0,이익분배,RISE 차이나테크TOP10위클리타겟커버드콜,케이비자산운용
0094L0,20260529,20260602,84.0,이익분배,RISE 차이나테크TOP10위클리타겟커버드콜,케이비자산운용
0094L0,20260630,20260702,83.0,이익분배,RISE 차이나테크TOP10위클리타겟커버드콜,케이비자산운용
0094L0,20260731,20260804,83.0,이익분배,RISE 차이나테크TOP10위클리타겟커버드콜,케이비자산운용
0094L0,20260831,20260902,76.0,이익분배,RISE 차이나테크TOP10위클리타겟커버드콜,케이비자산운용
0094M0,20251015,20251017,105.0,이익분배,RISE 코리아밸류업위클리고정커버드콜,케이비자산운용
0094M0,20251114,20251118,210.0,이익분배,RISE 코리아밸류업위클리고정커버드콜,케이비자산운용
0094M0,20251215,20251217,125.0,이익분배,RISE 코리아밸류업위클리고정커버드콜,케이비자산운용
0094M0,20260115,20260119,190.0,이익분배,RISE 코리아밸류업위클리고정커버드콜,케이비자산운용
0094M0,20260213,20260220,310.0,이익분배,RISE 코리아밸류업위클리고정커버드콜,케이비자산운용
0094M0,20260313,20260317,400.0,이익분배,RISE 코리아밸류업위클리고정커버드콜,케이비자산운용
0094M0,20260415,20260417,340.0,이익분배,RISE 코리아밸류업위클리고정커버드콜,케이비자산운용
0094M0,20260515,20260519,390.0,이익분배,RISE 코리아밸류업위클리고정커버드콜,케이비자산운용
0094M0,20260615,20260617,420.0,이익분배,RISE 코리아밸류업위클리고정커버드콜,케이비자산운용
0094M0,20260715,20260720,590.0,이익분배,RISE 코리아밸류업위클리고정커버드콜,케이비자산운용
0094M0,20260814,20260819,580.0,이익분배,RISE 코리아밸류업위클리고정커버드콜,케이비자산운용
0094X0,20260130,20260202,10.0,이익분배,1Q 샤오미밸류체인액티브,하나자산운용
0094X0,20260731,20260803,61.0,이익분배,1Q 샤오미밸류체인액티브,하나자산운용
0097L0,20250930,20251002,30.0,이익분배,KIWOOM 한국고배당&미국AI테크,키움투자자산운용
0097L0,20251031,20251104,30.0,이익분배,KIWOOM 한국고배당&미국AI테크,키움투자자산운용
0097L0,20251128,20251202,30.0,이익분배,KIWOOM 한국고배당&미국AI테크,키움투자자산운용
0097L0,20251230,20260105,30.0,이익분배,KIWOOM 한국고배당&미국AI테크,키움투자자산운용
0097L0,20260130,20260203,30.0,이익분배,KIWOOM 한국고배당&미국AI테크,키움투자자산운용
0097L0,20260227,20260304,40.0,이익분배,KIWOOM 한국고배당&미국AI테크,키움투자자산운용
0097L0,20260331,20260402,40.0,이익분배,KIWOOM 한국고배당&미국AI테크,키움투자자산운용
0097L0,20260430,20260506,45.0,이익분배,KIWOOM 한국고배당&미국AI테크,키움투자자산운용
0097L0,20260529,20260602,45.0,이익분배,KIWOOM 한국고배당&미국AI테크,키움투자자산운용
0097L0,20260630,20260702,50.0,이익분배,KIWOOM 한국고배당&미국AI테크,키움투자자산운용
0097L0,20260731,20260804,50.0,이익분배,KIWOOM 한국고배당&미국AI테크,키움투자자산운용
0097L0,20260831,20260902,55.0,이익분배,KIWOOM 한국고배당&미국AI테크,키움투자자산운용
0098F0,20260430,20260506,58.0,이익분배,KODEX 원자력SMR,삼성자산운용
0098N0,20251015,20251017,35.0,이익분배,PLUS 자사주매입고배당주,한화자산운용
0098N0,20251114,20251118,35.0,이익분배,PLUS 자사주매입고배당주,한화자산운용
0098N0,20251215,20251217,35.0,이익분배,PLUS 자사주매입고배당주,한화자산운용
0098N0,20260115,20260119,40.0,이익분배,PLUS 자사주매입고배당주,한화자산운용
0098N0,20260213,20260220,40.0,이익분배,PLUS 자사주매입고배당주,한화자산운용
0098N0,20260313,20260317,40.0,이익분배,PLUS 자사주매입고배당주,한화자산운용
0098N0,20260415,20260417,70.0,이익분배,PLUS 자사주매입고배당주,한화자산운용
0098N0,20260515,20260519,70.0,이익분배,PLUS 자사주매입고배당주,한화자산운용
0098N0,20260615,20260617,70.0,이익분배,PLUS 자사주매입고배당주,한화자산운용
0098N0,20260715,20260720,70.0,이익분배,PLUS 자사주매입고배당주,한화자산운용
0098N0,20260814,20260819,70.0,이익분배,PLUS 자사주매입고배당주,한화자산운용
0098Z0,20260430,20260506,300.0,이익분배,FOCUS 200,브이아이자산운용
0098Z0,20260731,20260804,120.0,이익분배,FOCUS 200,브이아이자산운용
0099L0,20251128,20251202,744.0,이익분배,ACE 우량회사채(AA-이상)액티브,한국투자신탁운용
0101N0,20251230,20260105,1.0,이익분배,RISE AI전력인프라,케이비자산운용
0102A0,20251230,20260105,7.0,이익분배,TIGER 미국AI소프트웨어TOP4Plus,미래에셋자산운용
0102X0,20251230,20260105,9.0,이익분배,ACE 유럽방산TOP10,한국투자신탁운용
0102X0,20260430,20260506,32.0,이익분배,ACE 유럽방산TOP10,한국투자신탁운용
0102X0,20260731,20260804,32.0,이익분배,ACE 유럽방산TOP10,한국투자신탁운용
0103T0,20260130,20260202,41.0,이익분배,1Q K소버린AI,하나자산운용
0103T0,20260430,20260504,45.0,이익분배,1Q K소버린AI,하나자산운용
0104G0,20260430,20260506,35.0,이익분배,PLUS K방산레버리지,한화자산운용
0104H0,20251230,20260105,33.0,이익분배,KoAct 미국나스닥채권혼합50액티브,삼성액티브자산운용
0104N0,20251015,20251017,62.0,이익분배,TIGER 200타겟위클리커버드콜,미래에셋자산운용
0104N0,20251114,20251118,71.0,이익분배,TIGER 200타겟위클리커버드콜,미래에셋자산운용
0104N0,20251215,20251217,72.0,이익분배,TIGER 200타겟위클리커버드콜,미래에셋자산운용
0104N0,20260115,20260119,80.0,이익분배,TIGER 200타겟위클리커버드콜,미래에셋자산운용
0104N0,20260213,20260220,92.0,이익분배,TIGER 200타겟위클리커버드콜,미래에셋자산운용
0104N0,20260313,20260317,97.0,이익분배,TIGER 200타겟위클리커버드콜,미래에셋자산운용
0104N0,20260415,20260417,103.0,이익분배,TIGER 200타겟위클리커버드콜,미래에셋자산운용
0104N0,20260515,20260519,137.0,이익분배,TIGER 200타겟위클리커버드콜,미래에셋자산운용
0104N0,20260615,20260617,141.0,이익분배,TIGER 200타겟위클리커버드콜,미래에셋자산운용
0104N0,20260715,20260720,137.0,이익분배,TIGER 200타겟위클리커버드콜,미래에셋자산운용
0104N0,20260814,20260819,112.0,이익분배,TIGER 200타겟위클리커버드콜,미래에셋자산운용
0104P0,20251031,20251104,98.0,이익분배,TIGER 코리아배당다우존스위클리커버드콜,미래에셋자산운용
0104P0,20251128,20251202,98.0,이익분배,TIGER 코리아배당다우존스위클리커버드콜,미래에셋자산운용
0104P0,20251230,20260105,100.0,이익분배,TIGER 코리아배당다우존스위클리커버드콜,미래에셋자산운용
0104P0,20260130,20260203,103.0,이익분배,TIGER 코리아배당다우존스위클리커버드콜,미래에셋자산운용
0104P0,20260227,20260304,114.0,이익분배,TIGER 코리아배당다우존스위클리커버드콜,미래에셋자산운용
0104P0,20260331,20260402,112.0,이익분배,TIGER 코리아배당다우존스위클리커버드콜,미래에셋자산운용
0104P0,20260430,20260506,114.0,이익분배,TIGER 코리아배당다우존스위클리커버드콜,미래에셋자산운용
0104P0,20260529,20260602,113.0,이익분배,TIGER 코리아배당다우존스위클리커버드콜,미래에셋자산운용
0104P0,20260630,20260702,104.0,이익분배,TIGER 코리아배당다우존스위클리커버드콜,미래에셋자산운용
0104P0,20260731,20260804,105.0,이익분배,TIGER 코리아배당다우존스위클리커버드콜,미래에셋자산운용
0104P0,20260831,20260902,109.0,이익분배,TIGER 코리아배당다우존스위클리커버드콜,미래에셋자산운용
0105D0,20251230,20260102,4.0,이익분배,SOL 한국AI소프트웨어,신한자산운용
0105D0,20260430,20260504,55.0,이익분배,SOL 한국AI소프트웨어,신한자산운용
0105E0,20251114,20251117,95.0,이익분배,SOL 코리아고배당,신한자산운용
0105E0,20251215,20251216,61.0,이익분배,SOL 코리아고배당,신한자산운용
0105E0,20260115,20260116,60.0,이익분배,SOL 코리아고배당,신한자산운용
0105E0,20260213,20260219,60.0,이익분배,SOL 코리아고배당,신한자산운용
0105E0,20260313,20260316,60.0,이익분배,SOL 코리아고배당,신한자산운용
0105E0,20260415,20260416,60.0,이익분배,SOL 코리아고배당,신한자산운용
0105E0,20260515,20260518,60.0,이익분배,SOL 코리아고배당,신한자산운용
0105E0,20260615,20260616,60.0,이익분배,SOL 코리아고배당,신한자산운용
0105E0,20260715,20260716,60.0,이익분배,SOL 코리아고배당,신한자산운용
0105E0,20260814,20260818,60.0,이익분배,SOL 코리아고배당,신한자산운용
0107F0,20251031,20251104,31.0,이익분배,KIWOOM 미국고배당&AI테크,키움투자자산운용
0107F0,20251128,20251202,32.0,이익분배,KIWOOM 미국고배당&AI테크,키움투자자산운용
0107F0,20251230,20260105,32.0,이익분배,KIWOOM 미국고배당&AI테크,키움투자자산운용
0107F0,20260130,20260203,32.0,이익분배,KIWOOM 미국고배당&AI테크,키움투자자산운용
0107F0,20260227,20260304,32.0,이익분배,KIWOOM 미국고배당&AI테크,키움투자자산운용
0107F0,20260331,20260402,32.0,이익분배,KIWOOM 미국고배당&AI테크,키움투자자산운용
0107F0,20260430,20260506,33.0,이익분배,KIWOOM 미국고배당&AI테크,키움투자자산운용
0107F0,20260529,20260602,34.0,이익분배,KIWOOM 미국고배당&AI테크,키움투자자산운용
0107F0,20260630,20260702,34.0,이익분배,KIWOOM 미국고배당&AI테크,키움투자자산운용
0107F0,20260731,20260804,34.0,이익분배,KIWOOM 미국고배당&AI테크,키움투자자산운용
0107F0,20260831,20260902,34.0,이익분배,KIWOOM 미국고배당&AI테크,키움투자자산운용
0111J0,20260130,20260203,10.0,이익분배,HANARO 증권고배당TOP3플러스,엔에이치아문디자산운용
0111J0,20260227,20260304,25.0,이익분배,HANARO 증권고배당TOP3플러스,엔에이치아문디자산운용
0111J0,20260331,20260402,30.0,이익분배,HANARO 증권고배당TOP3플러스,엔에이치아문디자산운용
0111J0,20260430,20260506,40.0,이익분배,HANARO 증권고배당TOP3플러스,엔에이치아문디자산운용
0111J0,20260529,20260602,40.0,이익분배,HANARO 증권고배당TOP3플러스,엔에이치아문디자산운용
0111J0,20260630,20260702,40.0,이익분배,HANARO 증권고배당TOP3플러스,엔에이치아문디자산운용
0111J0,20260731,20260804,40.0,이익분배,HANARO 증권고배당TOP3플러스,엔에이치아문디자산운용
0111J0,20260831,20260902,40.0,이익분배,HANARO 증권고배당TOP3플러스,엔에이치아문디자산운용
0111P0,20260130,20260202,29.0,이익분배,1Q 미국나스닥100미국채혼합50액티브,하나자산운용
0111P0,20260430,20260504,29.0,이익분배,1Q 미국나스닥100미국채혼합50액티브,하나자산운용
0111P0,20260731,20260803,29.0,이익분배,1Q 미국나스닥100미국채혼합50액티브,하나자산운용
0113D0,20251230,20260105,16.0,이익분배,TIME 글로벌탑픽액티브,타임폴리오자산운용
0113G0,20251230,20260105,3.0,이익분배,KoAct 미국바이오헬스케어액티브,삼성액티브자산운용
0113P0,20251230,20260105,246.0,이익분배,HK 머니마켓액티브,흥국자산운용
0114X0,20251230,20260105,7.0,이익분배,RISE 글로벌게임테크TOP3Plus,케이비자산운용
0115C0,20251215,20251217,35.0,이익분배,RISE 미국고배당다우존스TOP10,케이비자산운용
0115C0,20260115,20260119,34.0,이익분배,RISE 미국고배당다우존스TOP10,케이비자산운용
0115C0,20260213,20260220,34.0,이익분배,RISE 미국고배당다우존스TOP10,케이비자산운용
0115C0,20260313,20260317,34.0,이익분배,RISE 미국고배당다우존스TOP10,케이비자산운용
0115C0,20260415,20260417,34.0,이익분배,RISE 미국고배당다우존스TOP10,케이비자산운용
0115C0,20260515,20260519,34.0,이익분배,RISE 미국고배당다우존스TOP10,케이비자산운용
0115C0,20260615,20260617,34.0,이익분배,RISE 미국고배당다우존스TOP10,케이비자산운용
0115C0,20260715,20260720,35.0,이익분배,RISE 미국고배당다우존스TOP10,케이비자산운용
0115C0,20260814,20260819,33.0,이익분배,RISE 미국고배당다우존스TOP10,케이비자산운용
0115D0,20260430,20260506,25.0,이익분배,KODEX 조선TOP10,삼성자산운용
0115E0,20260430,20260506,41.0,이익분배,KODEX 코리아소버린AI,삼성자산운용
0115E0,20260731,20260804,25.0,이익분배,KODEX 코리아소버린AI,삼성자산운용
0117L0,20251215,20251217,53.0,이익분배,KODEX 26-12 금융채(AA-이상)액티브,삼성자산운용
0117V0,20260731,20260804,93.0,이익분배,TIGER 코리아AI전력기기TOP3플러스,미래에셋자산운용
0118S0,20251230,20260102,3.0,이익분배,SOL 미국넥스트테크TOP10액티브,신한자산운용
0118S0,20260430,20260504,5.0,이익분배,SOL 미국넥스트테크TOP10액티브,신한자산운용
0118Z0,20251230,20260105,3.0,이익분배,ACE 미국AI테크핵심산업액티브,한국투자신탁운용
0119H0,20251215,20251217,49.0,이익분배,KODEX 28-12 회사채(AA-이상)액티브,삼성자산운용
0122W0,20251215,20251217,135.0,이익분배,RISE 26-11 회사채(AA-이상)액티브,케이비자산운용
0123G0,20251230,20260105,4.0,이익분배,TIGER 미국AI전력SMR,미래에셋자산운용
0127M0,20251230,20260105,14.0,이익분배,ACE 미국대형가치주액티브,한국투자신탁운용
0127M0,20260130,20260203,18.0,이익분배,ACE 미국대형가치주액티브,한국투자신탁운용
0127M0,20260430,20260506,41.0,이익분배,ACE 미국대형가치주액티브,한국투자신탁운용
0127M0,20260731,20260804,45.0,이익분배,ACE 미국대형가치주액티브,한국투자신탁운용
0127P0,20251230,20260105,2.0,이익분배,ACE 미국대형성장주액티브,한국투자신탁운용
0127P0,20260731,20260804,18.0,이익분배,ACE 미국대형성장주액티브,한국투자신탁운용
0127R0,20251230,20260105,1.0,이익분배,RISE 미국AI클라우드인프라,케이비자산운용
0127R0,20260731,20260804,8.0,이익분배,RISE 미국AI클라우드인프라,케이비자산운용
0127T0,20251230,20260105,23.0,이익분배,KIWOOM 미국S&P500&배당다우존스비중전환,키움투자자산운용
0127T0,20260130,20260203,15.0,이익분배,KIWOOM 미국S&P500&배당다우존스비중전환,키움투자자산운용
0127T0,20260227,20260304,15.0,이익분배,KIWOOM 미국S&P500&배당다우존스비중전환,키움투자자산운용
0127T0,20260331,20260402,15.0,이익분배,KIWOOM 미국S&P500&배당다우존스비중전환,키움투자자산운용
0127T0,20260430,20260506,15.0,이익분배,KIWOOM 미국S&P500&배당다우존스비중전환,키움투자자산운용
0127T0,20260529,20260602,15.0,이익분배,KIWOOM 미국S&P500&배당다우존스비중전환,키움투자자산운용
0127T0,20260630,20260702,15.0,이익분배,KIWOOM 미국S&P500&배당다우존스비중전환,키움투자자산운용
0127T0,20260731,20260804,15.0,이익분배,KIWOOM 미국S&P500&배당다우존스비중전환,키움투자자산운용
0127T0,20260831,20260902,15.0,이익분배,KIWOOM 미국S&P500&배당다우존스비중전환,키움투자자산운용
0127V0,20251230,20260105,18.0,이익분배,KIWOOM 미국S&P500 TOP10&배당다우비중전환,키움투자자산운용
0127V0,20260130,20260203,12.0,이익분배,KIWOOM 미국S&P500 TOP10&배당다우비중전환,키움투자자산운용
0127V0,20260227,20260304,10.0,이익분배,KIWOOM 미국S&P500 TOP10&배당다우비중전환,키움투자자산운용
0127V0,20260331,20260402,10.0,이익분배,KIWOOM 미국S&P500 TOP10&배당다우비중전환,키움투자자산운용
0127V0,20260430,20260506,10.0,이익분배,KIWOOM 미국S&P500 TOP10&배당다우비중전환,키움투자자산운용
0127V0,20260529,20260602,10.0,이익분배,KIWOOM 미국S&P500 TOP10&배당다우비중전환,키움투자자산운용
0127V0,20260630,20260702,10.0,이익분배,KIWOOM 미국S&P500 TOP10&배당다우비중전환,키움투자자산운용
0127V0,20260731,20260804,10.0,이익분배,KIWOOM 미국S&P500 TOP10&배당다우비중전환,키움투자자산운용
0127V0,20260831,20260902,10.0,이익분배,KIWOOM 미국S&P500 TOP10&배당다우비중전환,키움투자자산운용
0128D0,20251230,20260105,117.0,이익분배,PLUS 차이나항셍테크위클리타겟커버드콜,한화자산운용
0128D0,20260130,20260203,121.0,이익분배,PLUS 차이나항셍테크위클리타겟커버드콜,한화자산운용
0128D0,20260227,20260304,108.0,이익분배,PLUS 차이나항셍테크위클리타겟커버드콜,한화자산운용
0128D0,20260331,20260402,105.0,이익분배,PLUS 차이나항셍테크위클리타겟커버드콜,한화자산운용
0128D0,20260430,20260506,105.0,이익분배,PLUS 차이나항셍테크위클리타겟커버드콜,한화자산운용
0128D0,20260529,20260602,104.0,이익분배,PLUS 차이나항셍테크위클리타겟커버드콜,한화자산운용
0128D0,20260630,20260702,100.0,이익분배,PLUS 차이나항셍테크위클리타겟커버드콜,한화자산운용
0128D0,20260731,20260804,95.0,이익분배,PLUS 차이나항셍테크위클리타겟커버드콜,한화자산운용
0128D0,20260831,20260902,88.0,이익분배,PLUS 차이나항셍테크위클리타겟커버드콜,한화자산운용
0131A0,20251230,20260102,1.0,이익분배,SOL 차이나소비트렌드,신한자산운용
0131V0,20260430,20260504,12.0,이익분배,1Q 미국우주항공테크,하나자산운용
0132H0,20260130,20260203,4.0,이익분배,KODEX 미국원자력SMR,삼성자산운용
0132H0,20260430,20260506,8.0,이익분배,KODEX 미국원자력SMR,삼성자산운용
0132H0,20260731,20260804,4.0,이익분배,KODEX 미국원자력SMR,삼성자산운용
0132K0,20251215,20251217,25.0,이익분배,PLUS 테슬라위클리커버드콜채권혼합,한화자산운용
0132K0,20260115,20260119,212.0,이익분배,PLUS 테슬라위클리커버드콜채권혼합,한화자산운용
0132K0,20260213,20260220,200.0,이익분배,PLUS 테슬라위클리커버드콜채권혼합,한화자산운용
0132K0,20260313,20260317,195.0,이익분배,PLUS 테슬라위클리커버드콜채권혼합,한화자산운용
0132K0,20260415,20260417,180.0,이익분배,PLUS 테슬라위클리커버드콜채권혼합,한화자산운용
0132K0,20260515,20260519,187.0,이익분배,PLUS 테슬라위클리커버드콜채권혼합,한화자산운용
0132K0,20260615,20260617,178.0,이익분배,PLUS 테슬라위클리커버드콜채권혼합,한화자산운용
0132K0,20260715,20260720,177.0,이익분배,PLUS 테슬라위클리커버드콜채권혼합,한화자산운용
0132K0,20260814,20260819,161.0,이익분배,PLUS 테슬라위클리커버드콜채권혼합,한화자산운용
0137V0,20260130,20260203,10.0,이익분배,KIWOOM 미국S&P500모멘텀,키움투자자산운용
0137V0,20260430,20260506,23.0,이익분배,KIWOOM 미국S&P500모멘텀,키움투자자산운용
0137V0,20260731,20260804,16.0,이익분배,KIWOOM 미국S&P500모멘텀,키움투자자산운용
0137W0,20260130,20260203,13.0,이익분배,KIWOOM 미국S&P500&GOLD,키움투자자산운용
0137W0,20260430,20260506,28.0,이익분배,KIWOOM 미국S&P500&GOLD,키움투자자산운용
0137W0,20260731,20260804,10.0,이익분배,KIWOOM 미국S&P500&GOLD,키움투자자산운용
0138D0,20260430,20260506,90.0,이익분배,RISE 동학개미,케이비자산운용
0138T0,20251230,20260105,10.0,이익분배,RISE 미국S&P500데일리고정커버드콜,케이비자산운용
0138T0,20260130,20260203,103.0,이익분배,RISE 미국S&P500데일리고정커버드콜,케이비자산운용
0138T0,20260227,20260304,92.0,이익분배,RISE 미국S&P500데일리고정커버드콜,케이비자산운용
0138T0,20260331,20260402,119.0,이익분배,RISE 미국S&P500데일리고정커버드콜,케이비자산운용
0138T0,20260415,20260417,118.0,이익분배,RISE 미국S&P500데일리고정커버드콜,케이비자산운용
0138T0,20260515,20260519,163.0,이익분배,RISE 미국S&P500데일리고정커버드콜,케이비자산운용
0138T0,20260615,20260617,109.0,이익분배,RISE 미국S&P500데일리고정커버드콜,케이비자산운용
0138T0,20260715,20260720,144.0,이익분배,RISE 미국S&P500데일리고정커버드콜,케이비자산운용
0138T0,20260814,20260819,118.0,이익분배,RISE 미국S&P500데일리고정커버드콜,케이비자산운용
0138Y0,20251230,20260105,2.0,이익분배,PLUS 금채권혼합,한화자산운용
0139P0,20251230,20260105,22.0,이익분배,ACE 고배당주,한국투자신탁운용
0139P0,20260130,20260203,44.0,이익분배,ACE 고배당주,한국투자신탁운용
0139P0,20260227,20260304,44.0,이익분배,ACE 고배당주,한국투자신탁운용
0139P0,20260331,20260402,44.0,이익분배,ACE 고배당주,한국투자신탁운용
0139P0,20260430,20260506,44.0,이익분배,ACE 고배당주,한국투자신탁운용
0139P0,20260529,20260602,52.0,이익분배,ACE 고배당주,한국투자신탁운용
0139P0,20260630,20260702,52.0,이익분배,ACE 고배당주,한국투자신탁운용
0139P0,20260731,20260804,52.0,이익분배,ACE 고배당주,한국투자신탁운용
0139P0,20260831,20260902,52.0,이익분배,ACE 고배당주,한국투자신탁운용
0141S0,20251230,20260102,1.0,이익분배,SOL 조선기자재,신한자산운용
0141S0,20260430,20260504,10.0,이익분배,SOL 조선기자재,신한자산운용
0141T0,20251230,20260102,20.0,이익분배,SOL 중기종합채권(AA-이상)액티브,신한자산운용
0142D0,20251230,20260105,2.0,이익분배,TIGER 미국AI데이터센터TOP4Plus,미래에셋자산운용
0144L0,20260130,20260203,97.0,이익분배,KODEX 미국성장커버드콜액티브,삼성자산운용
0144L0,20260227,20260304,94.0,이익분배,KODEX 미국성장커버드콜액티브,삼성자산운용
0144L0,20260331,20260402,93.0,이익분배,KODEX 미국성장커버드콜액티브,삼성자산운용
0144L0,20260430,20260506,99.0,이익분배,KODEX 미국성장커버드콜액티브,삼성자산운용
0144L0,20260529,20260602,107.0,이익분배,KODEX 미국성장커버드콜액티브,삼성자산운용
0144L0,20260630,20260702,106.0,이익분배,KODEX 미국성장커버드콜액티브,삼성자산운용
0144L0,20260731,20260804,99.0,이익분배,KODEX 미국성장커버드콜액티브,삼성자산운용
0144L0,20260831,20260902,95.0,이익분배,KODEX 미국성장커버드콜액티브,삼성자산운용
0144M0,20260430,20260506,4.0,이익분배,KODEX 미국드론UAM TOP10,삼성자산운용
0144M0,20260731,20260804,2.0,이익분배,KODEX 미국드론UAM TOP10,삼성자산운용
0151P0,20260731,20260804,30.0,이익분배,RISE 코리아전략산업액티브,케이비자산운용
0151S0,20260430,20260506,12.0,이익분배,KODEX 미국AI반도체TOP3플러스,삼성자산운용
0151S0,20260731,20260804,13.0,이익분배,KODEX 미국AI반도체TOP3플러스,삼성자산운용
0152E0,20260227,20260303,70.0,이익분배,SOL 배당성향탑픽액티브,신한자산운용
0152E0,20260331,20260401,50.0,이익분배,SOL 배당성향탑픽액티브,신한자산운용
0152E0,20260430,20260504,50.0,이익분배,SOL 배당성향탑픽액티브,신한자산운용
0152E0,20260529,20260601,50.0,이익분배,SOL 배당성향탑픽액티브,신한자산운용
0152E0,20260630,20260701,50.0,이익분배,SOL 배당성향탑픽액티브,신한자산운용
0152E0,20260731,20260803,50.0,이익분배,SOL 배당성향탑픽액티브,신한자산운용
0152E0,20260831,20260901,50.0,이익분배,SOL 배당성향탑픽액티브,신한자산운용
0153K0,20260313,20260317,32.0,이익분배,KODEX 주주환원고배당주,삼성자산운용
0153K0,20260415,20260417,33.0,이익분배,KODEX 주주환원고배당주,삼성자산운용
0153K0,20260515,20260519,40.0,이익분배,KODEX 주주환원고배당주,삼성자산운용
0153K0,20260615,20260617,42.0,이익분배,KODEX 주주환원고배당주,삼성자산운용
0153K0,20260715,20260720,44.0,이익분배,KODEX 주주환원고배당주,삼성자산운용
0153K0,20260814,20260819,46.0,이익분배,KODEX 주주환원고배당주,삼성자산운용
0153P0,20260227,20260304,72.0,이익분배,ACE 리츠부동산인프라액티브,한국투자신탁운용
0153P0,20260331,20260402,54.0,이익분배,ACE 리츠부동산인프라액티브,한국투자신탁운용
0153P0,20260430,20260506,54.0,이익분배,ACE 리츠부동산인프라액티브,한국투자신탁운용
0153P0,20260529,20260602,54.0,이익분배,ACE 리츠부동산인프라액티브,한국투자신탁운용
0153P0,20260630,20260702,54.0,이익분배,ACE 리츠부동산인프라액티브,한국투자신탁운용
0153P0,20260731,20260804,54.0,이익분배,ACE 리츠부동산인프라액티브,한국투자신탁운용
0153P0,20260831,20260902,54.0,이익분배,ACE 리츠부동산인프라액티브,한국투자신탁운용
0153X0,20260227,20260304,45.0,이익분배,PLUS 미국고배당주액티브,한화자산운용
0153X0,20260331,20260402,47.0,이익분배,PLUS 미국고배당주액티브,한화자산운용
0153X0,20260430,20260506,47.0,이익분배,PLUS 미국고배당주액티브,한화자산운용
0153X0,20260529,20260602,48.0,이익분배,PLUS 미국고배당주액티브,한화자산운용
0153X0,20260630,20260702,47.0,이익분배,PLUS 미국고배당주액티브,한화자산운용
0153X0,20260731,20260804,47.0,이익분배,PLUS 미국고배당주액티브,한화자산운용
0153X0,20260831,20260902,48.0,이익분배,PLUS 미국고배당주액티브,한화자산운용
0154F0,20260430,20260506,259.0,이익분배,WON 초대형IB&금융지주,우리자산운용
0162L0,20260430,20260506,6.0,이익분배,KODEX 차이나AI반도체TOP10,삼성자산운용
0162L0,20260731,20260804,17.0,이익분배,KODEX 차이나AI반도체TOP10,삼성자산운용
0162Z0,20260430,20260506,11.0,이익분배,RISE 삼성전자SK하이닉스채권혼합50,케이비자산운용
0162Z0,20260731,20260804,26.0,이익분배,RISE 삼성전자SK하이닉스채권혼합50,케이비자산운용
0166N0,20260430,20260506,5.0,이익분배,PLUS 코스닥150액티브,한화자산운용
0166S0,20260430,20260506,5.0,이익분배,PLUS K제조업핵심기업액티브,한화자산운용
0166T0,20260430,20260506,5.0,이익분배,PLUS 글로벌저작권핵심기업액티브,한화자산운용
0167B0,20260430,20260504,250.0,이익분배,SOL 200타겟위클리커버드콜,신한자산운용
0167B0,20260529,20260601,217.0,이익분배,SOL 200타겟위클리커버드콜,신한자산운용
0167B0,20260630,20260701,223.0,이익분배,SOL 200타겟위클리커버드콜,신한자산운용
0167B0,20260731,20260803,150.0,이익분배,SOL 200타겟위클리커버드콜,신한자산운용
0167B0,20260831,20260901,168.0,이익분배,SOL 200타겟위클리커버드콜,신한자산운용
0167Z0,20260731,20260804,8.0,이익분배,KODEX 미국우주항공,삼성자산운용
0173Y0,20260731,20260804,5.0,이익분배,KODEX 미국AI광통신네트워크,삼성자산운용
0174J0,20260430,20260506,10.0,이익분배,DAISHIN 오피스리츠플러스,대신자산운용
0174J0,20260529,20260602,10.0,이익분배,DAISHIN 오피스리츠플러스,대신자산운용
0174J0,20260630,20260702,10.0,이익분배,DAISHIN 오피스리츠플러스,대신자산운용
0174J0,20260731,20260804,20.0,이익분배,DAISHIN 오피스리츠플러스,대신자산운용
0174J0,20260831,20260902,40.0,이익분배,DAISHIN 오피스리츠플러스,대신자산운용
0174R0,20260731,20260804,12.0,이익분배,KIWOOM 미국성장다우존스,키움투자자산운용
0176P0,20260430,20260506,195.0,이익분배,FOCUS AI반도체위클리고정커버드콜,브이아이자산운용
0176P0,20260529,20260602,175.0,이익분배,FOCUS AI반도체위클리고정커버드콜,브이아이자산운용
0176P0,20260630,20260702,325.0,이익분배,FOCUS AI반도체위클리고정커버드콜,브이아이자산운용
0176P0,20260731,20260804,165.0,이익분배,FOCUS AI반도체위클리고정커버드콜,브이아이자산운용
0176P0,20260831,20260902,185.0,이익분배,FOCUS AI반도체위클리고정커버드콜,브이아이자산운용
0177N0,20260515,20260519,15.0,이익분배,KODEX 삼성전자SK하이닉스채권혼합50,삼성자산운용
0177N0,20260615,20260617,20.0,이익분배,KODEX 삼성전자SK하이닉스채권혼합50,삼성자산운용
0177N0,20260715,20260720,22.0,이익분배,KODEX 삼성전자SK하이닉스채권혼합50,삼성자산운용
0177N0,20260814,20260819,22.0,이익분배,KODEX 삼성전자SK하이닉스채권혼합50,삼성자산운용
0177R0,20260515,20260519,170.0,이익분배,TIGER 반도체TOP10커버드콜액티브,미래에셋자산운용
0177R0,20260615,20260617,215.0,이익분배,TIGER 반도체TOP10커버드콜액티브,미래에셋자산운용
0177R0,20260715,20260720,205.0,이익분배,TIGER 반도체TOP10커버드콜액티브,미래에셋자산운용
0177R0,20260814,20260819,151.0,이익분배,TIGER 반도체TOP10커버드콜액티브,미래에셋자산운용
0178H0,20260731,20260804,14.0,이익분배,IBK 미국AI TOP10국채혼합50,아이비케이자산운용
0183V0,20260515,20260519,152.0,이익분배,KIWOOM 삼성전자&SK하이닉스채권혼합50,키움투자자산운용
0183V0,20260615,20260617,159.0,이익분배,KIWOOM 삼성전자&SK하이닉스채권혼합50,키움투자자산운용
0183V0,20260715,20260720,160.0,이익분배,KIWOOM 삼성전자&SK하이닉스채권혼합50,키움투자자산운용
0183V0,20260814,20260819,139.0,이익분배,KIWOOM 삼성전자&SK하이닉스채권혼합50,키움투자자산운용
0184E0,20260731,20260803,30.0,이익분배,1Q 200채권혼합50액티브,하나자산운용
0186S0,20260731,20260803,20.0,이익분배,1Q 코스닥150채권혼합50액티브,하나자산운용
0189Z0,20260731,20260804,10.0,이익분배,DAISHIN 금융&지주고배당,대신자산운용
0189Z0,20260831,20260902,20.0,이익분배,DAISHIN 금융&지주고배당,대신자산운용
0190G0,20260529,20260602,83.0,이익분배,KODEX 반도체타겟위클리커버드콜,삼성자산운용
0190G0,20260630,20260702,82.0,이익분배,KODEX 반도체타겟위클리커버드콜,삼성자산운용
0190G0,20260731,20260804,66.0,이익분배,KODEX 반도체타겟위클리커버드콜,삼성자산운용
0190G0,20260831,20260902,66.0,이익분배,KODEX 반도체타겟위클리커버드콜,삼성자산운용
0190Y0,20260731,20260804,31.0,이익분배,TIGER 구글밸류체인,미래에셋자산운용
0192S0,20260630,20260701,14.0,이익분배,SOL 코스피200채권혼합50,신한자산운용
0192S0,20260731,20260803,10.0,이익분배,SOL 코스피200채권혼합50,신한자산운용
0192S0,20260831,20260901,12.0,이익분배,SOL 코스피200채권혼합50,신한자산운용
0194N0,20260630,20260702,28.0,이익분배,KIWOOM 삼성전자선물단일종목레버리지,키움투자자산운용
0194N0,20260731,20260804,11.0,이익분배,KIWOOM 삼성전자선물단일종목레버리지,키움투자자산운용
0194N0,20260831,20260902,11.0,이익분배,KIWOOM 삼성전자선물단일종목레버리지,키움투자자산운용
0194R0,20260715,20260720,16.0,이익분배,KIWOOM SK하이닉스선물단일종목레버리지,키움투자자산운용
0194R0,20260814,20260819,6.0,이익분배,KIWOOM SK하이닉스선물단일종목레버리지,키움투자자산운용
0198A0,20260731,20260804,175.0,이익분배,KIWOOM 코스닥150커버드콜액티브,키움투자자산운용
0198A0,20260831,20260902,225.0,이익분배,KIWOOM 코스닥150커버드콜액티브,키움투자자산운용
0199C0,20260630,20260702,168.0,이익분배,ACE 고배당주Plus커버드콜액티브,한국투자신탁운용
0199C0,20260731,20260804,175.0,이익분배,ACE 고배당주Plus커버드콜액티브,한국투자신탁운용
0199C0,20260831,20260902,168.0,이익분배,ACE 고배당주Plus커버드콜액티브,한국투자신탁운용
0203D0,20260630,20260702,74.0,이익분배,PLUS 200위클리커버드콜채권혼합,한화자산운용
0203D0,20260731,20260804,65.0,이익분배,PLUS 200위클리커버드콜채권혼합,한화자산운용
0203D0,20260831,20260902,63.0,이익분배,PLUS 200위클리커버드콜채권혼합,한화자산운용
0210E0,20260731,20260804,139.0,이익분배,PLUS 200커버드콜액티브,한화자산운용
0210E0,20260831,20260902,147.0,이익분배,PLUS 200커버드콜액티브,한화자산운용
0216K0,20260831,20260902,10.0,이익분배,KIWOOM 미국우주테크TOP2채권혼합50,키움투자자산운용
0219E0,20260731,20260804,153.0,이익분배,KODEX 200커버드콜액티브,삼성자산운용
0219E0,20260831,20260902,167.0,이익분배,KODEX 200커버드콜액티브,삼성자산운용
0220A0,20260831,20260902,21.0,이익분배,KIWOOM 현대차그룹TOP3채권혼합50,키움투자자산운용
0222D0,20260831,20260902,85.0,이익분배,KoAct 고배당액티브,삼성액티브자산운용
0223A0,20260831,20260902,219.0,이익분배,RISE 코스닥커버드콜액티브,케이비자산운용
0224X0,20260831,20260901,12.0,이익분배,1Q 엔비디아알파벳미국채혼합50,하나자산운용
069500,20251031,20251104,140.0,이익분배,KODEX 200,삼성자산운용
069500,20260130,20260203,80.0,이익분배,KODEX 200,삼성자산운용
069500,20260430,20260506,446.0,이익분배,KODEX 200,삼성자산운용
069500,20260731,20260804,183.0,이익분배,KODEX 200,삼성자산운용
069660,20251031,20251104,280.0,이익분배,KIWOOM 200,키움투자자산운용
069660,20260130,20260203,180.0,이익분배,KIWOOM 200,키움투자자산운용
069660,20260430,20260506,480.0,이익분배,KIWOOM 200,키움투자자산운용
069660,20260731,20260804,130.0,이익분배,KIWOOM 200,키움투자자산운용
091160,20260430,20260506,115.0,이익분배,KODEX 반도체,삼성자산운용
091170,20250829,20250902,42.0,이익분배,KODEX 은행,삼성자산운용
091170,20250930,20251002,42.0,이익분배,KODEX 은행,삼성자산운용
091170,20251031,20251104,42.0,이익분배,KODEX 은행,삼성자산운용
091170,20251128,20251202,42.0,이익분배,KODEX 은행,삼성자산운용
091170,20251230,20260105,45.0,이익분배,KODEX 은행,삼성자산운용
091170,20260130,20260203,45.0,이익분배,KODEX 은행,삼성자산운용
091170,20260227,20260304,50.0,이익분배,KODEX 은행,삼성자산운용
091170,20260331,20260402,52.0,이익분배,KODEX 은행,삼성자산운용
091170,20260430,20260506,59.0,이익분배,KODEX 은행,삼성자산운용
091170,20260529,20260602,58.0,이익분배,KODEX 은행,삼성자산운용
091170,20260630,20260702,55.0,이익분배,KODEX 은행,삼성자산운용
091170,20260731,20260804,60.0,이익분배,KODEX 은행,삼성자산운용
091170,20260831,20260902,59.0,이익분배,KODEX 은행,삼성자산운용
091180,20260130,20260203,66.0,이익분배,KODEX 자동차,삼성자산운용
091180,20260430,20260506,496.0,이익분배,KODEX 자동차,삼성자산운용
091180,20260731,20260804,151.0,이익분배,KODEX 자동차,삼성자산운용
091220,20251031,20251104,95.0,이익분배,TIGER 은행,미래에셋자산운용
091220,20260130,20260203,88.0,이익분배,TIGER 은행,미래에셋자산운용
091220,20260430,20260506,221.0,이익분배,TIGER 은행,미래에셋자산운용
091220,20260731,20260804,146.0,이익분배,TIGER 은행,미래에셋자산운용
091230,20251031,20251104,55.0,이익분배,TIGER 반도체,미래에셋자산운용
091230,20260130,20260203,56.0,이익분배,TIGER 반도체,미래에셋자산운용
091230,20260430,20260506,211.0,이익분배,TIGER 반도체,미래에셋자산운용
091230,20260731,20260804,177.0,이익분배,TIGER 반도체,미래에셋자산운용
098560,20251031,20251104,75.0,이익분배,TIGER 방송통신,미래에셋자산운용
098560,20251207,20251208,8279.72195,청산분배,TIGER 방송통신,미래에셋자산운용
099140,20251031,20251104,168.0,이익분배,KODEX 차이나H,삼성자산운용
099140,20260130,20260203,115.0,이익분배,KODEX 차이나H,삼성자산운용
099140,20260430,20260506,19.0,이익분배,KODEX 차이나H,삼성자산운용
099140,20260731,20260804,284.0,이익분배,KODEX 차이나H,삼성자산운용
100910,20251031,20251104,15.0,이익분배,KIWOOM KRX100,키움투자자산운용
100910,20260130,20260203,20.0,이익분배,KIWOOM KRX100,키움투자자산운용
100910,20260430,20260506,60.0,이익분배,KIWOOM KRX100,키움투자자산운용
100910,20260731,20260804,15.0,이익분배,KIWOOM KRX100,키움투자자산운용
101280,20251031,20251104,182.0,이익분배,KODEX 일본TOPIX100,삼성자산운용
101280,20260130,20260203,29.0,이익분배,KODEX 일본TOPIX100,삼성자산운용
101280,20260430,20260506,214.0,이익분배,KODEX 일본TOPIX100,삼성자산운용
101280,20260731,20260804,50.0,이익분배,KODEX 일본TOPIX100,삼성자산운용
102110,20251031,20251104,145.0,이익분배,TIGER 200,미래에셋자산운용
102110,20260130,20260203,200.0,이익분배,TIGER 200,미래에셋자산운용
102110,20260430,20260506,450.0,이익분배,TIGER 200,미래에셋자산운용
102110,20260731,20260804,133.0,이익분배,TIGER 200,미래에셋자산운용
102780,20260430,20260506,138.0,이익분배,KODEX 삼성그룹,삼성자산운용
102960,20260430,20260506,8.0,이익분배,KODEX 기계장비,삼성자산운용
102970,20260430,20260506,340.0,이익분배,KODEX 증권,삼성자산운용
102970,20260731,20260804,149.0,이익분배,KODEX 증권,삼성자산운용
104520,20251031,20251104,20.0,이익분배,KIWOOM 블루칩,키움투자자산운용
104520,20260130,20260203,30.0,이익분배,KIWOOM 블루칩,키움투자자산운용
104520,20260430,20260506,110.0,이익분배,KIWOOM 블루칩,키움투자자산운용
104520,20260731,20260804,20.0,이익분배,KIWOOM 블루칩,키움투자자산운용
104530,20250915,20250917,40.0,이익분배,KIWOOM 코리아고배당,키움투자자산운용
104530,20251015,20251017,40.0,이익분배,KIWOOM 코리아고배당,키움투자자산운용
104530,20251114,20251118,40.0,이익분배,KIWOOM 코리아고배당,키움투자자산운용
104530,20251215,20251217,60.0,이익분배,KIWOOM 코리아고배당,키움투자자산운용
104530,20260115,20260119,60.0,이익분배,KIWOOM 코리아고배당,키움투자자산운용
104530,20260213,20260220,70.0,이익분배,KIWOOM 코리아고배당,키움투자자산운용
104530,20260313,20260317,70.0,이익분배,KIWOOM 코리아고배당,키움투자자산운용
104530,20260415,20260417,75.0,이익분배,KIWOOM 코리아고배당,키움투자자산운용
104530,20260515,20260519,80.0,이익분배,KIWOOM 코리아고배당,키움투자자산운용
104530,20260615,20260617,80.0,이익분배,KIWOOM 코리아고배당,키움투자자산운용
104530,20260715,20260720,80.0,이익분배,KIWOOM 코리아고배당,키움투자자산운용
104530,20260814,20260819,80.0,이익분배,KIWOOM 코리아고배당,키움투자자산운용
105010,20251031,20251104,45.0,이익분배,TIGER 라틴35,미래에셋자산운용
105010,20260130,20260203,60.0,이익분배,TIGER 라틴35,미래에셋자산운용
105010,20260430,20260506,42.0,이익분배,TIGER 라틴35,미래에셋자산운용
105010,20260731,20260804,53.0,이익분배,TIGER 라틴35,미래에셋자산운용
105190,20251031,20251104,165.0,이익분배,ACE 200,한국투자신탁운용
105190,20260130,20260203,105.0,이익분배,ACE 200,한국투자신탁운용
105190,20260430,20260506,550.0,이익분배,ACE 200,한국투자신탁운용
105190,20260731,20260804,150.0,이익분배,ACE 200,한국투자신탁운용
105780,20260430,20260506,100.0,이익분배,RISE 5대그룹주,케이비자산운용
108450,20260430,20260506,370.0,이익분배,ACE 삼성그룹섹터가중,한국투자신탁운용
108590,20251031,20251104,160.0,이익분배,TREX 200,유리자산운용
108590,20260130,20260203,120.0,이익분배,TREX 200,유리자산운용
108590,20260430,20260506,500.0,이익분배,TREX 200,유리자산운용
108590,20260731,20260804,100.0,이익분배,TREX 200,유리자산운용
114100,20250909,20250911,665.0,이익분배,RISE 국고채3년,케이비자산운용
114100,20251209,20251211,757.0,이익분배,RISE 국고채3년,케이비자산운용
114100,20260309,20260311,546.0,이익분배,RISE 국고채3년,케이비자산운용
114100,20260609,20260611,942.0,이익분배,RISE 국고채3년,케이비자산운용
114260,20251215,20251217,807.0,이익분배,KODEX 국고채3년,삼성자산운용
114460,20250909,20250911,437.0,이익분배,ACE 국고채3년,한국투자신탁운용
114460,20251209,20251211,854.0,이익분배,ACE 국고채3년,한국투자신탁운용
114460,20260309,20260311,416.0,이익분배,ACE 국고채3년,한국투자신탁운용
114460,20260609,20260611,833.0,이익분배,ACE 국고채3년,한국투자신탁운용
114470,20250909,20250912,437.0,이익분배,KIWOOM 국고채3년,키움투자자산운용
114470,20251209,20251212,854.0,이익분배,KIWOOM 국고채3년,키움투자자산운용
114470,20260309,20260312,416.0,이익분배,KIWOOM 국고채3년,키움투자자산운용
114470,20260609,20260612,833.0,이익분배,KIWOOM 국고채3년,키움투자자산운용
114820,20250909,20250911,459.0,이익분배,TIGER 국채3년,미래에셋자산운용
114820,20251128,20251202,553.0,이익분배,TIGER 국채3년,미래에셋자산운용
117460,20260430,20260506,41.0,이익분배,KODEX 에너지화학,삼성자산운용
117460,20260731,20260804,35.0,이익분배,KODEX 에너지화학,삼성자산운용
117680,20251031,20251104,25.0,이익분배,KODEX 철강,삼성자산운용
117680,20260130,20260203,10.0,이익분배,KODEX 철강,삼성자산운용
117680,20260430,20260506,135.0,이익분배,KODEX 철강,삼성자산운용
117680,20260731,20260804,70.0,이익분배,KODEX 철강,삼성자산운용
117690,20251230,20260105,660.0,이익분배,TIGER 차이나항셍30,미래에셋자산운용
117700,20260430,20260506,15.0,이익분배,KODEX 건설,삼성자산운용
117700,20260731,20260804,19.0,이익분배,KODEX 건설,삼성자산운용
122090,20251031,20251104,85.0,이익분배,PLUS 코스피50,한화자산운용
122090,20260130,20260203,100.0,이익분배,PLUS 코스피50,한화자산운용
122090,20260430,20260506,275.0,이익분배,PLUS 코스피50,한화자산운용
122090,20260731,20260804,90.0,이익분배,PLUS 코스피50,한화자산운용
122260,20251230,20260105,2948.0,이익분배,KIWOOM 통안채1년,키움투자자산운용
123320,20251230,20260105,300.0,이익분배,TIGER 레버리지,미래에셋자산운용
130680,20251230,20260105,27.0,이익분배,TIGER 원유선물Enhanced(H),미래에셋자산운용
130730,20251230,20260105,3037.0,이익분배,KIWOOM 단기자금,키움투자자산운용
131890,20260430,20260506,700.0,이익분배,ACE 삼성그룹동일가중,한국투자신탁운용
132030,20251230,20260105,130.0,이익분배,KODEX 골드선물(H),삼성자산운용
133690,20251031,20251104,222.0,이익분배,TIGER 미국나스닥100,미래에셋자산운용
133690,20260130,20260203,225.0,이익분배,TIGER 미국나스닥100,미래에셋자산운용
133690,20260430,20260506,235.0,이익분배,TIGER 미국나스닥100,미래에셋자산운용
133690,20260731,20260804,255.0,이익분배,TIGER 미국나스닥100,미래에셋자산운용
136340,20250829,20250902,125.0,이익분배,RISE 중기우량회사채,케이비자산운용
136340,20250930,20251002,365.0,이익분배,RISE 중기우량회사채,케이비자산운용
136340,20251031,20251104,299.0,이익분배,RISE 중기우량회사채,케이비자산운용
136340,20251128,20251202,210.0,이익분배,RISE 중기우량회사채,케이비자산운용
136340,20251230,20260105,204.0,이익분배,RISE 중기우량회사채,케이비자산운용
136340,20260130,20260203,281.0,이익분배,RISE 중기우량회사채,케이비자산운용
136340,20260227,20260304,124.0,이익분배,RISE 중기우량회사채,케이비자산운용
136340,20260331,20260402,368.0,이익분배,RISE 중기우량회사채,케이비자산운용
136340,20260430,20260506,205.0,이익분배,RISE 중기우량회사채,케이비자산운용
136340,20260529,20260602,113.0,이익분배,RISE 중기우량회사채,케이비자산운용
136340,20260630,20260702,347.0,이익분배,RISE 중기우량회사채,케이비자산운용
136340,20260731,20260804,188.0,이익분배,RISE 중기우량회사채,케이비자산운용
136340,20260831,20260902,124.0,이익분배,RISE 중기우량회사채,케이비자산운용
137610,20251230,20260105,49.0,이익분배,TIGER 농산물선물Enhanced(H),미래에셋자산운용
138230,20251230,20260105,180.0,이익분배,KIWOOM 미국달러선물,키움투자자산운용
138520,20251031,20251104,20.0,이익분배,TIGER 삼성그룹,미래에셋자산운용
138520,20260430,20260506,185.0,이익분배,TIGER 삼성그룹,미래에셋자산운용
138530,20251031,20251104,30.0,이익분배,TIGER LG그룹플러스,미래에셋자산운용
138530,20260430,20260506,110.0,이익분배,TIGER LG그룹플러스,미래에셋자산운용
138540,20251031,20251104,130.0,이익분배,TIGER 현대차그룹플러스,미래에셋자산운용
138540,20260430,20260506,960.0,이익분배,TIGER 현대차그룹플러스,미래에셋자산운용
138920,20251230,20260105,27.0,이익분배,KODEX 콩선물(H),삼성자산운용
139220,20260430,20260506,65.0,이익분배,TIGER 200 건설,미래에셋자산운용
139230,20251031,20251104,25.0,이익분배,TIGER 200 중공업,미래에셋자산운용
139230,20260731,20260804,88.0,이익분배,TIGER 200 중공업,미래에셋자산운용
139240,20251031,20251104,40.0,이익분배,TIGER 200 철강소재,미래에셋자산운용
139240,20260430,20260506,260.0,이익분배,TIGER 200 철강소재,미래에셋자산운용
139250,20251031,20251104,20.0,이익분배,TIGER 200 에너지화학,미래에셋자산운용
139250,20260430,20260506,20.0,이익분배,TIGER 200 에너지화학,미래에셋자산운용
139250,20260731,20260804,50.0,이익분배,TIGER 200 에너지화학,미래에셋자산운용
139260,20251031,20251104,85.0,이익분배,TIGER 200 IT,미래에셋자산운용
139260,20260130,20260203,43.0,이익분배,TIGER 200 IT,미래에셋자산운용
139260,20260430,20260506,200.0,이익분배,TIGER 200 IT,미래에셋자산운용
139260,20260731,20260804,142.0,이익분배,TIGER 200 IT,미래에셋자산운용
139270,20251031,20251104,60.0,이익분배,TIGER 200 금융,미래에셋자산운용
139270,20260130,20260203,48.0,이익분배,TIGER 200 금융,미래에셋자산운용
139270,20260430,20260506,250.0,이익분배,TIGER 200 금융,미래에셋자산운용
139270,20260731,20260804,60.0,이익분배,TIGER 200 금융,미래에셋자산운용
139280,20251031,20251104,45.0,이익분배,TIGER 경기방어,미래에셋자산운용
139280,20260430,20260506,120.0,이익분배,TIGER 경기방어,미래에셋자산운용
139280,20260731,20260804,12.0,이익분배,TIGER 경기방어,미래에셋자산운용
139290,20251031,20251104,80.0,이익분배,TIGER 200 경기소비재,미래에셋자산운용
139290,20260430,20260506,200.0,이익분배,TIGER 200 경기소비재,미래에셋자산운용
139320,20251230,20260105,56.0,이익분배,TIGER 금은선물(H),미래에셋자산운용
140570,20260430,20260506,160.0,이익분배,RISE 수출주,케이비자산운용
140580,20260430,20260506,150.0,이익분배,RISE 우량업종대표주,케이비자산운용
140700,20260430,20260506,328.0,이익분배,KODEX 보험,삼성자산운용
140700,20260731,20260804,24.0,이익분배,KODEX 보험,삼성자산운용
140710,20260430,20260506,26.0,이익분배,KODEX 운송,삼성자산운용
140710,20260731,20260804,93.0,이익분배,KODEX 운송,삼성자산운용
140950,20251031,20251104,108.0,이익분배,파워 코스피100,교보악사자산운용
140950,20260430,20260506,490.0,이익분배,파워 코스피100,교보악사자산운용
140950,20260731,20260804,72.0,이익분배,파워 코스피100,교보악사자산운용
143850,20251230,20260105,785.0,이익분배,TIGER 미국S&P500선물(H),미래에셋자산운용
143860,20260430,20260506,72.0,이익분배,TIGER 헬스케어,미래에셋자산운용
144600,20251230,20260105,40.0,이익분배,KODEX 은선물(H),삼성자산운용
145850,20251031,20251104,240.0,이익분배,TREX 펀더멘탈 200,유리자산운용
145850,20260130,20260203,170.0,이익분배,TREX 펀더멘탈 200,유리자산운용
145850,20260430,20260506,1000.0,이익분배,TREX 펀더멘탈 200,유리자산운용
145850,20260731,20260804,500.0,이익분배,TREX 펀더멘탈 200,유리자산운용
147970,20251031,20251104,120.0,이익분배,TIGER 모멘텀,미래에셋자산운용
147970,20260430,20260506,750.0,이익분배,TIGER 모멘텀,미래에셋자산운용
148020,20251031,20251104,160.0,이익분배,RISE 200,케이비자산운용
148020,20260130,20260203,150.0,이익분배,RISE 200,케이비자산운용
148020,20260430,20260506,580.0,이익분배,RISE 200,케이비자산운용
148020,20260731,20260804,120.0,이익분배,RISE 200,케이비자산운용
148070,20251230,20260105,3742.0,이익분배,KIWOOM 국고채10년,키움투자자산운용
150460,20251031,20251104,15.0,이익분배,TIGER 중국소비테마,미래에셋자산운용
150460,20260430,20260506,100.0,이익분배,TIGER 중국소비테마,미래에셋자산운용
152100,20251031,20251104,140.0,이익분배,PLUS 200,한화자산운용
152100,20260130,20260203,180.0,이익분배,PLUS 200,한화자산운용
152100,20260430,20260506,500.0,이익분배,PLUS 200,한화자산운용
152100,20260731,20260804,150.0,이익분배,PLUS 200,한화자산운용
152380,20251230,20260105,750.0,이익분배,KODEX 국채선물10년,삼성자산운용
152500,20251230,20260105,236.0,이익분배,ACE 레버리지,한국투자신탁운용
152870,20251031,20251104,142.0,이익분배,파워 200,교보악사자산운용
152870,20260430,20260506,730.0,이익분배,파워 200,교보악사자산운용
152870,20260731,20260804,92.0,이익분배,파워 200,교보악사자산운용
153130,20250915,20250917,275.0,이익분배,KODEX 단기채권,삼성자산운용
153130,20251015,20251017,234.0,이익분배,KODEX 단기채권,삼성자산운용
153130,20251114,20251118,252.0,이익분배,KODEX 단기채권,삼성자산운용
153130,20251215,20251217,238.0,이익분배,KODEX 단기채권,삼성자산운용
153130,20260115,20260119,250.0,이익분배,KODEX 단기채권,삼성자산운용
153130,20260213,20260220,230.0,이익분배,KODEX 단기채권,삼성자산운용
153130,20260313,20260317,208.0,이익분배,KODEX 단기채권,삼성자산운용
153130,20260415,20260417,231.0,이익분배,KODEX 단기채권,삼성자산운용
153130,20260515,20260519,227.0,이익분배,KODEX 단기채권,삼성자산운용
153130,20260615,20260617,239.0,이익분배,KODEX 단기채권,삼성자산운용
153130,20260715,20260720,236.0,이익분배,KODEX 단기채권,삼성자산운용
153130,20260814,20260819,248.0,이익분배,KODEX 단기채권,삼성자산운용
153270,20251031,20251104,60.0,이익분배,KIWOOM 코스피100,키움자산운용
153270,20260130,20260203,140.0,이익분배,KIWOOM 코스피100,키움자산운용
153270,20260430,20260506,300.0,이익분배,KIWOOM 코스피100,키움자산운용
153270,20260731,20260804,120.0,이익분배,KIWOOM 코스피100,키움자산운용
156080,20260430,20260506,317.0,이익분배,KODEX MSCI Korea,삼성자산운용
156080,20260731,20260804,81.0,이익분배,KODEX MSCI Korea,삼성자산운용
157450,20251128,20251202,1131.0,이익분배,TIGER 단기통안채,미래에셋자산운용
157490,20260430,20260506,62.0,이익분배,TIGER 소프트웨어,미래에셋자산운용
157500,20260731,20260804,443.0,이익분배,TIGER 증권,미래에셋자산운용
159800,20260430,20260506,730.0,이익분배,마이티 코스피100,DB자산운용
160580,20251230,20260105,2.0,이익분배,TIGER 구리실물,미래에셋자산운용
161510,20250829,20250902,78.0,이익분배,PLUS 고배당주,한화자산운용
161510,20250930,20251002,78.0,이익분배,PLUS 고배당주,한화자산운용
161510,20251031,20251104,78.0,이익분배,PLUS 고배당주,한화자산운용
161510,20251128,20251202,78.0,이익분배,PLUS 고배당주,한화자산운용
161510,20251230,20260105,78.0,이익분배,PLUS 고배당주,한화자산운용
161510,20260130,20260203,86.0,이익분배,PLUS 고배당주,한화자산운용
161510,20260227,20260304,86.0,이익분배,PLUS 고배당주,한화자산운용
161510,20260331,20260402,86.0,이익분배,PLUS 고배당주,한화자산운용
161510,20260430,20260506,86.0,이익분배,PLUS 고배당주,한화자산운용
161510,20260529,20260602,86.0,이익분배,PLUS 고배당주,한화자산운용
161510,20260630,20260702,86.0,이익분배,PLUS 고배당주,한화자산운용
161510,20260731,20260804,103.0,이익분배,PLUS 고배당주,한화자산운용
161510,20260831,20260902,103.0,이익분배,PLUS 고배당주,한화자산운용
166400,20250829,20250902,57.0,이익분배,TIGER 200커버드콜OTM,미래에셋자산운용
166400,20250930,20251002,63.0,이익분배,TIGER 200커버드콜OTM,미래에셋자산운용
166400,20251031,20251104,67.0,이익분배,TIGER 200커버드콜OTM,미래에셋자산운용
166400,20251128,20251202,63.0,이익분배,TIGER 200커버드콜OTM,미래에셋자산운용
166400,20251230,20260105,68.0,이익분배,TIGER 200커버드콜OTM,미래에셋자산운용
166400,20260130,20260203,75.0,이익분배,TIGER 200커버드콜OTM,미래에셋자산운용
166400,20260227,20260304,78.0,이익분배,TIGER 200커버드콜OTM,미래에셋자산운용
166400,20260331,20260402,78.0,이익분배,TIGER 200커버드콜OTM,미래에셋자산운용
166400,20260430,20260506,90.0,이익분배,TIGER 200커버드콜OTM,미래에셋자산운용
166400,20260529,20260602,92.0,이익분배,TIGER 200커버드콜OTM,미래에셋자산운용
166400,20260630,20260702,100.0,이익분배,TIGER 200커버드콜OTM,미래에셋자산운용
166400,20260731,20260804,83.0,이익분배,TIGER 200커버드콜OTM,미래에셋자산운용
166400,20260831,20260902,94.0,이익분배,TIGER 200커버드콜OTM,미래에셋자산운용
167860,20251230,20260105,3631.0,이익분배,KIWOOM 국고채10년레버리지,키움투자자산운용
168580,20251230,20260105,775.0,이익분배,ACE 중국본토CSI300,한국투자신탁운용
169950,20251031,20251104,255.0,이익분배,KODEX 차이나A50,삼성자산운용
174350,20251031,20251104,25.0,이익분배,TIGER 로우볼,미래에셋자산운용
174350,20260430,20260506,525.0,이익분배,TIGER 로우볼,미래에셋자산운용
174350,20260731,20260804,60.0,이익분배,TIGER 로우볼,미래에셋자산운용
174360,20251230,20260105,260.0,이익분배,RISE 중국본토대형주CSI100,케이비자산운용
176950,20251230,20260105,565.0,이익분배,KODEX 국채선물10년인버스,삼성자산운용
181480,20250829,20250902,250.0,이익분배,ACE 미국부동산리츠(합성 H),한국투자신탁운용
181480,20250930,20251002,261.0,이익분배,ACE 미국부동산리츠(합성 H),한국투자신탁운용
181480,20251031,20251104,260.0,이익분배,ACE 미국부동산리츠(합성 H),한국투자신탁운용
181480,20251128,20251202,220.0,이익분배,ACE 미국부동산리츠(합성 H),한국투자신탁운용
181480,20251230,20260105,220.0,이익분배,ACE 미국부동산리츠(합성 H),한국투자신탁운용
181480,20260130,20260203,250.0,이익분배,ACE 미국부동산리츠(합성 H),한국투자신탁운용
181480,20260227,20260304,268.0,이익분배,ACE 미국부동산리츠(합성 H),한국투자신탁운용
181480,20260331,20260402,220.0,이익분배,ACE 미국부동산리츠(합성 H),한국투자신탁운용
181480,20260430,20260506,210.0,이익분배,ACE 미국부동산리츠(합성 H),한국투자신탁운용
181480,20260529,20260602,210.0,이익분배,ACE 미국부동산리츠(합성 H),한국투자신탁운용
181480,20260630,20260702,280.0,이익분배,ACE 미국부동산리츠(합성 H),한국투자신탁운용
181480,20260731,20260804,245.0,이익분배,ACE 미국부동산리츠(합성 H),한국투자신탁운용
181480,20260831,20260902,214.0,이익분배,ACE 미국부동산리츠(합성 H),한국투자신탁운용
182480,20250829,20250902,23.0,이익분배,TIGER 미국MSCI리츠(합성 H),미래에셋자산운용
182480,20250930,20251002,46.0,이익분배,TIGER 미국MSCI리츠(합성 H),미래에셋자산운용
182480,20251031,20251104,45.0,이익분배,TIGER 미국MSCI리츠(합성 H),미래에셋자산운용
182480,20251128,20251202,20.0,이익분배,TIGER 미국MSCI리츠(합성 H),미래에셋자산운용
182480,20251230,20260105,50.0,이익분배,TIGER 미국MSCI리츠(합성 H),미래에셋자산운용
182480,20260130,20260203,42.0,이익분배,TIGER 미국MSCI리츠(합성 H),미래에셋자산운용
182480,20260227,20260304,10.0,이익분배,TIGER 미국MSCI리츠(합성 H),미래에셋자산운용
182480,20260331,20260402,50.0,이익분배,TIGER 미국MSCI리츠(합성 H),미래에셋자산운용
182480,20260430,20260506,50.0,이익분배,TIGER 미국MSCI리츠(합성 H),미래에셋자산운용
182480,20260529,20260602,19.0,이익분배,TIGER 미국MSCI리츠(합성 H),미래에셋자산운용
182480,20260630,20260702,46.0,이익분배,TIGER 미국MSCI리츠(합성 H),미래에셋자산운용
182480,20260731,20260804,46.0,이익분배,TIGER 미국MSCI리츠(합성 H),미래에셋자산운용
182480,20260831,20260902,20.0,이익분배,TIGER 미국MSCI리츠(합성 H),미래에셋자산운용
182490,20251128,20251202,46.0,이익분배,TIGER 단기선진하이일드(합성 H),미래에셋자산운용
183700,20251209,20251211,450.0,이익분배,RISE 200채권혼합50,케이비자산운용
183700,20260609,20260611,350.0,이익분배,RISE 200채권혼합50,케이비자산운용
183710,20251209,20251211,250.0,이익분배,RISE 주식혼합,케이비자산운용
183710,20260609,20260611,450.0,이익분배,RISE 주식혼합,케이비자산운용
189400,20251230,20260105,5.0,이익분배,PLUS 글로벌MSCI(합성 H),한화자산운용
190620,20251230,20260105,2580.0,이익분배,ACE 단기통안채,한국투자신탁운용
192090,20251230,20260105,310.0,이익분배,TIGER 차이나CSI300,미래에셋자산운용
192720,20251031,20251104,112.0,이익분배,파워 고배당저변동성,교보악사자산운용
192720,20260430,20260506,1230.0,이익분배,파워 고배당저변동성,교보악사자산운용
192720,20260731,20260804,151.0,이익분배,파워 고배당저변동성,교보악사자산운용
195920,20251230,20260105,50.0,이익분배,TIGER 일본TOPIX(합성 H),미래에셋자산운용
195930,20251230,20260105,40.0,이익분배,TIGER 유로스탁스50(합성 H),미래에셋자산운용
195970,20251230,20260105,5.0,이익분배,PLUS 선진국MSCI(합성 H),한화자산운용
195980,20251230,20260105,5.0,이익분배,PLUS 신흥국MSCI(합성 H),한화자산운용
196030,20251230,20260105,406.0,이익분배,ACE 일본TOPIX레버리지(H),한국투자신탁운용
196230,20251215,20251217,1458.0,이익분배,RISE 단기통안채,케이비자산운용
200250,20251230,20260105,2.0,이익분배,KIWOOM 인도Nifty50(합성),키움투자자산운용
203780,20251230,20260105,160.0,이익분배,TIGER 미국나스닥바이오,미래에셋자산운용
204480,20251230,20260105,220.0,이익분배,TIGER 차이나CSI300레버리지(합성),미래에셋자산운용
205720,20251230,20260105,1.0,이익분배,ACE 일본TOPIX인버스(합성 H),한국투자신탁운용
210780,20251031,20251104,70.0,이익분배,TIGER 코스피고배당,미래에셋자산운용
210780,20260130,20260203,47.0,이익분배,TIGER 코스피고배당,미래에셋자산운용
210780,20260430,20260506,742.0,이익분배,TIGER 코스피고배당,미래에셋자산운용
210780,20260731,20260804,241.0,이익분배,TIGER 코스피고배당,미래에셋자산운용
211560,20251031,20251104,90.0,이익분배,TIGER 배당성장,미래에셋자산운용
211560,20260430,20260506,751.0,이익분배,TIGER 배당성장,미래에셋자산운용
211560,20260731,20260804,65.0,이익분배,TIGER 배당성장,미래에셋자산운용
211900,20250930,20251002,30.0,이익분배,KODEX 코리아배당성장,삼성자산운용
211900,20251031,20251104,30.0,이익분배,KODEX 코리아배당성장,삼성자산운용
211900,20251128,20251202,30.0,이익분배,KODEX 코리아배당성장,삼성자산운용
211900,20251230,20260105,30.0,이익분배,KODEX 코리아배당성장,삼성자산운용
211900,20260130,20260203,24.0,이익분배,KODEX 코리아배당성장,삼성자산운용
211900,20260227,20260304,24.0,이익분배,KODEX 코리아배당성장,삼성자산운용
211900,20260331,20260402,30.0,이익분배,KODEX 코리아배당성장,삼성자산운용
211900,20260430,20260506,449.0,이익분배,KODEX 코리아배당성장,삼성자산운용
211900,20260529,20260602,24.0,이익분배,KODEX 코리아배당성장,삼성자산운용
211900,20260630,20260702,24.0,이익분배,KODEX 코리아배당성장,삼성자산운용
211900,20260731,20260804,24.0,이익분배,KODEX 코리아배당성장,삼성자산운용
211900,20260831,20260902,24.0,이익분배,KODEX 코리아배당성장,삼성자산운용
213610,20260430,20260506,221.0,이익분배,KODEX 삼성그룹밸류,삼성자산운용
213610,20260731,20260804,3.0,이익분배,KODEX 삼성그룹밸류,삼성자산운용
213630,20251230,20260105,187.0,이익분배,PLUS 미국다우존스고배당주(합성 H),한화자산운용
214980,20250915,20250917,236.0,이익분배,KODEX 단기채권PLUS,삼성자산운용
214980,20251015,20251017,232.0,이익분배,KODEX 단기채권PLUS,삼성자산운용
214980,20251114,20251118,238.0,이익분배,KODEX 단기채권PLUS,삼성자산운용
214980,20251215,20251217,236.0,이익분배,KODEX 단기채권PLUS,삼성자산운용
214980,20260115,20260119,251.0,이익분배,KODEX 단기채권PLUS,삼성자산운용
214980,20260213,20260220,258.0,이익분배,KODEX 단기채권PLUS,삼성자산운용
214980,20260313,20260317,239.0,이익분배,KODEX 단기채권PLUS,삼성자산운용
214980,20260415,20260417,266.0,이익분배,KODEX 단기채권PLUS,삼성자산운용
214980,20260515,20260519,259.0,이익분배,KODEX 단기채권PLUS,삼성자산운용
214980,20260615,20260617,270.0,이익분배,KODEX 단기채권PLUS,삼성자산운용
214980,20260715,20260720,267.0,이익분배,KODEX 단기채권PLUS,삼성자산운용
214980,20260814,20260819,283.0,이익분배,KODEX 단기채권PLUS,삼성자산운용
215620,20260430,20260504,510.0,이익분배,HK S&P코리아로우볼,흥국자산운용
217770,20251230,20260105,20.0,이익분배,TIGER 원유선물인버스(H),미래에셋자산운용
217780,20251230,20260105,185.0,이익분배,TIGER 차이나CSI300인버스(합성),미래에셋자산운용
219390,20251230,20260105,1.0,이익분배,RISE 미국S&P원유생산기업(합성 H),케이비자산운용
219480,20251230,20260105,245.0,이익분배,KODEX 미국S&P500선물(H),삼성자산운용
219900,20251230,20260105,37.0,이익분배,ACE 중국본토CSI300레버리지(합성),한국투자신탁운용
220130,20251230,20260102,2.0,이익분배,SOL 차이나강소기업CSI500(합성 H),신한자산운용
223190,20260430,20260506,295.0,이익분배,KODEX 200가치저변동,삼성자산운용
223190,20260731,20260804,94.0,이익분배,KODEX 200가치저변동,삼성자산운용
225030,20251230,20260105,56.0,이익분배,TIGER 미국S&P500선물인버스(H),미래에셋자산운용
225040,20251230,20260105,510.0,이익분배,TIGER 미국S&P500레버리지(합성 H),미래에셋자산운용
225050,20251230,20260105,230.0,이익분배,TIGER 유로스탁스레버리지(합성 H),미래에셋자산운용
225060,20251230,20260105,116.0,이익분배,TIGER 이머징마켓MSCI레버리지(합성 H),미래에셋자산운용
225130,20251230,20260105,504.0,이익분배,ACE 골드선물 레버리지(합성 H),한국투자신탁운용
225800,20251230,20260105,160.0,이익분배,KIWOOM 미국달러선물레버리지,키움투자자산운용
226380,20260430,20260506,60.0,이익분배,ACE Fn성장소비주도주,한국투자신탁운용
226490,20260430,20260506,468.0,이익분배,KODEX 코스피,삼성자산운용
226490,20260731,20260804,151.0,이익분배,KODEX 코스피,삼성자산운용
226980,20260430,20260506,293.0,이익분배,KODEX 200 중소형,삼성자산운용
226980,20260731,20260804,111.0,이익분배,KODEX 200 중소형,삼성자산운용
227540,20260430,20260506,90.0,이익분배,TIGER 200 헬스케어,미래에셋자산운용
227550,20260430,20260506,270.0,이익분배,TIGER 200 산업재,미래에셋자산운용
227560,20251031,20251104,45.0,이익분배,TIGER 200 생활소비재,미래에셋자산운용
227560,20260430,20260506,250.0,이익분배,TIGER 200 생활소비재,미래에셋자산운용
227560,20260731,20260804,30.0,이익분배,TIGER 200 생활소비재,미래에셋자산운용
227570,20260430,20260506,325.0,이익분배,TIGER 우량가치,미래에셋자산운용
227830,20251031,20251104,65.0,이익분배,PLUS 코스피,한화자산운용
227830,20260130,20260203,120.0,이익분배,PLUS 코스피,한화자산운용
227830,20260430,20260506,360.0,이익분배,PLUS 코스피,한화자산운용
227830,20260731,20260804,70.0,이익분배,PLUS 코스피,한화자산운용
228790,20251031,20251104,9.0,이익분배,TIGER 화장품,미래에셋자산운용
228790,20260430,20260506,20.0,이익분배,TIGER 화장품,미래에셋자산운용
228800,20260430,20260506,45.0,이익분배,TIGER 여행레저,미래에셋자산운용
228810,20260430,20260506,5.0,이익분배,TIGER 미디어컨텐츠,미래에셋자산운용
228820,20251031,20251104,23.0,이익분배,TIGER KTOP30,미래에셋자산운용
228820,20260430,20260506,90.0,이익분배,TIGER KTOP30,미래에셋자산운용
228820,20260731,20260804,30.0,이익분배,TIGER KTOP30,미래에셋자산운용
229200,20260430,20260506,28.0,이익분배,KODEX 코스닥150,삼성자산운용
229720,20260430,20260506,287.0,이익분배,KODEX KTOP30,삼성자산운용
229720,20260731,20260804,31.0,이익분배,KODEX KTOP30,삼성자산운용
232080,20260430,20260506,40.0,이익분배,TIGER 코스닥150,미래에셋자산운용
233160,20251230,20260105,27.0,이익분배,TIGER 코스닥150 레버리지,미래에셋자산운용
234310,20260430,20260506,150.0,이익분배,RISE V&S셀렉트밸류,케이비자산운용
236350,20251230,20260105,1065.0,이익분배,TIGER 인도니프티50레버리지(합성),미래에셋자산운용
237350,20260430,20260506,568.0,이익분배,KODEX 코스피100,삼성자산운용
237350,20260731,20260804,134.0,이익분배,KODEX 코스피100,삼성자산운용
237370,20250915,20250917,24.0,이익분배,KODEX 코리아배당성장채권혼합,삼성자산운용
237370,20251015,20251017,30.0,이익분배,KODEX 코리아배당성장채권혼합,삼성자산운용
237370,20251114,20251118,36.0,이익분배,KODEX 코리아배당성장채권혼합,삼성자산운용
237370,20251215,20251217,37.0,이익분배,KODEX 코리아배당성장채권혼합,삼성자산운용
237370,20260115,20260119,39.0,이익분배,KODEX 코리아배당성장채권혼합,삼성자산운용
237370,20260213,20260220,40.0,이익분배,KODEX 코리아배당성장채권혼합,삼성자산운용
237370,20260313,20260317,39.0,이익분배,KODEX 코리아배당성장채권혼합,삼성자산운용
237370,20260415,20260417,44.0,이익분배,KODEX 코리아배당성장채권혼합,삼성자산운용
237370,20260515,20260519,35.0,이익분배,KODEX 코리아배당성장채권혼합,삼성자산운용
237370,20260615,20260617,37.0,이익분배,KODEX 코리아배당성장채권혼합,삼성자산운용
237370,20260715,20260720,39.0,이익분배,KODEX 코리아배당성장채권혼합,삼성자산운용
237370,20260814,20260819,40.0,이익분배,KODEX 코리아배당성장채권혼합,삼성자산운용
237440,20251128,20251202,42.0,이익분배,TIGER 경기방어채권혼합,미래에셋자산운용
238670,20260430,20260506,200.0,이익분배,PLUS 스마트베타Quality채권혼합,한화자산운용
238720,20251230,20260105,308.0,이익분배,ACE 일본Nikkei225(H),한국투자신탁운용
239660,20251215,20251217,1413.0,이익분배,PLUS 우량회사채50,한화자산운용
241180,20251230,20260105,350.0,이익분배,TIGER 일본니케이225,미래에셋자산운용
241390,20251209,20251211,130.0,이익분배,RISE V&S셀렉트밸류채권혼합,케이비자산운용
241390,20260609,20260611,250.0,이익분배,RISE V&S셀렉트밸류채권혼합,케이비자산운용
243880,20251230,20260105,453.0,이익분배,TIGER 200IT레버리지,미래에셋자산운용
243890,20251230,20260105,50.0,이익분배,TIGER 200에너지화학레버리지,미래에셋자산운용
244620,20260130,20260203,14.0,이익분배,KODEX 모멘텀Plus,삼성자산운용
244620,20260430,20260506,129.0,이익분배,KODEX 모멘텀Plus,삼성자산운용
244660,20260430,20260506,136.0,이익분배,KODEX 퀄리티Plus,삼성자산운용
244660,20260731,20260804,79.0,이익분배,KODEX 퀄리티Plus,삼성자산운용
244670,20260130,20260203,78.0,이익분배,KODEX 밸류Plus,삼성자산운용
244670,20260430,20260506,76.0,이익분배,KODEX 밸류Plus,삼성자산운용
244670,20260731,20260804,179.0,이익분배,KODEX 밸류Plus,삼성자산운용
245340,20250829,20250902,40.0,이익분배,TIGER 미국다우존스30,미래에셋자산운용
245340,20250930,20251002,48.0,이익분배,TIGER 미국다우존스30,미래에셋자산운용
245340,20251031,20251104,22.0,이익분배,TIGER 미국다우존스30,미래에셋자산운용
245340,20251128,20251202,36.0,이익분배,TIGER 미국다우존스30,미래에셋자산운용
245340,20251230,20260105,55.0,이익분배,TIGER 미국다우존스30,미래에셋자산운용
245340,20260130,20260203,22.0,이익분배,TIGER 미국다우존스30,미래에셋자산운용
245340,20260227,20260304,40.0,이익분배,TIGER 미국다우존스30,미래에셋자산운용
245340,20260331,20260402,59.0,이익분배,TIGER 미국다우존스30,미래에셋자산운용
245340,20260430,20260506,25.0,이익분배,TIGER 미국다우존스30,미래에셋자산운용
245340,20260529,20260602,47.0,이익분배,TIGER 미국다우존스30,미래에셋자산운용
245340,20260630,20260702,58.0,이익분배,TIGER 미국다우존스30,미래에셋자산운용
245340,20260731,20260804,23.0,이익분배,TIGER 미국다우존스30,미래에셋자산운용
245340,20260831,20260902,35.0,이익분배,TIGER 미국다우존스30,미래에셋자산운용
245350,20251031,20251104,70.0,이익분배,TIGER 유로스탁스배당30,미래에셋자산운용
245350,20260130,20260203,60.0,이익분배,TIGER 유로스탁스배당30,미래에셋자산운용
245350,20260430,20260506,110.0,이익분배,TIGER 유로스탁스배당30,미래에셋자산운용
245350,20260731,20260804,520.0,이익분배,TIGER 유로스탁스배당30,미래에셋자산운용
245360,20251031,20251104,70.0,이익분배,TIGER 차이나HSCEI,미래에셋자산운용
245360,20260130,20260203,65.0,이익분배,TIGER 차이나HSCEI,미래에셋자산운용
245360,20260430,20260506,15.0,이익분배,TIGER 차이나HSCEI,미래에셋자산운용
245360,20260731,20260804,74.0,이익분배,TIGER 차이나HSCEI,미래에셋자산운용
245710,20251230,20260105,89.0,이익분배,ACE 베트남VN30(합성),한국투자신탁운용
248270,20251230,20260105,71.0,이익분배,TIGER S&P글로벌헬스케어(합성),미래에셋자산운용
250730,20251230,20260105,355.0,이익분배,RISE 차이나HSCEI(H),케이비자산운용
251350,20251031,20251104,107.0,이익분배,KODEX MSCI선진국,삼성자산운용
251350,20260130,20260203,99.0,이익분배,KODEX MSCI선진국,삼성자산운용
251350,20260430,20260506,137.0,이익분배,KODEX MSCI선진국,삼성자산운용
251350,20260731,20260804,179.0,이익분배,KODEX MSCI선진국,삼성자산운용
251590,20251031,20251104,30.0,이익분배,PLUS 고배당저변동50,한화자산운용
251590,20260130,20260203,85.0,이익분배,PLUS 고배당저변동50,한화자산운용
251590,20260430,20260506,450.0,이익분배,PLUS 고배당저변동50,한화자산운용
251590,20260731,20260804,48.0,이익분배,PLUS 고배당저변동50,한화자산운용
251600,20250829,20250902,45.0,이익분배,PLUS 고배당주채권혼합,한화자산운용
251600,20250930,20251002,45.0,이익분배,PLUS 고배당주채권혼합,한화자산운용
251600,20251031,20251104,45.0,이익분배,PLUS 고배당주채권혼합,한화자산운용
251600,20251128,20251202,45.0,이익분배,PLUS 고배당주채권혼합,한화자산운용
251600,20251230,20260105,45.0,이익분배,PLUS 고배당주채권혼합,한화자산운용
251600,20260130,20260203,48.0,이익분배,PLUS 고배당주채권혼합,한화자산운용
251600,20260227,20260304,48.0,이익분배,PLUS 고배당주채권혼합,한화자산운용
251600,20260331,20260402,48.0,이익분배,PLUS 고배당주채권혼합,한화자산운용
251600,20260430,20260506,48.0,이익분배,PLUS 고배당주채권혼합,한화자산운용
251600,20260529,20260602,48.0,이익분배,PLUS 고배당주채권혼합,한화자산운용
251600,20260630,20260702,48.0,이익분배,PLUS 고배당주채권혼합,한화자산운용
251600,20260731,20260804,50.0,이익분배,PLUS 고배당주채권혼합,한화자산운용
251600,20260831,20260902,50.0,이익분배,PLUS 고배당주채권혼합,한화자산운용
252000,20251031,20251104,35.0,이익분배,TIGER 200동일가중,미래에셋자산운용
252000,20260430,20260506,255.0,이익분배,TIGER 200동일가중,미래에셋자산운용
252000,20260731,20260804,60.0,이익분배,TIGER 200동일가중,미래에셋자산운용
252400,20251230,20260105,380.0,이익분배,RISE 200선물레버리지,케이비자산운용
252650,20260130,20260203,8.0,이익분배,KODEX 200동일가중,삼성자산운용
252650,20260430,20260506,138.0,이익분배,KODEX 200동일가중,삼성자산운용
252650,20260731,20260804,100.0,이익분배,KODEX 200동일가중,삼성자산운용
253150,20251230,20260105,906.0,이익분배,PLUS 200선물레버리지,한화자산운용
253150,20260430,20260506,300.0,이익분배,PLUS 200선물레버리지,한화자산운용
253250,20251230,20260105,346.0,이익분배,KIWOOM 200선물레버리지,키움투자자산운용
253280,20260430,20260506,25.0,이익분배,RISE 헬스케어,케이비자산운용
253290,20251209,20251211,50.0,이익분배,RISE 헬스케어채권혼합,케이비자산운용
253290,20260609,20260611,50.0,이익분배,RISE 헬스케어채권혼합,케이비자산운용
256440,20251230,20260105,42.0,이익분배,ACE MSCI인도네시아(합성),한국투자신탁운용
256450,20251230,20260105,5.0,이익분배,PLUS 심천차이넥스트(합성),한화자산운용
261060,20260430,20260506,10.0,이익분배,TIGER 코스닥150IT,미래에셋자산운용
261070,20260430,20260506,100.0,이익분배,TIGER 코스닥150바이오테크,미래에셋자산운용
261110,20251230,20260105,248.0,이익분배,TIGER 미국달러선물레버리지,미래에셋자산운용
261120,20251230,20260105,56.0,이익분배,TIGER 미국달러선물인버스2X,미래에셋자산운용
261140,20251031,20251104,60.0,이익분배,TIGER 우선주,미래에셋자산운용
261140,20260430,20260506,315.0,이익분배,TIGER 우선주,미래에셋자산운용
261140,20260731,20260804,50.0,이익분배,TIGER 우선주,미래에셋자산운용
261240,20251230,20260105,135.0,이익분배,KODEX 미국달러선물,삼성자산운용
261250,20251230,20260105,135.0,이익분배,KODEX 미국달러선물레버리지,삼성자산운용
261920,20251230,20260105,180.0,이익분배,ACE MSCI필리핀(합성),한국투자신탁운용
265690,20251230,20260105,1.0,이익분배,ACE 러시아MSCI(합성),한국투자신탁운용
266160,20251031,20251104,55.0,이익분배,RISE 고배당,케이비자산운용
266160,20260130,20260203,90.0,이익분배,RISE 고배당,케이비자산운용
266160,20260430,20260506,400.0,이익분배,RISE 고배당,케이비자산운용
266160,20260731,20260804,80.0,이익분배,RISE 고배당,케이비자산운용
266360,20260430,20260506,32.0,이익분배,KODEX K콘텐츠,삼성자산운용
266370,20260430,20260506,51.0,이익분배,KODEX IT,삼성자산운용
266390,20260430,20260506,65.0,이익분배,KODEX 경기소비재,삼성자산운용
266390,20260731,20260804,114.0,이익분배,KODEX 경기소비재,삼성자산운용
266410,20260430,20260506,80.0,이익분배,KODEX 필수소비재,삼성자산운용
266410,20260731,20260804,51.0,이익분배,KODEX 필수소비재,삼성자산운용
266550,20260430,20260506,400.0,이익분배,PLUS 중형주저변동50,한화자산운용
267440,20251230,20260105,199.0,이익분배,RISE 미국장기국채선물(H),케이비자산운용
267450,20251230,20260105,174.0,이익분배,RISE 미국장기국채선물인버스(H),케이비자산운용
267490,20251230,20260105,94.0,이익분배,RISE 미국장기국채선물레버리지(합성 H),케이비자산운용
267770,20251230,20260105,295.0,이익분배,TIGER 200선물레버리지,미래에셋자산운용
269370,20251031,20251104,100.0,이익분배,TIGER S&P글로벌인프라(합성),미래에셋자산운용
269370,20260130,20260203,120.0,이익분배,TIGER S&P글로벌인프라(합성),미래에셋자산운용
269370,20260430,20260506,101.0,이익분배,TIGER S&P글로벌인프라(합성),미래에셋자산운용
269370,20260731,20260804,250.0,이익분배,TIGER S&P글로벌인프라(합성),미래에셋자산운용
269420,20251230,20260105,37.0,이익분배,KODEX S&P글로벌인프라(합성),삼성자산운용
269530,20251031,20251104,160.0,이익분배,PLUS S&P글로벌인프라,한화자산운용
269530,20260130,20260203,100.0,이익분배,PLUS S&P글로벌인프라,한화자산운용
269530,20260430,20260506,125.0,이익분배,PLUS S&P글로벌인프라,한화자산운용
269530,20260731,20260804,260.0,이익분배,PLUS S&P글로벌인프라,한화자산운용
269540,20260430,20260506,70.0,이익분배,PLUS 미국S&P500(H),한화자산운용
270800,20251031,20251104,20.0,이익분배,RISE KQ고배당,케이비자산운용
270800,20260130,20260203,70.0,이익분배,RISE KQ고배당,케이비자산운용
270800,20260430,20260506,200.0,이익분배,RISE KQ고배당,케이비자산운용
270800,20260731,20260804,35.0,이익분배,RISE KQ고배당,케이비자산운용
270810,20260430,20260506,10.0,이익분배,RISE 코스닥150,케이비자산운용
272560,20251215,20251217,1476.0,이익분배,RISE 단기국공채액티브,케이비자산운용
272570,20251215,20251217,1381.0,이익분배,RISE 중장기국공채액티브,케이비자산운용
272580,20251128,20251202,437.0,이익분배,TIGER 단기채권액티브,미래에셋자산운용
272910,20251128,20251202,1202.0,이익분배,ACE 중장기국공채액티브,한국투자신탁운용
273130,20251215,20251217,1727.0,이익분배,KODEX 종합채권(AA-이상)액티브,삼성자산운용
273140,20250915,20250917,227.0,이익분배,KODEX 단기변동금리부채권액티브,삼성자산운용
273140,20251015,20251017,228.0,이익분배,KODEX 단기변동금리부채권액티브,삼성자산운용
273140,20251114,20251118,233.0,이익분배,KODEX 단기변동금리부채권액티브,삼성자산운용
273140,20251215,20251217,232.0,이익분배,KODEX 단기변동금리부채권액티브,삼성자산운용
273140,20260115,20260119,246.0,이익분배,KODEX 단기변동금리부채권액티브,삼성자산운용
273140,20260213,20260220,238.0,이익분배,KODEX 단기변동금리부채권액티브,삼성자산운용
273140,20260313,20260317,228.0,이익분배,KODEX 단기변동금리부채권액티브,삼성자산운용
273140,20260415,20260417,251.0,이익분배,KODEX 단기변동금리부채권액티브,삼성자산운용
273140,20260515,20260519,241.0,이익분배,KODEX 단기변동금리부채권액티브,삼성자산운용
273140,20260615,20260617,248.0,이익분배,KODEX 단기변동금리부채권액티브,삼성자산운용
273140,20260715,20260720,251.0,이익분배,KODEX 단기변동금리부채권액티브,삼성자산운용
273140,20260814,20260819,262.0,이익분배,KODEX 단기변동금리부채권액티브,삼성자산운용
275280,20260430,20260506,156.0,이익분배,KODEX 모멘텀주,삼성자산운용
275280,20260731,20260804,39.0,이익분배,KODEX 모멘텀주,삼성자산운용
275290,20260430,20260506,217.0,이익분배,KODEX 가치주,삼성자산운용
275290,20260731,20260804,88.0,이익분배,KODEX 가치주,삼성자산운용
275300,20260430,20260506,106.0,이익분배,KODEX 우량주,삼성자산운용
275300,20260731,20260804,20.0,이익분배,KODEX 우량주,삼성자산운용
275980,20251230,20260105,137.0,이익분배,TIGER 글로벌4차산업혁신기술(합성 H),미래에셋자산운용
276000,20251230,20260105,23.0,이익분배,TIGER 글로벌자원생산기업(합성 H),미래에셋자산운용
276650,20251230,20260105,644.0,이익분배,RISE 글로벌테크놀로지(합성 H),케이비자산운용
276970,20250924,20250926,116.0,이익분배,KODEX 미국S&P500배당귀족커버드콜(합성 H),삼성자산운용
276970,20251224,20251229,117.0,이익분배,KODEX 미국S&P500배당귀족커버드콜(합성 H),삼성자산운용
276970,20260325,20260327,117.0,이익분배,KODEX 미국S&P500배당귀족커버드콜(합성 H),삼성자산운용
276970,20260624,20260626,114.0,이익분배,KODEX 미국S&P500배당귀족커버드콜(합성 H),삼성자산운용
277540,20251230,20260105,666.0,이익분배,ACE 아시아TOP50,한국투자신탁운용
277630,20251031,20251104,95.0,이익분배,TIGER 코스피,미래에셋자산운용
277630,20260130,20260203,50.0,이익분배,TIGER 코스피,미래에셋자산운용
277630,20260430,20260506,330.0,이익분배,TIGER 코스피,미래에셋자산운용
277630,20260731,20260804,60.0,이익분배,TIGER 코스피,미래에셋자산운용
277640,20251031,20251104,30.0,이익분배,TIGER 코스피대형주,미래에셋자산운용
277640,20260430,20260506,150.0,이익분배,TIGER 코스피대형주,미래에셋자산운용
277640,20260731,20260804,50.0,이익분배,TIGER 코스피대형주,미래에셋자산운용
277650,20260430,20260506,215.0,이익분배,TIGER 코스피중형주,미래에셋자산운용
278240,20251230,20260105,60.0,이익분배,RISE 코스닥150선물레버리지,케이비자산운용
278620,20251215,20251217,1595.0,이익분배,PLUS 단기채권액티브,한화자산운용
279530,20250829,20250902,57.0,이익분배,KODEX 고배당주,삼성자산운용
279530,20250930,20251002,53.0,이익분배,KODEX 고배당주,삼성자산운용
279530,20251031,20251104,53.0,이익분배,KODEX 고배당주,삼성자산운용
279530,20251128,20251202,50.0,이익분배,KODEX 고배당주,삼성자산운용
279530,20251230,20260105,50.0,이익분배,KODEX 고배당주,삼성자산운용
279530,20260130,20260203,45.0,이익분배,KODEX 고배당주,삼성자산운용
279530,20260227,20260304,47.0,이익분배,KODEX 고배당주,삼성자산운용
279530,20260331,20260402,65.0,이익분배,KODEX 고배당주,삼성자산운용
279530,20260430,20260506,70.0,이익분배,KODEX 고배당주,삼성자산운용
279530,20260529,20260602,70.0,이익분배,KODEX 고배당주,삼성자산운용
279530,20260630,20260702,76.0,이익분배,KODEX 고배당주,삼성자산운용
279530,20260731,20260804,76.0,이익분배,KODEX 고배당주,삼성자산운용
279530,20260831,20260902,76.0,이익분배,KODEX 고배당주,삼성자산운용
279540,20260430,20260506,212.0,이익분배,KODEX 최소변동성,삼성자산운용
279540,20260731,20260804,71.0,이익분배,KODEX 최소변동성,삼성자산운용
280320,20251230,20260105,289.0,이익분배,ACE 미국IT인터넷(합성 H),한국투자신탁운용
280920,20260430,20260506,150.0,이익분배,PLUS 주도업종,한화자산운용
280930,20251230,20260105,40.0,이익분배,KODEX 미국러셀2000(H),삼성자산운용
281990,20251031,20251104,100.0,이익분배,RISE 중소형고배당,케이비자산운용
281990,20260130,20260203,80.0,이익분배,RISE 중소형고배당,케이비자산운용
281990,20260430,20260506,270.0,이익분배,RISE 중소형고배당,케이비자산운용
281990,20260731,20260804,32.0,이익분배,RISE 중소형고배당,케이비자산운용
282000,20251215,20251217,1479.0,이익분배,RISE 국고채3년선물인버스,케이비자산운용
283580,20251031,20251104,120.0,이익분배,KODEX 차이나CSI300,삼성자산운용
283580,20260130,20260203,59.0,이익분배,KODEX 차이나CSI300,삼성자산운용
283580,20260430,20260506,42.0,이익분배,KODEX 차이나CSI300,삼성자산운용
283580,20260731,20260804,126.0,이익분배,KODEX 차이나CSI300,삼성자산운용
284430,20250915,20250917,34.0,이익분배,KODEX 200미국채혼합50,삼성자산운용
284430,20251015,20251017,27.0,이익분배,KODEX 200미국채혼합50,삼성자산운용
284430,20251114,20251118,31.0,이익분배,KODEX 200미국채혼합50,삼성자산운용
284430,20251215,20251217,39.0,이익분배,KODEX 200미국채혼합50,삼성자산운용
284430,20260115,20260119,23.0,이익분배,KODEX 200미국채혼합50,삼성자산운용
284430,20260213,20260220,26.0,이익분배,KODEX 200미국채혼합50,삼성자산운용
284430,20260313,20260317,20.0,이익분배,KODEX 200미국채혼합50,삼성자산운용
284430,20260415,20260417,20.0,이익분배,KODEX 200미국채혼합50,삼성자산운용
284430,20260515,20260519,32.0,이익분배,KODEX 200미국채혼합50,삼성자산운용
284430,20260615,20260617,54.0,이익분배,KODEX 200미국채혼합50,삼성자산운용
284430,20260715,20260720,25.0,이익분배,KODEX 200미국채혼합50,삼성자산운용
284430,20260814,20260819,27.0,이익분배,KODEX 200미국채혼합50,삼성자산운용
284980,20251031,20251104,70.0,이익분배,RISE 200금융,케이비자산운용
284980,20260130,20260203,130.0,이익분배,RISE 200금융,케이비자산운용
284980,20260430,20260506,380.0,이익분배,RISE 200금융,케이비자산운용
284980,20260731,20260804,110.0,이익분배,RISE 200금융,케이비자산운용
287180,20260430,20260506,200.0,이익분배,PLUS 미국나스닥테크,한화자산운용
289040,20260430,20260506,168.0,이익분배,KODEX MSCI KOREA ESG유니버설,삼성자산운용
289040,20260731,20260804,36.0,이익분배,KODEX MSCI KOREA ESG유니버설,삼성자산운용
289250,20251031,20251104,32.0,이익분배,TIGER MSCI KOREA ESG유니버설,미래에셋자산운용
289250,20260430,20260506,90.0,이익분배,TIGER MSCI KOREA ESG유니버설,미래에셋자산운용
289250,20260731,20260804,20.0,이익분배,TIGER MSCI KOREA ESG유니버설,미래에셋자산운용
289260,20251031,20251104,20.0,이익분배,TIGER MSCI KOREA ESG리더스,미래에셋자산운용
289260,20260430,20260506,45.0,이익분배,TIGER MSCI KOREA ESG리더스,미래에셋자산운용
289480,20250829,20250902,61.0,이익분배,TIGER 200커버드콜,미래에셋자산운용
289480,20250930,20251002,64.0,이익분배,TIGER 200커버드콜,미래에셋자산운용
289480,20251031,20251104,70.0,이익분배,TIGER 200커버드콜,미래에셋자산운용
289480,20251128,20251202,62.0,이익분배,TIGER 200커버드콜,미래에셋자산운용
289480,20251230,20260105,67.0,이익분배,TIGER 200커버드콜,미래에셋자산운용
289480,20260130,20260203,70.0,이익분배,TIGER 200커버드콜,미래에셋자산운용
289480,20260227,20260304,71.0,이익분배,TIGER 200커버드콜,미래에셋자산운용
289480,20260331,20260402,73.0,이익분배,TIGER 200커버드콜,미래에셋자산운용
289480,20260430,20260506,80.0,이익분배,TIGER 200커버드콜,미래에셋자산운용
289480,20260529,20260602,82.0,이익분배,TIGER 200커버드콜,미래에셋자산운용
289480,20260630,20260702,87.0,이익분배,TIGER 200커버드콜,미래에셋자산운용
289480,20260731,20260804,78.0,이익분배,TIGER 200커버드콜,미래에셋자산운용
289480,20260831,20260902,88.0,이익분배,TIGER 200커버드콜,미래에셋자산운용
289670,20251215,20251217,487.0,이익분배,PLUS 국채선물10년,한화자산운용
290080,20250829,20250902,67.0,이익분배,RISE 200고배당커버드콜ATM,케이비자산운용
290080,20250930,20251002,65.0,이익분배,RISE 200고배당커버드콜ATM,케이비자산운용
290080,20251031,20251104,62.0,이익분배,RISE 200고배당커버드콜ATM,케이비자산운용
290080,20251128,20251202,65.0,이익분배,RISE 200고배당커버드콜ATM,케이비자산운용
290080,20251230,20260105,79.0,이익분배,RISE 200고배당커버드콜ATM,케이비자산운용
290080,20260130,20260203,75.0,이익분배,RISE 200고배당커버드콜ATM,케이비자산운용
290080,20260227,20260304,60.0,이익분배,RISE 200고배당커버드콜ATM,케이비자산운용
290080,20260331,20260402,60.0,이익분배,RISE 200고배당커버드콜ATM,케이비자산운용
290080,20260430,20260506,69.0,이익분배,RISE 200고배당커버드콜ATM,케이비자산운용
290080,20260529,20260602,50.0,이익분배,RISE 200고배당커버드콜ATM,케이비자산운용
290080,20260630,20260702,47.0,이익분배,RISE 200고배당커버드콜ATM,케이비자산운용
290080,20260731,20260804,100.0,이익분배,RISE 200고배당커버드콜ATM,케이비자산운용
290080,20260831,20260902,60.0,이익분배,RISE 200고배당커버드콜ATM,케이비자산운용
290130,20260430,20260506,170.0,이익분배,RISE ESG사회책임투자,케이비자산운용
291130,20251230,20260105,246.0,이익분배,ACE MSCI멕시코(합성),한국투자신탁운용
291680,20251230,20260105,143.0,이익분배,RISE 차이나H선물인버스(H),케이비자산운용
291890,20251230,20260105,62.0,이익분배,KODEX MSCI EM선물(H),삼성자산운용
292050,20251031,20251104,50.0,이익분배,RISE KRX300,케이비자산운용
292050,20260430,20260506,380.0,이익분배,RISE KRX300,케이비자산운용
292150,20251031,20251104,55.0,이익분배,TIGER 코리아TOP10,미래에셋자산운용
292150,20260130,20260203,52.0,이익분배,TIGER 코리아TOP10,미래에셋자산운용
292150,20260430,20260506,130.0,이익분배,TIGER 코리아TOP10,미래에셋자산운용
292150,20260731,20260804,85.0,이익분배,TIGER 코리아TOP10,미래에셋자산운용
292160,20251031,20251104,65.0,이익분배,TIGER KRX300,미래에셋자산운용
292160,20260130,20260203,48.0,이익분배,TIGER KRX300,미래에셋자산운용
292160,20260430,20260506,277.0,이익분배,TIGER KRX300,미래에셋자산운용
292160,20260731,20260804,60.0,이익분배,TIGER KRX300,미래에셋자산운용
292190,20260430,20260506,339.0,이익분배,KODEX KRX300,삼성자산운용
292190,20260731,20260804,93.0,이익분배,KODEX KRX300,삼성자산운용
292500,20251031,20251103,28.0,이익분배,SOL KRX300,신한자산운용
292500,20260130,20260202,75.0,이익분배,SOL KRX300,신한자산운용
292500,20260430,20260504,200.0,이익분배,SOL KRX300,신한자산운용
292500,20260731,20260803,40.0,이익분배,SOL KRX300,신한자산운용
292560,20251230,20260105,170.0,이익분배,TIGER 일본엔선물,미래에셋자산운용
292730,20251030,20251031,26659.896725,청산분배,FOCUS KRX300,브이아이자산운용
292770,20251230,20260105,625.0,이익분배,KODEX 국채선물3년인버스,삼성자산운용
293180,20251031,20251104,110.0,이익분배,HANARO 200,엔에이치아문디자산운용
293180,20260130,20260203,100.0,이익분배,HANARO 200,엔에이치아문디자산운용
293180,20260430,20260506,500.0,이익분배,HANARO 200,엔에이치아문디자산운용
293180,20260731,20260804,180.0,이익분배,HANARO 200,엔에이치아문디자산운용
295000,20251215,20251217,347.0,이익분배,RISE 국채선물10년,케이비자산운용
295020,20251215,20251217,698.0,이익분배,RISE 국채선물10년인버스,케이비자산운용
298340,20251215,20251217,602.0,이익분배,PLUS 국채선물3년,한화자산운용
298770,20251031,20251104,240.0,이익분배,KODEX 한국대만IT프리미어,삼성자산운용
298770,20260130,20260203,65.0,이익분배,KODEX 한국대만IT프리미어,삼성자산운용
298770,20260430,20260506,102.0,이익분배,KODEX 한국대만IT프리미어,삼성자산운용
298770,20260731,20260804,109.0,이익분배,KODEX 한국대만IT프리미어,삼성자산운용
300610,20260430,20260506,55.0,이익분배,TIGER K게임,미래에셋자산운용
300640,20260430,20260506,31.0,이익분배,RISE 게임테마,케이비자산운용
300950,20260430,20260506,4.0,이익분배,KODEX 게임산업,삼성자산운용
301400,20260430,20260506,25.0,이익분배,PLUS 코스닥150,한화자산운용
301410,20260628,20260629,3480.572268,청산분배,PLUS 코스닥150선물인버스,한화자산운용
302190,20251128,20251202,515.0,이익분배,TIGER 중장기국채,미래에셋자산운용
302450,20251031,20251104,170.0,이익분배,RISE 코스피,케이비자산운용
302450,20260130,20260203,100.0,이익분배,RISE 코스피,케이비자산운용
302450,20260430,20260506,700.0,이익분배,RISE 코스피,케이비자산운용
302450,20260731,20260804,58.0,이익분배,RISE 코스피,케이비자산운용
304670,20251230,20260105,120.0,이익분배,KODEX 미국30년국채울트라선물인버스(H),삼성자산운용
304760,20251031,20251104,40.0,이익분배,HANARO KRX300,엔에이치아문디자산운용
304760,20260130,20260203,35.0,이익분배,HANARO KRX300,엔에이치아문디자산운용
304760,20260430,20260506,250.0,이익분배,HANARO KRX300,엔에이치아문디자산운용
304760,20260731,20260804,60.0,이익분배,HANARO KRX300,엔에이치아문디자산운용
304770,20260430,20260506,10.0,이익분배,HANARO 코스닥150,엔에이치아문디자산운용
304940,20251230,20260105,228.0,이익분배,KODEX 미국나스닥100선물(H),삼성자산운용
305050,20260430,20260506,940.0,이익분배,ACE 코스피,한국투자신탁운용
305080,20251128,20251202,65.0,이익분배,TIGER 미국채10년선물,미래에셋자산운용
305540,20260430,20260506,55.0,이익분배,TIGER 2차전지테마,미래에셋자산운용
305720,20260430,20260506,18.0,이익분배,KODEX 2차전지산업,삼성자산운용
307510,20260731,20260804,156.0,이익분배,TIGER 의료기기,미래에셋자산운용
307520,20251031,20251104,45.0,이익분배,TIGER 지주회사,미래에셋자산운용
307520,20260430,20260506,183.0,이익분배,TIGER 지주회사,미래에셋자산운용
307520,20260731,20260804,64.0,이익분배,TIGER 지주회사,미래에셋자산운용
308620,20251230,20260105,160.0,이익분배,KODEX 미국10년국채선물,삼성자산운용
309230,20251031,20251104,70.0,이익분배,ACE 미국WideMoat동일가중,한국투자신탁운용
309230,20260130,20260203,100.0,이익분배,ACE 미국WideMoat동일가중,한국투자신탁운용
309230,20260430,20260506,90.0,이익분배,ACE 미국WideMoat동일가중,한국투자신탁운용
309230,20260731,20260804,98.0,이익분배,ACE 미국WideMoat동일가중,한국투자신탁운용
310080,20251230,20260105,205.0,이익분배,RISE 중국MSCI China(H),케이비자산운용
314250,20251031,20251104,31.0,이익분배,KODEX 미국빅테크10(H),삼성자산운용
314250,20260130,20260203,113.0,이익분배,KODEX 미국빅테크10(H),삼성자산운용
314250,20260430,20260506,67.0,이익분배,KODEX 미국빅테크10(H),삼성자산운용
314250,20260731,20260804,74.0,이익분배,KODEX 미국빅테크10(H),삼성자산운용
314700,20251031,20251104,5.0,이익분배,HANARO 농업융복합산업,엔에이치아문디자산운용
314700,20260430,20260506,130.0,이익분배,HANARO 농업융복합산업,엔에이치아문디자산운용
314700,20260731,20260804,15.0,이익분배,HANARO 농업융복합산업,엔에이치아문디자산운용
315270,20251031,20251104,70.0,이익분배,TIGER 200커뮤니케이션서비스,미래에셋자산운용
315270,20260430,20260506,150.0,이익분배,TIGER 200커뮤니케이션서비스,미래에셋자산운용
315270,20260731,20260804,90.0,이익분배,TIGER 200커뮤니케이션서비스,미래에셋자산운용
316300,20250829,20250902,57.0,이익분배,ACE 싱가포르리츠,한국투자신탁운용
316300,20250930,20251002,61.0,이익분배,ACE 싱가포르리츠,한국투자신탁운용
316300,20251031,20251104,65.0,이익분배,ACE 싱가포르리츠,한국투자신탁운용
316300,20251128,20251202,69.0,이익분배,ACE 싱가포르리츠,한국투자신탁운용
316300,20251230,20260105,69.0,이익분배,ACE 싱가포르리츠,한국투자신탁운용
316300,20260130,20260203,57.0,이익분배,ACE 싱가포르리츠,한국투자신탁운용
316300,20260227,20260304,69.0,이익분배,ACE 싱가포르리츠,한국투자신탁운용
316300,20260331,20260402,61.0,이익분배,ACE 싱가포르리츠,한국투자신탁운용
316300,20260430,20260506,64.0,이익분배,ACE 싱가포르리츠,한국투자신탁운용
316300,20260529,20260602,67.0,이익분배,ACE 싱가포르리츠,한국투자신탁운용
316300,20260630,20260702,68.0,이익분배,ACE 싱가포르리츠,한국투자신탁운용
316300,20260731,20260804,65.0,이익분배,ACE 싱가포르리츠,한국투자신탁운용
316300,20260831,20260902,52.0,이익분배,ACE 싱가포르리츠,한국투자신탁운용
316670,20260430,20260506,15.0,이익분배,KIWOOM 코스닥150,키움투자자산운용
319640,20251230,20260105,272.0,이익분배,TIGER 골드선물(H),미래에셋자산운용
321410,20251031,20251104,85.0,이익분배,KODEX 멀티에셋하이인컴(H),삼성자산운용
321410,20260130,20260203,169.0,이익분배,KODEX 멀티에셋하이인컴(H),삼성자산운용
321410,20260430,20260506,60.0,이익분배,KODEX 멀티에셋하이인컴(H),삼성자산운용
321410,20260731,20260804,88.0,이익분배,KODEX 멀티에셋하이인컴(H),삼성자산운용
322400,20260430,20260506,140.0,이익분배,HANARO e커머스,엔에이치아문디자산운용
322410,20250930,20251002,62.0,이익분배,HANARO K고배당,엔에이치아문디자산운용
322410,20251031,20251104,50.0,이익분배,HANARO K고배당,엔에이치아문디자산운용
322410,20251128,20251202,50.0,이익분배,HANARO K고배당,엔에이치아문디자산운용
322410,20251230,20260105,50.0,이익분배,HANARO K고배당,엔에이치아문디자산운용
322410,20260130,20260203,50.0,이익분배,HANARO K고배당,엔에이치아문디자산운용
322410,20260227,20260304,50.0,이익분배,HANARO K고배당,엔에이치아문디자산운용
322410,20260331,20260402,50.0,이익분배,HANARO K고배당,엔에이치아문디자산운용
322410,20260430,20260506,60.0,이익분배,HANARO K고배당,엔에이치아문디자산운용
322410,20260529,20260602,60.0,이익분배,HANARO K고배당,엔에이치아문디자산운용
322410,20260630,20260702,70.0,이익분배,HANARO K고배당,엔에이치아문디자산운용
322410,20260731,20260804,70.0,이익분배,HANARO K고배당,엔에이치아문디자산운용
322410,20260831,20260902,70.0,이익분배,HANARO K고배당,엔에이치아문디자산운용
325010,20260430,20260506,70.0,이익분배,KODEX 성장주,삼성자산운용
325010,20260731,20260804,4.0,이익분배,KODEX 성장주,삼성자산운용
325020,20251031,20251104,158.0,이익분배,KODEX 배당가치,삼성자산운용
325020,20260130,20260203,191.0,이익분배,KODEX 배당가치,삼성자산운용
325020,20260430,20260506,335.0,이익분배,KODEX 배당가치,삼성자산운용
325020,20260731,20260804,156.0,이익분배,KODEX 배당가치,삼성자산운용
326230,20260430,20260506,80.0,이익분배,RISE 내수주플러스,케이비자산운용
326240,20260430,20260506,100.0,이익분배,RISE IT플러스,케이비자산운용
329200,20250829,20250902,33.0,이익분배,TIGER 리츠부동산인프라,미래에셋자산운용
329200,20250930,20251002,33.0,이익분배,TIGER 리츠부동산인프라,미래에셋자산운용
329200,20251031,20251104,33.0,이익분배,TIGER 리츠부동산인프라,미래에셋자산운용
329200,20251128,20251202,33.0,이익분배,TIGER 리츠부동산인프라,미래에셋자산운용
329200,20251230,20260105,33.0,이익분배,TIGER 리츠부동산인프라,미래에셋자산운용
329200,20260130,20260203,33.0,이익분배,TIGER 리츠부동산인프라,미래에셋자산운용
329200,20260227,20260304,33.0,이익분배,TIGER 리츠부동산인프라,미래에셋자산운용
329200,20260331,20260402,33.0,이익분배,TIGER 리츠부동산인프라,미래에셋자산운용
329200,20260430,20260506,33.0,이익분배,TIGER 리츠부동산인프라,미래에셋자산운용
329200,20260529,20260602,33.0,이익분배,TIGER 리츠부동산인프라,미래에셋자산운용
329200,20260630,20260702,33.0,이익분배,TIGER 리츠부동산인프라,미래에셋자산운용
329200,20260731,20260804,33.0,이익분배,TIGER 리츠부동산인프라,미래에셋자산운용
329200,20260831,20260902,33.0,이익분배,TIGER 리츠부동산인프라,미래에셋자산운용
329650,20250915,20250917,25.0,이익분배,KODEX TRF3070,삼성자산운용
329650,20251015,20251017,28.0,이익분배,KODEX TRF3070,삼성자산운용
329650,20251114,20251118,26.0,이익분배,KODEX TRF3070,삼성자산운용
329650,20251215,20251217,34.0,이익분배,KODEX TRF3070,삼성자산운용
329650,20260115,20260119,29.0,이익분배,KODEX TRF3070,삼성자산운용
329650,20260213,20260220,26.0,이익분배,KODEX TRF3070,삼성자산운용
329650,20260313,20260317,31.0,이익분배,KODEX TRF3070,삼성자산운용
329650,20260415,20260417,33.0,이익분배,KODEX TRF3070,삼성자산운용
329650,20260515,20260519,31.0,이익분배,KODEX TRF3070,삼성자산운용
329650,20260615,20260617,33.0,이익분배,KODEX TRF3070,삼성자산운용
329650,20260715,20260720,31.0,이익분배,KODEX TRF3070,삼성자산운용
329650,20260814,20260819,31.0,이익분배,KODEX TRF3070,삼성자산운용
329660,20250915,20250917,30.0,이익분배,KODEX TRF5050,삼성자산운용
329660,20251015,20251017,31.0,이익분배,KODEX TRF5050,삼성자산운용
329660,20251114,20251118,31.0,이익분배,KODEX TRF5050,삼성자산운용
329660,20251215,20251217,33.0,이익분배,KODEX TRF5050,삼성자산운용
329660,20260115,20260119,27.0,이익분배,KODEX TRF5050,삼성자산운용
329660,20260213,20260220,27.0,이익분배,KODEX TRF5050,삼성자산운용
329660,20260313,20260317,28.0,이익분배,KODEX TRF5050,삼성자산운용
329660,20260415,20260417,30.0,이익분배,KODEX TRF5050,삼성자산운용
329660,20260515,20260519,33.0,이익분배,KODEX TRF5050,삼성자산운용
329660,20260615,20260617,38.0,이익분배,KODEX TRF5050,삼성자산운용
329660,20260715,20260720,37.0,이익분배,KODEX TRF5050,삼성자산운용
329660,20260814,20260819,33.0,이익분배,KODEX TRF5050,삼성자산운용
329670,20250915,20250917,34.0,이익분배,KODEX TRF7030,삼성자산운용
329670,20251015,20251017,35.0,이익분배,KODEX TRF7030,삼성자산운용
329670,20251114,20251118,35.0,이익분배,KODEX TRF7030,삼성자산운용
329670,20251215,20251217,35.0,이익분배,KODEX TRF7030,삼성자산운용
329670,20260115,20260119,32.0,이익분배,KODEX TRF7030,삼성자산운용
329670,20260213,20260220,32.0,이익분배,KODEX TRF7030,삼성자산운용
329670,20260313,20260317,31.0,이익분배,KODEX TRF7030,삼성자산운용
329670,20260415,20260417,33.0,이익분배,KODEX TRF7030,삼성자산운용
329670,20260515,20260519,34.0,이익분배,KODEX TRF7030,삼성자산운용
329670,20260615,20260617,37.0,이익분배,KODEX TRF7030,삼성자산운용
329670,20260715,20260720,35.0,이익분배,KODEX TRF7030,삼성자산운용
329670,20260814,20260819,32.0,이익분배,KODEX TRF7030,삼성자산운용
329750,20251128,20251202,106.0,이익분배,TIGER 미국달러단기채권액티브,미래에셋자산운용
332610,20250829,20250902,381.0,이익분배,PLUS 미국단기회사채(AAA~A),한화자산운용
332610,20250930,20251002,382.0,이익분배,PLUS 미국단기회사채(AAA~A),한화자산운용
332610,20251031,20251104,395.0,이익분배,PLUS 미국단기회사채(AAA~A),한화자산운용
332610,20251128,20251202,404.0,이익분배,PLUS 미국단기회사채(AAA~A),한화자산운용
332610,20251230,20260105,406.0,이익분배,PLUS 미국단기회사채(AAA~A),한화자산운용
332610,20260130,20260203,402.0,이익분배,PLUS 미국단기회사채(AAA~A),한화자산운용
332610,20260227,20260304,397.0,이익분배,PLUS 미국단기회사채(AAA~A),한화자산운용
332610,20260331,20260402,382.0,이익분배,PLUS 미국단기회사채(AAA~A),한화자산운용
332610,20260430,20260506,392.0,이익분배,PLUS 미국단기회사채(AAA~A),한화자산운용
332610,20260529,20260602,398.0,이익분배,PLUS 미국단기회사채(AAA~A),한화자산운용
332610,20260630,20260702,414.0,이익분배,PLUS 미국단기회사채(AAA~A),한화자산운용
332610,20260731,20260804,400.0,이익분배,PLUS 미국단기회사채(AAA~A),한화자산운용
332610,20260831,20260902,378.0,이익분배,PLUS 미국단기회사채(AAA~A),한화자산운용
332620,20250829,20250902,326.0,이익분배,PLUS 미국장기우량회사채,한화자산운용
332620,20250930,20251002,336.0,이익분배,PLUS 미국장기우량회사채,한화자산운용
332620,20251031,20251104,353.0,이익분배,PLUS 미국장기우량회사채,한화자산운용
332620,20251128,20251202,352.0,이익분배,PLUS 미국장기우량회사채,한화자산운용
332620,20251230,20260105,351.0,이익분배,PLUS 미국장기우량회사채,한화자산운용
332620,20260130,20260203,385.0,이익분배,PLUS 미국장기우량회사채,한화자산운용
332620,20260227,20260304,348.0,이익분배,PLUS 미국장기우량회사채,한화자산운용
332620,20260331,20260402,346.0,이익분배,PLUS 미국장기우량회사채,한화자산운용
332620,20260430,20260506,348.0,이익분배,PLUS 미국장기우량회사채,한화자산운용
332620,20260529,20260602,345.0,이익분배,PLUS 미국장기우량회사채,한화자산운용
332620,20260630,20260702,356.0,이익분배,PLUS 미국장기우량회사채,한화자산운용
332620,20260731,20260804,327.0,이익분배,PLUS 미국장기우량회사채,한화자산운용
332620,20260831,20260902,309.0,이익분배,PLUS 미국장기우량회사채,한화자산운용
334690,20251230,20260105,39.0,이익분배,RISE 팔라듐선물(H),케이비자산운용
334700,20251230,20260105,59.0,이익분배,RISE 팔라듐선물인버스(H),케이비자산운용
336160,20250829,20250902,203.0,이익분배,RISE 금융채액티브,케이비자산운용
336160,20250930,20251002,401.0,이익분배,RISE 금융채액티브,케이비자산운용
336160,20251031,20251104,214.0,이익분배,RISE 금융채액티브,케이비자산운용
336160,20251128,20251202,360.0,이익분배,RISE 금융채액티브,케이비자산운용
336160,20251230,20260105,242.0,이익분배,RISE 금융채액티브,케이비자산운용
336160,20260130,20260203,320.0,이익분배,RISE 금융채액티브,케이비자산운용
336160,20260227,20260304,215.0,이익분배,RISE 금융채액티브,케이비자산운용
336160,20260331,20260402,227.0,이익분배,RISE 금융채액티브,케이비자산운용
336160,20260430,20260506,159.0,이익분배,RISE 금융채액티브,케이비자산운용
336160,20260529,20260602,251.0,이익분배,RISE 금융채액티브,케이비자산운용
336160,20260630,20260702,331.0,이익분배,RISE 금융채액티브,케이비자산운용
336160,20260731,20260804,317.0,이익분배,RISE 금융채액티브,케이비자산운용
336160,20260831,20260902,197.0,이익분배,RISE 금융채액티브,케이비자산운용
337120,20260430,20260506,204.0,이익분배,KODEX 멀티팩터,삼성자산운용
337120,20260731,20260804,83.0,이익분배,KODEX 멀티팩터,삼성자산운용
337140,20260430,20260506,214.0,이익분배,KODEX 코스피대형주,삼성자산운용
337140,20260731,20260804,61.0,이익분배,KODEX 코스피대형주,삼성자산운용
337150,20260430,20260506,221.0,이익분배,KODEX 200exTOP,삼성자산운용
337150,20260731,20260804,79.0,이익분배,KODEX 200exTOP,삼성자산운용
337160,20260130,20260203,23.0,이익분배,KODEX 200ESG,삼성자산운용
337160,20260430,20260506,300.0,이익분배,KODEX 200ESG,삼성자산운용
337160,20260731,20260804,80.0,이익분배,KODEX 200ESG,삼성자산운용
341850,20250829,20250902,24.0,이익분배,TIGER 리츠부동산인프라채권,미래에셋자산운용
341850,20250930,20251002,24.0,이익분배,TIGER 리츠부동산인프라채권,미래에셋자산운용
341850,20251031,20251104,24.0,이익분배,TIGER 리츠부동산인프라채권,미래에셋자산운용
341850,20251128,20251202,24.0,이익분배,TIGER 리츠부동산인프라채권,미래에셋자산운용
341850,20251230,20260105,24.0,이익분배,TIGER 리츠부동산인프라채권,미래에셋자산운용
341850,20260130,20260203,24.0,이익분배,TIGER 리츠부동산인프라채권,미래에셋자산운용
341850,20260227,20260304,24.0,이익분배,TIGER 리츠부동산인프라채권,미래에셋자산운용
341850,20260331,20260402,24.0,이익분배,TIGER 리츠부동산인프라채권,미래에셋자산운용
341850,20260430,20260506,24.0,이익분배,TIGER 리츠부동산인프라채권,미래에셋자산운용
341850,20260529,20260602,24.0,이익분배,TIGER 리츠부동산인프라채권,미래에셋자산운용
341850,20260630,20260702,24.0,이익분배,TIGER 리츠부동산인프라채권,미래에셋자산운용
341850,20260731,20260804,24.0,이익분배,TIGER 리츠부동산인프라채권,미래에셋자산운용
341850,20260831,20260902,24.0,이익분배,TIGER 리츠부동산인프라채권,미래에셋자산운용
346000,20250909,20250911,350.0,이익분배,HANARO KAP초장기국고채,엔에이치아문디자산운용
346000,20251106,20251107,39597.592065789475,청산분배,HANARO KAP초장기국고채,엔에이치아문디자산운용
352540,20250829,20250902,62.0,이익분배,KODEX 일본부동산리츠(H),삼성자산운용
352540,20250930,20251002,63.0,이익분배,KODEX 일본부동산리츠(H),삼성자산운용
352540,20251031,20251104,65.0,이익분배,KODEX 일본부동산리츠(H),삼성자산운용
352540,20251128,20251202,61.0,이익분배,KODEX 일본부동산리츠(H),삼성자산운용
352540,20251230,20260105,63.0,이익분배,KODEX 일본부동산리츠(H),삼성자산운용
352540,20260130,20260203,60.0,이익분배,KODEX 일본부동산리츠(H),삼성자산운용
352540,20260227,20260304,63.0,이익분배,KODEX 일본부동산리츠(H),삼성자산운용
352540,20260331,20260402,64.0,이익분배,KODEX 일본부동산리츠(H),삼성자산운용
352540,20260529,20260602,110.0,이익분배,KODEX 일본부동산리츠(H),삼성자산운용
352540,20260630,20260702,58.0,이익분배,KODEX 일본부동산리츠(H),삼성자산운용
352540,20260731,20260804,64.0,이익분배,KODEX 일본부동산리츠(H),삼성자산운용
352540,20260831,20260902,65.0,이익분배,KODEX 일본부동산리츠(H),삼성자산운용
352560,20250829,20250902,38.0,이익분배,KODEX 미국부동산리츠(H),삼성자산운용
352560,20250930,20251002,36.0,이익분배,KODEX 미국부동산리츠(H),삼성자산운용
352560,20251031,20251104,37.0,이익분배,KODEX 미국부동산리츠(H),삼성자산운용
352560,20251128,20251202,33.0,이익분배,KODEX 미국부동산리츠(H),삼성자산운용
352560,20251230,20260105,33.0,이익분배,KODEX 미국부동산리츠(H),삼성자산운용
352560,20260130,20260203,33.0,이익분배,KODEX 미국부동산리츠(H),삼성자산운용
352560,20260227,20260304,33.0,이익분배,KODEX 미국부동산리츠(H),삼성자산운용
352560,20260331,20260402,32.0,이익분배,KODEX 미국부동산리츠(H),삼성자산운용
352560,20260529,20260602,58.0,이익분배,KODEX 미국부동산리츠(H),삼성자산운용
352560,20260630,20260702,48.0,이익분배,KODEX 미국부동산리츠(H),삼성자산운용
352560,20260731,20260804,39.0,이익분배,KODEX 미국부동산리츠(H),삼성자산운용
352560,20260831,20260902,26.0,이익분배,KODEX 미국부동산리츠(H),삼성자산운용
354240,20251230,20260105,721.0,이익분배,RISE 미국고정배당우선증권,케이비자산운용
354350,20251230,20260105,5.0,이익분배,HANARO 글로벌럭셔리S&P(합성),엔에이치아문디자산운용
354500,20260430,20260506,50.0,이익분배,ACE 코스닥150,한국투자신탁운용
356540,20251128,20251202,1302.0,이익분배,ACE 종합채권(AA-이상)액티브,한국투자신탁운용
357870,20251128,20251202,65.0,이익분배,TIGER CD금리투자KIS(합성),미래에셋자산운용
360140,20251230,20260105,27.0,이익분배,KODEX 200롱코스닥150숏선물,삼성자산운용
360200,20251031,20251104,60.0,이익분배,ACE 미국S&P500,한국투자신탁운용
360200,20260130,20260203,65.0,이익분배,ACE 미국S&P500,한국투자신탁운용
360200,20260430,20260506,62.0,이익분배,ACE 미국S&P500,한국투자신탁운용
360200,20260731,20260804,66.0,이익분배,ACE 미국S&P500,한국투자신탁운용
360750,20251031,20251104,60.0,이익분배,TIGER 미국S&P500,미래에셋자산운용
360750,20260130,20260203,65.0,이익분배,TIGER 미국S&P500,미래에셋자산운용
360750,20260430,20260506,62.0,이익분배,TIGER 미국S&P500,미래에셋자산운용
360750,20260731,20260804,66.0,이익분배,TIGER 미국S&P500,미래에셋자산운용
363510,20251215,20251216,1425.0,이익분배,SOL KIS단기통안채,신한자산운용
363570,20251215,20251217,1469.0,이익분배,KODEX 장기종합채권(AA-이상)액티브,삼성자산운용
364690,20260430,20260506,136.0,이익분배,KODEX 혁신기술테마액티브,삼성자산운용
364690,20260731,20260804,57.0,이익분배,KODEX 혁신기술테마액티브,삼성자산운용
364960,20260430,20260506,30.0,이익분배,TIGER BBIG,미래에셋자산운용
364970,20260430,20260506,45.0,이익분배,TIGER 바이오TOP10,미래에셋자산운용
364990,20260430,20260506,45.0,이익분배,TIGER 게임TOP10,미래에셋자산운용
365000,20260430,20260506,25.0,이익분배,TIGER 인터넷TOP10,미래에셋자산운용
365040,20260430,20260506,5.0,이익분배,TIGER AI코리아그로스액티브,미래에셋자산운용
365780,20251230,20260105,2670.0,이익분배,ACE 국고채10년,한국투자신탁운용
367380,20251031,20251104,38.0,이익분배,ACE 미국나스닥100,한국투자신탁운용
367380,20260130,20260203,38.0,이익분배,ACE 미국나스닥100,한국투자신탁운용
367380,20260430,20260506,40.0,이익분배,ACE 미국나스닥100,한국투자신탁운용
367380,20260731,20260804,45.0,이익분배,ACE 미국나스닥100,한국투자신탁운용
367740,20251031,20251104,20.0,이익분배,HANARO Fn5G산업,엔에이치아문디자산운용
367740,20260430,20260506,140.0,이익분배,HANARO Fn5G산업,엔에이치아문디자산운용
367760,20260430,20260506,56.0,이익분배,RISE 네트워크인프라,케이비자산운용
367770,20260430,20260506,100.0,이익분배,RISE 수소경제테마,케이비자산운용
368590,20250930,20251002,38.0,이익분배,RISE 미국나스닥100,케이비자산운용
368590,20251230,20260105,47.0,이익분배,RISE 미국나스닥100,케이비자산운용
368590,20260331,20260402,40.0,이익분배,RISE 미국나스닥100,케이비자산운용
368590,20260630,20260702,50.0,이익분배,RISE 미국나스닥100,케이비자산운용
368680,20260430,20260506,44.0,이익분배,KODEX K-뉴딜디지털플러스,삼성자산운용
368680,20260731,20260804,9.0,이익분배,KODEX K-뉴딜디지털플러스,삼성자산운용
371150,20251230,20260105,65.0,이익분배,RISE 차이나항셍테크,케이비자산운용
371150,20260731,20260804,55.0,이익분배,RISE 차이나항셍테크,케이비자산운용
371160,20251031,20251104,15.0,이익분배,TIGER 차이나항셍테크,미래에셋자산운용
371160,20260130,20260203,10.0,이익분배,TIGER 차이나항셍테크,미래에셋자산운용
371160,20260430,20260506,20.0,이익분배,TIGER 차이나항셍테크,미래에셋자산운용
371160,20260731,20260804,25.0,이익분배,TIGER 차이나항셍테크,미래에셋자산운용
371450,20251230,20260105,47.0,이익분배,TIGER 글로벌클라우드컴퓨팅INDXX,미래에셋자산운용
371460,20251230,20260105,140.0,이익분배,TIGER 차이나전기차SOLACTIVE,미래에셋자산운용
371470,20251230,20260105,60.0,이익분배,TIGER 차이나바이오테크SOLACTIVE,미래에셋자산운용
371870,20251230,20260105,20.0,이익분배,ACE 차이나항셍테크,한국투자신탁운용
372330,20251031,20251104,11.0,이익분배,KODEX 차이나항셍테크,삼성자산운용
372330,20260130,20260203,8.0,이익분배,KODEX 차이나항셍테크,삼성자산운용
372330,20260430,20260506,6.0,이익분배,KODEX 차이나항셍테크,삼성자산운용
372330,20260731,20260804,51.0,이익분배,KODEX 차이나항셍테크,삼성자산운용
373490,20260430,20260506,120.0,이익분배,KODEX 코리아혁신성장액티브,삼성자산운용
373530,20251222,20251223,8886.268833333334,청산분배,PLUS 신흥국MSCI인버스(합성 H),한화자산운용
373790,20250829,20250902,25.0,이익분배,KIWOOM 미국방어배당성장나스닥,키움투자자산운용
373790,20250930,20251002,25.0,이익분배,KIWOOM 미국방어배당성장나스닥,키움투자자산운용
373790,20251031,20251104,25.0,이익분배,KIWOOM 미국방어배당성장나스닥,키움투자자산운용
373790,20251128,20251202,25.0,이익분배,KIWOOM 미국방어배당성장나스닥,키움투자자산운용
373790,20251230,20260105,25.0,이익분배,KIWOOM 미국방어배당성장나스닥,키움투자자산운용
373790,20260130,20260203,25.0,이익분배,KIWOOM 미국방어배당성장나스닥,키움투자자산운용
373790,20260227,20260304,24.0,이익분배,KIWOOM 미국방어배당성장나스닥,키움투자자산운용
373790,20260331,20260402,25.0,이익분배,KIWOOM 미국방어배당성장나스닥,키움투자자산운용
373790,20260430,20260506,24.0,이익분배,KIWOOM 미국방어배당성장나스닥,키움투자자산운용
373790,20260529,20260602,24.0,이익분배,KIWOOM 미국방어배당성장나스닥,키움투자자산운용
373790,20260630,20260702,25.0,이익분배,KIWOOM 미국방어배당성장나스닥,키움투자자산운용
373790,20260731,20260804,25.0,이익분배,KIWOOM 미국방어배당성장나스닥,키움투자자산운용
373790,20260831,20260902,30.0,이익분배,KIWOOM 미국방어배당성장나스닥,키움투자자산운용
375270,20251230,20260105,230.0,이익분배,RISE 글로벌데이터센터리츠(합성),케이비자산운용
375760,20251031,20251104,10.0,이익분배,HANARO 탄소효율그린뉴딜,엔에이치아문디자산운용
375760,20260130,20260203,10.0,이익분배,HANARO 탄소효율그린뉴딜,엔에이치아문디자산운용
375760,20260430,20260506,120.0,이익분배,HANARO 탄소효율그린뉴딜,엔에이치아문디자산운용
375760,20260731,20260804,30.0,이익분배,HANARO 탄소효율그린뉴딜,엔에이치아문디자산운용
375770,20260130,20260203,1.0,이익분배,KODEX 탄소효율그린뉴딜,삼성자산운용
375770,20260430,20260506,155.0,이익분배,KODEX 탄소효율그린뉴딜,삼성자산운용
375770,20260731,20260804,47.0,이익분배,KODEX 탄소효율그린뉴딜,삼성자산운용
376410,20251031,20251104,30.0,이익분배,TIGER 탄소효율그린뉴딜,미래에셋자산운용
376410,20260130,20260203,24.0,이익분배,TIGER 탄소효율그린뉴딜,미래에셋자산운용
376410,20260430,20260506,85.0,이익분배,TIGER 탄소효율그린뉴딜,미래에셋자산운용
376410,20260731,20260804,58.0,이익분배,TIGER 탄소효율그린뉴딜,미래에셋자산운용
377990,20260731,20260804,180.0,이익분배,TIGER Fn신재생에너지,미래에셋자산운용
379780,20250930,20251002,55.0,이익분배,RISE 미국S&P500,케이비자산운용
379780,20251230,20260105,77.0,이익분배,RISE 미국S&P500,케이비자산운용
379780,20260331,20260402,60.0,이익분배,RISE 미국S&P500,케이비자산운용
379780,20260630,20260702,66.0,이익분배,RISE 미국S&P500,케이비자산운용
379790,20251230,20260105,477.0,이익분배,RISE 유로스탁스50(H),케이비자산운용
379790,20260731,20260804,210.0,이익분배,RISE 유로스탁스50(H),케이비자산운용
379800,20251031,20251104,110.0,이익분배,KODEX 미국S&P500,삼성자산운용
379800,20260130,20260203,119.0,이익분배,KODEX 미국S&P500,삼성자산운용
379800,20260430,20260506,118.0,이익분배,KODEX 미국S&P500,삼성자산운용
379800,20260731,20260804,132.0,이익분배,KODEX 미국S&P500,삼성자산운용
379810,20251031,20251104,63.0,이익분배,KODEX 미국나스닥100,삼성자산운용
379810,20260130,20260203,68.0,이익분배,KODEX 미국나스닥100,삼성자산운용
379810,20260430,20260506,68.0,이익분배,KODEX 미국나스닥100,삼성자산운용
379810,20260731,20260804,83.0,이익분배,KODEX 미국나스닥100,삼성자산운용
380340,20260430,20260506,75.0,이익분배,ACE 코리아AI테크핵심산업,한국투자신탁운용
381170,20251230,20260105,77.0,이익분배,TIGER 미국테크TOP10 INDXX,미래에셋자산운용
381180,20251031,20251104,37.0,이익분배,TIGER 미국필라델피아반도체나스닥,미래에셋자산운용
381180,20260130,20260203,37.0,이익분배,TIGER 미국필라델피아반도체나스닥,미래에셋자산운용
381180,20260430,20260506,46.0,이익분배,TIGER 미국필라델피아반도체나스닥,미래에셋자산운용
381180,20260731,20260804,49.0,이익분배,TIGER 미국필라델피아반도체나스닥,미래에셋자산운용
381560,20260430,20260506,60.0,이익분배,HANARO Fn전기&수소차,엔에이치아문디자산운용
381560,20260731,20260804,30.0,이익분배,HANARO Fn전기&수소차,엔에이치아문디자산운용
381570,20260430,20260506,35.0,이익분배,HANARO Fn친환경에너지,엔에이치아문디자산운용
385510,20260430,20260506,10.0,이익분배,KODEX 신재생에너지액티브,삼성자산운용
385520,20260430,20260506,136.0,이익분배,KODEX 자율주행액티브,삼성자산운용
385540,20251215,20251217,1147.0,이익분배,RISE 종합채권(A-이상)액티브,케이비자산운용
385550,20251215,20251217,2052.0,이익분배,RISE 단기채권알파액티브,케이비자산운용
385560,20250909,20250911,1112.0,이익분배,RISE KIS국고채30년Enhanced,케이비자산운용
385560,20260309,20260311,1278.0,이익분배,RISE KIS국고채30년Enhanced,케이비자산운용
385590,20260430,20260506,135.0,이익분배,ACE ESG액티브,한국투자신탁운용
385600,20260430,20260506,120.0,이익분배,ACE 2차전지&친환경차액티브,한국투자신탁운용
387270,20251230,20260105,100.0,이익분배,TIGER 글로벌이노베이션액티브,미래에셋자산운용
387280,20260430,20260506,5.0,이익분배,TIGER 퓨처모빌리티액티브,미래에셋자산운용
388280,20260430,20260506,100.0,이익분배,RISE K엔터&여행레저,케이비자산운용
388420,20260731,20260804,55.0,이익분배,RISE 비메모리반도체액티브,케이비자산운용
390390,20251031,20251104,44.0,이익분배,KODEX 미국반도체,삼성자산운용
390390,20260130,20260203,60.0,이익분배,KODEX 미국반도체,삼성자산운용
390390,20260430,20260506,67.0,이익분배,KODEX 미국반도체,삼성자산운용
390390,20260731,20260804,55.0,이익분배,KODEX 미국반도체,삼성자산운용
390400,20251031,20251104,9.0,이익분배,KODEX 미국스마트모빌리티S&P,삼성자산운용
390400,20260130,20260203,16.0,이익분배,KODEX 미국스마트모빌리티S&P,삼성자산운용
390400,20260430,20260506,19.0,이익분배,KODEX 미국스마트모빌리티S&P,삼성자산운용
390400,20260731,20260804,10.0,이익분배,KODEX 미국스마트모빌리티S&P,삼성자산운용
391600,20251230,20260105,54.0,이익분배,ACE 미국친환경그린테마,한국투자신탁운용
391670,20251031,20251105,175.0,이익분배,HK 베스트일레븐액티브,흥국자산운용
391670,20260430,20260504,130.0,이익분배,HK 베스트일레븐액티브,흥국자산운용
394350,20251230,20260105,1.0,이익분배,KIWOOM 글로벌퓨처모빌리티,키움투자자산운용
394350,20260329,20260330,15393.919663333334,청산분배,KIWOOM 글로벌퓨처모빌리티,키움투자자산운용
394660,20251230,20260105,141.0,이익분배,TIGER 글로벌자율주행&전기차SOLACTIVE,미래에셋자산운용
394670,20251230,20260105,10.0,이익분배,TIGER 글로벌리튬&2차전지SOLACTIVE(합성),미래에셋자산운용
395160,20260430,20260506,35.0,이익분배,KODEX AI반도체TOP2플러스,삼성자산운용
395170,20260130,20260203,15.0,이익분배,KODEX Top10동일가중,삼성자산운용
395170,20260430,20260506,139.0,이익분배,KODEX Top10동일가중,삼성자산운용
395170,20260731,20260804,9.0,이익분배,KODEX Top10동일가중,삼성자산운용
395270,20260430,20260506,75.0,이익분배,HANARO Fn K-반도체,엔에이치아문디자산운용
395750,20260430,20260506,40.0,이익분배,PLUS ESG가치주액티브,한화자산운용
395760,20260430,20260506,35.0,이익분배,PLUS ESG성장주액티브,한화자산운용
396500,20251031,20251104,15.0,이익분배,TIGER 반도체TOP10,미래에셋자산운용
396500,20260430,20260506,60.0,이익분배,TIGER 반도체TOP10,미래에셋자산운용
396510,20251230,20260105,110.0,이익분배,TIGER 차이나클린에너지SOLACTIVE,미래에셋자산운용
396520,20251230,20260105,25.0,이익분배,TIGER 차이나반도체FACTSET,미래에셋자산운용
397420,20251215,20251217,298.0,이익분배,RISE 국채선물5년추종,케이비자산운용
397420,20260823,20260824,50465.525166666666,청산분배,RISE 국채선물5년추종,케이비자산운용
399110,20251031,20251103,44.0,이익분배,SOL 미국S&P500ESG,신한자산운용
399110,20260130,20260202,48.0,이익분배,SOL 미국S&P500ESG,신한자산운용
399110,20260430,20260504,48.0,이익분배,SOL 미국S&P500ESG,신한자산운용
399110,20260731,20260803,46.0,이익분배,SOL 미국S&P500ESG,신한자산운용
399580,20251230,20260105,141.0,이익분배,RISE 글로벌클린에너지,케이비자산운용
399580,20260731,20260804,57.0,이익분배,RISE 글로벌클린에너지,케이비자산운용
400580,20251230,20260102,100.0,이익분배,SOL 유럽탄소배출권선물S&P(H),신한자산운용
400590,20251230,20260102,2.0,이익분배,SOL 글로벌탄소배출권선물ICE(합성),신한자산운용
400970,20260430,20260506,40.0,이익분배,TIGER Fn메타버스,미래에셋자산운용
401170,20251230,20260105,15.0,이익분배,RISE 메타버스,케이비자산운용
401170,20260430,20260506,16.0,이익분배,RISE 메타버스,케이비자산운용
401470,20260430,20260506,31.0,이익분배,KODEX 메타버스액티브,삼성자산운용
401590,20251230,20260105,30.0,이익분배,HANARO 글로벌탄소배출권선물ICE(합성),엔에이치아문디자산운용
402460,20251031,20251104,5.0,이익분배,HANARO Fn K-메타버스MZ,엔에이치아문디자산운용
402460,20260430,20260506,50.0,이익분배,HANARO Fn K-메타버스MZ,엔에이치아문디자산운용
402460,20260731,20260804,15.0,이익분배,HANARO Fn K-메타버스MZ,엔에이치아문디자산운용
402970,20250915,20250917,44.0,이익분배,ACE 미국배당다우존스,한국투자신탁운용
402970,20251015,20251017,37.0,이익분배,ACE 미국배당다우존스,한국투자신탁운용
402970,20251114,20251118,21.0,이익분배,ACE 미국배당다우존스,한국투자신탁운용
402970,20251215,20251217,53.0,이익분배,ACE 미국배당다우존스,한국투자신탁운용
402970,20260115,20260119,39.0,이익분배,ACE 미국배당다우존스,한국투자신탁운용
402970,20260213,20260220,24.0,이익분배,ACE 미국배당다우존스,한국투자신탁운용
402970,20260313,20260317,46.0,이익분배,ACE 미국배당다우존스,한국투자신탁운용
402970,20260415,20260417,44.0,이익분배,ACE 미국배당다우존스,한국투자신탁운용
402970,20260515,20260519,27.0,이익분배,ACE 미국배당다우존스,한국투자신탁운용
402970,20260615,20260617,40.0,이익분배,ACE 미국배당다우존스,한국투자신탁운용
402970,20260715,20260720,50.0,이익분배,ACE 미국배당다우존스,한국투자신탁운용
402970,20260814,20260819,25.0,이익분배,ACE 미국배당다우존스,한국투자신탁운용
403790,20251230,20260105,72.0,이익분배,MIDAS 코스피액티브,마이다스에셋자산운용
404260,20260430,20260506,156.0,이익분배,KODEX 기후변화솔루션,삼성자산운용
404260,20260731,20260804,42.0,이익분배,KODEX 기후변화솔루션,삼성자산운용
404540,20251031,20251104,25.0,이익분배,TIGER KRX기후변화솔루션,미래에셋자산운용
404540,20260130,20260203,20.0,이익분배,TIGER KRX기후변화솔루션,미래에셋자산운용
404540,20260430,20260506,110.0,이익분배,TIGER KRX기후변화솔루션,미래에셋자산운용
404540,20260731,20260804,82.0,이익분배,TIGER KRX기후변화솔루션,미래에셋자산운용
404650,20251031,20251103,16.0,이익분배,SOL KRX기후변화솔루션,신한자산운용
404650,20260130,20260202,37.0,이익분배,SOL KRX기후변화솔루션,신한자산운용
404650,20260430,20260504,97.0,이익분배,SOL KRX기후변화솔루션,신한자산운용
404650,20260731,20260803,21.0,이익분배,SOL KRX기후변화솔루션,신한자산운용
407160,20250921,20250922,10152.269566666666,청산분배,KCGI 테크미디어텔레콤액티브,케이씨지아이자산운용
407170,20250921,20250922,9944.968864,청산분배,KCGI 스마트커머스액티브,케이씨지아이자산운용
407300,20260130,20260203,5.0,이익분배,HANARO Fn골프테마,엔에이치아문디자산운용
407300,20260430,20260506,140.0,이익분배,HANARO Fn골프테마,엔에이치아문디자산운용
407300,20260731,20260804,10.0,이익분배,HANARO Fn골프테마,엔에이치아문디자산운용
407310,20260130,20260203,10.0,이익분배,HANARO 200 TOP10,엔에이치아문디자산운용
407310,20260430,20260506,110.0,이익분배,HANARO 200 TOP10,엔에이치아문디자산운용
407310,20260731,20260804,20.0,이익분배,HANARO 200 TOP10,엔에이치아문디자산운용
407820,20251230,20260105,5.0,이익분배,에셋플러스 코리아플랫폼액티브,에셋플러스자산운용
409820,20251230,20260105,122.0,이익분배,KODEX 미국나스닥100레버리지(합성 H),삼성자산운용
411060,20251230,20260105,1.0,이익분배,ACE KRX금현물,한국투자신탁운용
411420,20251031,20251104,9.0,이익분배,KODEX 미국나스닥AI테크액티브,삼성자산운용
411420,20260130,20260203,11.0,이익분배,KODEX 미국나스닥AI테크액티브,삼성자산운용
411420,20260430,20260506,9.0,이익분배,KODEX 미국나스닥AI테크액티브,삼성자산운용
411420,20260731,20260804,35.0,이익분배,KODEX 미국나스닥AI테크액티브,삼성자산운용
411540,20251031,20251103,29.0,이익분배,SOL 200 Top10,신한자산운용
411540,20260130,20260202,10.0,이익분배,SOL 200 Top10,신한자산운용
411540,20260430,20260504,35.0,이익분배,SOL 200 Top10,신한자산운용
411540,20260731,20260803,23.0,이익분배,SOL 200 Top10,신한자산운용
411860,20260130,20260203,5.0,이익분배,KIWOOM 독일DAX,키움투자자산운용
411860,20260430,20260506,109.0,이익분배,KIWOOM 독일DAX,키움투자자산운용
411860,20260731,20260804,350.0,이익분배,KIWOOM 독일DAX,키움투자자산운용
412560,20251230,20260105,9.0,이익분배,TIGER BBIG레버리지,미래에셋자산운용
412570,20251230,20260105,5.0,이익분배,TIGER 2차전지TOP10레버리지,미래에셋자산운용
412770,20251230,20260105,40.0,이익분배,TIGER 글로벌AI플랫폼액티브,미래에셋자산운용
413220,20251230,20260102,58.0,이익분배,SOL 차이나태양광CSI(합성),신한자산운용
414270,20251230,20260105,58.0,이익분배,ACE 글로벌자율주행액티브,한국투자신탁운용
414780,20251230,20260105,20.0,이익분배,TIGER 차이나과창판STAR50(합성),미래에셋자산운용
415760,20251230,20260102,106.0,이익분배,SOL 차이나육성산업액티브(합성),신한자산운용
415920,20260430,20260506,70.0,이익분배,PLUS 글로벌희토류&전략자원생산기업,한화자산운용
416090,20251230,20260105,8.0,이익분배,ACE 중국과창판STAR50,한국투자신탁운용
417450,20251230,20260105,99.0,이익분배,RISE 글로벌수소경제,케이비자산운용
417450,20260731,20260804,107.0,이익분배,RISE 글로벌수소경제,케이비자산운용
417630,20251031,20251104,25.0,이익분배,TIGER KEDI혁신기업ESG30,미래에셋자산운용
417630,20260430,20260506,20.0,이익분배,TIGER KEDI혁신기업ESG30,미래에셋자산운용
418660,20251230,20260105,380.0,이익분배,TIGER 미국나스닥100레버리지(합성),미래에셋자산운용
418670,20251230,20260105,33.0,이익분배,TIGER 글로벌AI사이버보안,미래에셋자산운용
419420,20251031,20251104,8.0,이익분배,KODEX 미국클린에너지나스닥,삼성자산운용
419420,20260130,20260203,10.0,이익분배,KODEX 미국클린에너지나스닥,삼성자산운용
419420,20260430,20260506,6.0,이익분배,KODEX 미국클린에너지나스닥,삼성자산운용
419420,20260731,20260804,8.0,이익분배,KODEX 미국클린에너지나스닥,삼성자산운용
419650,20260430,20260506,11.0,이익분배,PLUS 글로벌수소&차세대연료전지,한화자산운용
419890,20251230,20260105,2864.0,이익분배,KIWOOM 단기채권ESG액티브,키움투자자산운용
421320,20260430,20260506,60.0,이익분배,PLUS 우주항공,한화자산운용
422260,20251230,20260102,14.0,이익분배,VITA MZ소비액티브,한국투자밸류자산운용
422260,20260628,20260629,9321.44686,청산분배,VITA MZ소비액티브,한국투자밸류자산운용
422420,20251230,20260105,15.0,이익분배,RISE 2차전지액티브,케이비자산운용
422420,20260731,20260804,15.0,이익분배,RISE 2차전지액티브,케이비자산운용
423160,20250829,20250902,235.0,이익분배,KODEX KOFR금리액티브(합성),삼성자산운용
423160,20250930,20251002,235.0,이익분배,KODEX KOFR금리액티브(합성),삼성자산운용
423160,20251031,20251104,235.0,이익분배,KODEX KOFR금리액티브(합성),삼성자산운용
423160,20251128,20251202,242.0,이익분배,KODEX KOFR금리액티브(합성),삼성자산운용
423160,20251230,20260105,229.0,이익분배,KODEX KOFR금리액티브(합성),삼성자산운용
423160,20260130,20260203,252.0,이익분배,KODEX KOFR금리액티브(합성),삼성자산운용
423160,20260227,20260304,248.0,이익분배,KODEX KOFR금리액티브(합성),삼성자산운용
423160,20260331,20260402,221.0,이익분배,KODEX KOFR금리액티브(합성),삼성자산운용
423160,20260430,20260506,240.0,이익분배,KODEX KOFR금리액티브(합성),삼성자산운용
423160,20260529,20260602,237.0,이익분배,KODEX KOFR금리액티브(합성),삼성자산운용
423160,20260630,20260702,246.0,이익분배,KODEX KOFR금리액티브(합성),삼성자산운용
423160,20260731,20260804,242.0,이익분배,KODEX KOFR금리액티브(합성),삼성자산운용
423160,20260831,20260902,263.0,이익분배,KODEX KOFR금리액티브(합성),삼성자산운용
423170,20260430,20260504,250.0,이익분배,SOL 글로벌AI반도체탑픽액티브,신한자산운용
423920,20251031,20251104,36.0,이익분배,TIGER 미국필라델피아반도체레버리지(합성),미래에셋자산운용
423920,20260130,20260203,78.0,이익분배,TIGER 미국필라델피아반도체레버리지(합성),미래에셋자산운용
423920,20260430,20260506,92.0,이익분배,TIGER 미국필라델피아반도체레버리지(합성),미래에셋자산운용
423920,20260731,20260804,150.0,이익분배,TIGER 미국필라델피아반도체레버리지(합성),미래에셋자산운용
424460,20251230,20260105,40.0,이익분배,HANARO 글로벌워터MSCI(합성),엔에이치아문디자산운용
424460,20260720,20260721,16117.97125,청산분배,HANARO 글로벌워터MSCI(합성),엔에이치아문디자산운용
426020,20251230,20260105,54.0,이익분배,TIME 미국S&P500액티브,타임폴리오자산운용
426030,20251230,20260105,30.0,이익분배,TIME 미국나스닥100액티브,타임폴리오자산운용
426150,20251230,20260105,717.0,이익분배,WON 대한민국국고채액티브,우리자산운용
426330,20251031,20251104,45.0,이익분배,KIWOOM 미국ETF산업STOXX,키움투자자산운용
426330,20260329,20260330,15511.18902,청산분배,KIWOOM 미국ETF산업STOXX,키움투자자산운용
427120,20251230,20260105,5.0,이익분배,RISE AI플랫폼,케이비자산운용
427120,20260430,20260506,100.0,이익분배,RISE AI플랫폼,케이비자산운용
428510,20251031,20251104,13.0,이익분배,KODEX 차이나AI테크액티브,삼성자산운용
428510,20260130,20260203,4.0,이익분배,KODEX 차이나AI테크액티브,삼성자산운용
428510,20260430,20260506,12.0,이익분배,KODEX 차이나AI테크액티브,삼성자산운용
428510,20260731,20260804,43.0,이익분배,KODEX 차이나AI테크액티브,삼성자산운용
428560,20251031,20251104,44.0,이익분배,KODEX 미국ETF산업Top10 Indxx,삼성자산운용
428560,20260130,20260203,38.0,이익분배,KODEX 미국ETF산업Top10 Indxx,삼성자산운용
428560,20260430,20260506,75.0,이익분배,KODEX 미국ETF산업Top10 Indxx,삼성자산운용
428560,20260731,20260804,51.0,이익분배,KODEX 미국ETF산업Top10 Indxx,삼성자산운용
429000,20250829,20250902,22.0,이익분배,TIGER 미국S&P500배당귀족,미래에셋자산운용
429000,20250930,20251002,23.0,이익분배,TIGER 미국S&P500배당귀족,미래에셋자산운용
429000,20251031,20251104,20.0,이익분배,TIGER 미국S&P500배당귀족,미래에셋자산운용
429000,20251128,20251202,20.0,이익분배,TIGER 미국S&P500배당귀족,미래에셋자산운용
429000,20251230,20260105,25.0,이익분배,TIGER 미국S&P500배당귀족,미래에셋자산운용
429000,20260130,20260203,16.0,이익분배,TIGER 미국S&P500배당귀족,미래에셋자산운용
429000,20260227,20260304,24.0,이익분배,TIGER 미국S&P500배당귀족,미래에셋자산운용
429000,20260331,20260402,27.0,이익분배,TIGER 미국S&P500배당귀족,미래에셋자산운용
429000,20260430,20260506,24.0,이익분배,TIGER 미국S&P500배당귀족,미래에셋자산운용
429000,20260529,20260602,24.0,이익분배,TIGER 미국S&P500배당귀족,미래에셋자산운용
429000,20260630,20260702,28.0,이익분배,TIGER 미국S&P500배당귀족,미래에셋자산운용
429000,20260731,20260804,23.0,이익분배,TIGER 미국S&P500배당귀족,미래에셋자산운용
429000,20260831,20260902,20.0,이익분배,TIGER 미국S&P500배당귀족,미래에셋자산운용
429010,20251230,20260105,108.0,이익분배,TIGER 미국나스닥넥스트100,미래에셋자산운용
429740,20250829,20250902,40.0,이익분배,PLUS K리츠,한화자산운용
429740,20250930,20251002,40.0,이익분배,PLUS K리츠,한화자산운용
429740,20251031,20251104,40.0,이익분배,PLUS K리츠,한화자산운용
429740,20251128,20251202,40.0,이익분배,PLUS K리츠,한화자산운용
429740,20251230,20260105,40.0,이익분배,PLUS K리츠,한화자산운용
429740,20260130,20260203,40.0,이익분배,PLUS K리츠,한화자산운용
429740,20260227,20260304,30.0,이익분배,PLUS K리츠,한화자산운용
429740,20260331,20260402,30.0,이익분배,PLUS K리츠,한화자산운용
429740,20260430,20260506,35.0,이익분배,PLUS K리츠,한화자산운용
429740,20260529,20260602,27.0,이익분배,PLUS K리츠,한화자산운용
429740,20260630,20260702,27.0,이익분배,PLUS K리츠,한화자산운용
429740,20260731,20260804,28.0,이익분배,PLUS K리츠,한화자산운용
429740,20260831,20260902,27.0,이익분배,PLUS K리츠,한화자산운용
429760,20251031,20251104,50.0,이익분배,PLUS 미국S&P500,한화자산운용
429760,20260130,20260203,40.0,이익분배,PLUS 미국S&P500,한화자산운용
429760,20260430,20260506,52.0,이익분배,PLUS 미국S&P500,한화자산운용
429760,20260731,20260804,40.0,이익분배,PLUS 미국S&P500,한화자산운용
429980,20260430,20260504,75.0,이익분배,SOL 한국형글로벌전기차&2차전지액티브,신한자산운용
430500,20251230,20260105,1325.0,이익분배,KIWOOM 물가채KIS,키움투자자산운용
432600,20251215,20251217,108.0,이익분배,RISE 국채선물3년,케이비자산운용
432840,20250829,20250902,9.0,이익분배,HANARO 미국S&P500,엔에이치아문디자산운용
432840,20250930,20251002,15.0,이익분배,HANARO 미국S&P500,엔에이치아문디자산운용
432840,20251031,20251104,13.0,이익분배,HANARO 미국S&P500,엔에이치아문디자산운용
432840,20251128,20251202,8.0,이익분배,HANARO 미국S&P500,엔에이치아문디자산운용
432840,20251230,20260105,15.0,이익분배,HANARO 미국S&P500,엔에이치아문디자산운용
432840,20260130,20260203,9.0,이익분배,HANARO 미국S&P500,엔에이치아문디자산운용
432840,20260227,20260304,10.0,이익분배,HANARO 미국S&P500,엔에이치아문디자산운용
432840,20260331,20260402,11.0,이익분배,HANARO 미국S&P500,엔에이치아문디자산운용
432840,20260430,20260506,13.0,이익분배,HANARO 미국S&P500,엔에이치아문디자산운용
432840,20260529,20260602,10.0,이익분배,HANARO 미국S&P500,엔에이치아문디자산운용
432840,20260630,20260702,12.0,이익분배,HANARO 미국S&P500,엔에이치아문디자산운용
432840,20260731,20260804,13.0,이익분배,HANARO 미국S&P500,엔에이치아문디자산운용
432840,20260831,20260902,10.0,이익분배,HANARO 미국S&P500,엔에이치아문디자산운용
433330,20250829,20250901,16.0,이익분배,SOL 미국S&P500,신한자산운용
433330,20250930,20251001,19.0,이익분배,SOL 미국S&P500,신한자산운용
433330,20251031,20251103,11.0,이익분배,SOL 미국S&P500,신한자산운용
433330,20251128,20251201,17.0,이익분배,SOL 미국S&P500,신한자산운용
433330,20251230,20260102,19.0,이익분배,SOL 미국S&P500,신한자산운용
433330,20260130,20260202,12.0,이익분배,SOL 미국S&P500,신한자산운용
433330,20260227,20260303,14.0,이익분배,SOL 미국S&P500,신한자산운용
433330,20260331,20260401,21.0,이익분배,SOL 미국S&P500,신한자산운용
433330,20260430,20260504,10.0,이익분배,SOL 미국S&P500,신한자산운용
433330,20260529,20260601,18.0,이익분배,SOL 미국S&P500,신한자산운용
433330,20260630,20260701,24.0,이익분배,SOL 미국S&P500,신한자산운용
433330,20260731,20260803,12.0,이익분배,SOL 미국S&P500,신한자산운용
433330,20260831,20260901,19.0,이익분배,SOL 미국S&P500,신한자산운용
433500,20260430,20260506,280.0,이익분배,ACE 원자력TOP10,한국투자신탁운용
433870,20250921,20250922,15312.67447142857,청산분배,PLUS TDF2050액티브,한화자산운용
433880,20251031,20251104,35.0,이익분배,PLUS TDF2060액티브 적격,한화자산운용
433880,20260130,20260203,35.0,이익분배,PLUS TDF2060액티브 적격,한화자산운용
433880,20260430,20260506,35.0,이익분배,PLUS TDF2060액티브 적격,한화자산운용
433880,20260731,20260804,40.0,이익분배,PLUS TDF2060액티브 적격,한화자산운용
433970,20251031,20251104,60.0,이익분배,KODEX TDF2030액티브 적격,삼성자산운용
433970,20260130,20260203,88.0,이익분배,KODEX TDF2030액티브 적격,삼성자산운용
433970,20260430,20260506,32.0,이익분배,KODEX TDF2030액티브 적격,삼성자산운용
433970,20260731,20260804,66.0,이익분배,KODEX TDF2030액티브 적격,삼성자산운용
433980,20251031,20251104,50.0,이익분배,KODEX TDF2040액티브 적격,삼성자산운용
433980,20260130,20260203,96.0,이익분배,KODEX TDF2040액티브 적격,삼성자산운용
433980,20260430,20260506,30.0,이익분배,KODEX TDF2040액티브 적격,삼성자산운용
433980,20260731,20260804,103.0,이익분배,KODEX TDF2040액티브 적격,삼성자산운용
434060,20251031,20251104,40.0,이익분배,KODEX TDF2050액티브 적격,삼성자산운용
434060,20260130,20260203,90.0,이익분배,KODEX TDF2050액티브 적격,삼성자산운용
434060,20260430,20260506,26.0,이익분배,KODEX TDF2050액티브 적격,삼성자산운용
434060,20260731,20260804,117.0,이익분배,KODEX TDF2050액티브 적격,삼성자산운용
434730,20260430,20260506,265.0,이익분배,HANARO 원자력iSelect,엔에이치아문디자산운용
434960,20251031,20251104,140.0,이익분배,DAISHIN K200,대신자산운용
434960,20260130,20260203,140.0,이익분배,DAISHIN K200,대신자산운용
434960,20260430,20260506,500.0,이익분배,DAISHIN K200,대신자산운용
434960,20260731,20260804,120.0,이익분배,DAISHIN K200,대신자산운용
435040,20251031,20251104,42.0,이익분배,ACE 글로벌브랜드TOP10,한국투자신탁운용
435040,20260130,20260203,38.0,이익분배,ACE 글로벌브랜드TOP10,한국투자신탁운용
435040,20260430,20260506,30.0,이익분배,ACE 글로벌브랜드TOP10,한국투자신탁운용
435040,20260731,20260804,32.0,이익분배,ACE 글로벌브랜드TOP10,한국투자신탁운용
435420,20251031,20251104,9.0,이익분배,TIGER 미국나스닥100채권혼합50,미래에셋자산운용
435420,20260130,20260203,59.0,이익분배,TIGER 미국나스닥100채권혼합50,미래에셋자산운용
435420,20260430,20260506,50.0,이익분배,TIGER 미국나스닥100채권혼합50,미래에셋자산운용
435420,20260731,20260804,42.0,이익분배,TIGER 미국나스닥100채권혼합50,미래에셋자산운용
435530,20260731,20260804,250.0,이익분배,KIWOOM TDF2030액티브 적격,키움투자자산운용
435540,20260731,20260804,235.0,이익분배,KIWOOM TDF2040액티브 적격,키움투자자산운용
435550,20260731,20260804,180.0,이익분배,KIWOOM TDF2050액티브 적격,키움투자자산운용
436140,20251215,20251216,2380.0,이익분배,SOL 종합채권(AA-이상)액티브,신한자산운용
437070,20250829,20250902,230.0,이익분배,KODEX 아시아달러채권ESG플러스액티브,삼성자산운용
437070,20250930,20251002,228.0,이익분배,KODEX 아시아달러채권ESG플러스액티브,삼성자산운용
437070,20251031,20251104,222.0,이익분배,KODEX 아시아달러채권ESG플러스액티브,삼성자산운용
437070,20251128,20251202,274.0,이익분배,KODEX 아시아달러채권ESG플러스액티브,삼성자산운용
437070,20251230,20260105,233.0,이익분배,KODEX 아시아달러채권ESG플러스액티브,삼성자산운용
437070,20260130,20260203,239.0,이익분배,KODEX 아시아달러채권ESG플러스액티브,삼성자산운용
437070,20260227,20260304,237.0,이익분배,KODEX 아시아달러채권ESG플러스액티브,삼성자산운용
437070,20260331,20260402,219.0,이익분배,KODEX 아시아달러채권ESG플러스액티브,삼성자산운용
437070,20260430,20260506,261.0,이익분배,KODEX 아시아달러채권ESG플러스액티브,삼성자산운용
437070,20260529,20260602,243.0,이익분배,KODEX 아시아달러채권ESG플러스액티브,삼성자산운용
437070,20260630,20260702,259.0,이익분배,KODEX 아시아달러채권ESG플러스액티브,삼성자산운용
437070,20260731,20260804,249.0,이익분배,KODEX 아시아달러채권ESG플러스액티브,삼성자산운용
437070,20260831,20260902,247.0,이익분배,KODEX 아시아달러채권ESG플러스액티브,삼성자산운용
437080,20250829,20250902,376.0,이익분배,KODEX 미국종합채권ESG액티브(H),삼성자산운용
437080,20250930,20251002,367.0,이익분배,KODEX 미국종합채권ESG액티브(H),삼성자산운용
437080,20251031,20251104,355.0,이익분배,KODEX 미국종합채권ESG액티브(H),삼성자산운용
437080,20251128,20251202,377.0,이익분배,KODEX 미국종합채권ESG액티브(H),삼성자산운용
437080,20251230,20260105,362.0,이익분배,KODEX 미국종합채권ESG액티브(H),삼성자산운용
437080,20260130,20260203,372.0,이익분배,KODEX 미국종합채권ESG액티브(H),삼성자산운용
437080,20260227,20260304,357.0,이익분배,KODEX 미국종합채권ESG액티브(H),삼성자산운용
437080,20260331,20260402,328.0,이익분배,KODEX 미국종합채권ESG액티브(H),삼성자산운용
437080,20260430,20260506,384.0,이익분배,KODEX 미국종합채권ESG액티브(H),삼성자산운용
437080,20260529,20260602,369.0,이익분배,KODEX 미국종합채권ESG액티브(H),삼성자산운용
437080,20260630,20260702,393.0,이익분배,KODEX 미국종합채권ESG액티브(H),삼성자산운용
437080,20260731,20260804,375.0,이익분배,KODEX 미국종합채권ESG액티브(H),삼성자산운용
437080,20260831,20260902,390.0,이익분배,KODEX 미국종합채권ESG액티브(H),삼성자산운용
437350,20251230,20260105,272.0,이익분배,RISE 미국단기투자등급회사채액티브,케이비자산운용
437370,20251230,20260105,221.0,이익분배,RISE 글로벌농업경제,케이비자산운용
437370,20260731,20260804,72.0,이익분배,RISE 글로벌농업경제,케이비자산운용
438080,20251230,20260105,334.0,이익분배,ACE 미국S&P500미국채혼합50액티브,한국투자신탁운용
438100,20251230,20260105,288.0,이익분배,ACE 미국나스닥100미국채혼합50액티브,한국투자신탁운용
438320,20251230,20260105,50.0,이익분배,TIGER 차이나항셍테크레버리지(합성 H),미래에셋자산운용
438330,20250829,20250902,235.0,이익분배,TIGER 우량회사채액티브,미래에셋자산운용
438330,20250930,20251002,235.0,이익분배,TIGER 우량회사채액티브,미래에셋자산운용
438330,20251031,20251104,235.0,이익분배,TIGER 우량회사채액티브,미래에셋자산운용
438330,20251128,20251202,232.0,이익분배,TIGER 우량회사채액티브,미래에셋자산운용
438560,20251230,20260102,2525.0,이익분배,SOL 국고채3년,신한자산운용
438570,20251230,20260102,3280.0,이익분배,SOL 국고채10년,신한자산운용
438740,20251230,20260105,81.0,이익분배,MIDAS 중소형액티브,마이다스에셋자산운용
438900,20260430,20260506,220.0,이익분배,HANARO Fn K-푸드,엔에이치아문디자산운용
438900,20260731,20260804,10.0,이익분배,HANARO Fn K-푸드,엔에이치아문디자산운용
439860,20251215,20251217,1936.0,이익분배,KODEX ESG종합채권(A-이상)액티브,삼성자산운용
439870,20251215,20251217,1703.0,이익분배,KODEX 국고채30년액티브,삼성자산운용
440340,20250829,20250902,29.0,이익분배,TIGER 글로벌멀티에셋TIF액티브,미래에셋자산운용
440340,20250930,20251002,33.0,이익분배,TIGER 글로벌멀티에셋TIF액티브,미래에셋자산운용
440340,20251031,20251104,35.0,이익분배,TIGER 글로벌멀티에셋TIF액티브,미래에셋자산운용
440340,20251128,20251202,30.0,이익분배,TIGER 글로벌멀티에셋TIF액티브,미래에셋자산운용
440340,20251230,20260105,35.0,이익분배,TIGER 글로벌멀티에셋TIF액티브,미래에셋자산운용
440340,20260130,20260203,35.0,이익분배,TIGER 글로벌멀티에셋TIF액티브,미래에셋자산운용
440340,20260227,20260304,40.0,이익분배,TIGER 글로벌멀티에셋TIF액티브,미래에셋자산운용
440340,20260331,20260402,42.0,이익분배,TIGER 글로벌멀티에셋TIF액티브,미래에셋자산운용
440340,20260430,20260506,46.0,이익분배,TIGER 글로벌멀티에셋TIF액티브,미래에셋자산운용
440340,20260529,20260602,46.0,이익분배,TIGER 글로벌멀티에셋TIF액티브,미래에셋자산운용
440340,20260630,20260702,46.0,이익분배,TIGER 글로벌멀티에셋TIF액티브,미래에셋자산운용
440340,20260731,20260804,44.0,이익분배,TIGER 글로벌멀티에셋TIF액티브,미래에셋자산운용
440340,20260831,20260902,46.0,이익분배,TIGER 글로벌멀티에셋TIF액티브,미래에셋자산운용
440640,20251128,20251202,1635.0,이익분배,ACE 단기채권알파액티브,한국투자신탁운용
440650,20251230,20260105,370.0,이익분배,ACE 미국달러단기채권액티브,한국투자신탁운용
440910,20251031,20251104,45.0,이익분배,WON 미국우주항공방산,우리자산운용
441330,20251031,20251104,40.0,이익분배,KIWOOM 차이나A50커넥트MSCI,키움투자자산운용
441330,20260329,20260330,12561.851745,청산분배,KIWOOM 차이나A50커넥트MSCI,키움투자자산운용
441540,20260430,20260506,200.0,이익분배,HANARO Fn조선해운,엔에이치아문디자산운용
441640,20250915,20250917,92.0,이익분배,KODEX 미국배당커버드콜액티브,삼성자산운용
441640,20251015,20251017,93.0,이익분배,KODEX 미국배당커버드콜액티브,삼성자산운용
441640,20251114,20251118,96.0,이익분배,KODEX 미국배당커버드콜액티브,삼성자산운용
441640,20251215,20251217,98.0,이익분배,KODEX 미국배당커버드콜액티브,삼성자산운용
441640,20260115,20260119,98.0,이익분배,KODEX 미국배당커버드콜액티브,삼성자산운용
441640,20260213,20260220,99.0,이익분배,KODEX 미국배당커버드콜액티브,삼성자산운용
441640,20260313,20260317,99.0,이익분배,KODEX 미국배당커버드콜액티브,삼성자산운용
441640,20260415,20260417,99.0,이익분배,KODEX 미국배당커버드콜액티브,삼성자산운용
441640,20260515,20260519,100.0,이익분배,KODEX 미국배당커버드콜액티브,삼성자산운용
441640,20260615,20260617,101.0,이익분배,KODEX 미국배당커버드콜액티브,삼성자산운용
441640,20260715,20260720,103.0,이익분배,KODEX 미국배당커버드콜액티브,삼성자산운용
441640,20260814,20260819,102.0,이익분배,KODEX 미국배당커버드콜액티브,삼성자산운용
441680,20250829,20250902,101.0,이익분배,TIGER 미국나스닥100커버드콜(합성),미래에셋자산운용
441680,20250930,20251002,103.0,이익분배,TIGER 미국나스닥100커버드콜(합성),미래에셋자산운용
441680,20251031,20251104,109.0,이익분배,TIGER 미국나스닥100커버드콜(합성),미래에셋자산운용
441680,20251128,20251202,111.0,이익분배,TIGER 미국나스닥100커버드콜(합성),미래에셋자산운용
441680,20251230,20260105,112.0,이익분배,TIGER 미국나스닥100커버드콜(합성),미래에셋자산운용
441680,20260130,20260203,112.0,이익분배,TIGER 미국나스닥100커버드콜(합성),미래에셋자산운용
441680,20260227,20260304,110.0,이익분배,TIGER 미국나스닥100커버드콜(합성),미래에셋자산운용
441680,20260331,20260402,113.0,이익분배,TIGER 미국나스닥100커버드콜(합성),미래에셋자산운용
441680,20260430,20260506,114.0,이익분배,TIGER 미국나스닥100커버드콜(합성),미래에셋자산운용
441680,20260529,20260602,117.0,이익분배,TIGER 미국나스닥100커버드콜(합성),미래에셋자산운용
441680,20260630,20260702,120.0,이익분배,TIGER 미국나스닥100커버드콜(합성),미래에셋자산운용
441680,20260731,20260804,111.0,이익분배,TIGER 미국나스닥100커버드콜(합성),미래에셋자산운용
441680,20260831,20260902,108.0,이익분배,TIGER 미국나스닥100커버드콜(합성),미래에셋자산운용
441800,20250829,20250902,80.0,이익분배,TIME Korea플러스배당액티브,타임폴리오자산운용
441800,20250930,20251002,85.0,이익분배,TIME Korea플러스배당액티브,타임폴리오자산운용
441800,20251031,20251104,94.0,이익분배,TIME Korea플러스배당액티브,타임폴리오자산운용
441800,20251128,20251202,93.0,이익분배,TIME Korea플러스배당액티브,타임폴리오자산운용
441800,20251230,20260105,294.0,이익분배,TIME Korea플러스배당액티브,타임폴리오자산운용
441800,20260130,20260203,117.0,이익분배,TIME Korea플러스배당액티브,타임폴리오자산운용
441800,20260227,20260304,148.0,이익분배,TIME Korea플러스배당액티브,타임폴리오자산운용
441800,20260331,20260402,267.0,이익분배,TIME Korea플러스배당액티브,타임폴리오자산운용
441800,20260430,20260506,154.0,이익분배,TIME Korea플러스배당액티브,타임폴리오자산운용
441800,20260529,20260602,181.0,이익분배,TIME Korea플러스배당액티브,타임폴리오자산운용
441800,20260630,20260702,368.0,이익분배,TIME Korea플러스배당액티브,타임폴리오자산운용
441800,20260731,20260804,134.0,이익분배,TIME Korea플러스배당액티브,타임폴리오자산운용
441800,20260831,20260902,145.0,이익분배,TIME Korea플러스배당액티브,타임폴리오자산운용
442260,20260430,20260506,350.0,이익분배,마이티 다이나믹퀀트액티브,DB자산운용
442320,20251230,20260105,78.0,이익분배,RISE 글로벌원자력,케이비자산운용
442320,20260731,20260804,86.0,이익분배,RISE 글로벌원자력,케이비자산운용
442550,20251230,20260105,131.0,이익분배,RISE TDF2030액티브 적격,케이비자산운용
442550,20260731,20260804,49.0,이익분배,RISE TDF2030액티브 적격,케이비자산운용
442560,20251230,20260105,124.0,이익분배,RISE TDF2040액티브 적격,케이비자산운용
442560,20260731,20260804,53.0,이익분배,RISE TDF2040액티브 적격,케이비자산운용
442570,20251230,20260105,106.0,이익분배,RISE TDF2050액티브 적격,케이비자산운용
442570,20260731,20260804,55.0,이익분배,RISE TDF2050액티브 적격,케이비자산운용
442580,20260430,20260506,100.0,이익분배,PLUS 글로벌HBM반도체,한화자산운용
444200,20260430,20260504,128.0,이익분배,SOL 코리아메가테크액티브,신한자산운용
444490,20251031,20251104,57.0,이익분배,WON 미국S&P500,우리자산운용
445150,20260430,20260506,141.0,이익분배,KODEX 친환경조선해운액티브,삼성자산운용
445150,20260731,20260804,5.0,이익분배,KODEX 친환경조선해운액티브,삼성자산운용
445290,20260430,20260506,60.0,이익분배,KODEX 로봇액티브,삼성자산운용
445290,20260731,20260804,12.0,이익분배,KODEX 로봇액티브,삼성자산운용
445910,20251031,20251104,75.0,이익분배,TIGER MKF배당귀족,미래에셋자산운용
445910,20260130,20260203,19.0,이익분배,TIGER MKF배당귀족,미래에셋자산운용
445910,20260430,20260506,277.0,이익분배,TIGER MKF배당귀족,미래에셋자산운용
445910,20260731,20260804,25.0,이익분배,TIGER MKF배당귀족,미래에셋자산운용
446690,20251031,20251104,73.0,이익분배,KODEX 아시아AI반도체exChina액티브,삼성자산운용
446690,20260130,20260203,52.0,이익분배,KODEX 아시아AI반도체exChina액티브,삼성자산운용
446690,20260430,20260506,100.0,이익분배,KODEX 아시아AI반도체exChina액티브,삼성자산운용
446690,20260731,20260804,56.0,이익분배,KODEX 아시아AI반도체exChina액티브,삼성자산운용
446700,20260430,20260506,16.0,이익분배,RISE 배터리 리사이클링,케이비자산운용
446720,20250829,20250901,32.0,이익분배,SOL 미국배당다우존스,신한자산운용
446720,20250930,20251001,35.0,이익분배,SOL 미국배당다우존스,신한자산운용
446720,20251031,20251103,34.0,이익분배,SOL 미국배당다우존스,신한자산운용
446720,20251128,20251201,35.0,이익분배,SOL 미국배당다우존스,신한자산운용
446720,20251230,20260102,37.0,이익분배,SOL 미국배당다우존스,신한자산운용
446720,20260130,20260202,30.0,이익분배,SOL 미국배당다우존스,신한자산운용
446720,20260227,20260303,35.0,이익분배,SOL 미국배당다우존스,신한자산운용
446720,20260331,20260401,33.0,이익분배,SOL 미국배당다우존스,신한자산운용
446720,20260430,20260504,30.0,이익분배,SOL 미국배당다우존스,신한자산운용
446720,20260529,20260601,33.0,이익분배,SOL 미국배당다우존스,신한자산운용
446720,20260630,20260701,42.0,이익분배,SOL 미국배당다우존스,신한자산운용
446720,20260731,20260803,35.0,이익분배,SOL 미국배당다우존스,신한자산운용
446720,20260831,20260901,27.0,이익분배,SOL 미국배당다우존스,신한자산운용
446770,20251031,20251104,100.0,이익분배,ACE 글로벌반도체TOP4 Plus,한국투자신탁운용
446770,20260130,20260203,79.0,이익분배,ACE 글로벌반도체TOP4 Plus,한국투자신탁운용
446770,20260430,20260506,119.0,이익분배,ACE 글로벌반도체TOP4 Plus,한국투자신탁운용
446770,20260731,20260804,128.0,이익분배,ACE 글로벌반도체TOP4 Plus,한국투자신탁운용
447430,20251031,20251104,40.0,이익분배,ACE 주주환원가치주액티브,한국투자신탁운용
447430,20260130,20260203,130.0,이익분배,ACE 주주환원가치주액티브,한국투자신탁운용
447430,20260430,20260506,390.0,이익분배,ACE 주주환원가치주액티브,한국투자신탁운용
447430,20260731,20260804,29.0,이익분배,ACE 주주환원가치주액티브,한국투자신탁운용
447620,20260430,20260504,65.0,이익분배,SOL 미국TOP5채권혼합50,신한자산운용
447660,20251031,20251104,20.0,이익분배,PLUS 애플채권혼합,한화자산운용
447660,20260130,20260203,20.0,이익분배,PLUS 애플채권혼합,한화자산운용
447660,20260430,20260506,20.0,이익분배,PLUS 애플채권혼합,한화자산운용
447660,20260731,20260804,25.0,이익분배,PLUS 애플채권혼합,한화자산운용
447770,20251031,20251104,10.0,이익분배,TIGER 테슬라채권혼합Fn,미래에셋자산운용
447770,20260130,20260203,68.0,이익분배,TIGER 테슬라채권혼합Fn,미래에셋자산운용
447770,20260430,20260506,57.0,이익분배,TIGER 테슬라채권혼합Fn,미래에셋자산운용
447770,20260731,20260804,65.0,이익분배,TIGER 테슬라채권혼합Fn,미래에셋자산운용
448100,20250829,20250902,50.0,이익분배,WON 200,우리자산운용
448100,20250930,20251002,50.0,이익분배,WON 200,우리자산운용
448100,20251031,20251104,60.0,이익분배,WON 200,우리자산운용
448100,20251128,20251202,60.0,이익분배,WON 200,우리자산운용
448100,20251230,20260105,60.0,이익분배,WON 200,우리자산운용
448100,20260130,20260203,60.0,이익분배,WON 200,우리자산운용
448100,20260227,20260304,60.0,이익분배,WON 200,우리자산운용
448100,20260331,20260402,60.0,이익분배,WON 200,우리자산운용
448100,20260430,20260506,60.0,이익분배,WON 200,우리자산운용
448100,20260529,20260602,60.0,이익분배,WON 200,우리자산운용
448100,20260630,20260702,60.0,이익분배,WON 200,우리자산운용
448100,20260731,20260804,70.0,이익분배,WON 200,우리자산운용
448100,20260831,20260902,70.0,이익분배,WON 200,우리자산운용
448290,20251031,20251104,40.0,이익분배,TIGER 미국S&P500(H),미래에셋자산운용
448290,20260130,20260203,41.0,이익분배,TIGER 미국S&P500(H),미래에셋자산운용
448290,20260430,20260506,40.0,이익분배,TIGER 미국S&P500(H),미래에셋자산운용
448290,20260731,20260804,42.0,이익분배,TIGER 미국S&P500(H),미래에셋자산운용
448300,20251031,20251104,28.0,이익분배,TIGER 미국나스닥100(H),미래에셋자산운용
448300,20260130,20260203,27.0,이익분배,TIGER 미국나스닥100(H),미래에셋자산운용
448300,20260430,20260506,29.0,이익분배,TIGER 미국나스닥100(H),미래에셋자산운용
448300,20260731,20260804,30.0,이익분배,TIGER 미국나스닥100(H),미래에셋자산운용
448330,20250915,20250917,20.0,이익분배,KODEX 삼성전자채권혼합,삼성자산운용
448330,20251015,20251017,26.0,이익분배,KODEX 삼성전자채권혼합,삼성자산운용
448330,20251114,20251118,22.0,이익분배,KODEX 삼성전자채권혼합,삼성자산운용
448330,20251215,20251217,22.0,이익분배,KODEX 삼성전자채권혼합,삼성자산운용
448330,20260115,20260119,25.0,이익분배,KODEX 삼성전자채권혼합,삼성자산운용
448330,20260213,20260220,28.0,이익분배,KODEX 삼성전자채권혼합,삼성자산운용
448330,20260313,20260317,28.0,이익분배,KODEX 삼성전자채권혼합,삼성자산운용
448330,20260415,20260417,30.0,이익분배,KODEX 삼성전자채권혼합,삼성자산운용
448330,20260515,20260519,32.0,이익분배,KODEX 삼성전자채권혼합,삼성자산운용
448330,20260615,20260617,36.0,이익분배,KODEX 삼성전자채권혼합,삼성자산운용
448330,20260715,20260720,38.0,이익분배,KODEX 삼성전자채권혼합,삼성자산운용
448330,20260814,20260819,38.0,이익분배,KODEX 삼성전자채권혼합,삼성자산운용
448490,20251230,20260105,500.0,이익분배,HANARO 32-10 국고채액티브,엔에이치아문디자산운용
448540,20251230,20260105,233.0,이익분배,ACE 엔비디아채권혼합,한국투자신탁운용
448570,20260430,20260506,280.0,이익분배,FOCUS AI코리아액티브,브이아이자산운용
448600,20250829,20250902,155.0,이익분배,RISE 25-11 회사채(AA-이상)액티브,케이비자산운용
448600,20250930,20251002,110.0,이익분배,RISE 25-11 회사채(AA-이상)액티브,케이비자산운용
448600,20251031,20251104,111.0,이익분배,RISE 25-11 회사채(AA-이상)액티브,케이비자산운용
448600,20251124,20251125,52507.07440857605,청산분배,RISE 25-11 회사채(AA-이상)액티브,케이비자산운용
448630,20260430,20260506,11.0,이익분배,RISE 삼성그룹Top3채권혼합,케이비자산운용
449170,20251128,20251202,680.0,이익분배,TIGER KOFR금리액티브(합성),미래에셋자산운용
449180,20251031,20251104,38.0,이익분배,KODEX 미국S&P500(H),삼성자산운용
449180,20260130,20260203,40.0,이익분배,KODEX 미국S&P500(H),삼성자산운용
449180,20260430,20260506,42.0,이익분배,KODEX 미국S&P500(H),삼성자산운용
449180,20260731,20260804,40.0,이익분배,KODEX 미국S&P500(H),삼성자산운용
449190,20251031,20251104,25.0,이익분배,KODEX 미국나스닥100(H),삼성자산운용
449190,20260130,20260203,30.0,이익분배,KODEX 미국나스닥100(H),삼성자산운용
449190,20260430,20260506,30.0,이익분배,KODEX 미국나스닥100(H),삼성자산운용
449190,20260731,20260804,33.0,이익분배,KODEX 미국나스닥100(H),삼성자산운용
449450,20260430,20260506,75.0,이익분배,PLUS K방산,한화자산운용
449580,20251230,20260105,155.0,이익분배,RISE 테슬라애플아마존채권혼합,케이비자산운용
449580,20260731,20260804,171.0,이익분배,RISE 테슬라애플아마존채권혼합,케이비자산운용
449680,20251230,20260105,6.0,이익분배,TIGER 한중전기차(합성),미래에셋자산운용
449690,20251230,20260105,13.0,이익분배,TIGER 한중반도체(합성),미래에셋자산운용
449770,20251031,20251104,47.0,이익분배,KIWOOM 미국S&P500,키움투자자산운용
449770,20260130,20260203,63.0,이익분배,KIWOOM 미국S&P500,키움투자자산운용
449770,20260430,20260506,55.0,이익분배,KIWOOM 미국S&P500,키움투자자산운용
449770,20260731,20260804,47.0,이익분배,KIWOOM 미국S&P500,키움투자자산운용
449780,20251031,20251104,41.0,이익분배,KIWOOM 미국S&P500(H),키움투자자산운용
449780,20260130,20260203,46.0,이익분배,KIWOOM 미국S&P500(H),키움투자자산운용
449780,20260430,20260506,49.0,이익분배,KIWOOM 미국S&P500(H),키움투자자산운용
449780,20260731,20260804,43.0,이익분배,KIWOOM 미국S&P500(H),키움투자자산운용
450910,20260430,20260504,30.0,이익분배,SOL 코스닥150,신한자산운용
451000,20251215,20251217,1465.0,이익분배,PLUS 종합채권(AA-이상)액티브,한화자산운용
451060,20251031,20251103,39.0,이익분배,1Q 200액티브,하나자산운용
451060,20260130,20260202,212.0,이익분배,1Q 200액티브,하나자산운용
451060,20260430,20260504,143.0,이익분배,1Q 200액티브,하나자산운용
451060,20260731,20260803,31.0,이익분배,1Q 200액티브,하나자산운용
451530,20251128,20251202,612.0,이익분배,TIGER 국고채30년스트립액티브,미래에셋자산운용
451540,20251128,20251202,700.0,이익분배,TIGER 종합채권(AA-이상)액티브,미래에셋자산운용
451600,20251215,20251217,1296.0,이익분배,PLUS 국고채30년액티브,한화자산운용
451670,20251230,20260105,201.0,이익분배,RISE 국채30년레버리지(합성),케이비자산운용
452250,20251230,20260105,101.0,이익분배,ACE 미국30년국채선물레버리지(합성 H),한국투자신탁운용
452360,20250829,20250901,31.0,이익분배,SOL 미국배당다우존스(H),신한자산운용
452360,20250930,20251001,34.0,이익분배,SOL 미국배당다우존스(H),신한자산운용
452360,20251031,20251103,32.0,이익분배,SOL 미국배당다우존스(H),신한자산운용
452360,20251128,20251201,32.0,이익분배,SOL 미국배당다우존스(H),신한자산운용
452360,20251230,20260102,34.0,이익분배,SOL 미국배당다우존스(H),신한자산운용
452360,20260130,20260202,28.0,이익분배,SOL 미국배당다우존스(H),신한자산운용
452360,20260227,20260303,33.0,이익분배,SOL 미국배당다우존스(H),신한자산운용
452360,20260331,20260401,30.0,이익분배,SOL 미국배당다우존스(H),신한자산운용
452360,20260430,20260504,28.0,이익분배,SOL 미국배당다우존스(H),신한자산운용
452360,20260529,20260601,29.0,이익분배,SOL 미국배당다우존스(H),신한자산운용
452360,20260630,20260701,36.0,이익분배,SOL 미국배당다우존스(H),신한자산운용
452360,20260731,20260803,31.0,이익분배,SOL 미국배당다우존스(H),신한자산운용
452360,20260831,20260901,26.0,이익분배,SOL 미국배당다우존스(H),신한자산운용
452440,20251031,20251104,6.0,이익분배,VITA 밸류알파액티브,한국투자밸류자산운용
452440,20251230,20260102,40.0,이익분배,VITA 밸류알파액티브,한국투자밸류자산운용
452440,20260601,20260602,20617.7497,청산분배,VITA 밸류알파액티브,한국투자밸류자산운용
453010,20251215,20251217,1122.0,이익분배,PLUS KOFR금리,한화자산운용
453060,20251230,20260105,10.0,이익분배,HANARO KOFR금리액티브(합성),엔에이치아문디자산운용
453080,20251031,20251104,26.0,이익분배,KIWOOM 미국나스닥100(H),키움투자자산운용
453080,20260130,20260203,26.0,이익분배,KIWOOM 미국나스닥100(H),키움투자자산운용
453080,20260430,20260506,29.0,이익분배,KIWOOM 미국나스닥100(H),키움투자자산운용
453080,20260731,20260804,30.0,이익분배,KIWOOM 미국나스닥100(H),키움투자자산운용
453330,20250829,20250902,15.0,이익분배,RISE 미국S&P500(H),케이비자산운용
453330,20250930,20251002,15.0,이익분배,RISE 미국S&P500(H),케이비자산운용
453330,20251031,20251104,15.0,이익분배,RISE 미국S&P500(H),케이비자산운용
453330,20251128,20251202,15.0,이익분배,RISE 미국S&P500(H),케이비자산운용
453330,20251230,20260105,16.0,이익분배,RISE 미국S&P500(H),케이비자산운용
453330,20260130,20260203,15.0,이익분배,RISE 미국S&P500(H),케이비자산운용
453330,20260227,20260304,16.0,이익분배,RISE 미국S&P500(H),케이비자산운용
453330,20260331,20260402,15.0,이익분배,RISE 미국S&P500(H),케이비자산운용
453330,20260430,20260506,15.0,이익분배,RISE 미국S&P500(H),케이비자산운용
453330,20260529,20260602,15.0,이익분배,RISE 미국S&P500(H),케이비자산운용
453330,20260630,20260702,16.0,이익분배,RISE 미국S&P500(H),케이비자산운용
453330,20260731,20260804,15.0,이익분배,RISE 미국S&P500(H),케이비자산운용
453330,20260831,20260902,15.0,이익분배,RISE 미국S&P500(H),케이비자산운용
453540,20251016,20251017,55500.891689634205,청산분배,TIGER 25-10 회사채(A+이상)액티브,미래에셋자산운용
453630,20251031,20251104,65.0,이익분배,KODEX 미국S&P500필수소비재,삼성자산운용
453630,20260130,20260203,80.0,이익분배,KODEX 미국S&P500필수소비재,삼성자산운용
453630,20260430,20260506,74.0,이익분배,KODEX 미국S&P500필수소비재,삼성자산운용
453630,20260731,20260804,74.0,이익분배,KODEX 미국S&P500필수소비재,삼성자산운용
453640,20251031,20251104,47.0,이익분배,KODEX 미국S&P500헬스케어,삼성자산운용
453640,20260130,20260203,48.0,이익분배,KODEX 미국S&P500헬스케어,삼성자산운용
453640,20260430,20260506,52.0,이익분배,KODEX 미국S&P500헬스케어,삼성자산운용
453640,20260731,20260804,56.0,이익분배,KODEX 미국S&P500헬스케어,삼성자산운용
453650,20251031,20251104,54.0,이익분배,KODEX 미국S&P500금융,삼성자산운용
453650,20260130,20260203,63.0,이익분배,KODEX 미국S&P500금융,삼성자산운용
453650,20260430,20260506,75.0,이익분배,KODEX 미국S&P500금융,삼성자산운용
453650,20260731,20260804,62.0,이익분배,KODEX 미국S&P500금융,삼성자산운용
453660,20251031,20251104,30.0,이익분배,KODEX 미국S&P500경기소비재,삼성자산운용
453660,20260130,20260203,34.0,이익분배,KODEX 미국S&P500경기소비재,삼성자산운용
453660,20260430,20260506,34.0,이익분배,KODEX 미국S&P500경기소비재,삼성자산운용
453660,20260731,20260804,35.0,이익분배,KODEX 미국S&P500경기소비재,삼성자산운용
453810,20251031,20251104,45.0,이익분배,KODEX 인도Nifty50,삼성자산운용
453810,20260130,20260203,25.0,이익분배,KODEX 인도Nifty50,삼성자산운용
453810,20260430,20260506,27.0,이익분배,KODEX 인도Nifty50,삼성자산운용
453810,20260731,20260804,76.0,이익분배,KODEX 인도Nifty50,삼성자산운용
453820,20251230,20260105,135.0,이익분배,KODEX 인도Nifty50레버리지(합성),삼성자산운용
453850,20250829,20250902,25.0,이익분배,ACE 미국30년국채액티브(H),한국투자신탁운용
453850,20250930,20251002,26.0,이익분배,ACE 미국30년국채액티브(H),한국투자신탁운용
453850,20251031,20251104,28.0,이익분배,ACE 미국30년국채액티브(H),한국투자신탁운용
453850,20251128,20251202,25.0,이익분배,ACE 미국30년국채액티브(H),한국투자신탁운용
453850,20251230,20260105,24.0,이익분배,ACE 미국30년국채액티브(H),한국투자신탁운용
453850,20260130,20260203,23.0,이익분배,ACE 미국30년국채액티브(H),한국투자신탁운용
453850,20260227,20260304,23.0,이익분배,ACE 미국30년국채액티브(H),한국투자신탁운용
453850,20260331,20260402,20.0,이익분배,ACE 미국30년국채액티브(H),한국투자신탁운용
453850,20260430,20260506,25.0,이익분배,ACE 미국30년국채액티브(H),한국투자신탁운용
453850,20260529,20260602,25.0,이익분배,ACE 미국30년국채액티브(H),한국투자신탁운용
453850,20260630,20260702,26.0,이익분배,ACE 미국30년국채액티브(H),한국투자신탁운용
453850,20260731,20260804,26.0,이익분배,ACE 미국30년국채액티브(H),한국투자신탁운용
453850,20260831,20260902,26.0,이익분배,ACE 미국30년국채액티브(H),한국투자신탁운용
453870,20251031,20251104,35.0,이익분배,TIGER 인도니프티50,미래에셋자산운용
453870,20260130,20260203,40.0,이익분배,TIGER 인도니프티50,미래에셋자산운용
453870,20260430,20260506,15.0,이익분배,TIGER 인도니프티50,미래에셋자산운용
453870,20260731,20260804,50.0,이익분배,TIGER 인도니프티50,미래에셋자산운용
453950,20251031,20251104,70.0,이익분배,TIGER TSMC파운드리밸류체인,미래에셋자산운용
453950,20260430,20260506,35.0,이익분배,TIGER TSMC파운드리밸류체인,미래에셋자산운용
454180,20251031,20251104,47.0,이익분배,KIWOOM 차이나내수소비TOP CSI,키움투자자산운용
454180,20260130,20260203,39.0,이익분배,KIWOOM 차이나내수소비TOP CSI,키움투자자산운용
454180,20260430,20260506,29.0,이익분배,KIWOOM 차이나내수소비TOP CSI,키움투자자산운용
454180,20260731,20260804,15.0,이익분배,KIWOOM 차이나내수소비TOP CSI,키움투자자산운용
454320,20260430,20260506,80.0,이익분배,HANARO CAPEX설비투자iSelect,엔에이치아문디자산운용
454780,20251230,20260105,3028.0,이익분배,KIWOOM 종합채권(AA-이상)액티브,키움투자자산운용
455030,20250829,20250902,46.0,이익분배,KODEX 미국달러SOFR금리액티브(합성),삼성자산운용
455030,20250930,20251002,42.0,이익분배,KODEX 미국달러SOFR금리액티브(합성),삼성자산운용
455030,20251031,20251104,42.0,이익분배,KODEX 미국달러SOFR금리액티브(합성),삼성자산운용
455030,20251128,20251202,49.0,이익분배,KODEX 미국달러SOFR금리액티브(합성),삼성자산운용
455030,20251230,20260105,38.0,이익분배,KODEX 미국달러SOFR금리액티브(합성),삼성자산운용
455030,20260130,20260203,46.0,이익분배,KODEX 미국달러SOFR금리액티브(합성),삼성자산운용
455030,20260227,20260304,37.0,이익분배,KODEX 미국달러SOFR금리액티브(합성),삼성자산운용
455030,20260331,20260402,34.0,이익분배,KODEX 미국달러SOFR금리액티브(합성),삼성자산운용
455030,20260430,20260506,37.0,이익분배,KODEX 미국달러SOFR금리액티브(합성),삼성자산운용
455030,20260529,20260602,40.0,이익분배,KODEX 미국달러SOFR금리액티브(합성),삼성자산운용
455030,20260630,20260702,43.0,이익분배,KODEX 미국달러SOFR금리액티브(합성),삼성자산운용
455030,20260731,20260804,43.0,이익분배,KODEX 미국달러SOFR금리액티브(합성),삼성자산운용
455030,20260831,20260902,43.0,이익분배,KODEX 미국달러SOFR금리액티브(합성),삼성자산운용
455660,20250829,20250902,55.0,이익분배,ACE 미국하이일드액티브(H),한국투자신탁운용
455660,20250930,20251002,55.0,이익분배,ACE 미국하이일드액티브(H),한국투자신탁운용
455660,20251031,20251104,53.0,이익분배,ACE 미국하이일드액티브(H),한국투자신탁운용
455660,20251128,20251202,54.0,이익분배,ACE 미국하이일드액티브(H),한국투자신탁운용
455660,20251230,20260105,53.0,이익분배,ACE 미국하이일드액티브(H),한국투자신탁운용
455660,20260130,20260203,54.0,이익분배,ACE 미국하이일드액티브(H),한국투자신탁운용
455660,20260227,20260304,53.0,이익분배,ACE 미국하이일드액티브(H),한국투자신탁운용
455660,20260331,20260402,50.0,이익분배,ACE 미국하이일드액티브(H),한국투자신탁운용
455660,20260430,20260506,54.0,이익분배,ACE 미국하이일드액티브(H),한국투자신탁운용
455660,20260529,20260602,54.0,이익분배,ACE 미국하이일드액티브(H),한국투자신탁운용
455660,20260630,20260702,55.0,이익분배,ACE 미국하이일드액티브(H),한국투자신탁운용
455660,20260731,20260804,55.0,이익분배,ACE 미국하이일드액티브(H),한국투자신탁운용
455660,20260831,20260902,52.0,이익분배,ACE 미국하이일드액티브(H),한국투자신탁운용
455850,20260430,20260504,12.0,이익분배,SOL AI반도체소부장,신한자산운용
455860,20260430,20260504,16.0,이익분배,SOL 2차전지소부장Fn,신한자산운용
455890,20251215,20251217,765.0,이익분배,RISE 머니마켓액티브,케이비자산운용
455960,20251230,20260105,1.0,이익분배,RISE 미국달러SOFR금리액티브(합성),케이비자산운용
456200,20251230,20260105,15.0,이익분배,PLUS 미국달러SOFR금리액티브(합성),한화자산운용
456250,20251031,20251104,25.0,이익분배,KODEX 유럽명품TOP10 STOXX,삼성자산운용
456250,20260130,20260203,16.0,이익분배,KODEX 유럽명품TOP10 STOXX,삼성자산운용
456250,20260430,20260506,5.0,이익분배,KODEX 유럽명품TOP10 STOXX,삼성자산운용
456250,20260731,20260804,75.0,이익분배,KODEX 유럽명품TOP10 STOXX,삼성자산운용
456600,20251230,20260105,27.0,이익분배,TIME 글로벌AI인공지능액티브,타임폴리오자산운용
456610,20251128,20251202,41.0,이익분배,TIGER 미국달러SOFR금리액티브(합성),미래에셋자산운용
456680,20251230,20260105,90.0,이익분배,TIGER 차이나전기차레버리지(합성),미래에셋자산운용
456880,20251230,20260105,1.0,이익분배,ACE 미국달러SOFR금리(합성),한국투자신탁운용
457480,20251230,20260105,365.0,이익분배,ACE 테슬라밸류체인액티브,한국투자신탁운용
457690,20251215,20251217,170.0,이익분배,KODEX 33-06 국고채액티브,삼성자산운용
457700,20251215,20251217,184.0,이익분배,KODEX 53-09 국고채액티브,삼성자산운용
457990,20260430,20260506,190.0,이익분배,PLUS 태양광&ESS,한화자산운용
458030,20251230,20260105,604.0,이익분배,WON 국공채머니마켓액티브,우리자산운용
458210,20251230,20260105,16.0,이익분배,KIWOOM CD금리액티브(합성),키움투자자산운용
458250,20251128,20251202,187.0,이익분배,TIGER 미국30년국채스트립액티브(합성 H),미래에셋자산운용
458260,20250829,20250902,200.0,이익분배,TIGER 미국투자등급회사채액티브(H),미래에셋자산운용
458260,20250930,20251002,215.0,이익분배,TIGER 미국투자등급회사채액티브(H),미래에셋자산운용
458260,20251031,20251104,191.0,이익분배,TIGER 미국투자등급회사채액티브(H),미래에셋자산운용
458260,20251128,20251202,220.0,이익분배,TIGER 미국투자등급회사채액티브(H),미래에셋자산운용
458260,20251230,20260105,180.0,이익분배,TIGER 미국투자등급회사채액티브(H),미래에셋자산운용
458260,20260130,20260203,170.0,이익분배,TIGER 미국투자등급회사채액티브(H),미래에셋자산운용
458260,20260227,20260304,196.0,이익분배,TIGER 미국투자등급회사채액티브(H),미래에셋자산운용
458260,20260331,20260402,224.0,이익분배,TIGER 미국투자등급회사채액티브(H),미래에셋자산운용
458260,20260430,20260506,150.0,이익분배,TIGER 미국투자등급회사채액티브(H),미래에셋자산운용
458260,20260529,20260602,210.0,이익분배,TIGER 미국투자등급회사채액티브(H),미래에셋자산운용
458260,20260630,20260702,175.0,이익분배,TIGER 미국투자등급회사채액티브(H),미래에셋자산운용
458260,20260731,20260804,175.0,이익분배,TIGER 미국투자등급회사채액티브(H),미래에셋자산운용
458260,20260831,20260902,175.0,이익분배,TIGER 미국투자등급회사채액티브(H),미래에셋자산운용
458730,20250829,20250902,35.0,이익분배,TIGER 미국배당다우존스,미래에셋자산운용
458730,20250930,20251002,38.0,이익분배,TIGER 미국배당다우존스,미래에셋자산운용
458730,20251031,20251104,30.0,이익분배,TIGER 미국배당다우존스,미래에셋자산운용
458730,20251128,20251202,38.0,이익분배,TIGER 미국배당다우존스,미래에셋자산운용
458730,20251230,20260105,40.0,이익분배,TIGER 미국배당다우존스,미래에셋자산운용
458730,20260130,20260203,32.0,이익분배,TIGER 미국배당다우존스,미래에셋자산운용
458730,20260227,20260304,38.0,이익분배,TIGER 미국배당다우존스,미래에셋자산운용
458730,20260331,20260402,36.0,이익분배,TIGER 미국배당다우존스,미래에셋자산운용
458730,20260430,20260506,33.0,이익분배,TIGER 미국배당다우존스,미래에셋자산운용
458730,20260529,20260602,36.0,이익분배,TIGER 미국배당다우존스,미래에셋자산운용
458730,20260630,20260702,45.0,이익분배,TIGER 미국배당다우존스,미래에셋자산운용
458730,20260731,20260804,37.0,이익분배,TIGER 미국배당다우존스,미래에셋자산운용
458730,20260831,20260902,30.0,이익분배,TIGER 미국배당다우존스,미래에셋자산운용
458750,20250915,20250917,68.0,이익분배,TIGER 미국배당다우존스타겟커버드콜1호,미래에셋자산운용
458750,20251015,20251017,63.0,이익분배,TIGER 미국배당다우존스타겟커버드콜1호,미래에셋자산운용
458750,20251114,20251118,50.0,이익분배,TIGER 미국배당다우존스타겟커버드콜1호,미래에셋자산운용
458750,20251215,20251217,73.0,이익분배,TIGER 미국배당다우존스타겟커버드콜1호,미래에셋자산운용
458750,20260115,20260119,58.0,이익분배,TIGER 미국배당다우존스타겟커버드콜1호,미래에셋자산운용
458750,20260213,20260220,62.0,이익분배,TIGER 미국배당다우존스타겟커버드콜1호,미래에셋자산운용
458750,20260313,20260317,74.0,이익분배,TIGER 미국배당다우존스타겟커버드콜1호,미래에셋자산운용
458750,20260415,20260417,63.0,이익분배,TIGER 미국배당다우존스타겟커버드콜1호,미래에셋자산운용
458750,20260515,20260519,62.0,이익분배,TIGER 미국배당다우존스타겟커버드콜1호,미래에셋자산운용
458750,20260615,20260617,69.0,이익분배,TIGER 미국배당다우존스타겟커버드콜1호,미래에셋자산운용
458750,20260715,20260720,68.0,이익분배,TIGER 미국배당다우존스타겟커버드콜1호,미래에셋자산운용
458750,20260814,20260819,60.0,이익분배,TIGER 미국배당다우존스타겟커버드콜1호,미래에셋자산운용
458760,20250829,20250902,86.0,이익분배,TIGER 미국배당다우존스타겟커버드콜2호,미래에셋자산운용
458760,20250930,20251002,86.0,이익분배,TIGER 미국배당다우존스타겟커버드콜2호,미래에셋자산운용
458760,20251031,20251104,83.0,이익분배,TIGER 미국배당다우존스타겟커버드콜2호,미래에셋자산운용
458760,20251128,20251202,87.0,이익분배,TIGER 미국배당다우존스타겟커버드콜2호,미래에셋자산운용
458760,20251230,20260105,88.0,이익분배,TIGER 미국배당다우존스타겟커버드콜2호,미래에셋자산운용
458760,20260130,20260203,88.0,이익분배,TIGER 미국배당다우존스타겟커버드콜2호,미래에셋자산운용
458760,20260227,20260304,94.0,이익분배,TIGER 미국배당다우존스타겟커버드콜2호,미래에셋자산운용
458760,20260331,20260402,94.0,이익분배,TIGER 미국배당다우존스타겟커버드콜2호,미래에셋자산운용
458760,20260430,20260506,92.0,이익분배,TIGER 미국배당다우존스타겟커버드콜2호,미래에셋자산운용
458760,20260529,20260602,96.0,이익분배,TIGER 미국배당다우존스타겟커버드콜2호,미래에셋자산운용
458760,20260630,20260702,97.0,이익분배,TIGER 미국배당다우존스타겟커버드콜2호,미래에셋자산운용
458760,20260731,20260804,93.0,이익분배,TIGER 미국배당다우존스타겟커버드콜2호,미래에셋자산운용
458760,20260831,20260902,90.0,이익분배,TIGER 미국배당다우존스타겟커버드콜2호,미래에셋자산운용
459370,20251221,20251222,9633.855955,청산분배,SOL 유럽탄소배출권선물인버스ICE(H),신한자산운용
459560,20251031,20251104,28.0,이익분배,KODEX 테슬라밸류체인FactSet,삼성자산운용
459560,20260130,20260203,55.0,이익분배,KODEX 테슬라밸류체인FactSet,삼성자산운용
459560,20260430,20260506,20.0,이익분배,KODEX 테슬라밸류체인FactSet,삼성자산운용
459560,20260731,20260804,39.0,이익분배,KODEX 테슬라밸류체인FactSet,삼성자산운용
459580,20250829,20250902,2291.0,이익분배,KODEX CD금리액티브(합성),삼성자산운용
459580,20250930,20251002,2355.0,이익분배,KODEX CD금리액티브(합성),삼성자산운용
459580,20251031,20251104,2195.0,이익분배,KODEX CD금리액티브(합성),삼성자산운용
459580,20251128,20251202,2328.0,이익분배,KODEX CD금리액티브(합성),삼성자산운용
459580,20251230,20260105,2461.0,이익분배,KODEX CD금리액티브(합성),삼성자산운용
459580,20260130,20260203,2572.0,이익분배,KODEX CD금리액티브(합성),삼성자산운용
459580,20260227,20260304,2616.0,이익분배,KODEX CD금리액티브(합성),삼성자산운용
459580,20260331,20260402,2308.0,이익분배,KODEX CD금리액티브(합성),삼성자산운용
459580,20260430,20260506,2389.0,이익분배,KODEX CD금리액티브(합성),삼성자산운용
459580,20260529,20260602,2468.0,이익분배,KODEX CD금리액티브(합성),삼성자산운용
459580,20260630,20260702,2663.0,이익분배,KODEX CD금리액티브(합성),삼성자산운용
459580,20260731,20260804,2470.0,이익분배,KODEX CD금리액티브(합성),삼성자산운용
459580,20260831,20260902,2758.0,이익분배,KODEX CD금리액티브(합성),삼성자산운용
459750,20251230,20260105,229.0,이익분배,RISE 글로벌주식분산액티브,케이비자산운용
459750,20260731,20260804,92.0,이익분배,RISE 글로벌주식분산액티브,케이비자산운용
459790,20251230,20260105,80.0,이익분배,KIWOOM 미국성장기업30액티브,키움투자자산운용
460270,20251230,20260105,1.0,이익분배,KIWOOM 미국달러SOFR금리액티브(합성),키움투자자산운용
460280,20260329,20260330,13426.24718,청산분배,KIWOOM Fn유전자혁신기술,키움투자자산운용
460660,20250829,20250902,27.0,이익분배,RISE 미국S&P배당킹,케이비자산운용
460660,20250930,20251002,27.0,이익분배,RISE 미국S&P배당킹,케이비자산운용
460660,20251031,20251104,28.0,이익분배,RISE 미국S&P배당킹,케이비자산운용
460660,20251128,20251202,28.0,이익분배,RISE 미국S&P배당킹,케이비자산운용
460660,20251230,20260105,28.0,이익분배,RISE 미국S&P배당킹,케이비자산운용
460660,20260130,20260203,28.0,이익분배,RISE 미국S&P배당킹,케이비자산운용
460660,20260227,20260304,30.0,이익분배,RISE 미국S&P배당킹,케이비자산운용
460660,20260331,20260402,29.0,이익분배,RISE 미국S&P배당킹,케이비자산운용
460660,20260430,20260506,29.0,이익분배,RISE 미국S&P배당킹,케이비자산운용
460660,20260529,20260602,29.0,이익분배,RISE 미국S&P배당킹,케이비자산운용
460660,20260630,20260702,31.0,이익분배,RISE 미국S&P배당킹,케이비자산운용
460660,20260731,20260804,30.0,이익분배,RISE 미국S&P배당킹,케이비자산운용
460660,20260831,20260902,29.0,이익분배,RISE 미국S&P배당킹,케이비자산운용
460960,20250829,20250902,62.0,이익분배,ACE 글로벌인컴TOP10,한국투자신탁운용
460960,20250930,20251002,62.0,이익분배,ACE 글로벌인컴TOP10,한국투자신탁운용
460960,20251031,20251104,63.0,이익분배,ACE 글로벌인컴TOP10,한국투자신탁운용
460960,20251128,20251202,60.0,이익분배,ACE 글로벌인컴TOP10,한국투자신탁운용
460960,20251230,20260105,113.0,이익분배,ACE 글로벌인컴TOP10,한국투자신탁운용
460960,20260130,20260203,64.0,이익분배,ACE 글로벌인컴TOP10,한국투자신탁운용
460960,20260227,20260304,64.0,이익분배,ACE 글로벌인컴TOP10,한국투자신탁운용
460960,20260331,20260402,71.0,이익분배,ACE 글로벌인컴TOP10,한국투자신탁운용
460960,20260430,20260506,72.0,이익분배,ACE 글로벌인컴TOP10,한국투자신탁운용
460960,20260529,20260602,73.0,이익분배,ACE 글로벌인컴TOP10,한국투자신탁운용
460960,20260630,20260702,74.0,이익분배,ACE 글로벌인컴TOP10,한국투자신탁운용
460960,20260731,20260804,70.0,이익분배,ACE 글로벌인컴TOP10,한국투자신탁운용
460960,20260831,20260902,67.0,이익분배,ACE 글로벌인컴TOP10,한국투자신탁운용
461270,20251128,20251202,167.0,이익분배,ACE 26-06 회사채(AA-이상)액티브,한국투자신탁운용
461270,20260628,20260629,11228.48961539039,청산분배,ACE 26-06 회사채(AA-이상)액티브,한국투자신탁운용
461340,20251031,20251104,24.0,이익분배,HANARO 글로벌생성형AI액티브,엔에이치아문디자산운용
461340,20260130,20260203,12.0,이익분배,HANARO 글로벌생성형AI액티브,엔에이치아문디자산운용
461340,20260430,20260506,17.0,이익분배,HANARO 글로벌생성형AI액티브,엔에이치아문디자산운용
461450,20260430,20260506,37.0,이익분배,KODEX 코스닥글로벌,삼성자산운용
461460,20251215,20251217,681.0,이익분배,PLUS 국고채10년액티브,한화자산운용
461490,20251230,20260105,100.0,이익분배,RISE 글로벌자산배분액티브,케이비자산운용
461490,20260430,20260506,13.0,이익분배,RISE 글로벌자산배분액티브,케이비자산운용
461500,20251031,20251104,3500.0,이익분배,HANARO 종합채권(AA-이상)액티브,엔에이치아문디자산운용
461580,20260430,20260506,20.0,이익분배,TIGER 코스닥글로벌,미래에셋자산운용
461600,20251128,20251201,204.0,이익분배,SOL 미국30년국채액티브(H),신한자산운용
461900,20260430,20260506,15.0,이익분배,PLUS 미국테크TOP10,한화자산운용
461910,20251230,20260105,350.0,이익분배,PLUS 미국테크TOP10레버리지(합성),한화자산운용
461950,20260430,20260506,10.0,이익분배,KODEX 2차전지핵심소재10,삼성자산운용
461950,20260731,20260804,9.0,이익분배,KODEX 2차전지핵심소재10,삼성자산운용
462010,20260430,20260506,10.0,이익분배,TIGER 2차전지소재Fn,미래에셋자산운용
462540,20250910,20250911,54736.30717207207,청산분배,SOL 25-09 회사채(AA-이상)액티브,신한자산운용
463250,20260430,20260506,55.0,이익분배,TIGER K방산&우주,미래에셋자산운용
463290,20251230,20260102,1819.0,이익분배,1Q 단기금융채액티브,하나자산운용
463300,20251230,20260105,204.0,이익분배,RISE 중국본토CSI300,케이비자산운용
463300,20260731,20260804,114.0,이익분배,RISE 중국본토CSI300,케이비자산운용
463640,20251031,20251104,81.0,이익분배,KODEX 미국S&P500유틸리티,삼성자산운용
463640,20260130,20260203,90.0,이익분배,KODEX 미국S&P500유틸리티,삼성자산운용
463640,20260430,20260506,87.0,이익분배,KODEX 미국S&P500유틸리티,삼성자산운용
463640,20260731,20260804,90.0,이익분배,KODEX 미국S&P500유틸리티,삼성자산운용
463680,20251031,20251104,23.0,이익분배,KODEX 미국S&P500테크놀로지,삼성자산운용
463680,20260130,20260203,30.0,이익분배,KODEX 미국S&P500테크놀로지,삼성자산운용
463680,20260430,20260506,26.0,이익분배,KODEX 미국S&P500테크놀로지,삼성자산운용
463680,20260731,20260804,23.0,이익분배,KODEX 미국S&P500테크놀로지,삼성자산운용
463690,20251031,20251104,37.0,이익분배,KODEX 미국S&P500커뮤니케이션,삼성자산운용
463690,20260130,20260203,40.0,이익분배,KODEX 미국S&P500커뮤니케이션,삼성자산운용
463690,20260430,20260506,45.0,이익분배,KODEX 미국S&P500커뮤니케이션,삼성자산운용
463690,20260731,20260804,45.0,이익분배,KODEX 미국S&P500커뮤니케이션,삼성자산운용
464060,20251106,20251107,26137.524028571428,청산분배,HANARO 글로벌반도체TOP10 SOLACTIVE,엔에이치아문디자산운용
464240,20250909,20250912,443.0,이익분배,KIWOOM 26-09회사채(AA-이상)액티브,키움투자자산운용
464240,20251209,20251212,475.0,이익분배,KIWOOM 26-09회사채(AA-이상)액티브,키움투자자산운용
464240,20260309,20260312,470.0,이익분배,KIWOOM 26-09회사채(AA-이상)액티브,키움투자자산운용
464240,20260609,20260612,453.0,이익분배,KIWOOM 26-09회사채(AA-이상)액티브,키움투자자산운용
464310,20251230,20260105,89.0,이익분배,TIGER 글로벌AI&로보틱스 INDXX,미래에셋자산운용
464470,20250829,20250902,100.0,이익분배,PLUS 미국채30년액티브,한화자산운용
464470,20250930,20251002,98.0,이익분배,PLUS 미국채30년액티브,한화자산운용
464470,20251031,20251104,110.0,이익분배,PLUS 미국채30년액티브,한화자산운용
464470,20251128,20251202,110.0,이익분배,PLUS 미국채30년액티브,한화자산운용
464470,20251230,20260105,108.0,이익분배,PLUS 미국채30년액티브,한화자산운용
464470,20260130,20260203,107.0,이익분배,PLUS 미국채30년액티브,한화자산운용
464470,20260227,20260304,108.0,이익분배,PLUS 미국채30년액티브,한화자산운용
464470,20260331,20260402,108.0,이익분배,PLUS 미국채30년액티브,한화자산운용
464470,20260430,20260506,108.0,이익분배,PLUS 미국채30년액티브,한화자산운용
464470,20260529,20260602,106.0,이익분배,PLUS 미국채30년액티브,한화자산운용
464470,20260630,20260702,109.0,이익분배,PLUS 미국채30년액티브,한화자산운용
464470,20260731,20260804,100.0,이익분배,PLUS 미국채30년액티브,한화자산운용
464470,20260831,20260902,93.0,이익분배,PLUS 미국채30년액티브,한화자산운용
464600,20260430,20260504,135.0,이익분배,SOL 자동차소부장Fn,신한자산운용
464610,20260430,20260504,12.0,이익분배,SOL 의료기기소부장Fn,신한자산운용
464920,20260430,20260506,215.0,이익분배,PLUS 일본반도체소부장,한화자산운용
464930,20251230,20260105,150.0,이익분배,TIGER 글로벌혁신블루칩TOP10,미래에셋자산운용
465330,20260430,20260506,11.0,이익분배,RISE 2차전지TOP10,케이비자산운용
465350,20251230,20260105,360.0,이익분배,RISE 2차전지TOP10인버스(합성),케이비자산운용
465580,20251230,20260105,54.0,이익분배,ACE 미국빅테크TOP7 Plus,한국투자신탁운용
465610,20251230,20260105,470.0,이익분배,ACE 미국빅테크TOP7 Plus레버리지(합성),한국투자신탁운용
465620,20251230,20260105,188.0,이익분배,ACE 미국빅테크TOP7 Plus인버스(합성),한국투자신탁운용
465660,20251031,20251104,15.0,이익분배,TIGER 일본반도체FACTSET,미래에셋자산운용
465660,20260130,20260203,100.0,이익분배,TIGER 일본반도체FACTSET,미래에셋자산운용
465660,20260430,20260506,80.0,이익분배,TIGER 일본반도체FACTSET,미래에셋자산운용
465660,20260731,20260804,25.0,이익분배,TIGER 일본반도체FACTSET,미래에셋자산운용
465670,20250829,20250902,25.0,이익분배,TIGER 미국캐시카우100,미래에셋자산운용
465670,20250930,20251002,30.0,이익분배,TIGER 미국캐시카우100,미래에셋자산운용
465670,20251031,20251104,15.0,이익분배,TIGER 미국캐시카우100,미래에셋자산운용
465670,20251128,20251202,26.0,이익분배,TIGER 미국캐시카우100,미래에셋자산운용
465670,20251230,20260105,35.0,이익분배,TIGER 미국캐시카우100,미래에셋자산운용
465670,20260130,20260203,16.0,이익분배,TIGER 미국캐시카우100,미래에셋자산운용
465670,20260227,20260304,21.0,이익분배,TIGER 미국캐시카우100,미래에셋자산운용
465670,20260331,20260402,12.0,이익분배,TIGER 미국캐시카우100,미래에셋자산운용
465670,20260430,20260506,16.0,이익분배,TIGER 미국캐시카우100,미래에셋자산운용
465670,20260529,20260602,17.0,이익분배,TIGER 미국캐시카우100,미래에셋자산운용
465670,20260630,20260702,25.0,이익분배,TIGER 미국캐시카우100,미래에셋자산운용
465670,20260731,20260804,18.0,이익분배,TIGER 미국캐시카우100,미래에셋자산운용
465670,20260831,20260902,17.0,이익분배,TIGER 미국캐시카우100,미래에셋자산운용
465780,20251230,20260105,2940.0,이익분배,마이티 26-09 특수채(AAA)액티브,DB자산운용
466400,20250828,20250829,109389.75378181819,청산분배,1Q 25-08 회사채(A+이상)액티브,하나자산운용
466920,20260430,20260504,52.0,이익분배,SOL 조선TOP3플러스,신한자산운용
466930,20260430,20260504,392.0,이익분배,SOL 자동차TOP3플러스,신한자산운용
466940,20250829,20250902,70.0,이익분배,TIGER 은행고배당플러스TOP10,미래에셋자산운용
466940,20250930,20251002,72.0,이익분배,TIGER 은행고배당플러스TOP10,미래에셋자산운용
466940,20251031,20251104,72.0,이익분배,TIGER 은행고배당플러스TOP10,미래에셋자산운용
466940,20251128,20251202,72.0,이익분배,TIGER 은행고배당플러스TOP10,미래에셋자산운용
466940,20251230,20260105,72.0,이익분배,TIGER 은행고배당플러스TOP10,미래에셋자산운용
466940,20260130,20260203,73.0,이익분배,TIGER 은행고배당플러스TOP10,미래에셋자산운용
466940,20260227,20260304,87.0,이익분배,TIGER 은행고배당플러스TOP10,미래에셋자산운용
466940,20260331,20260402,87.0,이익분배,TIGER 은행고배당플러스TOP10,미래에셋자산운용
466940,20260430,20260506,87.0,이익분배,TIGER 은행고배당플러스TOP10,미래에셋자산운용
466940,20260529,20260602,87.0,이익분배,TIGER 은행고배당플러스TOP10,미래에셋자산운용
466940,20260630,20260702,87.0,이익분배,TIGER 은행고배당플러스TOP10,미래에셋자산운용
466940,20260731,20260804,100.0,이익분배,TIGER 은행고배당플러스TOP10,미래에셋자산운용
466940,20260831,20260902,100.0,이익분배,TIGER 은행고배당플러스TOP10,미래에셋자산운용
466950,20251230,20260105,50.0,이익분배,TIGER 글로벌AI액티브,미래에셋자산운용
467620,20250909,20250912,226.0,이익분배,KIWOOM 25-09 미국채권(AA-이상)액티브,키움투자자산운용
467620,20250929,20250930,54893.606758333335,청산분배,KIWOOM 25-09 미국채권(AA-이상)액티브,키움투자자산운용
467940,20251117,20251118,11000.349330392157,청산분배,KODEX 25-11 회사채(A+이상)액티브,삼성자산운용
468370,20250829,20250902,25.0,이익분배,KODEX iShares미국인플레이션국채액티브,삼성자산운용
468370,20250930,20251002,39.0,이익분배,KODEX iShares미국인플레이션국채액티브,삼성자산운용
468370,20251031,20251104,17.0,이익분배,KODEX iShares미국인플레이션국채액티브,삼성자산운용
468370,20251128,20251202,38.0,이익분배,KODEX iShares미국인플레이션국채액티브,삼성자산운용
468370,20251230,20260105,32.0,이익분배,KODEX iShares미국인플레이션국채액티브,삼성자산운용
468370,20260130,20260203,31.0,이익분배,KODEX iShares미국인플레이션국채액티브,삼성자산운용
468370,20260529,20260602,47.0,이익분배,KODEX iShares미국인플레이션국채액티브,삼성자산운용
468370,20260630,20260702,115.0,이익분배,KODEX iShares미국인플레이션국채액티브,삼성자산운용
468370,20260731,20260804,98.0,이익분배,KODEX iShares미국인플레이션국채액티브,삼성자산운용
468370,20260831,20260902,66.0,이익분배,KODEX iShares미국인플레이션국채액티브,삼성자산운용
468380,20250829,20250902,60.0,이익분배,KODEX iShares미국하이일드액티브,삼성자산운용
468380,20250930,20251002,62.0,이익분배,KODEX iShares미국하이일드액티브,삼성자산운용
468380,20251031,20251104,62.0,이익분배,KODEX iShares미국하이일드액티브,삼성자산운용
468380,20251128,20251202,63.0,이익분배,KODEX iShares미국하이일드액티브,삼성자산운용
468380,20251230,20260105,68.0,이익분배,KODEX iShares미국하이일드액티브,삼성자산운용
468380,20260130,20260203,73.0,이익분배,KODEX iShares미국하이일드액티브,삼성자산운용
468380,20260227,20260304,64.0,이익분배,KODEX iShares미국하이일드액티브,삼성자산운용
468380,20260331,20260402,59.0,이익분배,KODEX iShares미국하이일드액티브,삼성자산운용
468380,20260430,20260506,71.0,이익분배,KODEX iShares미국하이일드액티브,삼성자산운용
468380,20260529,20260602,61.0,이익분배,KODEX iShares미국하이일드액티브,삼성자산운용
468380,20260630,20260702,65.0,이익분배,KODEX iShares미국하이일드액티브,삼성자산운용
468380,20260731,20260804,65.0,이익분배,KODEX iShares미국하이일드액티브,삼성자산운용
468380,20260831,20260902,63.0,이익분배,KODEX iShares미국하이일드액티브,삼성자산운용
468630,20250829,20250902,42.0,이익분배,KODEX iShares미국투자등급회사채액티브,삼성자산운용
468630,20250930,20251002,37.0,이익분배,KODEX iShares미국투자등급회사채액티브,삼성자산운용
468630,20251031,20251104,39.0,이익분배,KODEX iShares미국투자등급회사채액티브,삼성자산운용
468630,20251128,20251202,40.0,이익분배,KODEX iShares미국투자등급회사채액티브,삼성자산운용
468630,20251230,20260105,39.0,이익분배,KODEX iShares미국투자등급회사채액티브,삼성자산운용
468630,20260130,20260203,49.0,이익분배,KODEX iShares미국투자등급회사채액티브,삼성자산운용
468630,20260227,20260304,40.0,이익분배,KODEX iShares미국투자등급회사채액티브,삼성자산운용
468630,20260331,20260402,39.0,이익분배,KODEX iShares미국투자등급회사채액티브,삼성자산운용
468630,20260430,20260506,46.0,이익분배,KODEX iShares미국투자등급회사채액티브,삼성자산운용
468630,20260529,20260602,42.0,이익분배,KODEX iShares미국투자등급회사채액티브,삼성자산운용
468630,20260630,20260702,43.0,이익분배,KODEX iShares미국투자등급회사채액티브,삼성자산운용
468630,20260731,20260804,40.0,이익분배,KODEX iShares미국투자등급회사채액티브,삼성자산운용
468630,20260831,20260902,44.0,이익분배,KODEX iShares미국투자등급회사채액티브,삼성자산운용
468820,20250929,20250930,55168.733789356986,청산분배,WON 25-09 회사채(AA-이상)액티브,우리자산운용
469050,20251031,20251104,30.0,이익분배,RISE 미국반도체NYSE(H),케이비자산운용
469050,20260130,20260203,31.0,이익분배,RISE 미국반도체NYSE(H),케이비자산운용
469050,20260430,20260506,37.0,이익분배,RISE 미국반도체NYSE(H),케이비자산운용
469050,20260731,20260804,42.0,이익분배,RISE 미국반도체NYSE(H),케이비자산운용
469060,20251031,20251104,30.0,이익분배,RISE 미국반도체NYSE,케이비자산운용
469060,20260130,20260203,40.0,이익분배,RISE 미국반도체NYSE,케이비자산운용
469060,20260430,20260506,43.0,이익분배,RISE 미국반도체NYSE,케이비자산운용
469060,20260731,20260804,44.0,이익분배,RISE 미국반도체NYSE,케이비자산운용
469070,20260430,20260506,10.0,이익분배,RISE AI&로봇,케이비자산운용
469150,20260430,20260506,120.0,이익분배,ACE AI반도체TOP3+,한국투자신탁운용
469160,20251230,20260105,231.0,이익분배,ACE 일본반도체,한국투자신탁운용
469170,20251031,20251104,10.0,이익분배,ACE 포스코그룹포커스,한국투자신탁운용
469170,20260130,20260203,13.0,이익분배,ACE 포스코그룹포커스,한국투자신탁운용
469170,20260430,20260506,40.0,이익분배,ACE 포스코그룹포커스,한국투자신탁운용
469170,20260731,20260804,8.0,이익분배,ACE 포스코그룹포커스,한국투자신탁운용
469790,20251031,20251104,20.0,이익분배,KIWOOM 코리아테크TOP10,키움투자자산운용
469790,20260130,20260203,40.0,이익분배,KIWOOM 코리아테크TOP10,키움투자자산운용
469790,20260430,20260506,80.0,이익분배,KIWOOM 코리아테크TOP10,키움투자자산운용
469790,20260731,20260804,40.0,이익분배,KIWOOM 코리아테크TOP10,키움투자자산운용
469830,20251215,20251216,850.0,이익분배,SOL 초단기채권액티브,신한자산운용
471230,20251215,20251217,1613.0,이익분배,KODEX 국고채10년액티브,삼성자산운용
471460,20250829,20250902,114.0,이익분배,KIWOOM 국고채30년액티브,키움투자자산운용
471460,20250930,20251002,109.0,이익분배,KIWOOM 국고채30년액티브,키움투자자산운용
471460,20251031,20251104,109.0,이익분배,KIWOOM 국고채30년액티브,키움투자자산운용
471460,20251128,20251202,109.0,이익분배,KIWOOM 국고채30년액티브,키움투자자산운용
471460,20251230,20260105,109.0,이익분배,KIWOOM 국고채30년액티브,키움투자자산운용
471460,20260130,20260203,109.0,이익분배,KIWOOM 국고채30년액티브,키움투자자산운용
471460,20260227,20260304,109.0,이익분배,KIWOOM 국고채30년액티브,키움투자자산운용
471460,20260331,20260402,127.0,이익분배,KIWOOM 국고채30년액티브,키움투자자산운용
471460,20260430,20260506,127.0,이익분배,KIWOOM 국고채30년액티브,키움투자자산운용
471460,20260529,20260602,127.0,이익분배,KIWOOM 국고채30년액티브,키움투자자산운용
471460,20260630,20260702,127.0,이익분배,KIWOOM 국고채30년액티브,키움투자자산운용
471460,20260731,20260804,127.0,이익분배,KIWOOM 국고채30년액티브,키움투자자산운용
471460,20260831,20260902,127.0,이익분배,KIWOOM 국고채30년액티브,키움투자자산운용
471760,20260430,20260506,5.0,이익분배,TIGER AI반도체핵심공정,미래에셋자산운용
471780,20260430,20260506,5.0,이익분배,TIGER 코리아테크액티브,미래에셋자산운용
471990,20260430,20260506,24.0,이익분배,KODEX AI반도체핵심장비,삼성자산운용
471990,20260731,20260804,5.0,이익분배,KODEX AI반도체핵심장비,삼성자산운용
472150,20250829,20250902,230.0,이익분배,TIGER 배당커버드콜액티브,미래에셋자산운용
472150,20250930,20251002,249.0,이익분배,TIGER 배당커버드콜액티브,미래에셋자산운용
472150,20251031,20251104,273.0,이익분배,TIGER 배당커버드콜액티브,미래에셋자산운용
472150,20251128,20251202,255.0,이익분배,TIGER 배당커버드콜액티브,미래에셋자산운용
472150,20251230,20260105,270.0,이익분배,TIGER 배당커버드콜액티브,미래에셋자산운용
472150,20260130,20260203,320.0,이익분배,TIGER 배당커버드콜액티브,미래에셋자산운용
472150,20260227,20260304,375.0,이익분배,TIGER 배당커버드콜액티브,미래에셋자산운용
472150,20260331,20260402,350.0,이익분배,TIGER 배당커버드콜액티브,미래에셋자산운용
472150,20260430,20260506,415.0,이익분배,TIGER 배당커버드콜액티브,미래에셋자산운용
472150,20260529,20260602,510.0,이익분배,TIGER 배당커버드콜액티브,미래에셋자산운용
472150,20260630,20260702,580.0,이익분배,TIGER 배당커버드콜액티브,미래에셋자산운용
472150,20260731,20260804,375.0,이익분배,TIGER 배당커버드콜액티브,미래에셋자산운용
472150,20260831,20260902,413.0,이익분배,TIGER 배당커버드콜액티브,미래에셋자산운용
472160,20251230,20260105,45.0,이익분배,TIGER 미국테크TOP10 INDXX(H),미래에셋자산운용
472170,20251128,20251202,51.0,이익분배,TIGER 미국테크TOP10채권혼합,미래에셋자산운용
472350,20251230,20260102,53.0,이익분배,1Q 차이나H(H),하나자산운용
472350,20260305,20260306,16593.95199,청산분배,1Q 차이나H(H),하나자산운용
472720,20251230,20260102,381.0,이익분배,TRUSTON 주주가치액티브,트러스톤자산운용
472830,20250829,20250902,97.0,이익분배,RISE 미국30년국채커버드콜(합성),케이비자산운용
472830,20250930,20251002,100.0,이익분배,RISE 미국30년국채커버드콜(합성),케이비자산운용
472830,20251031,20251104,86.0,이익분배,RISE 미국30년국채커버드콜(합성),케이비자산운용
472830,20251128,20251202,80.0,이익분배,RISE 미국30년국채커버드콜(합성),케이비자산운용
472830,20251230,20260105,80.0,이익분배,RISE 미국30년국채커버드콜(합성),케이비자산운용
472830,20260130,20260203,80.0,이익분배,RISE 미국30년국채커버드콜(합성),케이비자산운용
472830,20260227,20260304,72.0,이익분배,RISE 미국30년국채커버드콜(합성),케이비자산운용
472830,20260331,20260402,70.0,이익분배,RISE 미국30년국채커버드콜(합성),케이비자산운용
472830,20260430,20260506,68.0,이익분배,RISE 미국30년국채커버드콜(합성),케이비자산운용
472830,20260529,20260602,67.0,이익분배,RISE 미국30년국채커버드콜(합성),케이비자산운용
472830,20260630,20260702,65.0,이익분배,RISE 미국30년국채커버드콜(합성),케이비자산운용
472830,20260731,20260804,64.0,이익분배,RISE 미국30년국채커버드콜(합성),케이비자산운용
472830,20260831,20260902,54.0,이익분배,RISE 미국30년국채커버드콜(합성),케이비자산운용
472840,20251031,20251104,151.0,이익분배,IBK 200,아이비케이자산운용
472840,20260130,20260203,110.0,이익분배,IBK 200,아이비케이자산운용
472840,20260430,20260506,512.0,이익분배,IBK 200,아이비케이자산운용
472840,20260731,20260804,114.0,이익분배,IBK 200,아이비케이자산운용
472870,20250829,20250902,21.0,이익분배,RISE 미국30년국채엔화노출(합성 H),케이비자산운용
472870,20250930,20251002,20.0,이익분배,RISE 미국30년국채엔화노출(합성 H),케이비자산운용
472870,20251031,20251104,22.0,이익분배,RISE 미국30년국채엔화노출(합성 H),케이비자산운용
472870,20251128,20251202,21.0,이익분배,RISE 미국30년국채엔화노출(합성 H),케이비자산운용
472870,20251230,20260105,21.0,이익분배,RISE 미국30년국채엔화노출(합성 H),케이비자산운용
472870,20260130,20260203,20.0,이익분배,RISE 미국30년국채엔화노출(합성 H),케이비자산운용
472870,20260227,20260304,20.0,이익분배,RISE 미국30년국채엔화노출(합성 H),케이비자산운용
472870,20260331,20260402,20.0,이익분배,RISE 미국30년국채엔화노출(합성 H),케이비자산운용
472870,20260430,20260506,19.0,이익분배,RISE 미국30년국채엔화노출(합성 H),케이비자산운용
472870,20260529,20260602,20.0,이익분배,RISE 미국30년국채엔화노출(합성 H),케이비자산운용
472870,20260630,20260702,20.0,이익분배,RISE 미국30년국채엔화노출(합성 H),케이비자산운용
472870,20260731,20260804,18.0,이익분배,RISE 미국30년국채엔화노출(합성 H),케이비자산운용
472870,20260831,20260902,17.0,이익분배,RISE 미국30년국채엔화노출(합성 H),케이비자산운용
472920,20251230,20260105,7368.0,이익분배,HK 종합채권(AA-이상)액티브,흥국자산운용
473290,20251215,20251217,195.0,이익분배,KODEX 26-12 회사채(AA-이상)액티브,삼성자산운용
473330,20250829,20250901,85.0,이익분배,SOL 미국30년국채커버드콜(합성),신한자산운용
473330,20250930,20251001,85.0,이익분배,SOL 미국30년국채커버드콜(합성),신한자산운용
473330,20251031,20251103,80.0,이익분배,SOL 미국30년국채커버드콜(합성),신한자산운용
473330,20251128,20251201,130.0,이익분배,SOL 미국30년국채커버드콜(합성),신한자산운용
473330,20251230,20260102,115.0,이익분배,SOL 미국30년국채커버드콜(합성),신한자산운용
473330,20260130,20260202,75.0,이익분배,SOL 미국30년국채커버드콜(합성),신한자산운용
473330,20260227,20260303,75.0,이익분배,SOL 미국30년국채커버드콜(합성),신한자산운용
473330,20260331,20260401,77.0,이익분배,SOL 미국30년국채커버드콜(합성),신한자산운용
473330,20260430,20260504,95.0,이익분배,SOL 미국30년국채커버드콜(합성),신한자산운용
473330,20260529,20260601,75.0,이익분배,SOL 미국30년국채커버드콜(합성),신한자산운용
473330,20260630,20260701,85.0,이익분배,SOL 미국30년국채커버드콜(합성),신한자산운용
473330,20260731,20260803,65.0,이익분배,SOL 미국30년국채커버드콜(합성),신한자산운용
473330,20260831,20260901,60.0,이익분배,SOL 미국30년국채커버드콜(합성),신한자산운용
473440,20251128,20251202,167.0,이익분배,ACE 11월만기자동연장회사채AA-이상액티브,한국투자신탁운용
473460,20251031,20251104,12.0,이익분배,KODEX 미국서학개미,삼성자산운용
473460,20260130,20260203,13.0,이익분배,KODEX 미국서학개미,삼성자산운용
473460,20260430,20260506,12.0,이익분배,KODEX 미국서학개미,삼성자산운용
473460,20260731,20260804,15.0,이익분배,KODEX 미국서학개미,삼성자산운용
473490,20251031,20251104,33.0,이익분배,KIWOOM 글로벌AI반도체,키움투자자산운용
473490,20260130,20260203,13.0,이익분배,KIWOOM 글로벌AI반도체,키움투자자산운용
473490,20260430,20260506,13.0,이익분배,KIWOOM 글로벌AI반도체,키움투자자산운용
473490,20260731,20260804,45.0,이익분배,KIWOOM 글로벌AI반도체,키움투자자산운용
473590,20251230,20260105,24.0,이익분배,ACE 미국주식베스트셀러,한국투자신탁운용
473640,20260130,20260203,80.0,이익분배,HANARO 글로벌금채굴기업,엔에이치아문디자산운용
474220,20250915,20250917,122.0,이익분배,TIGER 미국테크TOP10타겟커버드콜,미래에셋자산운용
474220,20251015,20251017,126.0,이익분배,TIGER 미국테크TOP10타겟커버드콜,미래에셋자산운용
474220,20251114,20251118,137.0,이익분배,TIGER 미국테크TOP10타겟커버드콜,미래에셋자산운용
474220,20251215,20251217,136.0,이익분배,TIGER 미국테크TOP10타겟커버드콜,미래에셋자산운용
474220,20260115,20260119,134.0,이익분배,TIGER 미국테크TOP10타겟커버드콜,미래에셋자산운용
474220,20260213,20260220,129.0,이익분배,TIGER 미국테크TOP10타겟커버드콜,미래에셋자산운용
474220,20260313,20260317,126.0,이익분배,TIGER 미국테크TOP10타겟커버드콜,미래에셋자산운용
474220,20260415,20260417,126.0,이익분배,TIGER 미국테크TOP10타겟커버드콜,미래에셋자산운용
474220,20260515,20260519,138.0,이익분배,TIGER 미국테크TOP10타겟커버드콜,미래에셋자산운용
474220,20260615,20260617,133.0,이익분배,TIGER 미국테크TOP10타겟커버드콜,미래에셋자산운용
474220,20260715,20260720,132.0,이익분배,TIGER 미국테크TOP10타겟커버드콜,미래에셋자산운용
474220,20260814,20260819,130.0,이익분배,TIGER 미국테크TOP10타겟커버드콜,미래에셋자산운용
474390,20251215,20251216,915.0,이익분배,SOL 국고채30년액티브,신한자산운용
474800,20251031,20251104,75.0,이익분배,KIWOOM 미국원유에너지기업,키움투자자산운용
474800,20260130,20260203,41.0,이익분배,KIWOOM 미국원유에너지기업,키움투자자산운용
474800,20260430,20260506,85.0,이익분배,KIWOOM 미국원유에너지기업,키움투자자산운용
474800,20260731,20260804,70.0,이익분배,KIWOOM 미국원유에너지기업,키움투자자산운용
475050,20260430,20260506,60.0,이익분배,ACE KPOP포커스,한국투자신탁운용
475080,20250829,20250902,108.0,이익분배,KODEX 테슬라커버드콜채권혼합액티브,삼성자산운용
475080,20250930,20251002,113.0,이익분배,KODEX 테슬라커버드콜채권혼합액티브,삼성자산운용
475080,20251031,20251104,116.0,이익분배,KODEX 테슬라커버드콜채권혼합액티브,삼성자산운용
475080,20251128,20251202,114.0,이익분배,KODEX 테슬라커버드콜채권혼합액티브,삼성자산운용
475080,20251230,20260105,116.0,이익분배,KODEX 테슬라커버드콜채권혼합액티브,삼성자산운용
475080,20260130,20260203,112.0,이익분배,KODEX 테슬라커버드콜채권혼합액티브,삼성자산운용
475080,20260227,20260304,108.0,이익분배,KODEX 테슬라커버드콜채권혼합액티브,삼성자산운용
475080,20260331,20260402,108.0,이익분배,KODEX 테슬라커버드콜채권혼합액티브,삼성자산운용
475080,20260430,20260506,107.0,이익분배,KODEX 테슬라커버드콜채권혼합액티브,삼성자산운용
475080,20260529,20260602,109.0,이익분배,KODEX 테슬라커버드콜채권혼합액티브,삼성자산운용
475080,20260630,20260702,105.0,이익분배,KODEX 테슬라커버드콜채권혼합액티브,삼성자산운용
475080,20260731,20260804,79.0,이익분배,KODEX 테슬라커버드콜채권혼합액티브,삼성자산운용
475080,20260831,20260902,99.0,이익분배,KODEX 테슬라커버드콜채권혼합액티브,삼성자산운용
475260,20251128,20251202,135.0,이익분배,ACE 2월만기자동연장회사채AA-이상액티브,한국투자신탁운용
475270,20251128,20251202,123.0,이익분배,ACE 5월만기자동연장회사채AA-이상액티브,한국투자신탁운용
475280,20251128,20251202,128.0,이익분배,ACE 8월만기자동연장회사채AA-이상액티브,한국투자신탁운용
475300,20260430,20260504,40.0,이익분배,SOL 반도체전공정,신한자산운용
475310,20260430,20260504,5.0,이익분배,SOL 반도체후공정,신한자산운용
475350,20251230,20260105,152.0,이익분배,RISE 버크셔포트폴리오TOP10,케이비자산운용
475350,20260731,20260804,85.0,이익분배,RISE 버크셔포트폴리오TOP10,케이비자산운용
475380,20250829,20250902,33.0,이익분배,RISE 글로벌리얼티인컴,케이비자산운용
475380,20250930,20251002,33.0,이익분배,RISE 글로벌리얼티인컴,케이비자산운용
475380,20251031,20251104,34.0,이익분배,RISE 글로벌리얼티인컴,케이비자산운용
475380,20251128,20251202,34.0,이익분배,RISE 글로벌리얼티인컴,케이비자산운용
475380,20251230,20260105,34.0,이익분배,RISE 글로벌리얼티인컴,케이비자산운용
475380,20260130,20260203,31.0,이익분배,RISE 글로벌리얼티인컴,케이비자산운용
475380,20260227,20260304,31.0,이익분배,RISE 글로벌리얼티인컴,케이비자산운용
475380,20260331,20260402,33.0,이익분배,RISE 글로벌리얼티인컴,케이비자산운용
475380,20260430,20260506,35.0,이익분배,RISE 글로벌리얼티인컴,케이비자산운용
475380,20260529,20260602,35.0,이익분배,RISE 글로벌리얼티인컴,케이비자산운용
475380,20260630,20260702,35.0,이익분배,RISE 글로벌리얼티인컴,케이비자산운용
475380,20260731,20260804,33.0,이익분배,RISE 글로벌리얼티인컴,케이비자산운용
475380,20260831,20260902,32.0,이익분배,RISE 글로벌리얼티인컴,케이비자산운용
475630,20251128,20251202,6133.0,이익분배,TIGER CD1년금리액티브(합성),미래에셋자산운용
475720,20250829,20250902,141.0,이익분배,RISE 200위클리커버드콜,케이비자산운용
475720,20250930,20251002,143.0,이익분배,RISE 200위클리커버드콜,케이비자산운용
475720,20251031,20251104,160.0,이익분배,RISE 200위클리커버드콜,케이비자산운용
475720,20251128,20251202,160.0,이익분배,RISE 200위클리커버드콜,케이비자산운용
475720,20251230,20260105,160.0,이익분배,RISE 200위클리커버드콜,케이비자산운용
475720,20260130,20260203,180.0,이익분배,RISE 200위클리커버드콜,케이비자산운용
475720,20260227,20260304,200.0,이익분배,RISE 200위클리커버드콜,케이비자산운용
475720,20260331,20260402,210.0,이익분배,RISE 200위클리커버드콜,케이비자산운용
475720,20260430,20260506,237.0,이익분배,RISE 200위클리커버드콜,케이비자산운용
475720,20260529,20260602,265.0,이익분배,RISE 200위클리커버드콜,케이비자산운용
475720,20260630,20260702,280.0,이익분배,RISE 200위클리커버드콜,케이비자산운용
475720,20260731,20260804,235.0,이익분배,RISE 200위클리커버드콜,케이비자산운용
475720,20260831,20260902,240.0,이익분배,RISE 200위클리커버드콜,케이비자산운용
476030,20251031,20251103,18.0,이익분배,SOL 미국나스닥100,신한자산운용
476030,20260130,20260202,19.0,이익분배,SOL 미국나스닥100,신한자산운용
476030,20260430,20260504,22.0,이익분배,SOL 미국나스닥100,신한자산운용
476030,20260731,20260803,17.0,이익분배,SOL 미국나스닥100,신한자산운용
476070,20251031,20251104,27.0,이익분배,KODEX 글로벌비만치료제TOP2 Plus,삼성자산운용
476070,20260130,20260203,17.0,이익분배,KODEX 글로벌비만치료제TOP2 Plus,삼성자산운용
476070,20260430,20260506,110.0,이익분배,KODEX 글로벌비만치료제TOP2 Plus,삼성자산운용
476070,20260731,20260804,15.0,이익분배,KODEX 글로벌비만치료제TOP2 Plus,삼성자산운용
476310,20251230,20260105,151.0,이익분배,RISE 글로벌비만산업TOP2+,케이비자산운용
476310,20260731,20260804,114.0,이익분배,RISE 글로벌비만산업TOP2+,케이비자산운용
476450,20251230,20260105,1454.0,이익분배,KIWOOM 머니마켓액티브,키움투자자산운용
476550,20250829,20250902,79.0,이익분배,TIGER 미국30년국채커버드콜액티브(H),미래에셋자산운용
476550,20250930,20251002,80.0,이익분배,TIGER 미국30년국채커버드콜액티브(H),미래에셋자산운용
476550,20251031,20251104,82.0,이익분배,TIGER 미국30년국채커버드콜액티브(H),미래에셋자산운용
476550,20251128,20251202,80.0,이익분배,TIGER 미국30년국채커버드콜액티브(H),미래에셋자산운용
476550,20251230,20260105,77.0,이익분배,TIGER 미국30년국채커버드콜액티브(H),미래에셋자산운용
476550,20260130,20260203,77.0,이익분배,TIGER 미국30년국채커버드콜액티브(H),미래에셋자산운용
476550,20260227,20260304,77.0,이익분배,TIGER 미국30년국채커버드콜액티브(H),미래에셋자산운용
476550,20260331,20260402,75.0,이익분배,TIGER 미국30년국채커버드콜액티브(H),미래에셋자산운용
476550,20260430,20260506,74.0,이익분배,TIGER 미국30년국채커버드콜액티브(H),미래에셋자산운용
476550,20260529,20260602,72.0,이익분배,TIGER 미국30년국채커버드콜액티브(H),미래에셋자산운용
476550,20260630,20260702,73.0,이익분배,TIGER 미국30년국채커버드콜액티브(H),미래에셋자산운용
476550,20260731,20260804,70.0,이익분배,TIGER 미국30년국채커버드콜액티브(H),미래에셋자산운용
476550,20260831,20260902,69.0,이익분배,TIGER 미국30년국채커버드콜액티브(H),미래에셋자산운용
476690,20250829,20250902,15.0,이익분배,TIGER 글로벌비만치료제TOP2Plus,미래에셋자산운용
476690,20250930,20251002,10.0,이익분배,TIGER 글로벌비만치료제TOP2Plus,미래에셋자산운용
476690,20251031,20251104,12.0,이익분배,TIGER 글로벌비만치료제TOP2Plus,미래에셋자산운용
476690,20251128,20251202,12.0,이익분배,TIGER 글로벌비만치료제TOP2Plus,미래에셋자산운용
476690,20251230,20260105,12.0,이익분배,TIGER 글로벌비만치료제TOP2Plus,미래에셋자산운용
476690,20260130,20260203,12.0,이익분배,TIGER 글로벌비만치료제TOP2Plus,미래에셋자산운용
476690,20260227,20260304,12.0,이익분배,TIGER 글로벌비만치료제TOP2Plus,미래에셋자산운용
476690,20260331,20260402,33.0,이익분배,TIGER 글로벌비만치료제TOP2Plus,미래에셋자산운용
476690,20260430,20260506,12.0,이익분배,TIGER 글로벌비만치료제TOP2Plus,미래에셋자산운용
476690,20260529,20260602,12.0,이익분배,TIGER 글로벌비만치료제TOP2Plus,미래에셋자산운용
476690,20260630,20260702,15.0,이익분배,TIGER 글로벌비만치료제TOP2Plus,미래에셋자산운용
476690,20260731,20260804,11.0,이익분배,TIGER 글로벌비만치료제TOP2Plus,미래에셋자산운용
476690,20260831,20260902,11.0,이익분배,TIGER 글로벌비만치료제TOP2Plus,미래에셋자산운용
476750,20250829,20250902,22.0,이익분배,ACE 미국30년국채엔화노출액티브(H),한국투자신탁운용
476750,20250930,20251002,23.0,이익분배,ACE 미국30년국채엔화노출액티브(H),한국투자신탁운용
476750,20251031,20251104,25.0,이익분배,ACE 미국30년국채엔화노출액티브(H),한국투자신탁운용
476750,20251128,20251202,23.0,이익분배,ACE 미국30년국채엔화노출액티브(H),한국투자신탁운용
476750,20251230,20260105,22.0,이익분배,ACE 미국30년국채엔화노출액티브(H),한국투자신탁운용
476750,20260130,20260203,21.0,이익분배,ACE 미국30년국채엔화노출액티브(H),한국투자신탁운용
476750,20260227,20260304,18.0,이익분배,ACE 미국30년국채엔화노출액티브(H),한국투자신탁운용
476750,20260331,20260402,18.0,이익분배,ACE 미국30년국채엔화노출액티브(H),한국투자신탁운용
476750,20260430,20260506,20.0,이익분배,ACE 미국30년국채엔화노출액티브(H),한국투자신탁운용
476750,20260529,20260602,21.0,이익분배,ACE 미국30년국채엔화노출액티브(H),한국투자신탁운용
476750,20260630,20260702,22.0,이익분배,ACE 미국30년국채엔화노출액티브(H),한국투자신탁운용
476750,20260731,20260804,22.0,이익분배,ACE 미국30년국채엔화노출액티브(H),한국투자신탁운용
476750,20260831,20260902,22.0,이익분배,ACE 미국30년국채엔화노출액티브(H),한국투자신탁운용
476760,20250829,20250902,30.0,이익분배,ACE 미국30년국채액티브,한국투자신탁운용
476760,20250930,20251002,31.0,이익분배,ACE 미국30년국채액티브,한국투자신탁운용
476760,20251031,20251104,38.0,이익분배,ACE 미국30년국채액티브,한국투자신탁운용
476760,20251128,20251202,35.0,이익분배,ACE 미국30년국채액티브,한국투자신탁운용
476760,20251230,20260105,34.0,이익분배,ACE 미국30년국채액티브,한국투자신탁운용
476760,20260130,20260203,31.0,이익분배,ACE 미국30년국채액티브,한국투자신탁운용
476760,20260227,20260304,31.0,이익분배,ACE 미국30년국채액티브,한국투자신탁운용
476760,20260331,20260402,30.0,이익분배,ACE 미국30년국채액티브,한국투자신탁운용
476760,20260430,20260506,33.0,이익분배,ACE 미국30년국채액티브,한국투자신탁운용
476760,20260529,20260602,33.0,이익분배,ACE 미국30년국채액티브,한국투자신탁운용
476760,20260630,20260702,34.0,이익분배,ACE 미국30년국채액티브,한국투자신탁운용
476760,20260731,20260804,34.0,이익분배,ACE 미국30년국채액티브,한국투자신탁운용
476760,20260831,20260902,33.0,이익분배,ACE 미국30년국채액티브,한국투자신탁운용
476800,20250915,20250917,34.0,이익분배,KODEX 한국부동산리츠인프라,삼성자산운용
476800,20251015,20251017,33.0,이익분배,KODEX 한국부동산리츠인프라,삼성자산운용
476800,20251114,20251118,31.0,이익분배,KODEX 한국부동산리츠인프라,삼성자산운용
476800,20251215,20251217,29.0,이익분배,KODEX 한국부동산리츠인프라,삼성자산운용
476800,20260115,20260119,29.0,이익분배,KODEX 한국부동산리츠인프라,삼성자산운용
476800,20260213,20260220,29.0,이익분배,KODEX 한국부동산리츠인프라,삼성자산운용
476800,20260313,20260317,29.0,이익분배,KODEX 한국부동산리츠인프라,삼성자산운용
476800,20260415,20260417,30.0,이익분배,KODEX 한국부동산리츠인프라,삼성자산운용
476800,20260515,20260519,30.0,이익분배,KODEX 한국부동산리츠인프라,삼성자산운용
476800,20260615,20260617,29.0,이익분배,KODEX 한국부동산리츠인프라,삼성자산운용
476800,20260715,20260720,29.0,이익분배,KODEX 한국부동산리츠인프라,삼성자산운용
476800,20260814,20260819,29.0,이익분배,KODEX 한국부동산리츠인프라,삼성자산운용
476810,20251120,20251121,10683.723123646723,청산분배,KODEX 25-11 은행채(AA-이상)PLUS액티브,삼성자산운용
476850,20251031,20251104,200.0,이익분배,KoAct 배당성장액티브,삼성액티브자산운용
476850,20260130,20260203,417.0,이익분배,KoAct 배당성장액티브,삼성액티브자산운용
476850,20260331,20260402,90.0,이익분배,KoAct 배당성장액티브,삼성액티브자산운용
476850,20260430,20260506,107.0,이익분배,KoAct 배당성장액티브,삼성액티브자산운용
476850,20260529,20260602,125.0,이익분배,KoAct 배당성장액티브,삼성액티브자산운용
476850,20260630,20260702,136.0,이익분배,KoAct 배당성장액티브,삼성액티브자산운용
476850,20260731,20260804,290.0,이익분배,KoAct 배당성장액티브,삼성액티브자산운용
476850,20260831,20260902,108.0,이익분배,KoAct 배당성장액티브,삼성액티브자산운용
477050,20251215,20251217,689.0,이익분배,PLUS 머니마켓액티브,한화자산운용
477080,20251215,20251217,16.0,이익분배,RISE CD금리액티브(합성),케이비자산운용
477730,20251031,20251104,11.0,이익분배,KODEX 인도타타그룹,삼성자산운용
477730,20260130,20260203,10.0,이익분배,KODEX 인도타타그룹,삼성자산운용
477730,20260430,20260506,35.0,이익분배,KODEX 인도타타그룹,삼성자산운용
477730,20260731,20260804,60.0,이익분배,KODEX 인도타타그룹,삼성자산운용
478150,20251230,20260105,85.0,이익분배,TIME 글로벌우주테크&방산액티브,타임폴리오자산운용
479080,20251114,20251117,455.0,이익분배,1Q 머니마켓액티브,하나자산운용
479520,20251215,20251217,586.0,이익분배,RISE KOFR금리액티브(합성),케이비자산운용
479620,20260430,20260504,40.0,이익분배,SOL 미국AI반도체칩메이커,신한자산운용
479730,20251031,20251104,21.0,이익분배,TIGER 인도빌리언컨슈머,미래에셋자산운용
479730,20260130,20260203,15.0,이익분배,TIGER 인도빌리언컨슈머,미래에셋자산운용
479730,20260430,20260506,13.0,이익분배,TIGER 인도빌리언컨슈머,미래에셋자산운용
479730,20260731,20260804,34.0,이익분배,TIGER 인도빌리언컨슈머,미래에셋자산운용
479850,20260430,20260506,40.0,이익분배,HANARO K-뷰티,엔에이치아문디자산운용
480020,20250915,20250917,148.0,이익분배,ACE 미국빅테크7+데일리타겟커버드콜(합성),한국투자신탁운용
480020,20251015,20251017,150.0,이익분배,ACE 미국빅테크7+데일리타겟커버드콜(합성),한국투자신탁운용
480020,20251114,20251118,164.0,이익분배,ACE 미국빅테크7+데일리타겟커버드콜(합성),한국투자신탁운용
480020,20251215,20251217,166.0,이익분배,ACE 미국빅테크7+데일리타겟커버드콜(합성),한국투자신탁운용
480020,20260115,20260119,163.0,이익분배,ACE 미국빅테크7+데일리타겟커버드콜(합성),한국투자신탁운용
480020,20260213,20260220,154.0,이익분배,ACE 미국빅테크7+데일리타겟커버드콜(합성),한국투자신탁운용
480020,20260313,20260317,151.0,이익분배,ACE 미국빅테크7+데일리타겟커버드콜(합성),한국투자신탁운용
480020,20260415,20260417,150.0,이익분배,ACE 미국빅테크7+데일리타겟커버드콜(합성),한국투자신탁운용
480020,20260515,20260519,168.0,이익분배,ACE 미국빅테크7+데일리타겟커버드콜(합성),한국투자신탁운용
480020,20260615,20260617,389.0,이익분배,ACE 미국빅테크7+데일리타겟커버드콜(합성),한국투자신탁운용
480020,20260715,20260720,359.0,이익분배,ACE 미국빅테크7+데일리타겟커버드콜(합성),한국투자신탁운용
480020,20260814,20260819,335.0,이익분배,ACE 미국빅테크7+데일리타겟커버드콜(합성),한국투자신탁운용
480030,20250915,20250917,128.0,이익분배,ACE 미국500데일리타겟커버드콜(합성),한국투자신탁운용
480030,20251015,20251017,131.0,이익분배,ACE 미국500데일리타겟커버드콜(합성),한국투자신탁운용
480030,20251114,20251118,138.0,이익분배,ACE 미국500데일리타겟커버드콜(합성),한국투자신탁운용
480030,20251215,20251217,137.0,이익분배,ACE 미국500데일리타겟커버드콜(합성),한국투자신탁운용
480030,20260115,20260119,139.0,이익분배,ACE 미국500데일리타겟커버드콜(합성),한국투자신탁운용
480030,20260213,20260220,134.0,이익분배,ACE 미국500데일리타겟커버드콜(합성),한국투자신탁운용
480030,20260313,20260317,134.0,이익분배,ACE 미국500데일리타겟커버드콜(합성),한국투자신탁운용
480030,20260415,20260417,133.0,이익분배,ACE 미국500데일리타겟커버드콜(합성),한국투자신탁운용
480030,20260515,20260519,142.0,이익분배,ACE 미국500데일리타겟커버드콜(합성),한국투자신탁운용
480030,20260615,20260617,230.0,이익분배,ACE 미국500데일리타겟커버드콜(합성),한국투자신탁운용
480030,20260715,20260720,224.0,이익분배,ACE 미국500데일리타겟커버드콜(합성),한국투자신탁운용
480030,20260814,20260819,209.0,이익분배,ACE 미국500데일리타겟커버드콜(합성),한국투자신탁운용
480040,20250915,20250917,125.0,이익분배,ACE 미국반도체데일리타겟커버드콜(합성),한국투자신탁운용
480040,20251015,20251017,141.0,이익분배,ACE 미국반도체데일리타겟커버드콜(합성),한국투자신탁운용
480040,20251114,20251118,157.0,이익분배,ACE 미국반도체데일리타겟커버드콜(합성),한국투자신탁운용
480040,20251215,20251217,163.0,이익분배,ACE 미국반도체데일리타겟커버드콜(합성),한국투자신탁운용
480040,20260115,20260119,168.0,이익분배,ACE 미국반도체데일리타겟커버드콜(합성),한국투자신탁운용
480040,20260213,20260220,176.0,이익분배,ACE 미국반도체데일리타겟커버드콜(합성),한국투자신탁운용
480040,20260313,20260317,167.0,이익분배,ACE 미국반도체데일리타겟커버드콜(합성),한국투자신탁운용
480040,20260415,20260417,187.0,이익분배,ACE 미국반도체데일리타겟커버드콜(합성),한국투자신탁운용
480040,20260515,20260519,243.0,이익분배,ACE 미국반도체데일리타겟커버드콜(합성),한국투자신탁운용
480040,20260615,20260617,612.0,이익분배,ACE 미국반도체데일리타겟커버드콜(합성),한국투자신탁운용
480040,20260715,20260720,569.0,이익분배,ACE 미국반도체데일리타겟커버드콜(합성),한국투자신탁운용
480040,20260814,20260819,466.0,이익분배,ACE 미국반도체데일리타겟커버드콜(합성),한국투자신탁운용
480260,20251128,20251202,581.0,이익분배,TIGER 27-04회사채(A+이상)액티브,미래에셋자산운용
480310,20251031,20251104,19.0,이익분배,TIGER 글로벌온디바이스AI,미래에셋자산운용
480310,20260130,20260203,8.0,이익분배,TIGER 글로벌온디바이스AI,미래에셋자산운용
480310,20260430,20260506,15.0,이익분배,TIGER 글로벌온디바이스AI,미래에셋자산운용
480310,20260731,20260804,25.0,이익분배,TIGER 글로벌온디바이스AI,미래에셋자산운용
480460,20250829,20250902,50.0,이익분배,WON 한국부동산TOP3플러스,우리자산운용
480460,20250930,20251002,50.0,이익분배,WON 한국부동산TOP3플러스,우리자산운용
480460,20251031,20251104,50.0,이익분배,WON 한국부동산TOP3플러스,우리자산운용
480460,20251128,20251202,50.0,이익분배,WON 한국부동산TOP3플러스,우리자산운용
480460,20251230,20260105,50.0,이익분배,WON 한국부동산TOP3플러스,우리자산운용
480460,20260130,20260203,50.0,이익분배,WON 한국부동산TOP3플러스,우리자산운용
480460,20260227,20260304,50.0,이익분배,WON 한국부동산TOP3플러스,우리자산운용
480460,20260331,20260402,50.0,이익분배,WON 한국부동산TOP3플러스,우리자산운용
480460,20260430,20260506,50.0,이익분배,WON 한국부동산TOP3플러스,우리자산운용
480460,20260529,20260602,50.0,이익분배,WON 한국부동산TOP3플러스,우리자산운용
480460,20260630,20260702,50.0,이익분배,WON 한국부동산TOP3플러스,우리자산운용
480460,20260731,20260804,50.0,이익분배,WON 한국부동산TOP3플러스,우리자산운용
480460,20260831,20260902,50.0,이익분배,WON 한국부동산TOP3플러스,우리자산운용
481050,20250829,20250902,2159.0,이익분배,KODEX CD1년금리플러스액티브(합성),삼성자산운용
481050,20250930,20251002,2295.0,이익분배,KODEX CD1년금리플러스액티브(합성),삼성자산운용
481050,20251031,20251104,2334.0,이익분배,KODEX CD1년금리플러스액티브(합성),삼성자산운용
481050,20251128,20251202,2331.0,이익분배,KODEX CD1년금리플러스액티브(합성),삼성자산운용
481050,20251230,20260105,2477.0,이익분배,KODEX CD1년금리플러스액티브(합성),삼성자산운용
481050,20260130,20260203,2549.0,이익분배,KODEX CD1년금리플러스액티브(합성),삼성자산운용
481050,20260227,20260304,2541.0,이익분배,KODEX CD1년금리플러스액티브(합성),삼성자산운용
481050,20260331,20260402,2218.0,이익분배,KODEX CD1년금리플러스액티브(합성),삼성자산운용
481050,20260430,20260506,2363.0,이익분배,KODEX CD1년금리플러스액티브(합성),삼성자산운용
481050,20260529,20260602,2380.0,이익분배,KODEX CD1년금리플러스액티브(합성),삼성자산운용
481050,20260630,20260702,2595.0,이익분배,KODEX CD1년금리플러스액티브(합성),삼성자산운용
481050,20260731,20260804,2638.0,이익분배,KODEX CD1년금리플러스액티브(합성),삼성자산운용
481050,20260831,20260902,2748.0,이익분배,KODEX CD1년금리플러스액티브(합성),삼성자산운용
481060,20250915,20250917,87.0,이익분배,KODEX 미국30년국채타겟커버드콜(합성 H),삼성자산운용
481060,20251015,20251017,87.0,이익분배,KODEX 미국30년국채타겟커버드콜(합성 H),삼성자산운용
481060,20251114,20251118,83.0,이익분배,KODEX 미국30년국채타겟커버드콜(합성 H),삼성자산운용
481060,20251215,20251217,83.0,이익분배,KODEX 미국30년국채타겟커버드콜(합성 H),삼성자산운용
481060,20260115,20260119,83.0,이익분배,KODEX 미국30년국채타겟커버드콜(합성 H),삼성자산운용
481060,20260213,20260220,83.0,이익분배,KODEX 미국30년국채타겟커버드콜(합성 H),삼성자산운용
481060,20260313,20260317,82.0,이익분배,KODEX 미국30년국채타겟커버드콜(합성 H),삼성자산운용
481060,20260415,20260417,80.0,이익분배,KODEX 미국30년국채타겟커버드콜(합성 H),삼성자산운용
481060,20260515,20260519,79.0,이익분배,KODEX 미국30년국채타겟커버드콜(합성 H),삼성자산운용
481060,20260615,20260617,78.0,이익분배,KODEX 미국30년국채타겟커버드콜(합성 H),삼성자산운용
481060,20260715,20260720,78.0,이익분배,KODEX 미국30년국채타겟커버드콜(합성 H),삼성자산운용
481060,20260814,20260819,74.0,이익분배,KODEX 미국30년국채타겟커버드콜(합성 H),삼성자산운용
481180,20260430,20260504,5.0,이익분배,SOL 미국AI소프트웨어,신한자산운용
481190,20260430,20260504,38.0,이익분배,SOL 미국테크TOP10,신한자산운용
481200,20251230,20260102,12.0,이익분배,SOL 미국테크TOP10인버스(합성),신한자산운용
481200,20260224,20260225,6211.1745325,청산분배,SOL 미국테크TOP10인버스(합성),신한자산운용
481340,20250829,20250902,35.0,이익분배,RISE 미국30년국채액티브,케이비자산운용
481340,20250930,20251002,34.0,이익분배,RISE 미국30년국채액티브,케이비자산운용
481340,20251031,20251104,38.0,이익분배,RISE 미국30년국채액티브,케이비자산운용
481340,20251128,20251202,39.0,이익분배,RISE 미국30년국채액티브,케이비자산운용
481340,20251230,20260105,38.0,이익분배,RISE 미국30년국채액티브,케이비자산운용
481340,20260130,20260203,37.0,이익분배,RISE 미국30년국채액티브,케이비자산운용
481340,20260227,20260304,37.0,이익분배,RISE 미국30년국채액티브,케이비자산운용
481340,20260331,20260402,37.0,이익분배,RISE 미국30년국채액티브,케이비자산운용
481340,20260430,20260506,35.0,이익분배,RISE 미국30년국채액티브,케이비자산운용
481340,20260529,20260602,35.0,이익분배,RISE 미국30년국채액티브,케이비자산운용
481340,20260630,20260702,35.0,이익분배,RISE 미국30년국채액티브,케이비자산운용
481340,20260731,20260804,34.0,이익분배,RISE 미국30년국채액티브,케이비자산운용
481340,20260831,20260902,31.0,이익분배,RISE 미국30년국채액티브,케이비자산운용
481430,20251215,20251217,1321.0,이익분배,RISE 국고채10년액티브,케이비자산운용
482030,20251230,20260105,17.0,이익분배,KoAct 반도체&2차전지핵심소재액티브,삼성액티브자산운용
482730,20250829,20250902,93.0,이익분배,TIGER 미국S&P500타겟데일리커버드콜,미래에셋자산운용
482730,20250930,20251002,95.0,이익분배,TIGER 미국S&P500타겟데일리커버드콜,미래에셋자산운용
482730,20251031,20251104,100.0,이익분배,TIGER 미국S&P500타겟데일리커버드콜,미래에셋자산운용
482730,20251128,20251202,99.0,이익분배,TIGER 미국S&P500타겟데일리커버드콜,미래에셋자산운용
482730,20251230,20260105,99.0,이익분배,TIGER 미국S&P500타겟데일리커버드콜,미래에셋자산운용
482730,20260130,20260203,100.0,이익분배,TIGER 미국S&P500타겟데일리커버드콜,미래에셋자산운용
482730,20260227,20260304,97.0,이익분배,TIGER 미국S&P500타겟데일리커버드콜,미래에셋자산운용
482730,20260331,20260402,97.0,이익분배,TIGER 미국S&P500타겟데일리커버드콜,미래에셋자산운용
482730,20260430,20260506,101.0,이익분배,TIGER 미국S&P500타겟데일리커버드콜,미래에셋자산운용
482730,20260529,20260602,108.0,이익분배,TIGER 미국S&P500타겟데일리커버드콜,미래에셋자산운용
482730,20260630,20260702,108.0,이익분배,TIGER 미국S&P500타겟데일리커버드콜,미래에셋자산운용
482730,20260731,20260804,102.0,이익분배,TIGER 미국S&P500타겟데일리커버드콜,미래에셋자산운용
482730,20260831,20260902,100.0,이익분배,TIGER 미국S&P500타겟데일리커버드콜,미래에셋자산운용
482870,20251127,20251128,14972.06619,청산분배,HANARO 주주가치성장코리아액티브,엔에이치아문디자산운용
483020,20260430,20260506,30.0,이익분배,KIWOOM 의료AI,키움투자자산운용
483030,20251031,20251104,35.0,이익분배,KIWOOM 미국블록버스터바이오테크의약품+,키움투자자산운용
483030,20260130,20260203,42.0,이익분배,KIWOOM 미국블록버스터바이오테크의약품+,키움투자자산운용
483030,20260430,20260506,50.0,이익분배,KIWOOM 미국블록버스터바이오테크의약품+,키움투자자산운용
483030,20260731,20260804,40.0,이익분배,KIWOOM 미국블록버스터바이오테크의약품+,키움투자자산운용
483240,20251230,20260105,165.0,이익분배,TIGER 미국나스닥100ETF선물,미래에셋자산운용
483240,20260610,20260611,15231.83124,청산분배,TIGER 미국나스닥100ETF선물,미래에셋자산운용
483280,20250829,20250902,142.0,이익분배,KODEX 미국AI테크TOP10타겟커버드콜,삼성자산운용
483280,20250930,20251002,153.0,이익분배,KODEX 미국AI테크TOP10타겟커버드콜,삼성자산운용
483280,20251031,20251104,159.0,이익분배,KODEX 미국AI테크TOP10타겟커버드콜,삼성자산운용
483280,20251128,20251202,162.0,이익분배,KODEX 미국AI테크TOP10타겟커버드콜,삼성자산운용
483280,20251230,20260105,163.0,이익분배,KODEX 미국AI테크TOP10타겟커버드콜,삼성자산운용
483280,20260130,20260203,159.0,이익분배,KODEX 미국AI테크TOP10타겟커버드콜,삼성자산운용
483280,20260227,20260304,149.0,이익분배,KODEX 미국AI테크TOP10타겟커버드콜,삼성자산운용
483280,20260331,20260402,148.0,이익분배,KODEX 미국AI테크TOP10타겟커버드콜,삼성자산운용
483280,20260430,20260506,160.0,이익분배,KODEX 미국AI테크TOP10타겟커버드콜,삼성자산운용
483280,20260529,20260602,169.0,이익분배,KODEX 미국AI테크TOP10타겟커버드콜,삼성자산운용
483280,20260630,20260702,158.0,이익분배,KODEX 미국AI테크TOP10타겟커버드콜,삼성자산운용
483280,20260731,20260804,117.0,이익분배,KODEX 미국AI테크TOP10타겟커버드콜,삼성자산운용
483280,20260831,20260902,143.0,이익분배,KODEX 미국AI테크TOP10타겟커버드콜,삼성자산운용
483290,20250829,20250902,93.0,이익분배,KODEX 미국배당다우존스타겟커버드콜,삼성자산운용
483290,20250930,20251002,90.0,이익분배,KODEX 미국배당다우존스타겟커버드콜,삼성자산운용
483290,20251031,20251104,92.0,이익분배,KODEX 미국배당다우존스타겟커버드콜,삼성자산운용
483290,20251128,20251202,93.0,이익분배,KODEX 미국배당다우존스타겟커버드콜,삼성자산운용
483290,20251230,20260105,96.0,이익분배,KODEX 미국배당다우존스타겟커버드콜,삼성자산운용
483290,20260130,20260203,98.0,이익분배,KODEX 미국배당다우존스타겟커버드콜,삼성자산운용
483290,20260227,20260304,106.0,이익분배,KODEX 미국배당다우존스타겟커버드콜,삼성자산운용
483290,20260331,20260402,108.0,이익분배,KODEX 미국배당다우존스타겟커버드콜,삼성자산운용
483290,20260430,20260506,107.0,이익분배,KODEX 미국배당다우존스타겟커버드콜,삼성자산운용
483290,20260529,20260602,110.0,이익분배,KODEX 미국배당다우존스타겟커버드콜,삼성자산운용
483290,20260630,20260702,109.0,이익분배,KODEX 미국배당다우존스타겟커버드콜,삼성자산운용
483290,20260731,20260804,133.0,이익분배,KODEX 미국배당다우존스타겟커버드콜,삼성자산운용
483290,20260831,20260902,104.0,이익분배,KODEX 미국배당다우존스타겟커버드콜,삼성자산운용
483320,20251230,20260105,57.0,이익분배,ACE 엔비디아밸류체인액티브,한국투자신탁운용
483330,20251230,20260105,63.0,이익분배,ACE 마이크로소프트밸류체인액티브,한국투자신탁운용
483340,20251230,20260105,79.0,이익분배,ACE 구글밸류체인액티브,한국투자신탁운용
483420,20251230,20260105,44.0,이익분배,ACE 애플밸류체인액티브,한국투자신탁운용
483420,20260712,20260713,26024.76877181818,청산분배,ACE 애플밸류체인액티브,한국투자신탁운용
484790,20250829,20250902,37.0,이익분배,KODEX 미국30년국채액티브(H),삼성자산운용
484790,20250930,20251002,35.0,이익분배,KODEX 미국30년국채액티브(H),삼성자산운용
484790,20251031,20251104,36.0,이익분배,KODEX 미국30년국채액티브(H),삼성자산운용
484790,20251128,20251202,37.0,이익분배,KODEX 미국30년국채액티브(H),삼성자산운용
484790,20251230,20260105,36.0,이익분배,KODEX 미국30년국채액티브(H),삼성자산운용
484790,20260130,20260203,37.0,이익분배,KODEX 미국30년국채액티브(H),삼성자산운용
484790,20260227,20260304,36.0,이익분배,KODEX 미국30년국채액티브(H),삼성자산운용
484790,20260331,20260402,32.0,이익분배,KODEX 미국30년국채액티브(H),삼성자산운용
484790,20260430,20260506,37.0,이익분배,KODEX 미국30년국채액티브(H),삼성자산운용
484790,20260529,20260602,36.0,이익분배,KODEX 미국30년국채액티브(H),삼성자산운용
484790,20260630,20260702,37.0,이익분배,KODEX 미국30년국채액티브(H),삼성자산운용
484790,20260731,20260804,35.0,이익분배,KODEX 미국30년국채액티브(H),삼성자산운용
484790,20260831,20260902,35.0,이익분배,KODEX 미국30년국채액티브(H),삼성자산운용
484880,20250829,20250901,70.0,이익분배,SOL 금융지주플러스고배당,신한자산운용
484880,20250930,20251001,72.0,이익분배,SOL 금융지주플러스고배당,신한자산운용
484880,20251031,20251103,73.0,이익분배,SOL 금융지주플러스고배당,신한자산운용
484880,20251128,20251201,55.0,이익분배,SOL 금융지주플러스고배당,신한자산운용
484880,20251230,20260102,44.0,이익분배,SOL 금융지주플러스고배당,신한자산운용
484880,20260130,20260202,45.0,이익분배,SOL 금융지주플러스고배당,신한자산운용
484880,20260227,20260303,50.0,이익분배,SOL 금융지주플러스고배당,신한자산운용
484880,20260331,20260401,66.0,이익분배,SOL 금융지주플러스고배당,신한자산운용
484880,20260430,20260504,76.0,이익분배,SOL 금융지주플러스고배당,신한자산운용
484880,20260529,20260601,78.0,이익분배,SOL 금융지주플러스고배당,신한자산운용
484880,20260630,20260701,78.0,이익분배,SOL 금융지주플러스고배당,신한자산운용
484880,20260731,20260803,86.0,이익분배,SOL 금융지주플러스고배당,신한자산운용
484880,20260831,20260901,86.0,이익분배,SOL 금융지주플러스고배당,신한자산운용
484890,20251215,20251216,670.0,이익분배,SOL 머니마켓액티브,신한자산운용
485540,20251031,20251104,11.0,이익분배,KODEX 미국AI테크TOP10,삼성자산운용
485540,20260130,20260203,14.0,이익분배,KODEX 미국AI테크TOP10,삼성자산운용
485540,20260430,20260506,16.0,이익분배,KODEX 미국AI테크TOP10,삼성자산운용
485540,20260731,20260804,19.0,이익분배,KODEX 미국AI테크TOP10,삼성자산운용
485690,20251230,20260105,45.0,이익분배,RISE 미국AI밸류체인TOP3Plus,케이비자산운용
485690,20260731,20260804,30.0,이익분배,RISE 미국AI밸류체인TOP3Plus,케이비자산운용
485810,20251230,20260105,33.0,이익분배,TIME 글로벌바이오액티브,타임폴리오자산운용
486240,20260430,20260506,82.0,이익분배,DAISHIN AI반도체&인프라액티브,대신자산운용
486290,20250829,20250902,125.0,이익분배,TIGER 미국나스닥100타겟데일리커버드콜,미래에셋자산운용
486290,20250930,20251002,130.0,이익분배,TIGER 미국나스닥100타겟데일리커버드콜,미래에셋자산운용
486290,20251031,20251104,138.0,이익분배,TIGER 미국나스닥100타겟데일리커버드콜,미래에셋자산운용
486290,20251128,20251202,135.0,이익분배,TIGER 미국나스닥100타겟데일리커버드콜,미래에셋자산운용
486290,20251230,20260105,136.0,이익분배,TIGER 미국나스닥100타겟데일리커버드콜,미래에셋자산운용
486290,20260130,20260203,134.0,이익분배,TIGER 미국나스닥100타겟데일리커버드콜,미래에셋자산운용
486290,20260227,20260304,127.0,이익분배,TIGER 미국나스닥100타겟데일리커버드콜,미래에셋자산운용
486290,20260331,20260402,128.0,이익분배,TIGER 미국나스닥100타겟데일리커버드콜,미래에셋자산운용
486290,20260430,20260506,138.0,이익분배,TIGER 미국나스닥100타겟데일리커버드콜,미래에셋자산운용
486290,20260529,20260602,153.0,이익분배,TIGER 미국나스닥100타겟데일리커버드콜,미래에셋자산운용
486290,20260630,20260702,151.0,이익분배,TIGER 미국나스닥100타겟데일리커버드콜,미래에셋자산운용
486290,20260731,20260804,136.0,이익분배,TIGER 미국나스닥100타겟데일리커버드콜,미래에셋자산운용
486290,20260831,20260902,132.0,이익분배,TIGER 미국나스닥100타겟데일리커버드콜,미래에셋자산운용
486450,20260430,20260504,120.0,이익분배,SOL 미국AI전력인프라,신한자산운용
486780,20250917,20250918,18735.982541666668,청산분배,HANARO 200선물레버리지1.5X,엔에이치아문디자산운용
486790,20250917,20250918,14249.702675,청산분배,HANARO 코스닥150선물레버리지1.5X,엔에이치아문디자산운용
486830,20251230,20260105,200.0,이익분배,HANARO 머니마켓액티브,엔에이치아문디자산운용
487230,20251031,20251104,14.0,이익분배,KODEX 미국AI전력핵심인프라,삼성자산운용
487230,20260130,20260203,11.0,이익분배,KODEX 미국AI전력핵심인프라,삼성자산운용
487230,20260430,20260506,20.0,이익분배,KODEX 미국AI전력핵심인프라,삼성자산운용
487230,20260731,20260804,15.0,이익분배,KODEX 미국AI전력핵심인프라,삼성자산운용
487240,20260430,20260506,39.0,이익분배,KODEX AI전력핵심설비,삼성자산운용
487240,20260731,20260804,5.0,이익분배,KODEX AI전력핵심설비,삼성자산운용
487340,20251128,20251202,1377.0,이익분배,ACE 머니마켓액티브,한국투자신탁운용
487910,20251230,20260105,3.0,이익분배,ACE 인도컨슈머파워액티브,한국투자신탁운용
487920,20251230,20260105,3.0,이익분배,ACE 인도시장대표BIG5그룹액티브,한국투자신탁운용
487950,20250829,20250902,55.0,이익분배,KODEX 대만테크고배당다우존스,삼성자산운용
487950,20250930,20251002,60.0,이익분배,KODEX 대만테크고배당다우존스,삼성자산운용
487950,20251031,20251104,61.0,이익분배,KODEX 대만테크고배당다우존스,삼성자산운용
487950,20251128,20251202,58.0,이익분배,KODEX 대만테크고배당다우존스,삼성자산운용
487950,20251230,20260105,58.0,이익분배,KODEX 대만테크고배당다우존스,삼성자산운용
487950,20260130,20260203,63.0,이익분배,KODEX 대만테크고배당다우존스,삼성자산운용
487950,20260227,20260304,60.0,이익분배,KODEX 대만테크고배당다우존스,삼성자산운용
487950,20260331,20260402,65.0,이익분배,KODEX 대만테크고배당다우존스,삼성자산운용
487950,20260430,20260506,65.0,이익분배,KODEX 대만테크고배당다우존스,삼성자산운용
487950,20260529,20260602,79.0,이익분배,KODEX 대만테크고배당다우존스,삼성자산운용
487950,20260630,20260702,86.0,이익분배,KODEX 대만테크고배당다우존스,삼성자산운용
487950,20260731,20260804,77.0,이익분배,KODEX 대만테크고배당다우존스,삼성자산운용
487950,20260831,20260902,75.0,이익분배,KODEX 대만테크고배당다우존스,삼성자산운용
488080,20251230,20260105,6.0,이익분배,TIGER 반도체TOP10레버리지,미래에셋자산운용
488200,20260430,20260506,10.0,이익분배,KIWOOM K-2차전지북미공급망,키움투자자산운용
488200,20260731,20260804,15.0,이익분배,KIWOOM K-2차전지북미공급망,키움투자자산운용
488210,20260430,20260506,100.0,이익분배,KIWOOM K-반도체북미공급망,키움투자자산운용
488210,20260731,20260804,15.0,이익분배,KIWOOM K-반도체북미공급망,키움투자자산운용
488290,20251230,20260105,157.0,이익분배,MIDAS 일본테크액티브,마이다스에셋자산운용
488480,20251230,20260105,188.0,이익분배,RISE 일본섹터TOP4Plus,케이비자산운용
488480,20260731,20260804,115.0,이익분배,RISE 일본섹터TOP4Plus,케이비자산운용
488500,20251031,20251104,44.0,이익분배,TIGER 미국S&P500동일가중,미래에셋자산운용
488500,20260130,20260203,42.0,이익분배,TIGER 미국S&P500동일가중,미래에셋자산운용
488500,20260430,20260506,48.0,이익분배,TIGER 미국S&P500동일가중,미래에셋자산운용
488500,20260731,20260804,49.0,이익분배,TIGER 미국S&P500동일가중,미래에셋자산운용
488720,20251230,20260105,590.0,이익분배,WON 종합채권(AA-이상)액티브,우리자산운용
488770,20251215,20251217,1498.0,이익분배,KODEX 머니마켓액티브,삼성자산운용
488980,20251215,20251216,1255.0,이익분배,SOL 26-12 회사채(AA-이상)액티브,신한자산운용
489000,20251230,20260105,120.0,이익분배,PLUS 일본엔화초단기국채(합성),한화자산운용
489010,20260830,20260831,20208.9083,청산분배,PLUS 글로벌AI인프라,한화자산운용
489030,20250829,20250902,156.0,이익분배,PLUS 고배당주위클리커버드콜,한화자산운용
489030,20250930,20251002,148.0,이익분배,PLUS 고배당주위클리커버드콜,한화자산운용
489030,20251031,20251104,136.0,이익분배,PLUS 고배당주위클리커버드콜,한화자산운용
489030,20251128,20251202,138.0,이익분배,PLUS 고배당주위클리커버드콜,한화자산운용
489030,20251230,20260105,135.0,이익분배,PLUS 고배당주위클리커버드콜,한화자산운용
489030,20260130,20260203,136.0,이익분배,PLUS 고배당주위클리커버드콜,한화자산운용
489030,20260227,20260304,156.0,이익분배,PLUS 고배당주위클리커버드콜,한화자산운용
489030,20260331,20260402,135.0,이익분배,PLUS 고배당주위클리커버드콜,한화자산운용
489030,20260430,20260506,130.0,이익분배,PLUS 고배당주위클리커버드콜,한화자산운용
489030,20260529,20260602,113.0,이익분배,PLUS 고배당주위클리커버드콜,한화자산운용
489030,20260630,20260702,90.0,이익분배,PLUS 고배당주위클리커버드콜,한화자산운용
489030,20260731,20260804,103.0,이익분배,PLUS 고배당주위클리커버드콜,한화자산운용
489030,20260831,20260902,98.0,이익분배,PLUS 고배당주위클리커버드콜,한화자산운용
489250,20250915,20250917,28.0,이익분배,KODEX 미국배당다우존스,삼성자산운용
489250,20251015,20251017,31.0,이익분배,KODEX 미국배당다우존스,삼성자산운용
489250,20251114,20251118,21.0,이익분배,KODEX 미국배당다우존스,삼성자산운용
489250,20251215,20251217,33.0,이익분배,KODEX 미국배당다우존스,삼성자산운용
489250,20260115,20260119,34.0,이익분배,KODEX 미국배당다우존스,삼성자산운용
489250,20260213,20260220,28.0,이익분배,KODEX 미국배당다우존스,삼성자산운용
489250,20260313,20260317,32.0,이익분배,KODEX 미국배당다우존스,삼성자산운용
489250,20260415,20260417,33.0,이익분배,KODEX 미국배당다우존스,삼성자산운용
489250,20260515,20260519,26.0,이익분배,KODEX 미국배당다우존스,삼성자산운용
489250,20260615,20260617,29.0,이익분배,KODEX 미국배당다우존스,삼성자산운용
489250,20260715,20260720,40.0,이익분배,KODEX 미국배당다우존스,삼성자산운용
489250,20260814,20260819,37.0,이익분배,KODEX 미국배당다우존스,삼성자산운용
489570,20251209,20251210,10365.637648514852,청산분배,HANARO 25-12 은행채(AA+이상)액티브,엔에이치아문디자산운용
489860,20251031,20251104,15.0,이익분배,KIWOOM 글로벌전력GRID인프라,키움투자자산운용
489860,20260130,20260203,30.0,이익분배,KIWOOM 글로벌전력GRID인프라,키움투자자산운용
489860,20260430,20260506,30.0,이익분배,KIWOOM 글로벌전력GRID인프라,키움투자자산운용
489860,20260731,20260804,50.0,이익분배,KIWOOM 글로벌전력GRID인프라,키움투자자산운용
489870,20250929,20250930,51759.90305,청산분배,KIWOOM 25-09 회사채(AA-이상)액티브,키움투자자산운용
490090,20251230,20260105,37.0,이익분배,TIGER 미국AI빅테크10,미래에셋자산운용
490480,20260430,20260504,11.0,이익분배,SOL K방산,신한자산운용
490490,20250915,20250916,36.0,이익분배,SOL 미국배당미국채혼합50,신한자산운용
490490,20251015,20251016,21.0,이익분배,SOL 미국배당미국채혼합50,신한자산운용
490490,20251114,20251117,24.0,이익분배,SOL 미국배당미국채혼합50,신한자산운용
490490,20251215,20251216,30.0,이익분배,SOL 미국배당미국채혼합50,신한자산운용
490490,20260115,20260116,31.0,이익분배,SOL 미국배당미국채혼합50,신한자산운용
490490,20260213,20260219,24.0,이익분배,SOL 미국배당미국채혼합50,신한자산운용
490490,20260313,20260316,30.0,이익분배,SOL 미국배당미국채혼합50,신한자산운용
490490,20260415,20260416,30.0,이익분배,SOL 미국배당미국채혼합50,신한자산운용
490490,20260515,20260518,22.0,이익분배,SOL 미국배당미국채혼합50,신한자산운용
490490,20260615,20260616,34.0,이익분배,SOL 미국배당미국채혼합50,신한자산운용
490490,20260715,20260716,27.0,이익분배,SOL 미국배당미국채혼합50,신한자산운용
490490,20260814,20260818,21.0,이익분배,SOL 미국배당미국채혼합50,신한자산운용
490590,20250829,20250902,155.0,이익분배,RISE 미국AI밸류체인데일리고정커버드콜,케이비자산운용
490590,20250930,20251002,185.0,이익분배,RISE 미국AI밸류체인데일리고정커버드콜,케이비자산운용
490590,20251031,20251104,258.0,이익분배,RISE 미국AI밸류체인데일리고정커버드콜,케이비자산운용
490590,20251128,20251202,227.0,이익분배,RISE 미국AI밸류체인데일리고정커버드콜,케이비자산운용
490590,20251230,20260105,186.0,이익분배,RISE 미국AI밸류체인데일리고정커버드콜,케이비자산운용
490590,20260130,20260203,168.0,이익분배,RISE 미국AI밸류체인데일리고정커버드콜,케이비자산운용
490590,20260227,20260304,152.0,이익분배,RISE 미국AI밸류체인데일리고정커버드콜,케이비자산운용
490590,20260331,20260402,199.0,이익분배,RISE 미국AI밸류체인데일리고정커버드콜,케이비자산운용
490590,20260430,20260506,374.0,이익분배,RISE 미국AI밸류체인데일리고정커버드콜,케이비자산운용
490590,20260529,20260602,323.0,이익분배,RISE 미국AI밸류체인데일리고정커버드콜,케이비자산운용
490590,20260630,20260702,377.0,이익분배,RISE 미국AI밸류체인데일리고정커버드콜,케이비자산운용
490590,20260731,20260804,218.0,이익분배,RISE 미국AI밸류체인데일리고정커버드콜,케이비자산운용
490590,20260831,20260902,235.0,이익분배,RISE 미국AI밸류체인데일리고정커버드콜,케이비자산운용
490600,20250829,20250902,116.0,이익분배,RISE 미국배당100데일리고정커버드콜,케이비자산운용
490600,20250930,20251002,120.0,이익분배,RISE 미국배당100데일리고정커버드콜,케이비자산운용
490600,20251031,20251104,130.0,이익분배,RISE 미국배당100데일리고정커버드콜,케이비자산운용
490600,20251128,20251202,120.0,이익분배,RISE 미국배당100데일리고정커버드콜,케이비자산운용
490600,20251230,20260105,115.0,이익분배,RISE 미국배당100데일리고정커버드콜,케이비자산운용
490600,20260130,20260203,99.0,이익분배,RISE 미국배당100데일리고정커버드콜,케이비자산운용
490600,20260227,20260304,103.0,이익분배,RISE 미국배당100데일리고정커버드콜,케이비자산운용
490600,20260331,20260402,142.0,이익분배,RISE 미국배당100데일리고정커버드콜,케이비자산운용
490600,20260415,20260417,114.0,이익분배,RISE 미국배당100데일리고정커버드콜,케이비자산운용
490600,20260515,20260519,157.0,이익분배,RISE 미국배당100데일리고정커버드콜,케이비자산운용
490600,20260615,20260617,120.0,이익분배,RISE 미국배당100데일리고정커버드콜,케이비자산운용
490600,20260715,20260720,149.0,이익분배,RISE 미국배당100데일리고정커버드콜,케이비자산운용
490600,20260814,20260819,120.0,이익분배,RISE 미국배당100데일리고정커버드콜,케이비자산운용
491010,20251230,20260105,20.0,이익분배,TIGER 글로벌AI전력인프라액티브,미래에셋자산운용
491080,20251209,20251210,104046.92651526433,청산분배,KODEX 25-12 은행채(AAA)액티브,삼성자산운용
491090,20251031,20251104,14.0,이익분배,KODEX 미국테크TOP3플러스,삼성자산운용
491090,20260130,20260203,14.0,이익분배,KODEX 미국테크TOP3플러스,삼성자산운용
491090,20260430,20260506,7.0,이익분배,KODEX 미국테크TOP3플러스,삼성자산운용
491090,20260731,20260804,18.0,이익분배,KODEX 미국테크TOP3플러스,삼성자산운용
491230,20251215,20251217,627.0,이익분배,PLUS 국공채머니마켓액티브,한화자산운용
491510,20260731,20260804,250.0,이익분배,파워 K-주주가치액티브,교보악사자산운용
491610,20251114,20251117,742.0,이익분배,1Q CD금리액티브(합성),하나자산운용
491620,20250829,20250902,138.0,이익분배,RISE 미국테크100데일리고정커버드콜,케이비자산운용
491620,20250930,20251002,150.0,이익분배,RISE 미국테크100데일리고정커버드콜,케이비자산운용
491620,20251031,20251104,201.0,이익분배,RISE 미국테크100데일리고정커버드콜,케이비자산운용
491620,20251128,20251202,193.0,이익분배,RISE 미국테크100데일리고정커버드콜,케이비자산운용
491620,20251230,20260105,158.0,이익분배,RISE 미국테크100데일리고정커버드콜,케이비자산운용
491620,20260130,20260203,137.0,이익분배,RISE 미국테크100데일리고정커버드콜,케이비자산운용
491620,20260227,20260304,126.0,이익분배,RISE 미국테크100데일리고정커버드콜,케이비자산운용
491620,20260331,20260402,160.0,이익분배,RISE 미국테크100데일리고정커버드콜,케이비자산운용
491620,20260430,20260506,276.0,이익분배,RISE 미국테크100데일리고정커버드콜,케이비자산운용
491620,20260529,20260602,240.0,이익분배,RISE 미국테크100데일리고정커버드콜,케이비자산운용
491620,20260630,20260702,271.0,이익분배,RISE 미국테크100데일리고정커버드콜,케이비자산운용
491620,20260731,20260804,161.0,이익분배,RISE 미국테크100데일리고정커버드콜,케이비자산운용
491620,20260831,20260902,177.0,이익분배,RISE 미국테크100데일리고정커버드콜,케이비자산운용
491630,20251230,20260105,496.0,이익분배,RISE 미국반도체인버스(합성 H),케이비자산운용
491700,20251031,20251105,438.0,이익분배,HK 200,흥국자산운용
491700,20260430,20260504,685.0,이익분배,HK 200,흥국자산운용
491820,20260430,20260506,80.0,이익분배,HANARO 전력설비투자,엔에이치아문디자산운용
491830,20251031,20251104,13.0,이익분배,TIGER 미국AI반도체팹리스,미래에셋자산운용
491830,20260130,20260203,15.0,이익분배,TIGER 미국AI반도체팹리스,미래에셋자산운용
491830,20260430,20260506,15.0,이익분배,TIGER 미국AI반도체팹리스,미래에셋자산운용
491830,20260731,20260804,15.0,이익분배,TIGER 미국AI반도체팹리스,미래에셋자산운용
492500,20251230,20260102,757.0,이익분배,1Q 현대차그룹채권(A+이상)&국고통안,하나자산운용
493420,20250915,20250916,45.0,이익분배,SOL 미국배당다우존스2호,신한자산운용
493420,20251015,20251016,21.0,이익분배,SOL 미국배당다우존스2호,신한자산운용
493420,20251114,20251117,22.0,이익분배,SOL 미국배당다우존스2호,신한자산운용
493420,20251215,20251216,45.0,이익분배,SOL 미국배당다우존스2호,신한자산운용
493420,20260115,20260116,26.0,이익분배,SOL 미국배당다우존스2호,신한자산운용
493420,20260213,20260219,27.0,이익분배,SOL 미국배당다우존스2호,신한자산운용
493420,20260313,20260316,35.0,이익분배,SOL 미국배당다우존스2호,신한자산운용
493420,20260415,20260416,34.0,이익분배,SOL 미국배당다우존스2호,신한자산운용
493420,20260515,20260518,26.0,이익분배,SOL 미국배당다우존스2호,신한자산운용
493420,20260615,20260616,44.0,이익분배,SOL 미국배당다우존스2호,신한자산운용
493420,20260715,20260716,26.0,이익분배,SOL 미국배당다우존스2호,신한자산운용
493420,20260814,20260818,21.0,이익분배,SOL 미국배당다우존스2호,신한자산운용
493810,20250915,20250917,140.0,이익분배,TIGER 미국AI빅테크10타겟데일리커버드콜,미래에셋자산운용
493810,20251015,20251017,150.0,이익분배,TIGER 미국AI빅테크10타겟데일리커버드콜,미래에셋자산운용
493810,20251114,20251118,158.0,이익분배,TIGER 미국AI빅테크10타겟데일리커버드콜,미래에셋자산운용
493810,20251215,20251217,157.0,이익분배,TIGER 미국AI빅테크10타겟데일리커버드콜,미래에셋자산운용
493810,20260115,20260119,154.0,이익분배,TIGER 미국AI빅테크10타겟데일리커버드콜,미래에셋자산운용
493810,20260213,20260220,148.0,이익분배,TIGER 미국AI빅테크10타겟데일리커버드콜,미래에셋자산운용
493810,20260313,20260317,143.0,이익분배,TIGER 미국AI빅테크10타겟데일리커버드콜,미래에셋자산운용
493810,20260415,20260417,143.0,이익분배,TIGER 미국AI빅테크10타겟데일리커버드콜,미래에셋자산운용
493810,20260515,20260519,162.0,이익분배,TIGER 미국AI빅테크10타겟데일리커버드콜,미래에셋자산운용
493810,20260615,20260617,158.0,이익분배,TIGER 미국AI빅테크10타겟데일리커버드콜,미래에셋자산운용
493810,20260715,20260720,155.0,이익분배,TIGER 미국AI빅테크10타겟데일리커버드콜,미래에셋자산운용
493810,20260814,20260819,150.0,이익분배,TIGER 미국AI빅테크10타겟데일리커버드콜,미래에셋자산운용
494180,20251230,20260105,21.0,이익분배,TIME 글로벌소비트렌드액티브,타임폴리오자산운용
494210,20250829,20250901,104.0,이익분배,SOL 미국500타겟데일리커버드콜액티브,신한자산운용
494210,20250930,20251001,107.0,이익분배,SOL 미국500타겟데일리커버드콜액티브,신한자산운용
494210,20251031,20251103,112.0,이익분배,SOL 미국500타겟데일리커버드콜액티브,신한자산운용
494210,20251128,20251201,111.0,이익분배,SOL 미국500타겟데일리커버드콜액티브,신한자산운용
494210,20251230,20260102,112.0,이익분배,SOL 미국500타겟데일리커버드콜액티브,신한자산운용
494210,20260130,20260202,111.0,이익분배,SOL 미국500타겟데일리커버드콜액티브,신한자산운용
494210,20260227,20260303,108.0,이익분배,SOL 미국500타겟데일리커버드콜액티브,신한자산운용
494210,20260331,20260401,107.0,이익분배,SOL 미국500타겟데일리커버드콜액티브,신한자산운용
494210,20260430,20260504,113.0,이익분배,SOL 미국500타겟데일리커버드콜액티브,신한자산운용
494210,20260529,20260601,121.0,이익분배,SOL 미국500타겟데일리커버드콜액티브,신한자산운용
494210,20260630,20260701,120.0,이익분배,SOL 미국500타겟데일리커버드콜액티브,신한자산운용
494210,20260731,20260803,112.0,이익분배,SOL 미국500타겟데일리커버드콜액티브,신한자산운용
494210,20260831,20260901,109.0,이익분배,SOL 미국500타겟데일리커버드콜액티브,신한자산운용
494300,20250829,20250902,159.0,이익분배,KODEX 미국나스닥100데일리커버드콜OTM,삼성자산운용
494300,20250930,20251002,165.0,이익분배,KODEX 미국나스닥100데일리커버드콜OTM,삼성자산운용
494300,20251031,20251104,170.0,이익분배,KODEX 미국나스닥100데일리커버드콜OTM,삼성자산운용
494300,20251128,20251202,167.0,이익분배,KODEX 미국나스닥100데일리커버드콜OTM,삼성자산운용
494300,20251230,20260105,172.0,이익분배,KODEX 미국나스닥100데일리커버드콜OTM,삼성자산운용
494300,20260130,20260203,167.0,이익분배,KODEX 미국나스닥100데일리커버드콜OTM,삼성자산운용
494300,20260227,20260304,161.0,이익분배,KODEX 미국나스닥100데일리커버드콜OTM,삼성자산운용
494300,20260331,20260402,164.0,이익분배,KODEX 미국나스닥100데일리커버드콜OTM,삼성자산운용
494300,20260430,20260506,169.0,이익분배,KODEX 미국나스닥100데일리커버드콜OTM,삼성자산운용
494300,20260529,20260602,182.0,이익분배,KODEX 미국나스닥100데일리커버드콜OTM,삼성자산운용
494300,20260630,20260702,185.0,이익분배,KODEX 미국나스닥100데일리커버드콜OTM,삼성자산운용
494300,20260731,20260804,166.0,이익분배,KODEX 미국나스닥100데일리커버드콜OTM,삼성자산운용
494300,20260831,20260902,152.0,이익분배,KODEX 미국나스닥100데일리커버드콜OTM,삼성자산운용
494330,20251031,20251104,100.0,이익분배,ACE 라이프자산주주가치액티브,한국투자신탁운용
494330,20260130,20260203,100.0,이익분배,ACE 라이프자산주주가치액티브,한국투자신탁운용
494330,20260430,20260506,100.0,이익분배,ACE 라이프자산주주가치액티브,한국투자신탁운용
494330,20260731,20260804,100.0,이익분배,ACE 라이프자산주주가치액티브,한국투자신탁운용
494340,20251230,20260105,26.0,이익분배,ACE 글로벌AI맞춤형반도체,한국투자신탁운용
494410,20251031,20251104,20.0,이익분배,PLUS 미국S&P500성장주,한화자산운용
494410,20260130,20260203,20.0,이익분배,PLUS 미국S&P500성장주,한화자산운용
494410,20260430,20260506,20.0,이익분배,PLUS 미국S&P500성장주,한화자산운용
494410,20260731,20260804,15.0,이익분배,PLUS 미국S&P500성장주,한화자산운용
494420,20250915,20250917,110.0,이익분배,PLUS 미국배당증가성장주데일리커버드콜,한화자산운용
494420,20251015,20251017,110.0,이익분배,PLUS 미국배당증가성장주데일리커버드콜,한화자산운용
494420,20251114,20251118,110.0,이익분배,PLUS 미국배당증가성장주데일리커버드콜,한화자산운용
494420,20251215,20251217,115.0,이익분배,PLUS 미국배당증가성장주데일리커버드콜,한화자산운용
494420,20260115,20260119,100.0,이익분배,PLUS 미국배당증가성장주데일리커버드콜,한화자산운용
494420,20260213,20260220,100.0,이익분배,PLUS 미국배당증가성장주데일리커버드콜,한화자산운용
494420,20260313,20260317,100.0,이익분배,PLUS 미국배당증가성장주데일리커버드콜,한화자산운용
494420,20260415,20260417,105.0,이익분배,PLUS 미국배당증가성장주데일리커버드콜,한화자산운용
494420,20260515,20260519,106.0,이익분배,PLUS 미국배당증가성장주데일리커버드콜,한화자산운용
494420,20260615,20260617,111.0,이익분배,PLUS 미국배당증가성장주데일리커버드콜,한화자산운용
494420,20260715,20260720,115.0,이익분배,PLUS 미국배당증가성장주데일리커버드콜,한화자산운용
494420,20260814,20260819,118.0,이익분배,PLUS 미국배당증가성장주데일리커버드콜,한화자산운용
494670,20251031,20251104,55.0,이익분배,TIGER 조선TOP10,미래에셋자산운용
494670,20260430,20260506,130.0,이익분배,TIGER 조선TOP10,미래에셋자산운용
494840,20251031,20251104,36.0,이익분배,TIGER 미국방산TOP10,미래에셋자산운용
494840,20260130,20260203,40.0,이익분배,TIGER 미국방산TOP10,미래에셋자산운용
494840,20260430,20260506,40.0,이익분배,TIGER 미국방산TOP10,미래에셋자산운용
494840,20260731,20260804,42.0,이익분배,TIGER 미국방산TOP10,미래에셋자산운용
494890,20251031,20251104,38.0,이익분배,KODEX 200액티브,삼성자산운용
494890,20260130,20260203,35.0,이익분배,KODEX 200액티브,삼성자산운용
494890,20260430,20260506,132.0,이익분배,KODEX 200액티브,삼성자산운용
494890,20260731,20260804,53.0,이익분배,KODEX 200액티브,삼성자산운용
494900,20251218,20251219,51909.25813169643,청산분배,TIGER 25-12 금융채(AA-이상),미래에셋자산운용
495040,20250915,20250917,20.0,이익분배,PLUS 코리아밸류업,한화자산운용
495040,20251015,20251017,20.0,이익분배,PLUS 코리아밸류업,한화자산운용
495040,20251114,20251118,20.0,이익분배,PLUS 코리아밸류업,한화자산운용
495040,20251215,20251217,20.0,이익분배,PLUS 코리아밸류업,한화자산운용
495040,20260115,20260119,20.0,이익분배,PLUS 코리아밸류업,한화자산운용
495040,20260213,20260220,20.0,이익분배,PLUS 코리아밸류업,한화자산운용
495040,20260313,20260317,20.0,이익분배,PLUS 코리아밸류업,한화자산운용
495040,20260415,20260417,20.0,이익분배,PLUS 코리아밸류업,한화자산운용
495040,20260515,20260519,20.0,이익분배,PLUS 코리아밸류업,한화자산운용
495040,20260615,20260617,20.0,이익분배,PLUS 코리아밸류업,한화자산운용
495040,20260715,20260720,45.0,이익분배,PLUS 코리아밸류업,한화자산운용
495040,20260814,20260819,45.0,이익분배,PLUS 코리아밸류업,한화자산운용
495050,20250915,20250917,20.0,이익분배,RISE 코리아밸류업,케이비자산운용
495050,20251015,20251017,20.0,이익분배,RISE 코리아밸류업,케이비자산운용
495050,20251114,20251118,40.0,이익분배,RISE 코리아밸류업,케이비자산운용
495050,20251215,20251217,30.0,이익분배,RISE 코리아밸류업,케이비자산운용
495050,20260115,20260119,20.0,이익분배,RISE 코리아밸류업,케이비자산운용
495050,20260213,20260220,20.0,이익분배,RISE 코리아밸류업,케이비자산운용
495050,20260313,20260317,20.0,이익분배,RISE 코리아밸류업,케이비자산운용
495050,20260415,20260417,26.0,이익분배,RISE 코리아밸류업,케이비자산운용
495050,20260615,20260617,70.0,이익분배,RISE 코리아밸류업,케이비자산운용
495050,20260715,20260720,37.0,이익분배,RISE 코리아밸류업,케이비자산운용
495050,20260814,20260819,30.0,이익분배,RISE 코리아밸류업,케이비자산운용
495230,20250829,20250902,25.0,이익분배,KoAct 코리아밸류업액티브,삼성액티브자산운용
495230,20250930,20251002,26.0,이익분배,KoAct 코리아밸류업액티브,삼성액티브자산운용
495230,20251031,20251104,31.0,이익분배,KoAct 코리아밸류업액티브,삼성액티브자산운용
495230,20251128,20251202,32.0,이익분배,KoAct 코리아밸류업액티브,삼성액티브자산운용
495230,20251230,20260105,34.0,이익분배,KoAct 코리아밸류업액티브,삼성액티브자산운용
495230,20260130,20260203,44.0,이익분배,KoAct 코리아밸류업액티브,삼성액티브자산운용
495230,20260227,20260304,53.0,이익분배,KoAct 코리아밸류업액티브,삼성액티브자산운용
495230,20260331,20260402,49.0,이익분배,KoAct 코리아밸류업액티브,삼성액티브자산운용
495230,20260430,20260506,60.0,이익분배,KoAct 코리아밸류업액티브,삼성액티브자산운용
495230,20260529,20260602,76.0,이익분배,KoAct 코리아밸류업액티브,삼성액티브자산운용
495230,20260630,20260702,83.0,이익분배,KoAct 코리아밸류업액티브,삼성액티브자산운용
495230,20260731,20260804,55.0,이익분배,KoAct 코리아밸류업액티브,삼성액티브자산운용
495230,20260831,20260902,61.0,이익분배,KoAct 코리아밸류업액티브,삼성액티브자산운용
495330,20250829,20250901,16.0,이익분배,1Q 코리아밸류업,하나자산운용
495330,20250930,20251001,28.0,이익분배,1Q 코리아밸류업,하나자산운용
495330,20251031,20251103,14.0,이익분배,1Q 코리아밸류업,하나자산운용
495330,20251128,20251201,22.0,이익분배,1Q 코리아밸류업,하나자산운용
495330,20260130,20260202,10.0,이익분배,1Q 코리아밸류업,하나자산운용
495330,20260227,20260303,17.0,이익분배,1Q 코리아밸류업,하나자산운용
495330,20260331,20260401,81.0,이익분배,1Q 코리아밸류업,하나자산운용
495330,20260430,20260504,31.0,이익분배,1Q 코리아밸류업,하나자산운용
495330,20260529,20260601,41.0,이익분배,1Q 코리아밸류업,하나자산운용
495330,20260630,20260701,54.0,이익분배,1Q 코리아밸류업,하나자산운용
495330,20260731,20260803,15.0,이익분배,1Q 코리아밸류업,하나자산운용
495330,20260831,20260901,40.0,이익분배,1Q 코리아밸류업,하나자산운용
495710,20251230,20260105,435.0,이익분배,BNK 26-06 특수채(AAA이상)액티브,비엔케이자산운용
495710,20260610,20260611,51737.478093067424,청산분배,BNK 26-06 특수채(AAA이상)액티브,비엔케이자산운용
495750,20251031,20251104,35.0,이익분배,HANARO 코리아밸류업,엔에이치아문디자산운용
495750,20260130,20260203,30.0,이익분배,HANARO 코리아밸류업,엔에이치아문디자산운용
495750,20260430,20260506,170.0,이익분배,HANARO 코리아밸류업,엔에이치아문디자산운용
495750,20260731,20260804,85.0,이익분배,HANARO 코리아밸류업,엔에이치아문디자산운용
495850,20250829,20250902,20.0,이익분배,KODEX 코리아밸류업,삼성자산운용
495850,20250930,20251002,20.0,이익분배,KODEX 코리아밸류업,삼성자산운용
495850,20251031,20251104,20.0,이익분배,KODEX 코리아밸류업,삼성자산운용
495850,20251128,20251202,20.0,이익분배,KODEX 코리아밸류업,삼성자산운용
495850,20251230,20260105,25.0,이익분배,KODEX 코리아밸류업,삼성자산운용
495850,20260130,20260203,84.0,이익분배,KODEX 코리아밸류업,삼성자산운용
495850,20260227,20260304,25.0,이익분배,KODEX 코리아밸류업,삼성자산운용
495850,20260331,20260402,20.0,이익분배,KODEX 코리아밸류업,삼성자산운용
495850,20260430,20260506,25.0,이익분배,KODEX 코리아밸류업,삼성자산운용
495850,20260529,20260602,25.0,이익분배,KODEX 코리아밸류업,삼성자산운용
495850,20260630,20260702,30.0,이익분배,KODEX 코리아밸류업,삼성자산운용
495850,20260731,20260804,30.0,이익분배,KODEX 코리아밸류업,삼성자산운용
495850,20260831,20260902,40.0,이익분배,KODEX 코리아밸류업,삼성자산운용
495940,20251230,20260105,29.0,이익분배,RISE 미국AI테크액티브,케이비자산운용
495940,20260731,20260804,25.0,이익분배,RISE 미국AI테크액티브,케이비자산운용
496020,20251230,20260105,736.0,이익분배,WON 전단채플러스액티브,우리자산운용
496080,20250829,20250902,20.0,이익분배,TIGER 코리아밸류업,미래에셋자산운용
496080,20250930,20251002,20.0,이익분배,TIGER 코리아밸류업,미래에셋자산운용
496080,20251031,20251104,20.0,이익분배,TIGER 코리아밸류업,미래에셋자산운용
496080,20251128,20251202,20.0,이익분배,TIGER 코리아밸류업,미래에셋자산운용
496080,20251230,20260105,20.0,이익분배,TIGER 코리아밸류업,미래에셋자산운용
496080,20260130,20260203,24.0,이익분배,TIGER 코리아밸류업,미래에셋자산운용
496080,20260227,20260304,28.0,이익분배,TIGER 코리아밸류업,미래에셋자산운용
496080,20260331,20260402,28.0,이익분배,TIGER 코리아밸류업,미래에셋자산운용
496080,20260430,20260506,28.0,이익분배,TIGER 코리아밸류업,미래에셋자산운용
496080,20260529,20260602,28.0,이익분배,TIGER 코리아밸류업,미래에셋자산운용
496080,20260630,20260702,28.0,이익분배,TIGER 코리아밸류업,미래에셋자산운용
496080,20260731,20260804,28.0,이익분배,TIGER 코리아밸류업,미래에셋자산운용
496080,20260831,20260902,28.0,이익분배,TIGER 코리아밸류업,미래에셋자산운용
496090,20251031,20251104,40.0,이익분배,KIWOOM 코리아밸류업,키움투자자산운용
496090,20260130,20260203,60.0,이익분배,KIWOOM 코리아밸류업,키움투자자산운용
496090,20260430,20260506,150.0,이익분배,KIWOOM 코리아밸류업,키움투자자산운용
496090,20260731,20260804,50.0,이익분배,KIWOOM 코리아밸류업,키움투자자산운용
496120,20251031,20251104,40.0,이익분배,ACE 코리아밸류업,한국투자신탁운용
496120,20260130,20260203,50.0,이익분배,ACE 코리아밸류업,한국투자신탁운용
496120,20260430,20260506,150.0,이익분배,ACE 코리아밸류업,한국투자신탁운용
496120,20260731,20260804,48.0,이익분배,ACE 코리아밸류업,한국투자신탁운용
496130,20251230,20260102,344.0,이익분배,TRUSTON 코리아밸류업액티브,트러스톤자산운용
496770,20260430,20260506,180.0,이익분배,PLUS 글로벌방산,한화자산운용
497510,20251031,20251104,51.0,이익분배,ACE 글로벌빅파마,한국투자신탁운용
497510,20260130,20260203,58.0,이익분배,ACE 글로벌빅파마,한국투자신탁운용
497510,20260430,20260506,100.0,이익분배,ACE 글로벌빅파마,한국투자신탁운용
497510,20260731,20260804,79.0,이익분배,ACE 글로벌빅파마,한국투자신탁운용
497520,20251230,20260105,88.0,이익분배,ACE 일라이릴리밸류체인,한국투자신탁운용
497570,20251031,20251104,16.0,이익분배,TIGER 미국필라델피아AI반도체나스닥,미래에셋자산운용
497570,20260130,20260203,15.0,이익분배,TIGER 미국필라델피아AI반도체나스닥,미래에셋자산운용
497570,20260430,20260506,22.0,이익분배,TIGER 미국필라델피아AI반도체나스닥,미래에셋자산운용
497570,20260731,20260804,22.0,이익분배,TIGER 미국필라델피아AI반도체나스닥,미래에셋자산운용
497780,20250829,20250902,37.0,이익분배,KoAct 미국천연가스인프라액티브,삼성액티브자산운용
497780,20250930,20251002,38.0,이익분배,KoAct 미국천연가스인프라액티브,삼성액티브자산운용
497780,20251031,20251104,37.0,이익분배,KoAct 미국천연가스인프라액티브,삼성액티브자산운용
497780,20251128,20251202,39.0,이익분배,KoAct 미국천연가스인프라액티브,삼성액티브자산운용
497780,20251230,20260105,38.0,이익분배,KoAct 미국천연가스인프라액티브,삼성액티브자산운용
497780,20260130,20260203,40.0,이익분배,KoAct 미국천연가스인프라액티브,삼성액티브자산운용
497780,20260227,20260304,44.0,이익분배,KoAct 미국천연가스인프라액티브,삼성액티브자산운용
497780,20260331,20260402,49.0,이익분배,KoAct 미국천연가스인프라액티브,삼성액티브자산운용
497780,20260430,20260506,46.0,이익분배,KoAct 미국천연가스인프라액티브,삼성액티브자산운용
497780,20260529,20260602,48.0,이익분배,KoAct 미국천연가스인프라액티브,삼성액티브자산운용
497780,20260630,20260702,47.0,이익분배,KoAct 미국천연가스인프라액티브,삼성액티브자산운용
497780,20260731,20260804,45.0,이익분배,KoAct 미국천연가스인프라액티브,삼성액티브자산운용
497780,20260831,20260902,42.0,이익분배,KoAct 미국천연가스인프라액티브,삼성액티브자산운용
497880,20250829,20250901,115.0,이익분배,SOL CD금리&머니마켓액티브,신한자산운용
497880,20250930,20251001,115.0,이익분배,SOL CD금리&머니마켓액티브,신한자산운용
497880,20251031,20251103,115.0,이익분배,SOL CD금리&머니마켓액티브,신한자산운용
497880,20251128,20251201,105.0,이익분배,SOL CD금리&머니마켓액티브,신한자산운용
497880,20251230,20260102,130.0,이익분배,SOL CD금리&머니마켓액티브,신한자산운용
497880,20260130,20260202,145.0,이익분배,SOL CD금리&머니마켓액티브,신한자산운용
497880,20260227,20260303,120.0,이익분배,SOL CD금리&머니마켓액티브,신한자산운용
497880,20260331,20260401,130.0,이익분배,SOL CD금리&머니마켓액티브,신한자산운용
497880,20260430,20260504,145.0,이익분배,SOL CD금리&머니마켓액티브,신한자산운용
497880,20260529,20260601,125.0,이익분배,SOL CD금리&머니마켓액티브,신한자산운용
497880,20260630,20260701,130.0,이익분배,SOL CD금리&머니마켓액티브,신한자산운용
497880,20260731,20260803,140.0,이익분배,SOL CD금리&머니마켓액티브,신한자산운용
497880,20260831,20260901,160.0,이익분배,SOL CD금리&머니마켓액티브,신한자산운용
498180,20251128,20251205,3354.0,이익분배,파워 종합채권(AA-이상)액티브,교보악사자산운용
498270,20260130,20260203,20.0,이익분배,KIWOOM 미국양자컴퓨팅,키움투자자산운용
498270,20260430,20260506,12.0,이익분배,KIWOOM 미국양자컴퓨팅,키움투자자산운용
498270,20260731,20260804,14.0,이익분배,KIWOOM 미국양자컴퓨팅,키움투자자산운용
498400,20250915,20250917,161.0,이익분배,KODEX 200타겟위클리커버드콜,삼성자산운용
498400,20251015,20251017,172.0,이익분배,KODEX 200타겟위클리커버드콜,삼성자산운용
498400,20251114,20251118,196.0,이익분배,KODEX 200타겟위클리커버드콜,삼성자산운용
498400,20251215,20251217,196.0,이익분배,KODEX 200타겟위클리커버드콜,삼성자산운용
498400,20260115,20260119,213.0,이익분배,KODEX 200타겟위클리커버드콜,삼성자산운용
498400,20260213,20260220,244.0,이익분배,KODEX 200타겟위클리커버드콜,삼성자산운용
498400,20260313,20260317,252.0,이익분배,KODEX 200타겟위클리커버드콜,삼성자산운용
498400,20260415,20260417,262.0,이익분배,KODEX 200타겟위클리커버드콜,삼성자산운용
498400,20260515,20260519,348.0,이익분배,KODEX 200타겟위클리커버드콜,삼성자산운용
498400,20260615,20260617,350.0,이익분배,KODEX 200타겟위클리커버드콜,삼성자산운용
498400,20260715,20260720,323.0,이익분배,KODEX 200타겟위클리커버드콜,삼성자산운용
498400,20260814,20260819,270.0,이익분배,KODEX 200타겟위클리커버드콜,삼성자산운용
498410,20250829,20250902,154.0,이익분배,KODEX 금융고배당TOP10타겟위클리커버드콜,삼성자산운용
498410,20250930,20251002,158.0,이익분배,KODEX 금융고배당TOP10타겟위클리커버드콜,삼성자산운용
498410,20251031,20251104,154.0,이익분배,KODEX 금융고배당TOP10타겟위클리커버드콜,삼성자산운용
498410,20251128,20251202,154.0,이익분배,KODEX 금융고배당TOP10타겟위클리커버드콜,삼성자산운용
498410,20251230,20260105,152.0,이익분배,KODEX 금융고배당TOP10타겟위클리커버드콜,삼성자산운용
498410,20260130,20260203,155.0,이익분배,KODEX 금융고배당TOP10타겟위클리커버드콜,삼성자산운용
498410,20260227,20260304,189.0,이익분배,KODEX 금융고배당TOP10타겟위클리커버드콜,삼성자산운용
498410,20260331,20260402,162.0,이익분배,KODEX 금융고배당TOP10타겟위클리커버드콜,삼성자산운용
498410,20260430,20260506,165.0,이익분배,KODEX 금융고배당TOP10타겟위클리커버드콜,삼성자산운용
498410,20260529,20260602,155.0,이익분배,KODEX 금융고배당TOP10타겟위클리커버드콜,삼성자산운용
498410,20260630,20260702,140.0,이익분배,KODEX 금융고배당TOP10타겟위클리커버드콜,삼성자산운용
498410,20260731,20260804,154.0,이익분배,KODEX 금융고배당TOP10타겟위클리커버드콜,삼성자산운용
498410,20260831,20260902,144.0,이익분배,KODEX 금융고배당TOP10타겟위클리커버드콜,삼성자산운용
498610,20251230,20260105,101.0,이익분배,RISE 인도디지털성장,케이비자산운용
498610,20260731,20260804,55.0,이익분배,RISE 인도디지털성장,케이비자산운용
498860,20250915,20250917,55.0,이익분배,RISE 코리아금융고배당,케이비자산운용
498860,20251015,20251017,55.0,이익분배,RISE 코리아금융고배당,케이비자산운용
498860,20251114,20251118,61.0,이익분배,RISE 코리아금융고배당,케이비자산운용
498860,20251215,20251217,60.0,이익분배,RISE 코리아금융고배당,케이비자산운용
498860,20260115,20260119,55.0,이익분배,RISE 코리아금융고배당,케이비자산운용
498860,20260213,20260220,50.0,이익분배,RISE 코리아금융고배당,케이비자산운용
498860,20260313,20260317,50.0,이익분배,RISE 코리아금융고배당,케이비자산운용
498860,20260415,20260417,50.0,이익분배,RISE 코리아금융고배당,케이비자산운용
498860,20260515,20260519,45.0,이익분배,RISE 코리아금융고배당,케이비자산운용
498860,20260615,20260617,45.0,이익분배,RISE 코리아금융고배당,케이비자산운용
498860,20260715,20260720,43.0,이익분배,RISE 코리아금융고배당,케이비자산운용
498860,20260814,20260819,40.0,이익분배,RISE 코리아금융고배당,케이비자산운용
499150,20250829,20250901,9.0,이익분배,SOL 미국S&P500엔화노출(H),신한자산운용
499150,20250930,20251001,10.0,이익분배,SOL 미국S&P500엔화노출(H),신한자산운용
499150,20251031,20251103,10.0,이익분배,SOL 미국S&P500엔화노출(H),신한자산운용
499150,20251128,20251201,9.0,이익분배,SOL 미국S&P500엔화노출(H),신한자산운용
499150,20251230,20260102,10.0,이익분배,SOL 미국S&P500엔화노출(H),신한자산운용
499150,20260130,20260202,10.0,이익분배,SOL 미국S&P500엔화노출(H),신한자산운용
499150,20260227,20260303,10.0,이익분배,SOL 미국S&P500엔화노출(H),신한자산운용
499150,20260331,20260401,10.0,이익분배,SOL 미국S&P500엔화노출(H),신한자산운용
499150,20260430,20260504,10.0,이익분배,SOL 미국S&P500엔화노출(H),신한자산운용
499150,20260529,20260601,10.0,이익분배,SOL 미국S&P500엔화노출(H),신한자산운용
499150,20260630,20260701,10.0,이익분배,SOL 미국S&P500엔화노출(H),신한자산운용
499150,20260731,20260803,10.0,이익분배,SOL 미국S&P500엔화노출(H),신한자산운용
499150,20260831,20260901,10.0,이익분배,SOL 미국S&P500엔화노출(H),신한자산운용
499660,20250829,20250902,2080.0,이익분배,TIGER CD금리플러스액티브(합성),미래에셋자산운용
499660,20250930,20251002,2280.0,이익분배,TIGER CD금리플러스액티브(합성),미래에셋자산운용
499660,20251031,20251104,2140.0,이익분배,TIGER CD금리플러스액티브(합성),미래에셋자산운용
499660,20251128,20251202,2040.0,이익분배,TIGER CD금리플러스액티브(합성),미래에셋자산운용
499660,20251230,20260105,2580.0,이익분배,TIGER CD금리플러스액티브(합성),미래에셋자산운용
499660,20260130,20260203,2260.0,이익분배,TIGER CD금리플러스액티브(합성),미래에셋자산운용
499660,20260227,20260304,2140.0,이익분배,TIGER CD금리플러스액티브(합성),미래에셋자산운용
499660,20260331,20260402,2590.0,이익분배,TIGER CD금리플러스액티브(합성),미래에셋자산운용
499660,20260430,20260506,2270.0,이익분배,TIGER CD금리플러스액티브(합성),미래에셋자산운용
499660,20260529,20260602,2270.0,이익분배,TIGER CD금리플러스액티브(합성),미래에셋자산운용
499660,20260630,20260702,2720.0,이익분배,TIGER CD금리플러스액티브(합성),미래에셋자산운용
499660,20260731,20260804,2520.0,이익분배,TIGER CD금리플러스액티브(합성),미래에셋자산운용
499660,20260831,20260902,2400.0,이익분배,TIGER CD금리플러스액티브(합성),미래에셋자산운용
