종목코드,종목명,시장,업종,현재가,전일대비,등락률,갱신시각
000020,동화약품,유가,의약품 제조업,5540,420,8.20,2026-10-06 14:46
000040,KR모터스,유가,그외 기타 운송장비 제조업,1024,15,1.49,2026-10-06 14:46
000050,경방,유가,종합 소매업,7950,-10,-0.13,2026-10-06 14:46
000070,삼양홀딩스,유가,기타 금융업,56900,-600,-1.04,2026-10-06 14:46
000080,하이트진로,유가,알코올음료 제조업,14730,-40,-0.27,2026-10-06 14:46
000087,하이트진로2우B,유가,알코올음료 제조업,12320,-80,-0.65,2026-10-06 14:46
000100,유한양행,유가,의약품 제조업,76100,2000,2.70,2026-10-06 14:46
000105,유한양행우,유가,의약품 제조업,65300,800,1.24,2026-10-06 14:46
000120,CJ대한통운,유가,도로 화물 운송업,69500,-1200,-1.70,2026-10-06 14:46
000140,하이트진로홀딩스,유가,기타 금융업,7690,-110,-1.41,2026-10-06 14:46
000145,하이트진로홀딩스우,유가,기타 금융업,9140,-20,-0.22,2026-10-06 14:46
000150,두산,유가,전자부품 제조업,1451000,110000,8.20,2026-10-06 14:46
000155,두산우,유가,전자부품 제조업,478000,25500,5.64,2026-10-06 14:46
000157,두산2우B,유가,전자부품 제조업,380500,22500,6.28,2026-10-06 14:46
000180,성창기업지주,유가,회사 본부 및 경영 컨설팅 서비스업,4785,15,0.31,2026-10-06 14:46
0001A0,덕양에너젠,코스닥,연료용 가스 제조 및 배관공급업,8700,190,2.23,2026-10-06 14:46
000210,DL,유가,기초 화학물질 제조업,49450,600,1.23,2026-10-06 14:46
000215,DL우,유가,기초 화학물질 제조업,24150,-50,-0.21,2026-10-06 14:46
000220,유유제약,유가,의약품 제조업,3785,5,0.13,2026-10-06 14:46
000225,유유제약1우,유가,의약품 제조업,3640,15,0.41,2026-10-06 14:46
000227,유유제약2우B,유가,의약품 제조업,7610,-20,-0.26,2026-10-06 14:46
000230,일동홀딩스,유가,의약품 제조업,6310,120,1.94,2026-10-06 14:46
000240,한국앤컴퍼니,유가,기타 금융업,25175,-275,-1.08,2026-10-06 14:46
000250,삼천당제약,코스닥,의약품 제조업,241500,34500,16.67,2026-10-06 14:46
000270,기아,유가,자동차용 엔진 및 자동차 제조업,112200,-700,-0.62,2026-10-06 14:46
000300,DH오토넥스,유가,자동차 신품 부품 제조업,4200,0,0.00,2026-10-06 14:46
000320,노루홀딩스,유가,기타 금융업,15550,140,0.91,2026-10-06 14:46
000325,노루홀딩스우,유가,기타 금융업,28650,-150,-0.52,2026-10-06 14:46
000370,한화손해보험,유가,보험업,7220,-110,-1.50,2026-10-06 14:46
000390,SP삼화,유가,기타 화학제품 제조업,7000,-30,-0.43,2026-10-06 14:46
000400,롯데손해보험,유가,보험업,2165,-40,-1.81,2026-10-06 14:46
000430,대원강업,유가,자동차 신품 부품 제조업,4395,-90,-2.01,2026-10-06 14:46
000440,중앙에너비스,코스닥,기타 전문 도매업,12320,-240,-1.91,2026-10-06 14:46
000480,CR홀딩스,유가,"내화, 비내화 요업제품 제조업",4310,10,0.23,2026-10-06 14:46
000490,대동,유가,특수 목적용 기계 제조업,7690,40,0.52,2026-10-06 14:46
0004V0,엔비알모션,코스닥,기타 금속 가공제품 제조업,6270,90,1.46,2026-10-06 14:46
0004Y0,디비금융제14호스팩,코스닥,기타 금융업,2000,-5,-0.25,2026-10-06 14:46
000500,가온전선,유가,절연선 및 케이블 제조업,325500,-3500,-1.06,2026-10-06 14:46
000520,삼일제약,유가,의약품 제조업,8660,60,0.70,2026-10-06 14:46
000540,흥국화재,유가,보험업,3465,70,2.06,2026-10-06 14:46
000545,흥국화재우,유가,보험업,5730,130,2.32,2026-10-06 14:46
000590,CS홀딩스,유가,기타 금융업,70600,300,0.43,2026-10-06 14:46
000640,동아쏘시오홀딩스,유가,기타 금융업,93000,-1600,-1.69,2026-10-06 14:46
000650,천일고속,유가,육상 여객 운송업,138800,-1900,-1.35,2026-10-06 14:46
000660,SK하이닉스,유가,반도체 제조업,1778000,-63000,-3.42,2026-10-06 14:46
000670,영풍,유가,1차 비철금속 제조업,41150,600,1.48,2026-10-06 14:46
000680,LS네트웍스,유가,상품 종합 도매업,2950,-10,-0.34,2026-10-06 14:46
000700,유수홀딩스,유가,회사 본부 및 경영 컨설팅 서비스업,6550,-140,-2.09,2026-10-06 14:46
000720,현대건설,유가,토목 건설업,112800,-1600,-1.40,2026-10-06 14:46
000725,현대건설우,유가,토목 건설업,51800,200,0.39,2026-10-06 14:46
000760,이화산업,유가,기타 전문 도매업,12670,480,3.94,2026-10-06 14:46
0007C0,아크릴,코스닥,소프트웨어 개발 및 공급업,19150,670,3.63,2026-10-06 14:46
0007J0,인벤테라,코스닥,자연과학 및 공학 연구개발업,10100,340,3.48,2026-10-06 14:46
000810,삼성화재,유가,보험업,626000,0,0.00,2026-10-06 14:46
000815,삼성화재우,유가,보험업,392000,1500,0.38,2026-10-06 14:46
000850,화천기공,유가,특수 목적용 기계 제조업,36650,-600,-1.61,2026-10-06 14:46
000860,강남제비스코,유가,기타 화학제품 제조업,11970,-80,-0.66,2026-10-06 14:46
000880,한화,유가,기타 화학제품 제조업,125800,-3100,-2.40,2026-10-06 14:46
000890,보해양조,유가,알코올음료 제조업,1315,-12,-0.90,2026-10-06 14:46
0008Z0,에스엔시스,코스닥,"전동기, 발전기 및 전기 변환 · 공급 · 제어 장치 제조업",23750,0,0.00,2026-10-06 14:46
000910,유니온,유가,"시멘트, 석회, 플라스터 및 그 제품 제조업",2945,-5,-0.17,2026-10-06 14:46
000950,전방,유가,방적 및 가공사 제조업,29200,-300,-1.02,2026-10-06 14:46
000970,한국주철관,유가,1차 철강 제조업,6490,-70,-1.07,2026-10-06 14:46
000990,DB하이텍,유가,반도체 제조업,139300,-1500,-1.07,2026-10-06 14:46
0009K0,에임드바이오,코스닥,자연과학 및 공학 연구개발업,25750,950,3.83,2026-10-06 14:46
001000,신라섬유,코스닥,부동산 임대 및 공급업,1774,105,6.29,2026-10-06 14:46
001020,페이퍼코리아,유가,"펄프, 종이 및 판지 제조업",1933,-27,-1.38,2026-10-06 14:46
001040,CJ,유가,기타 금융업,128800,-2700,-2.05,2026-10-06 14:46
001045,CJ우,유가,기타 금융업,66400,-200,-0.30,2026-10-06 14:46
001060,JW중외제약,유가,의약품 제조업,27250,500,1.87,2026-10-06 14:46
001065,JW중외제약우,유가,의약품 제조업,22150,-450,-1.99,2026-10-06 14:46
001067,JW중외제약2우B,유가,의약품 제조업,50500,-500,-0.98,2026-10-06 14:46
001070,대한방직,유가,직물직조 및 직물제품 제조업,5650,-140,-2.42,2026-10-06 14:46
001080,만호제강,유가,1차 철강 제조업,3965,-35,-0.88,2026-10-06 14:46
0010F0,보원케미칼,코스닥,플라스틱제품 제조업,2910,-140,-4.59,2026-10-06 14:46
0010S0,와이즈플래닛컴퍼니,코스닥,기타 생활용품 소매업,16810,-1120,-6.25,2026-10-06 14:46
0010V0,제이피아이헬스케어,코스닥,의료용 기기 제조업,8860,-10,-0.11,2026-10-06 14:46
001120,LX인터내셔널,유가,상품 중개업,43050,-1050,-2.38,2026-10-06 14:46
001130,대한제분,유가,"곡물가공품, 전분 및 전분제품 제조업",10970,-50,-0.45,2026-10-06 14:46
0011A0,액스비스,코스닥,기타 전기장비 제조업,11960,0,0.00,2026-10-06 14:46
0011T0,채비,코스닥,"전동기, 발전기 및 전기 변환 · 공급 · 제어 장치 제조업",5470,70,1.30,2026-10-06 14:46
001200,유진투자증권,유가,금융 지원 서비스업,4065,-25,-0.61,2026-10-06 14:46
001210,금호전기,유가,전구 및 조명장치 제조업,9010,-340,-3.64,2026-10-06 14:46
001230,동국홀딩스,유가,기타 금융업,2045,20,0.99,2026-10-06 14:46
001250,GS글로벌,유가,상품 종합 도매업,3140,150,5.02,2026-10-06 14:46
001260,남광토건,유가,토목 건설업,8120,0,0.00,2026-10-06 14:46
001270,부국증권,유가,금융 지원 서비스업,50500,550,1.10,2026-10-06 14:46
001275,부국증권우,유가,금융 지원 서비스업,30350,50,0.17,2026-10-06 14:46
001290,상상인증권,유가,금융 지원 서비스업,4210,-120,-2.77,2026-10-06 14:46
001340,PKC,유가,기초 화학물질 제조업,5260,30,0.57,2026-10-06 14:46
001360,삼성제약,유가,의약품 제조업,1467,34,2.37,2026-10-06 14:46
001380,SG글로벌,유가,자동차 신품 부품 제조업,1110,-81,-6.80,2026-10-06 14:46
001390,KG케미칼,유가,기초 화학물질 제조업,4210,-10,-0.24,2026-10-06 14:46
0013V0,삼진식품,코스닥,수산물 가공 및 저장 처리업,5380,-120,-2.18,2026-10-06 14:46
001420,태원물산,유가,자동차 신품 부품 제조업,2905,5,0.17,2026-10-06 14:46
001430,세아베스틸지주,유가,1차 철강 제조업,47200,550,1.18,2026-10-06 14:46
001440,대한전선,유가,절연선 및 케이블 제조업,31550,50,0.16,2026-10-06 14:46
001450,현대해상,유가,보험업,46450,-1300,-2.72,2026-10-06 14:46
001460,BYC,유가,봉제의복 제조업,36150,250,0.70,2026-10-06 14:46
001465,BYC우,유가,봉제의복 제조업,26400,100,0.38,2026-10-06 14:46
001470,삼부토건,유가,토목 건설업,5820,0,0.00,2026-10-06 14:46
001500,현대차증권,유가,금융 지원 서비스업,7790,-10,-0.13,2026-10-06 14:46
001510,SK증권,유가,금융 지원 서비스업,2330,-35,-1.48,2026-10-06 14:46
001515,SK증권우,유가,금융 지원 서비스업,4000,-10,-0.25,2026-10-06 14:46
001520,동양,유가,"시멘트, 석회, 플라스터 및 그 제품 제조업",1116,-21,-1.85,2026-10-06 14:46
001525,동양우,유가,"시멘트, 석회, 플라스터 및 그 제품 제조업",7850,-1070,-12.00,2026-10-06 14:46
001527,동양2우B,유가,"시멘트, 석회, 플라스터 및 그 제품 제조업",4910,-190,-3.73,2026-10-06 14:46
001530,DI동일,유가,상품 중개업,25850,850,3.40,2026-10-06 14:46
001540,안국약품,코스닥,의약품 제조업,9830,20,0.20,2026-10-06 14:46
001550,조비,유가,"비료, 농약 및 살균, 살충제 제조업",10120,-70,-0.69,2026-10-06 14:46
001560,제일연마,유가,기타 비금속 광물제품 제조업,9160,210,2.35,2026-10-06 14:46
001570,금양,유가,기초 화학물질 제조업,9900,0,0.00,2026-10-06 14:46
0015G0,그린광학,코스닥,사진장비 및 광학기기 제조업,15990,-530,-3.21,2026-10-06 14:46
0015N0,아로마티카,코스닥,기타 화학제품 제조업,10040,-100,-0.99,2026-10-06 14:46
0015S0,페스카로,코스닥,"그외 기타 전문, 과학 및 기술 서비스업",8660,480,5.87,2026-10-06 14:46
001620,케이비아이동국실업,유가,자동차 신품 부품 제조업,2165,-25,-1.14,2026-10-06 14:46
001630,종근당홀딩스,유가,의약품 제조업,37200,-150,-0.40,2026-10-06 14:46
001680,대상,유가,기타 식품 제조업,17510,-320,-1.79,2026-10-06 14:46
001685,대상우,유가,기타 식품 제조업,14600,-110,-0.75,2026-10-06 14:46
001720,신영증권,유가,금융 지원 서비스업,140900,1100,0.79,2026-10-06 14:46
001740,SK네트웍스,유가,기타 전문 도매업,6560,10,0.15,2026-10-06 14:46
001750,한양증권,유가,금융 지원 서비스업,19150,-40,-0.21,2026-10-06 14:46
001755,한양증권우,유가,금융 지원 서비스업,19300,10,0.05,2026-10-06 14:46
001770,SHD,유가,1차 철강 제조업,3925,0,0.00,2026-10-06 14:46
001780,알루코,유가,1차 비철금속 제조업,1644,24,1.48,2026-10-06 14:46
001790,대한제당,유가,"곡물가공품, 전분 및 전분제품 제조업",2780,-15,-0.54,2026-10-06 14:46
001795,대한제당우,유가,"곡물가공품, 전분 및 전분제품 제조업",2115,-25,-1.17,2026-10-06 14:46
0017J0,세미티에스,코스닥,특수 목적용 기계 제조업,3445,210,6.49,2026-10-06 14:46
001800,오리온홀딩스,유가,기타 금융업,22600,-300,-1.31,2026-10-06 14:46
001810,무림SP,코스닥,"펄프, 종이 및 판지 제조업",1136,5,0.44,2026-10-06 14:46
001820,삼화콘덴서,유가,전자부품 제조업,159300,2800,1.79,2026-10-06 14:46
001840,이화공영,코스닥,건물 건설업,2215,0,0.00,2026-10-06 14:46
001940,KISCO홀딩스,유가,1차 철강 제조업,25800,150,0.58,2026-10-06 14:46
002020,코오롱,유가,기타 금융업,23650,100,0.42,2026-10-06 14:46
002025,코오롱우,유가,기타 금융업,12990,-10,-0.08,2026-10-06 14:46
002030,아세아,유가,회사 본부 및 경영 컨설팅 서비스업,203500,2500,1.24,2026-10-06 14:46
002070,비비안,유가,봉제의복 제조업,3730,-55,-1.45,2026-10-06 14:46
002100,경농,유가,"비료, 농약 및 살균, 살충제 제조업",9020,-60,-0.66,2026-10-06 14:46
002140,고려산업,유가,"곡물가공품, 전분 및 전분제품 제조업",1919,-22,-1.13,2026-10-06 14:46
002150,도화엔지니어링,유가,"건축기술, 엔지니어링 및 관련 기술 서비스업",4975,20,0.40,2026-10-06 14:46
002170,SYTS,유가,"가죽, 가방 및 유사제품 제조업",51800,0,0.00,2026-10-06 14:46
002200,한국수출포장,유가,"골판지, 종이 상자 및 종이용기 제조업",2720,-45,-1.63,2026-10-06 14:46
002210,동성제약,유가,의약품 제조업,1281,3,0.23,2026-10-06 14:46
002220,한일철강,유가,1차 철강 제조업,2850,40,1.42,2026-10-06 14:46
002230,피에스텍,코스닥,"측정, 시험, 항해, 제어 및 기타 정밀기기 제조업; 광학기기 제외",5230,30,0.58,2026-10-06 14:46
002240,고려제강,유가,1차 철강 제조업,16890,30,0.18,2026-10-06 14:46
002290,삼일기업공사,코스닥,건물 건설업,3325,5,0.15,2026-10-06 14:46
002310,아세아제지,유가,"골판지, 종이 상자 및 종이용기 제조업",7680,-210,-2.66,2026-10-06 14:46
002320,한진,유가,도로 화물 운송업,15720,120,0.77,2026-10-06 14:46
002350,넥센타이어,유가,고무제품 제조업,5700,-100,-1.72,2026-10-06 14:46
002355,넥센타이어1우B,유가,고무제품 제조업,3965,25,0.63,2026-10-06 14:46
002360,SH에너지화학,유가,기초 화학물질 제조업,3365,40,1.20,2026-10-06 14:46
002380,KCC,유가,기타 화학제품 제조업,475000,3000,0.64,2026-10-06 14:46
002390,한독,유가,의약품 제조업,8570,10,0.12,2026-10-06 14:46
002410,범양건영,유가,건물 건설업,1935,0,0.00,2026-10-06 14:46
002420,우양피앤엘,유가,연료 소매업,5920,-120,-1.99,2026-10-06 14:46
002450,삼익악기,유가,악기 제조업,1081,-16,-1.46,2026-10-06 14:46
002460,HS화성,유가,건물 건설업,10920,-150,-1.36,2026-10-06 14:46
002600,조흥,유가,기타 식품 제조업,139000,0,0.00,2026-10-06 14:46
002620,제일파마홀딩스,유가,회사 본부 및 경영 컨설팅 서비스업,7560,110,1.48,2026-10-06 14:46
002630,오리엔트바이오,유가,의약품 제조업,1672,32,1.95,2026-10-06 14:46
002680,한탑,코스닥,"곡물가공품, 전분 및 전분제품 제조업",3400,-10,-0.29,2026-10-06 14:46
002690,동일제강,유가,1차 철강 제조업,1304,-11,-0.84,2026-10-06 14:46
002700,신일전자,유가,기계장비 및 관련 물품 도매업,1024,14,1.39,2026-10-06 14:46
002710,TCC스틸,유가,1차 철강 제조업,14790,1330,9.88,2026-10-06 14:46
002720,국제약품,유가,의약품 제조업,3370,90,2.74,2026-10-06 14:46
002760,보락,유가,기타 화학제품 제조업,999,-1,-0.10,2026-10-06 14:46
002780,진흥기업,유가,토목 건설업,6560,20,0.31,2026-10-06 14:46
002785,진흥기업우B,유가,토목 건설업,6670,-510,-7.10,2026-10-06 14:46
002787,진흥기업2우B,유가,토목 건설업,9120,-700,-7.13,2026-10-06 14:46
002790,아모레퍼시픽홀딩스,유가,기타 화학제품 제조업,25000,-300,-1.19,2026-10-06 14:46
002795,아모레퍼시픽홀딩스우,유가,기타 화학제품 제조업,11020,10,0.09,2026-10-06 14:46
002800,신신제약,코스닥,의약품 제조업,4445,-10,-0.22,2026-10-06 14:46
002810,삼영무역,유가,기타 전문 도매업,21450,450,2.14,2026-10-06 14:46
002820,SUN&L,유가,플라스틱제품 제조업,1024,70,7.34,2026-10-06 14:46
002840,미원상사,유가,기타 화학제품 제조업,135300,1000,0.74,2026-10-06 14:46
002870,신풍,유가,기타 전문 도매업,1116,-100,-8.22,2026-10-06 14:46
002880,디와이에이,유가,자동차 신품 부품 제조업,3725,-65,-1.72,2026-10-06 14:46
002900,TYM,유가,특수 목적용 기계 제조업,6550,110,1.71,2026-10-06 14:46
002920,유성기업,유가,자동차 신품 부품 제조업,1803,20,1.12,2026-10-06 14:46
002960,한국쉘석유,유가,석유 정제품 제조업,519000,1000,0.19,2026-10-06 14:46
002990,금호건설,유가,건물 건설업,11800,-400,-3.28,2026-10-06 14:46
002995,금호건설우,유가,건물 건설업,14270,-310,-2.13,2026-10-06 14:46
003000,부광약품,유가,의약품 제조업,4130,30,0.73,2026-10-06 14:46
003010,혜인,유가,기계장비 및 관련 물품 도매업,8660,-790,-8.36,2026-10-06 14:46
003030,세아제강지주,유가,기타 금융업,112200,-3100,-2.69,2026-10-06 14:46
003060,에이프로젠바이오로직스,유가,의약품 제조업,1559,-5,-0.32,2026-10-06 14:46
003070,코오롱글로벌,유가,토목 건설업,9150,40,0.44,2026-10-06 14:46
003075,코오롱글로벌우,유가,토목 건설업,11900,-600,-4.80,2026-10-06 14:46
003080,SB성보,유가,"비료, 농약 및 살균, 살충제 제조업",2220,0,0.00,2026-10-06 14:46
003090,대웅,유가,의약품 제조업,15250,-90,-0.59,2026-10-06 14:46
0030R0,대신밸류리츠,유가,신탁업 및 집합투자업,3905,-15,-0.38,2026-10-06 14:46
003100,선광,코스닥,기타 운송관련 서비스업,20400,-200,-0.97,2026-10-06 14:46
003120,일성아이에스,유가,의약품 제조업,22075,25,0.11,2026-10-06 14:46
003160,디아이,유가,"측정, 시험, 항해, 제어 및 기타 정밀기기 제조업; 광학기기 제외",42200,-600,-1.40,2026-10-06 14:46
003200,일신방직,유가,방적 및 가공사 제조업,10830,30,0.28,2026-10-06 14:46
003220,대원제약,유가,의약품 제조업,7820,-70,-0.89,2026-10-06 14:46
003230,삼양식품,유가,기타 식품 제조업,1197000,-14000,-1.16,2026-10-06 14:46
003240,태광산업,유가,화학섬유 제조업,908000,19000,2.14,2026-10-06 14:46
003280,흥아해운,유가,해상 운송업,1816,-39,-2.10,2026-10-06 14:46
003300,한일홀딩스,유가,"시멘트, 석회, 플라스터 및 그 제품 제조업",17180,-150,-0.87,2026-10-06 14:46
003310,대주산업,코스닥,동물용 사료 및 조제식품 제조업,1684,3,0.18,2026-10-06 14:46
003350,한국화장품제조,유가,기타 화학제품 제조업,14670,-840,-5.42,2026-10-06 14:46
003380,하림지주,코스닥,기타 금융업,11470,180,1.59,2026-10-06 14:46
003460,유화증권,유가,금융 지원 서비스업,3000,15,0.50,2026-10-06 14:46
003465,유화증권우,유가,금융 지원 서비스업,3005,-160,-5.06,2026-10-06 14:46
003470,유안타증권,유가,금융 지원 서비스업,4320,-30,-0.69,2026-10-06 14:46
003475,유안타증권우,유가,금융 지원 서비스업,4135,-20,-0.48,2026-10-06 14:46
003480,한진중공업홀딩스,유가,연료용 가스 제조 및 배관공급업,4635,-45,-0.96,2026-10-06 14:46
003490,대한항공,유가,항공 여객 운송업,30725,125,0.41,2026-10-06 14:46
003495,대한항공우,유가,항공 여객 운송업,21850,50,0.23,2026-10-06 14:46
003520,영진약품,유가,의약품 제조업,1031,-12,-1.15,2026-10-06 14:46
003530,한화투자증권,유가,금융 지원 서비스업,4610,-55,-1.18,2026-10-06 14:46
003535,한화투자증권우,유가,금융 지원 서비스업,6490,-50,-0.76,2026-10-06 14:46
003540,대신증권,유가,금융 지원 서비스업,25250,-250,-0.98,2026-10-06 14:46
003545,대신증권우,유가,금융 지원 서비스업,19990,-110,-0.55,2026-10-06 14:46
003547,대신증권2우B,유가,금융 지원 서비스업,19170,-50,-0.26,2026-10-06 14:46
003550,LG,유가,기타 금융업,114800,3700,3.33,2026-10-06 14:46
003555,LG우,유가,기타 금융업,68300,800,1.19,2026-10-06 14:46
003570,SNT다이내믹스,유가,자동차 신품 부품 제조업,30650,-1950,-5.98,2026-10-06 14:46
003580,HLB글로벌,유가,종합 소매업,2090,319,18.01,2026-10-06 14:46
0035S0,빅웨이브로보틱스,코스닥,소프트웨어 개발 및 공급업,31500,-200,-0.63,2026-10-06 14:46
003610,방림,유가,직물직조 및 직물제품 제조업,5450,-40,-0.73,2026-10-06 14:46
003620,KG모빌리티,유가,자동차용 엔진 및 자동차 제조업,2592,57,2.25,2026-10-06 14:46
003650,미창석유,유가,석유 정제품 제조업,121200,-1800,-1.46,2026-10-06 14:46
003670,포스코퓨처엠,유가,일차전지 및 이차전지 제조업,203000,16100,8.61,2026-10-06 14:46
003680,한성기업,유가,수산물 가공 및 저장 처리업,4405,-25,-0.56,2026-10-06 14:46
003690,코리안리,유가,재 보험업,14410,20,0.14,2026-10-06 14:46
003720,삼영,유가,플라스틱제품 제조업,6550,90,1.39,2026-10-06 14:46
003780,진양산업,유가,플라스틱제품 제조업,4000,-135,-3.26,2026-10-06 14:46
0037T0,KB제32호스팩,코스닥,금융 지원 서비스업,1990,-3,-0.15,2026-10-06 14:46
003800,에이스침대,코스닥,가구 제조업,32000,-50,-0.16,2026-10-06 14:46
003830,대한화섬,유가,화학섬유 제조업,109000,900,0.83,2026-10-06 14:46
003850,보령,유가,의약품 제조업,8490,70,0.83,2026-10-06 14:46
003920,남양유업,유가,동·식물성 유지 및 낙농제품 제조업,41900,-300,-0.71,2026-10-06 14:46
003925,남양유업우,유가,동·식물성 유지 및 낙농제품 제조업,30300,-350,-1.14,2026-10-06 14:46
003960,사조대림,유가,수산물 가공 및 저장 처리업,27225,25,0.09,2026-10-06 14:46
0039P0,매드업,코스닥,광고업,8020,60,0.75,2026-10-06 14:46
004000,롯데정밀화학,유가,기초 화학물질 제조업,42500,-350,-0.82,2026-10-06 14:46
004020,현대제철,유가,1차 철강 제조업,29850,-150,-0.50,2026-10-06 14:46
004060,SG세계물산,유가,상품 종합 도매업,2070,-20,-0.96,2026-10-06 14:46
004080,신흥,유가,기계장비 및 관련 물품 도매업,14370,-90,-0.62,2026-10-06 14:46
004090,한국석유,유가,기타 비금속 광물제품 제조업,11830,-170,-1.42,2026-10-06 14:46
004100,태양금속,유가,자동차 신품 부품 제조업,3260,-10,-0.31,2026-10-06 14:46
004105,태양금속우,유가,자동차 신품 부품 제조업,4715,190,4.20,2026-10-06 14:46
004140,동방,유가,기타 운송관련 서비스업,1831,19,1.05,2026-10-06 14:46
004150,한솔홀딩스,유가,기타 금융업,3540,-110,-3.01,2026-10-06 14:46
004170,신세계,유가,종합 소매업,322500,-9500,-2.86,2026-10-06 14:46
0041B0,교보18호스팩,코스닥,금융 지원 서비스업,2010,-5,-0.25,2026-10-06 14:46
0041J0,엘에스스팩1호,코스닥,금융 지원 서비스업,1992,6,0.30,2026-10-06 14:46
0041L0,하나35호스팩,코스닥,금융 지원 서비스업,1999,0,0.00,2026-10-06 14:46
004250,NPC,유가,플라스틱제품 제조업,2860,10,0.35,2026-10-06 14:46
004255,NPC우,유가,플라스틱제품 제조업,1895,-15,-0.79,2026-10-06 14:46
004270,남성,유가,기타 전문 도매업,5710,150,2.70,2026-10-06 14:46
004310,현대약품,유가,의약품 제조업,8300,-40,-0.48,2026-10-06 14:46
004360,세방,유가,도로 화물 운송업,13360,-90,-0.67,2026-10-06 14:46
004365,세방우,유가,도로 화물 운송업,9200,30,0.33,2026-10-06 14:46
004370,농심,유가,기타 식품 제조업,394000,-10000,-2.48,2026-10-06 14:46
004380,삼익THK,유가,일반 목적용 기계 제조업,7790,10,0.13,2026-10-06 14:46
004410,서울식품,유가,기타 식품 제조업,1219,-1,-0.08,2026-10-06 14:46
004415,서울식품우,유가,기타 식품 제조업,3785,-15,-0.39,2026-10-06 14:46
004430,송원산업,유가,기타 화학제품 제조업,11520,-50,-0.43,2026-10-06 14:46
004440,삼일씨엔에스,유가,"시멘트, 석회, 플라스터 및 그 제품 제조업",5470,30,0.55,2026-10-06 14:46
004450,삼화왕관,유가,기타 금속 가공제품 제조업,27750,-750,-2.63,2026-10-06 14:46
004490,세방전지,유가,일차전지 및 이차전지 제조업,64500,2300,3.70,2026-10-06 14:46
0044K0,삼성스팩10호,코스닥,금융 지원 서비스업,1993,-1,-0.05,2026-10-06 14:46
004540,깨끗한나라,유가,"펄프, 종이 및 판지 제조업",1234,-6,-0.48,2026-10-06 14:46
004545,깨끗한나라우,유가,"펄프, 종이 및 판지 제조업",3750,120,3.31,2026-10-06 14:46
004560,현대비앤지스틸,유가,1차 철강 제조업,12270,-140,-1.13,2026-10-06 14:46
004590,한국가구,코스닥,기타 상품 전문 소매업,5240,30,0.58,2026-10-06 14:46
004650,창해에탄올,코스닥,알코올음료 제조업,9340,40,0.43,2026-10-06 14:46
004690,삼천리,유가,연료용 가스 제조 및 배관공급업,127600,-1100,-0.85,2026-10-06 14:46
004700,조광피혁,유가,"가죽, 가방 및 유사제품 제조업",67200,600,0.90,2026-10-06 14:46
004710,한솔테크닉스,유가,전자부품 제조업,11800,-320,-2.64,2026-10-06 14:46
004720,팜젠사이언스,유가,의약품 제조업,2880,30,1.05,2026-10-06 14:46
004770,써니전자,유가,전자부품 제조업,1798,-39,-2.12,2026-10-06 14:46
004780,대륙제관,코스닥,기타 금속 가공제품 제조업,4180,-85,-1.99,2026-10-06 14:46
004800,효성,유가,기타 금융업,157500,-800,-0.51,2026-10-06 14:46
004830,덕성,유가,플라스틱제품 제조업,3400,75,2.26,2026-10-06 14:46
004835,덕성우,유가,플라스틱제품 제조업,4565,145,3.28,2026-10-06 14:46
004840,DRB동일,유가,고무제품 제조업,3975,-15,-0.38,2026-10-06 14:46
004870,티웨이홀딩스,유가,"시멘트, 석회, 플라스터 및 그 제품 제조업",966,-19,-1.93,2026-10-06 14:46
004890,동일산업,유가,1차 철강 제조업,34450,0,0.00,2026-10-06 14:46
004910,조광페인트,유가,기타 화학제품 제조업,3430,-35,-1.01,2026-10-06 14:46
004920,씨아이테크,유가,영상 및 음향기기 제조업,7330,-390,-5.05,2026-10-06 14:46
004960,한신공영,유가,건물 건설업,10840,-60,-0.55,2026-10-06 14:46
004970,신라교역,유가,어로 어업,8950,-120,-1.32,2026-10-06 14:46
004980,성신양회,유가,"시멘트, 석회, 플라스터 및 그 제품 제조업",8090,-60,-0.74,2026-10-06 14:46
004985,성신양회우,유가,"시멘트, 석회, 플라스터 및 그 제품 제조업",8910,-110,-1.22,2026-10-06 14:46
004990,롯데지주,유가,기타 금융업,23250,-550,-2.31,2026-10-06 14:46
005010,휴스틸,유가,1차 철강 제조업,4035,5,0.12,2026-10-06 14:46
005030,부산주공,유가,자동차 신품 부품 제조업,26,-1,-3.70,2026-10-06 14:46
005070,코스모신소재,유가,기타 화학제품 제조업,47700,500,1.06,2026-10-06 14:46
005090,SGC에너지,유가,전기업,48050,350,0.73,2026-10-06 14:46
005110,한창,유가,기계장비 및 관련 물품 도매업,77,-35,-31.25,2026-10-06 14:46
005160,동국산업,코스닥,1차 철강 제조업,4135,165,4.16,2026-10-06 14:46
005180,빙그레,유가,동·식물성 유지 및 낙농제품 제조업,83300,100,0.12,2026-10-06 14:46
005250,녹십자홀딩스,유가,회사 본부 및 경영 컨설팅 서비스업,9720,40,0.41,2026-10-06 14:46
005257,녹십자홀딩스2우,유가,회사 본부 및 경영 컨설팅 서비스업,17500,-850,-4.63,2026-10-06 14:46
005290,동진쎄미켐,코스닥,기초 화학물질 제조업,52400,400,0.77,2026-10-06 14:46
005300,롯데칠성,유가,비알코올음료 및 얼음 제조업,94500,-1000,-1.05,2026-10-06 14:46
005305,롯데칠성우,유가,비알코올음료 및 얼음 제조업,66000,0,0.00,2026-10-06 14:46
005320,온타이드,유가,생활용품 도매업,1514,97,6.85,2026-10-06 14:46
005360,모나미,유가,생활용품 도매업,1080,-49,-4.34,2026-10-06 14:46
005380,현대차,유가,자동차용 엔진 및 자동차 제조업,347000,500,0.14,2026-10-06 14:46
005385,현대차우,유가,자동차용 엔진 및 자동차 제조업,178300,2900,1.65,2026-10-06 14:46
005387,현대차2우B,유가,자동차용 엔진 및 자동차 제조업,178400,3400,1.94,2026-10-06 14:46
005389,현대차3우B,유가,자동차용 엔진 및 자동차 제조업,174500,1700,0.98,2026-10-06 14:46
005420,코스모화학,유가,기타 화학제품 제조업,11870,680,6.08,2026-10-06 14:46
005430,한국공항,유가,기타 운송관련 서비스업,94800,-2800,-2.87,2026-10-06 14:46
005440,현대지에프홀딩스,유가,기타 금융업,12460,-230,-1.81,2026-10-06 14:46
005490,POSCO홀딩스,유가,1차 철강 제조업,317000,6000,1.93,2026-10-06 14:46
0054V0,엔에이치스팩32호,코스닥,금융 지원 서비스업,2005,5,0.25,2026-10-06 14:46
005500,삼진제약,유가,의약품 제조업,19160,80,0.42,2026-10-06 14:46
005610,삼립,유가,기타 식품 제조업,41050,-800,-1.91,2026-10-06 14:46
005670,푸드웰,코스닥,"과실, 채소 가공 및 저장 처리업",6140,-20,-0.32,2026-10-06 14:46
005680,삼영전자,유가,전자부품 제조업,12450,-120,-0.95,2026-10-06 14:46
005690,파미셀,유가,전자부품 제조업,13150,750,6.05,2026-10-06 14:46
005710,대원산업,코스닥,자동차 신품 부품 제조업,10260,-220,-2.10,2026-10-06 14:46
005720,넥센,유가,고무제품 제조업,6370,-110,-1.70,2026-10-06 14:46
005725,넥센우,유가,고무제품 제조업,4450,-10,-0.22,2026-10-06 14:46
005740,크라운해태홀딩스,유가,기타 금융업,5220,-20,-0.38,2026-10-06 14:46
005745,크라운해태홀딩스우,유가,기타 금융업,4955,-135,-2.65,2026-10-06 14:46
005750,대림바스,유가,"내화, 비내화 요업제품 제조업",4225,-10,-0.24,2026-10-06 14:46
005800,신영와코루,유가,봉제의복 제조업,13330,-190,-1.41,2026-10-06 14:46
005810,풍산홀딩스,유가,기타 금융업,36600,-200,-0.54,2026-10-06 14:46
005820,원림,유가,직물직조 및 직물제품 제조업,14610,80,0.55,2026-10-06 14:46
005830,DB손해보험,유가,보험업,181300,-1500,-0.82,2026-10-06 14:46
005850,에스엘,유가,자동차 신품 부품 제조업,51700,-400,-0.77,2026-10-06 14:46
005860,한일사료,코스닥,동물용 사료 및 조제식품 제조업,2315,-50,-2.11,2026-10-06 14:46
005870,휴니드,유가,통신 및 방송 장비 제조업,4495,-90,-1.96,2026-10-06 14:46
005880,대한해운,유가,해상 운송업,2025,-125,-5.81,2026-10-06 14:46
005930,삼성전자,유가,통신 및 방송 장비 제조업,271500,-4500,-1.63,2026-10-06 14:46
005935,삼성전자우,유가,통신 및 방송 장비 제조업,197550,-3450,-1.72,2026-10-06 14:46
005940,NH투자증권,유가,금융 지원 서비스업,26500,-450,-1.67,2026-10-06 14:46
005945,NH투자증권우,유가,금융 지원 서비스업,22300,-200,-0.89,2026-10-06 14:46
005950,이수화학,유가,기초 화학물질 제조업,11870,350,3.04,2026-10-06 14:46
005960,동부건설,유가,토목 건설업,8360,-120,-1.42,2026-10-06 14:46
005965,동부건설우,유가,토목 건설업,17190,0,0.00,2026-10-06 14:46
005990,매일홀딩스,코스닥,동·식물성 유지 및 낙농제품 제조업,10290,-180,-1.72,2026-10-06 14:46
006040,동원산업,유가,기타 금융업,34900,-450,-1.27,2026-10-06 14:46
006050,국영지앤엠,코스닥,유리 및 유리제품 제조업,2925,90,3.17,2026-10-06 14:46
006060,화승인더,유가,상품 종합 도매업,2250,10,0.45,2026-10-06 14:46
006090,사조오양,유가,수산물 가공 및 저장 처리업,8970,-70,-0.77,2026-10-06 14:46
006110,삼아알미늄,유가,1차 비철금속 제조업,69400,6800,10.86,2026-10-06 14:46
006120,SK디스커버리,유가,기타 금융업,66500,-1300,-1.92,2026-10-06 14:46
006125,SK디스커버리우,유가,기타 금융업,43350,-50,-0.12,2026-10-06 14:46
006140,피제이전자,코스닥,의료용 기기 제조업,5680,-10,-0.18,2026-10-06 14:46
006200,한국전자홀딩스,유가,기타 금융업,1676,56,3.46,2026-10-06 14:46
006220,제주은행,유가,은행 및 저축기관,9700,10,0.10,2026-10-06 14:46
006260,LS,유가,기타 금융업,296500,-2000,-0.67,2026-10-06 14:46
006280,녹십자,유가,의약품 제조업,127500,1700,1.35,2026-10-06 14:46
006340,대원전선,유가,절연선 및 케이블 제조업,13380,10,0.07,2026-10-06 14:46
006345,대원전선우,유가,절연선 및 케이블 제조업,9830,-130,-1.31,2026-10-06 14:46
006360,GS건설,유가,건물 건설업,32950,-100,-0.30,2026-10-06 14:46
006370,대구백화점,유가,종합 소매업,3050,60,2.01,2026-10-06 14:46
006400,삼성SDI,유가,일차전지 및 이차전지 제조업,574000,45000,8.51,2026-10-06 14:46
006405,삼성SDI우,유가,일차전지 및 이차전지 제조업,222000,11500,5.46,2026-10-06 14:46
006490,프리티,유가,전기 통신업,1445,-21,-1.43,2026-10-06 14:46
006570,대림통상,유가,기타 금속 가공제품 제조업,1854,-77,-3.99,2026-10-06 14:46
006620,동구바이오제약,코스닥,의약품 제조업,3520,5,0.14,2026-10-06 14:46
006650,대한유화,유가,기초 화학물질 제조업,90900,-600,-0.66,2026-10-06 14:46
006660,삼성공조,유가,자동차 신품 부품 제조업,13400,250,1.90,2026-10-06 14:46
006730,서부T&D,코스닥,일반 및 생활 숙박시설 운영업,11470,-10,-0.09,2026-10-06 14:46
006740,블루산업개발,유가,"골판지, 종이 상자 및 종이용기 제조업",4710,-130,-2.69,2026-10-06 14:46
006800,미래에셋증권,유가,금융 지원 서비스업,31775,125,0.39,2026-10-06 14:46
006805,미래에셋증권우,유가,금융 지원 서비스업,11250,180,1.63,2026-10-06 14:46
006840,AK홀딩스,유가,기타 금융업,6900,-100,-1.43,2026-10-06 14:46
006880,신송홀딩스,유가,산업용 농·축산물 및 동·식물 도매업,4235,15,0.36,2026-10-06 14:46
006890,태경케미컬,유가,기초 화학물질 제조업,4860,5,0.10,2026-10-06 14:46
0068Y0,비엔케이제3호스팩,코스닥,금융 지원 서비스업,1992,6,0.30,2026-10-06 14:46
006910,보성파워텍,코스닥,"구조용 금속제품, 탱크 및 증기발생기 제조업",7530,130,1.76,2026-10-06 14:46
006920,모헨즈,코스닥,"시멘트, 석회, 플라스터 및 그 제품 제조업",2995,-75,-2.44,2026-10-06 14:46
006980,우성,유가,"곡물가공품, 전분 및 전분제품 제조업",16700,-140,-0.83,2026-10-06 14:46
007070,GS리테일,유가,종합 소매업,22000,-150,-0.68,2026-10-06 14:46
0070X0,에스테크엠,코넥스,특수 목적용 기계 제조업,11500,0,0.00,2026-10-06 14:46
007110,일신석재,유가,"건축자재, 철물 및 난방장치 도매업",2625,85,3.35,2026-10-06 14:46
007120,미래아이앤지,유가,"컴퓨터 프로그래밍, 시스템 통합 및 관리업",997,16,1.63,2026-10-06 14:46
007160,사조산업,유가,수산물 가공 및 저장 처리업,47600,-200,-0.42,2026-10-06 14:46
0071M0,삼성스팩11호,코스닥,금융 지원 서비스업,1996,2,0.10,2026-10-06 14:46
007210,벽산,유가,기타 비금속 광물제품 제조업,1435,-7,-0.49,2026-10-06 14:46
007280,한국특강,유가,1차 철강 제조업,2280,5,0.22,2026-10-06 14:46
0072Z0,KB제33호스팩,코스닥,금융 지원 서비스업,1982,9,0.46,2026-10-06 14:46
007310,오뚜기,유가,기타 식품 제조업,314000,-2000,-0.63,2026-10-06 14:46
007330,푸른저축은행,코스닥,은행 및 저축기관,9900,-50,-0.50,2026-10-06 14:46
007340,DN오토모티브,유가,일차전지 및 이차전지 제조업,49350,-650,-1.30,2026-10-06 14:46
007370,진양제약,코스닥,의약품 제조업,3980,5,0.13,2026-10-06 14:46
007390,네이처셀,코스닥,기초 의약물질 제조업,24850,100,0.40,2026-10-06 14:46
007460,에이프로젠,유가,의약품 제조업,2160,20,0.93,2026-10-06 14:46
007530,와이엠,코스닥,기타 금속 가공제품 제조업,1726,17,0.99,2026-10-06 14:46
007540,샘표,유가,기타 금융업,46300,-400,-0.86,2026-10-06 14:46
007570,일양약품,유가,의약품 제조업,8060,-20,-0.25,2026-10-06 14:46
007575,일양약품우,유가,의약품 제조업,7930,-80,-1.00,2026-10-06 14:46
007590,동방아그로,유가,"비료, 농약 및 살균, 살충제 제조업",5530,-70,-1.25,2026-10-06 14:46
007610,선도전기,유가,"전동기, 발전기 및 전기 변환 · 공급 · 제어 장치 제조업",4360,90,2.11,2026-10-06 14:46
007660,이수페타시스,유가,전자부품 제조업,131600,10400,8.58,2026-10-06 14:46
007680,대원,코스닥,건물 건설업,3075,35,1.15,2026-10-06 14:46
007690,국도화학,유가,기초 화학물질 제조업,38350,0,0.00,2026-10-06 14:46
007700,F&F홀딩스,유가,기타 금융업,13390,50,0.37,2026-10-06 14:46
007720,소노스퀘어,코스닥,상품 종합 도매업,1102,2,0.18,2026-10-06 14:46
007770,한일화학,코스닥,기초 화학물질 제조업,7790,-120,-1.52,2026-10-06 14:46
007810,코리아써키트,유가,전자부품 제조업,88300,5900,7.16,2026-10-06 14:46
007815,코리아써우,유가,전자부품 제조업,22350,1100,5.18,2026-10-06 14:46
007820,엠엑스로보틱스,코스닥,일반 목적용 기계 제조업,3575,40,1.13,2026-10-06 14:46
007860,서연,유가,기타 금융업,7580,-100,-1.30,2026-10-06 14:46
007980,TP,유가,봉제의복 제조업,1777,-10,-0.56,2026-10-06 14:46
008040,사조동아원,유가,"곡물가공품, 전분 및 전분제품 제조업",7350,-190,-2.52,2026-10-06 14:46
008060,대덕,유가,기타 금융업,16330,230,1.43,2026-10-06 14:46
008250,이건산업,유가,나무제품 제조업,3240,95,3.02,2026-10-06 14:46
008260,NI스틸,유가,1차 철강 제조업,3285,-40,-1.20,2026-10-06 14:46
0082N0,카나프테라퓨틱스,코스닥,자연과학 및 공학 연구개발업,12790,-90,-0.70,2026-10-06 14:46
008350,남선알미늄,유가,1차 비철금속 제조업,1068,-3,-0.28,2026-10-06 14:46
008355,남선알미우,유가,1차 비철금속 제조업,7030,-270,-3.70,2026-10-06 14:46
008370,원풍,코스닥,플라스틱제품 제조업,5270,90,1.74,2026-10-06 14:46
008420,문배철강,유가,1차 철강 제조업,2085,10,0.48,2026-10-06 14:46
008470,부스타,코스닥,"구조용 금속제품, 탱크 및 증기발생기 제조업",1636,-16,-0.97,2026-10-06 14:46
008490,서흥,유가,기타 화학제품 제조업,20200,-200,-0.98,2026-10-06 14:46
008600,윌비스,유가,생활용품 도매업,2620,0,0.00,2026-10-06 14:46
008700,아남전자,유가,영상 및 음향기기 제조업,1249,9,0.73,2026-10-06 14:46
008730,율촌화학,유가,플라스틱제품 제조업,15710,780,5.22,2026-10-06 14:46
008770,호텔신라,유가,기타 상품 전문 소매업,38950,-350,-0.89,2026-10-06 14:46
008775,호텔신라우,유가,기타 상품 전문 소매업,27700,-250,-0.89,2026-10-06 14:46
008830,대동기어,코스닥,특수 목적용 기계 제조업,6530,100,1.56,2026-10-06 14:46
008870,금비,유가,유리 및 유리제품 제조업,38850,-550,-1.40,2026-10-06 14:46
0088D0,메리츠제1호스팩,코스닥,금융 지원 서비스업,2080,0,0.00,2026-10-06 14:46
0088M0,메쥬,코스닥,의료용 기기 제조업,15130,740,5.14,2026-10-06 14:46
008930,한미사이언스,유가,기타 금융업,57500,2200,3.98,2026-10-06 14:46
008970,KBI동양철관,유가,1차 철강 제조업,1447,107,7.99,2026-10-06 14:46
009070,KCTC,유가,도로 화물 운송업,4090,-30,-0.73,2026-10-06 14:46
009140,케이아이이,유가,전자부품 제조업,22500,2600,13.07,2026-10-06 14:46
009150,삼성전기,유가,전자부품 제조업,1668000,87000,5.50,2026-10-06 14:46
009155,삼성전기우,유가,전자부품 제조업,540000,15000,2.86,2026-10-06 14:46
009160,SIMPAC,유가,1차 철강 제조업,4975,10,0.20,2026-10-06 14:46
009180,한솔로지스틱스,유가,기타 운송관련 서비스업,2800,-10,-0.36,2026-10-06 14:46
009190,대양금속,유가,1차 철강 제조업,590,-27,-4.38,2026-10-06 14:46
0091W0,신영스팩11호,코스닥,금융 지원 서비스업,2045,5,0.25,2026-10-06 14:46
009200,무림페이퍼,유가,"펄프, 종이 및 판지 제조업",1524,4,0.26,2026-10-06 14:46
009240,한샘,유가,생활용품 도매업,40100,350,0.88,2026-10-06 14:46
009270,신원,유가,봉제의복 제조업,1088,-13,-1.18,2026-10-06 14:46
009290,광동제약,유가,의약품 제조업,6760,210,3.21,2026-10-06 14:46
009300,삼아제약,코스닥,의약품 제조업,13950,100,0.72,2026-10-06 14:46
009310,참엔지니어링,유가,특수 목적용 기계 제조업,5330,0,0.00,2026-10-06 14:46
009320,아진전자부품,유가,자동차 신품 부품 제조업,954,-11,-1.14,2026-10-06 14:46
0093G0,미래에셋비전스팩8호,코스닥,금융 지원 서비스업,1987,7,0.35,2026-10-06 14:46
009410,태영건설,유가,토목 건설업,1622,9,0.56,2026-10-06 14:46
009415,태영건설우,유가,토목 건설업,6150,-20,-0.32,2026-10-06 14:46
009420,한올바이오파마,유가,의약품 제조업,47850,1750,3.80,2026-10-06 14:46
009440,KC그린홀딩스,유가,기타 금융업,756,0,0.00,2026-10-06 14:46
009450,경동나비엔,유가,가정용 기기 제조업,61000,-300,-0.49,2026-10-06 14:46
009460,한창제지,유가,"펄프, 종이 및 판지 제조업",2715,-55,-1.99,2026-10-06 14:46
009470,삼화전기,유가,전자부품 제조업,27850,200,0.72,2026-10-06 14:46
009520,포스코엠텍,코스닥,1차 철강 제조업,13430,310,2.36,2026-10-06 14:46
009540,HD한국조선해양,유가,기타 금융업,316000,-10000,-3.07,2026-10-06 14:46
009580,무림P&P,유가,"펄프, 종이 및 판지 제조업",1818,65,3.71,2026-10-06 14:46
009620,삼보산업,코스닥,1차 비철금속 제조업,4765,-345,-6.75,2026-10-06 14:46
009680,모토닉,유가,자동차 신품 부품 제조업,10000,-30,-0.30,2026-10-06 14:46
0096B0,삼성스팩12호,코스닥,기타 금융업,1989,9,0.45,2026-10-06 14:46
0096D0,미래에셋비전스팩9호,코스닥,금융 지원 서비스업,1991,16,0.81,2026-10-06 14:46
009730,이렘,코스닥,1차 철강 제조업,2000,5,0.25,2026-10-06 14:46
009770,삼정펄프,유가,"펄프, 종이 및 판지 제조업",27600,100,0.36,2026-10-06 14:46
009780,엠에스씨,코스닥,기타 식품 제조업,7640,160,2.14,2026-10-06 14:46
0097F0,미래에셋비전스팩10호,코스닥,금융 지원 서비스업,1985,-4,-0.20,2026-10-06 14:46
009810,MDS스피어,유가,기타 전문 도매업,1910,12,0.63,2026-10-06 14:46
009830,한화솔루션,유가,기초 화학물질 제조업,36800,700,1.94,2026-10-06 14:46
009835,한화솔루션우,유가,기초 화학물질 제조업,19070,300,1.60,2026-10-06 14:46
0098T0,교보19호스팩,코스닥,금융 지원 서비스업,2000,-10,-0.50,2026-10-06 14:46
009900,명신산업,유가,자동차 신품 부품 제조업,8640,110,1.29,2026-10-06 14:46
009970,영원무역홀딩스,유가,기타 금융업,160800,-100,-0.06,2026-10-06 14:46
0099W0,미래에셋비전스팩11호,코스닥,금융 지원 서비스업,1984,1,0.05,2026-10-06 14:46
0099X0,IBKS제25호스팩,코스닥,금융 지원 서비스업,2200,-30,-1.35,2026-10-06 14:46
010040,한국내화,유가,"내화, 비내화 요업제품 제조업",1670,30,1.83,2026-10-06 14:46
010060,OCI홀딩스,유가,기타 금융업,244000,7500,3.17,2026-10-06 14:46
010100,한국무브넥스,유가,자동차 신품 부품 제조업,3445,-15,-0.43,2026-10-06 14:46
010120,LS ELECTRIC,유가,"전동기, 발전기 및 전기 변환 · 공급 · 제어 장치 제조업",214500,5000,2.39,2026-10-06 14:46
010130,고려아연,유가,1차 비철금속 제조업,1095000,15000,1.39,2026-10-06 14:46
010140,삼성중공업,유가,선박 및 보트 건조업,19620,-340,-1.70,2026-10-06 14:46
010170,대한광통신,코스닥,절연선 및 케이블 제조업,18490,690,3.88,2026-10-06 14:46
0101C0,하나36호스팩,코스닥,금융 지원 서비스업,1979,6,0.30,2026-10-06 14:46
010240,흥국,코스닥,특수 목적용 기계 제조업,5210,-10,-0.19,2026-10-06 14:46
010280,아이티센엔텍,코스닥,"컴퓨터 프로그래밍, 시스템 통합 및 관리업",5810,110,1.93,2026-10-06 14:46
010400,우진아이엔에스,유가,건물설비 설치 공사업,4045,-140,-3.35,2026-10-06 14:46
010470,오리콤,코스닥,광고업,5050,30,0.60,2026-10-06 14:46
010580,에스엠벡셀,유가,자동차 신품 부품 제조업,2220,-35,-1.55,2026-10-06 14:46
0105P0,유진스팩12호,코스닥,금융 지원 서비스업,1996,0,0.00,2026-10-06 14:46
010640,진양폴리,유가,플라스틱제품 제조업,1987,-83,-4.01,2026-10-06 14:46
010660,화천기계,유가,특수 목적용 기계 제조업,3060,-90,-2.86,2026-10-06 14:46
010690,화신,유가,자동차 신품 부품 제조업,7730,70,0.91,2026-10-06 14:46
010770,평화홀딩스,유가,자동차 신품 부품 제조업,3520,20,0.57,2026-10-06 14:46
010780,아이에스동서,유가,"시멘트, 석회, 플라스터 및 그 제품 제조업",14770,190,1.30,2026-10-06 14:46
010820,퍼스텍,유가,무기 및 총포탄 제조업,6190,-330,-5.06,2026-10-06 14:46
010950,S-Oil,유가,석유 정제품 제조업,164100,-2100,-1.26,2026-10-06 14:46
010955,S-Oil우,유가,석유 정제품 제조업,86800,-1600,-1.81,2026-10-06 14:46
010960,삼호개발,유가,기반조성 및 시설물 축조관련 전문공사업,3055,-40,-1.29,2026-10-06 14:46
011000,진원생명과학,유가,의약품 제조업,2670,0,0.00,2026-10-06 14:46
011040,경동제약,코스닥,의약품 제조업,5020,0,0.00,2026-10-06 14:46
011070,LG이노텍,유가,전자부품 제조업,640000,66000,11.50,2026-10-06 14:46
011080,형지I&C,코스닥,봉제의복 제조업,422,-28,-6.22,2026-10-06 14:46
011090,에넥스,유가,가구 제조업,1310,-28,-2.09,2026-10-06 14:46
011150,CJ씨푸드,유가,기타 식품 제조업,1873,-14,-0.74,2026-10-06 14:46
011155,CJ씨푸드1우,유가,기타 식품 제조업,5600,20,0.36,2026-10-06 14:46
011170,롯데케미칼,유가,기초 화학물질 제조업,61000,0,0.00,2026-10-06 14:46
011200,HMM,유가,해상 운송업,21350,-150,-0.70,2026-10-06 14:46
011210,현대위아,유가,자동차 신품 부품 제조업,53500,300,0.56,2026-10-06 14:46
011230,삼화전자,유가,영상 및 음향기기 제조업,2680,0,0.00,2026-10-06 14:46
011280,태림포장,유가,"골판지, 종이 상자 및 종이용기 제조업",1493,33,2.26,2026-10-06 14:46
011300,우성머티리얼스,유가,직물직조 및 직물제품 제조업,2740,-120,-4.20,2026-10-06 14:46
011320,유니크,코스닥,자동차 신품 부품 제조업,3950,30,0.77,2026-10-06 14:46
011330,유니켐,유가,자동차 신품 부품 제조업,4155,-40,-0.95,2026-10-06 14:46
011370,서한,코스닥,건물 건설업,3725,-40,-1.06,2026-10-06 14:46
011390,부산산업,유가,"시멘트, 석회, 플라스터 및 그 제품 제조업",47600,-200,-0.42,2026-10-06 14:46
011420,갤럭시아에스엠,유가,스포츠 서비스업,1408,-19,-1.33,2026-10-06 14:46
011500,한농화성,유가,기타 화학제품 제조업,15070,310,2.10,2026-10-06 14:46
011560,세보엠이씨,코스닥,건물설비 설치 공사업,24200,-200,-0.82,2026-10-06 14:46
0115H0,삼성스팩13호,코스닥,금융 지원 서비스업,1998,4,0.20,2026-10-06 14:46
011690,와이투솔루션,유가,반도체 제조업,3800,60,1.60,2026-10-06 14:46
011700,한신기계,유가,일반 목적용 기계 제조업,2545,-10,-0.39,2026-10-06 14:46
011760,현대코퍼레이션,유가,상품 종합 도매업,24700,-400,-1.59,2026-10-06 14:46
011780,금호석유화학,유가,기초 화학물질 제조업,117800,400,0.34,2026-10-06 14:46
011785,금호석유화학우,유가,기초 화학물질 제조업,49300,-250,-0.50,2026-10-06 14:46
011790,SKC,유가,기타 화학제품 제조업,112200,5700,5.35,2026-10-06 14:46
0117P0,피스피스스튜디오,코스닥,"섬유, 의복, 신발 및 가죽제품 소매업",5490,-110,-1.96,2026-10-06 14:46
011810,STX,유가,상품 종합 도매업,3530,0,0.00,2026-10-06 14:46
011930,신성이엔지,유가,반도체 제조업,20150,260,1.31,2026-10-06 14:46
012030,DB,유가,"컴퓨터 프로그래밍, 시스템 통합 및 관리업",2045,10,0.49,2026-10-06 14:46
0120G0,삼양바이오팜,유가,의약품 제조업,49950,1550,3.20,2026-10-06 14:46
012160,영흥,유가,1차 철강 제조업,2115,-45,-2.08,2026-10-06 14:46
012170,아센디오,유가,"영화, 비디오물, 방송프로그램 제작 및 배급업",2935,-55,-1.84,2026-10-06 14:46
012200,계양전기,유가,일반 목적용 기계 제조업,3135,25,0.80,2026-10-06 14:46
012205,계양전기우,유가,일반 목적용 기계 제조업,4980,0,0.00,2026-10-06 14:46
012210,삼미금속,코스닥,기타 금속 가공제품 제조업,12270,290,2.42,2026-10-06 14:46
012280,영화금속,유가,자동차 신품 부품 제조업,3670,120,3.38,2026-10-06 14:46
012320,경동인베스트,유가,기타 금융업,44150,700,1.61,2026-10-06 14:46
012330,현대모비스,유가,자동차 신품 부품 제조업,380500,-3000,-0.78,2026-10-06 14:46
012340,뉴인텍,코스닥,자동차 신품 부품 제조업,391,18,4.83,2026-10-06 14:46
012450,한화에어로스페이스,유가,"항공기,우주선 및 부품 제조업",1021000,-51000,-4.76,2026-10-06 14:46
012610,경인양행,유가,기초 화학물질 제조업,3435,45,1.33,2026-10-06 14:46
012620,원일특강,코스닥,1차 철강 제조업,7200,30,0.42,2026-10-06 14:46
012630,HDC,유가,기타 금융업,23000,-500,-2.13,2026-10-06 14:46
012690,모나리자,유가,기타 종이 및 판지 제품 제조업,1403,-18,-1.27,2026-10-06 14:46
0126Z0,삼성에피스홀딩스,유가,기타 금융업,369000,4000,1.10,2026-10-06 14:46
012700,리드코프,코스닥,기타 전문 도매업,2890,-20,-0.69,2026-10-06 14:46
012750,에스원,유가,"경비, 경호 및 탐정업",84100,1000,1.20,2026-10-06 14:46
012790,신일제약,코스닥,의약품 제조업,6460,-20,-0.31,2026-10-06 14:46
012800,대창,유가,1차 비철금속 제조업,1189,-11,-0.92,2026-10-06 14:46
012860,모베이스전자,코스닥,자동차 신품 부품 제조업,2565,120,4.91,2026-10-06 14:46
0129K0,신한제18호스팩,코스닥,금융 지원 서비스업,1972,2,0.10,2026-10-06 14:46
013000,세우글로벌,유가,기타 전문 도매업,1200,9,0.76,2026-10-06 14:46
013030,하이록코리아,코스닥,1차 철강 제조업,35650,-650,-1.79,2026-10-06 14:46
0130D0,신한제17호스팩,코스닥,금융 지원 서비스업,1973,4,0.20,2026-10-06 14:46
0130H0,엔에이치스팩33호,코스닥,금융 지원 서비스업,1999,3,0.15,2026-10-06 14:46
013120,동원개발,코스닥,건물 건설업,2090,-30,-1.42,2026-10-06 14:46
0131D0,키움히어로제2호스팩,코스닥,금융 지원 서비스업,1970,9,0.46,2026-10-06 14:46
0132G0,교보20호스팩,코스닥,기타 금융업,1996,4,0.20,2026-10-06 14:46
013310,아진산업,코스닥,자동차 신품 부품 제조업,2330,10,0.43,2026-10-06 14:46
013360,일성건설,유가,토목 건설업,1364,-11,-0.80,2026-10-06 14:46
0134X0,대신밸런스제20호스팩,코스닥,금융 지원 서비스업,1981,8,0.41,2026-10-06 14:46
013520,화승코퍼레이션,유가,자동차 신품 부품 제조업,2565,10,0.39,2026-10-06 14:46
013570,디와이,유가,기타 금융업,4175,-15,-0.36,2026-10-06 14:46
013580,계룡건설,유가,토목 건설업,21500,-50,-0.23,2026-10-06 14:46
013700,까뮤이앤씨,유가,건물 건설업,1525,-44,-2.80,2026-10-06 14:46
013720,청보,코스닥,자동차 신품 부품 제조업,2120,-40,-1.85,2026-10-06 14:46
013810,스페코,코스닥,특수 목적용 기계 제조업,1535,-10,-0.65,2026-10-06 14:46
013870,지엠비코리아,유가,자동차 신품 부품 제조업,3810,-10,-0.26,2026-10-06 14:46
013890,지누스,유가,가구 제조업,6800,-90,-1.31,2026-10-06 14:46
013990,아가방컴퍼니,코스닥,생활용품 도매업,5260,80,1.54,2026-10-06 14:46
014100,메디앙스,코스닥,상품 종합 도매업,1511,-6,-0.40,2026-10-06 14:46
014130,한익스프레스,유가,도로 화물 운송업,2795,80,2.95,2026-10-06 14:46
014160,대영포장,유가,"골판지, 종이 상자 및 종이용기 제조업",655,0,0.00,2026-10-06 14:46
014190,원익큐브,코스닥,기타 전문 도매업,1289,-39,-2.94,2026-10-06 14:46
014280,금강공업,유가,1차 철강 제조업,4550,-80,-1.73,2026-10-06 14:46
014285,금강공업우,유가,1차 철강 제조업,5470,-130,-2.32,2026-10-06 14:46
014440,영보화학,유가,플라스틱제품 제조업,4665,0,0.00,2026-10-06 14:46
014470,부방,코스닥,부동산 임대 및 공급업,1064,-11,-1.02,2026-10-06 14:46
014530,극동유화,유가,석유 정제품 제조업,3380,-5,-0.15,2026-10-06 14:46
014570,고려제약,코스닥,의약품 제조업,3260,-15,-0.46,2026-10-06 14:46
014580,태경비케이,유가,"시멘트, 석회, 플라스터 및 그 제품 제조업",3955,55,1.41,2026-10-06 14:46
014620,성광벤드,코스닥,1차 철강 제조업,30150,-300,-0.99,2026-10-06 14:46
014680,한솔케미칼,유가,기초 화학물질 제조업,274500,500,0.18,2026-10-06 14:46
014710,사조씨푸드,유가,수산물 가공 및 저장 처리업,9950,260,2.68,2026-10-06 14:46
014790,HL D&I,유가,토목 건설업,2490,-10,-0.40,2026-10-06 14:46
014820,동원시스템즈,유가,플라스틱제품 제조업,21950,650,3.05,2026-10-06 14:46
014825,동원시스템즈우,유가,플라스틱제품 제조업,13810,120,0.88,2026-10-06 14:46
014830,유니드,유가,기초 화학물질 제조업,60700,200,0.33,2026-10-06 14:46
014910,성문전자,유가,전자부품 제조업,1980,-20,-1.00,2026-10-06 14:46
014915,성문전자우,유가,전자부품 제조업,4820,-350,-6.77,2026-10-06 14:46
014940,오리엔탈정공,코스닥,일반 목적용 기계 제조업,4550,-40,-0.87,2026-10-06 14:46
014950,삼익제약,코스닥,의약품 제조업,8380,-170,-1.99,2026-10-06 14:46
014970,삼륭물산,코스닥,"골판지, 종이 상자 및 종이용기 제조업",4375,-85,-1.91,2026-10-06 14:46
014990,인디에프,유가,봉제의복 제조업,3960,-80,-1.98,2026-10-06 14:46
015020,이스타코,유가,부동산 임대 및 공급업,928,0,0.00,2026-10-06 14:46
015230,대창단조,유가,자동차 신품 부품 제조업,6490,-50,-0.76,2026-10-06 14:46
015260,에이엔피,유가,전자부품 제조업,163,-39,-19.31,2026-10-06 14:46
015360,INVENI,유가,회사 본부 및 경영 컨설팅 서비스업,14590,-180,-1.22,2026-10-06 14:46
015590,DKME,유가,일반 목적용 기계 제조업,2300,-95,-3.97,2026-10-06 14:46
0155E0,해치텍,코스닥,반도체 제조업,11860,-60,-0.50,2026-10-06 14:46
0156T0,에이치엘지노믹스,코스닥,기초 의약물질 제조업,8300,240,2.98,2026-10-06 14:46
015710,코콤,코스닥,통신 및 방송 장비 제조업,2910,-40,-1.36,2026-10-06 14:46
015750,성우하이텍,코스닥,자동차 신품 부품 제조업,5980,60,1.01,2026-10-06 14:46
015760,한국전력,유가,전기업,30250,200,0.67,2026-10-06 14:46
015860,일진홀딩스,유가,기타 금융업,7230,-140,-1.90,2026-10-06 14:46
015890,태경산업,유가,기초 화학물질 제조업,4795,10,0.21,2026-10-06 14:46
016090,대현,유가,봉제의복 제조업,1411,1,0.07,2026-10-06 14:46
016100,리더스코스메틱,코스닥,"골판지, 종이 상자 및 종이용기 제조업",1286,36,2.88,2026-10-06 14:46
0161M0,네오사피엔스,코스닥,소프트웨어 개발 및 공급업,13910,-2720,-16.36,2026-10-06 14:46
016250,SGC E&C,코스닥,건물 건설업,11890,-200,-1.65,2026-10-06 14:46
016360,삼성증권,유가,금융 지원 서비스업,88700,-1700,-1.88,2026-10-06 14:46
016380,KG스틸,유가,1차 철강 제조업,5720,-30,-0.52,2026-10-06 14:46
016450,한세예스24홀딩스,유가,봉제의복 제조업,4285,-20,-0.46,2026-10-06 14:46
0164H0,한국제16호스팩,코스닥,금융 지원 서비스업,1950,-2,-0.10,2026-10-06 14:46
016580,환인제약,유가,의약품 제조업,10110,-140,-1.37,2026-10-06 14:46
016590,신대양제지,유가,"골판지, 종이 상자 및 종이용기 제조업",9100,-80,-0.87,2026-10-06 14:46
0165X0,메리츠제2호스팩,코스닥,금융 지원 서비스업,1941,2,0.10,2026-10-06 14:46
016600,큐캐피탈,코스닥,기타 금융업,2210,-65,-2.86,2026-10-06 14:46
016610,DB증권,유가,금융 지원 서비스업,10310,-190,-1.81,2026-10-06 14:46
016670,디모아,코스닥,기타 전문 도매업,2690,-55,-2.00,2026-10-06 14:46
016710,대성홀딩스,유가,회사 본부 및 경영 컨설팅 서비스업,6850,10,0.15,2026-10-06 14:46
016740,두올,유가,자동차 신품 부품 제조업,3995,30,0.76,2026-10-06 14:46
016790,현대사료,코스닥,동물용 사료 및 조제식품 제조업,994,0,0.00,2026-10-06 14:46
016800,퍼시스,유가,가구 제조업,24250,250,1.04,2026-10-06 14:46
016880,웅진,유가,기타 금융업,1809,-33,-1.79,2026-10-06 14:46
016920,카스,코스닥,기계장비 및 관련 물품 도매업,1012,-8,-0.78,2026-10-06 14:46
017000,신원종합개발,코스닥,건물 건설업,2310,-25,-1.07,2026-10-06 14:46
017040,광명전기,유가,"전동기, 발전기 및 전기 변환 · 공급 · 제어 장치 제조업",932,0,0.00,2026-10-06 14:46
017180,명문제약,유가,의약품 제조업,1264,-9,-0.71,2026-10-06 14:46
017250,인터엠,코스닥,영상 및 음향기기 제조업,1053,2,0.19,2026-10-06 14:46
017370,우신시스템,유가,특수 목적용 기계 제조업,3575,-20,-0.56,2026-10-06 14:46
017390,서울가스,유가,연료용 가스 제조 및 배관공급업,54200,500,0.93,2026-10-06 14:46
017480,삼현철강,코스닥,1차 철강 제조업,4652,-43,-0.92,2026-10-06 14:46
017510,세명전기,코스닥,기타 금속 가공제품 제조업,7960,60,0.76,2026-10-06 14:46
017550,수산세보틱스,유가,특수 목적용 기계 제조업,1841,-21,-1.13,2026-10-06 14:46
017650,대림제지,코스닥,기타 종이 및 판지 제품 제조업,10800,0,0.00,2026-10-06 14:46
017670,SK텔레콤,유가,전기 통신업,87900,-500,-0.57,2026-10-06 14:46
017800,현대엘리베이터,유가,일반 목적용 기계 제조업,73100,300,0.41,2026-10-06 14:46
017810,풀무원,유가,기타 식품 제조업,8800,100,1.15,2026-10-06 14:46
017860,DS단석,유가,기타 화학제품 제조업,12930,-90,-0.69,2026-10-06 14:46
017890,한국알콜,코스닥,기타 화학제품 제조업,15690,-80,-0.51,2026-10-06 14:46
017900,광전자,유가,반도체 제조업,10340,520,5.30,2026-10-06 14:46
017940,E1,유가,기타 전문 도매업,90200,1500,1.69,2026-10-06 14:46
017960,한국카본,유가,"구조용 금속제품, 탱크 및 증기발생기 제조업",20400,-150,-0.73,2026-10-06 14:46
018000,유니슨,코스닥,일반 목적용 기계 제조업,1202,65,5.72,2026-10-06 14:46
018120,진로발효,코스닥,알코올음료 제조업,16700,-110,-0.65,2026-10-06 14:46
018250,애경산업,유가,기타 화학제품 제조업,11160,-50,-0.45,2026-10-06 14:46
018260,삼성에스디에스,유가,"컴퓨터 프로그래밍, 시스템 통합 및 관리업",217500,-2000,-0.91,2026-10-06 14:46
018290,브이티,코스닥,기타 화학제품 제조업,12730,140,1.11,2026-10-06 14:46
018310,삼목에스폼,코스닥,"구조용 금속제품, 탱크 및 증기발생기 제조업",14990,-150,-0.99,2026-10-06 14:46
018470,조일알미늄,유가,1차 비철금속 제조업,5350,120,2.29,2026-10-06 14:46
018500,동원모빌리티,유가,자동차 신품 부품 제조업,1360,-17,-1.23,2026-10-06 14:46
018620,우진비앤지,코스닥,의약품 제조업,2705,40,1.50,2026-10-06 14:46
018670,SK가스,유가,기타 전문 도매업,255000,17000,7.14,2026-10-06 14:46
018680,서울제약,코스닥,의약품 제조업,1925,-13,-0.67,2026-10-06 14:46
018700,졸스,코스닥,생활용품 도매업,1286,-5,-0.39,2026-10-06 14:46
018880,한온시스템,유가,일반 목적용 기계 제조업,3880,50,1.31,2026-10-06 14:46
019010,베뉴지,코스닥,종합 소매업,4300,-140,-3.15,2026-10-06 14:46
019170,신풍제약,유가,의약품 제조업,9480,230,2.49,2026-10-06 14:46
019175,신풍제약우,유가,의약품 제조업,14150,70,0.50,2026-10-06 14:46
019180,티에이치엔,유가,기타 전기장비 제조업,5050,-20,-0.39,2026-10-06 14:46
019210,와이지-원,코스닥,기타 금속 가공제품 제조업,12720,-160,-1.24,2026-10-06 14:46
019490,엑시큐어하이트론,유가,영상 및 음향기기 제조업,541,0,0.00,2026-10-06 14:46
019540,일지테크,코스닥,자동차 신품 부품 제조업,5090,0,0.00,2026-10-06 14:46
019550,SBI인베스트먼트,코스닥,신탁업 및 집합투자업,905,-21,-2.27,2026-10-06 14:46
019570,GMI벤처,코스닥,신탁업 및 집합투자업,2890,0,0.00,2026-10-06 14:46
019660,글로본,코스닥,상품 종합 도매업,1430,0,0.00,2026-10-06 14:46
019680,대교,유가,초등 교육기관,1611,-12,-0.74,2026-10-06 14:46
019685,대교우B,유가,초등 교육기관,980,-3,-0.31,2026-10-06 14:46
019770,서연탑메탈,코스닥,특수 목적용 기계 제조업,3290,-20,-0.60,2026-10-06 14:46
0197V0,엔에이치스팩34호,코스닥,금융 지원 서비스업,1918,4,0.21,2026-10-06 14:46
019990,에너토크,코스닥,일반 목적용 기계 제조업,5310,90,1.72,2026-10-06 14:46
020000,한섬,유가,봉제의복 제조업,21450,-500,-2.28,2026-10-06 14:46
0200G0,한국제17호스팩,코스닥,금융 지원 서비스업,1918,2,0.10,2026-10-06 14:46
020120,키다리스튜디오,유가,"자료처리, 호스팅, 포털 및 기타 인터넷 정보매개 서비스업",7210,-1080,-13.03,2026-10-06 14:46
020150,롯데에너지머티리얼즈,유가,전자부품 제조업,54100,3300,6.50,2026-10-06 14:46
020180,대신정보통신,코스닥,"컴퓨터 프로그래밍, 시스템 통합 및 관리업",3865,5,0.13,2026-10-06 14:46
0203K0,송우인포텍,코넥스,소프트웨어 개발 및 공급업,10850,0,0.00,2026-10-06 14:46
020400,대동금속,코스닥,금속 주조업,2615,-70,-2.61,2026-10-06 14:46
020560,아시아나항공,유가,항공 여객 운송업,8220,50,0.61,2026-10-06 14:46
020710,시공테크,코스닥,전문디자인업,3620,-10,-0.28,2026-10-06 14:46
020760,일진디스플,유가,반도체 제조업,902,0,0.00,2026-10-06 14:46
0209J0,KB제34호스팩,코스닥,금융 지원 서비스업,1908,5,0.26,2026-10-06 14:46
021040,대호특수강,코스닥,1차 철강 제조업,937,-3,-0.32,2026-10-06 14:46
021045,대호특수강우,코스닥,1차 철강 제조업,2025,31,1.55,2026-10-06 14:46
021050,서원,유가,금속 주조업,1144,19,1.69,2026-10-06 14:46
021080,에이티넘인베스트,코스닥,신탁업 및 집합투자업,2035,-55,-2.63,2026-10-06 14:46
021240,코웨이,유가,그외 기타 개인 서비스업,100200,-1400,-1.38,2026-10-06 14:46
021320,KCC건설,코스닥,건물 건설업,5580,-30,-0.53,2026-10-06 14:46
021650,한국큐빅,코스닥,플라스틱제품 제조업,1931,-8,-0.41,2026-10-06 14:46
021820,세원정공,유가,자동차 신품 부품 제조업,10480,-140,-1.32,2026-10-06 14:46
021880,메이슨캐피탈,코스닥,기타 금융업,1160,1,0.09,2026-10-06 14:46
0218L0,네오뷰,코스닥,영상 및 음향기기 제조업,12610,-290,-2.25,2026-10-06 14:46
0220W0,한화머시너리앤서비스홀딩스,유가,기타 금융업,5720,60,1.06,2026-10-06 14:46
022100,포스코DX,유가,"건축기술, 엔지니어링 및 관련 기술 서비스업",21950,1100,5.28,2026-10-06 14:46
022220,티케이지애강,코스닥,플라스틱제품 제조업,823,3,0.37,2026-10-06 14:46
023000,삼원강재,유가,자동차 신품 부품 제조업,2195,-15,-0.68,2026-10-06 14:46
023150,MH에탄올,유가,알코올음료 제조업,4480,-10,-0.22,2026-10-06 14:46
023160,태광,코스닥,1차 철강 제조업,26800,-1150,-4.11,2026-10-06 14:46
023350,한국종합기술,유가,"건축기술, 엔지니어링 및 관련 기술 서비스업",3715,-45,-1.20,2026-10-06 14:46
023410,유진기업,코스닥,"시멘트, 석회, 플라스터 및 그 제품 제조업",3245,-30,-0.92,2026-10-06 14:46
023440,제이스코홀딩스,코스닥,1차 철강 제조업,521,0,0.00,2026-10-06 14:46
023450,동남합성,유가,기초 화학물질 제조업,31750,-250,-0.78,2026-10-06 14:46
023530,롯데쇼핑,유가,종합 소매업,98700,-3400,-3.33,2026-10-06 14:46
023590,다우기술,유가,"자료처리, 호스팅, 포털 및 기타 인터넷 정보매개 서비스업",38150,200,0.53,2026-10-06 14:46
023600,삼보판지,코스닥,"펄프, 종이 및 판지 제조업",9000,20,0.22,2026-10-06 14:46
023760,한국캐피탈,코스닥,기타 금융업,1405,-4,-0.28,2026-10-06 14:46
023770,플레이위드,코스닥,소프트웨어 개발 및 공급업,2735,125,4.79,2026-10-06 14:46
023790,동일스틸럭스,코스닥,1차 철강 제조업,1615,23,1.44,2026-10-06 14:46
023800,인지컨트롤스,유가,자동차 신품 부품 제조업,5040,-10,-0.20,2026-10-06 14:46
023810,인팩,유가,자동차 신품 부품 제조업,5300,-90,-1.67,2026-10-06 14:46
023900,풍국주정,코스닥,알코올음료 제조업,7170,-100,-1.38,2026-10-06 14:46
023910,대한약품,코스닥,의약품 제조업,25950,-150,-0.57,2026-10-06 14:46
023960,에쓰씨엔지니어링,유가,토목 건설업,1004,2,0.20,2026-10-06 14:46
024060,흥구석유,코스닥,기타 전문 도매업,12250,0,0.00,2026-10-06 14:46
024070,WISCOM,유가,플라스틱제품 제조업,1981,-5,-0.25,2026-10-06 14:46
024090,디씨엠,유가,1차 철강 제조업,11460,-20,-0.17,2026-10-06 14:46
024110,기업은행,유가,은행 및 저축기관,20150,-50,-0.25,2026-10-06 14:46
024120,KB오토시스,코스닥,자동차 신품 부품 제조업,3050,-25,-0.81,2026-10-06 14:46
024720,콜마홀딩스,유가,기타 금융업,9240,-50,-0.54,2026-10-06 14:46
024740,한일단조,코스닥,자동차 신품 부품 제조업,2170,-70,-3.13,2026-10-06 14:46
024800,유성티엔에스,코스닥,육상 여객 운송업,4275,-95,-2.17,2026-10-06 14:46
024830,세원물산,코스닥,자동차 신품 부품 제조업,8110,-90,-1.10,2026-10-06 14:46
024840,KBI메탈,코스닥,1차 비철금속 제조업,6320,-110,-1.71,2026-10-06 14:46
024850,HLB이노베이션,코스닥,전자부품 제조업,17830,1540,9.45,2026-10-06 14:46
024880,케이피에프,코스닥,기타 금속 가공제품 제조업,3890,-85,-2.14,2026-10-06 14:46
024890,대원화성,유가,플라스틱제품 제조업,1380,-48,-3.36,2026-10-06 14:46
024900,디와이덕양,유가,자동차 신품 부품 제조업,2225,15,0.68,2026-10-06 14:46
024910,경창산업,코스닥,자동차 신품 부품 제조업,1509,3,0.20,2026-10-06 14:46
024940,PN풍년,코스닥,생활용품 도매업,2060,45,2.23,2026-10-06 14:46
024950,삼천리자전거,코스닥,생활용품 도매업,4180,5,0.12,2026-10-06 14:46
025000,KPX케미칼,유가,기초 화학물질 제조업,57500,900,1.59,2026-10-06 14:46
025320,시노펙스,코스닥,전자부품 제조업,4000,15,0.38,2026-10-06 14:46
025440,DH오토웨어,코스닥,영상 및 음향기기 제조업,3195,-35,-1.08,2026-10-06 14:46
025530,SJM홀딩스,유가,자동차 부품 및 내장품 판매업,3640,10,0.28,2026-10-06 14:46
025540,한국단자,유가,"전동기, 발전기 및 전기 변환 · 공급 · 제어 장치 제조업",55200,-900,-1.60,2026-10-06 14:46
025550,한국선재,코스닥,1차 철강 제조업,2365,35,1.50,2026-10-06 14:46
025560,미래산업,유가,"측정, 시험, 항해, 제어 및 기타 정밀기기 제조업; 광학기기 제외",8600,250,2.99,2026-10-06 14:46
025620,차AI헬스케어,유가,기타 화학제품 제조업,5470,230,4.39,2026-10-06 14:46
025750,한솔홈데코,유가,제재 및 목재 가공업,1898,-1,-0.05,2026-10-06 14:46
025770,한국정보통신,코스닥,전기 통신업,7820,-10,-0.13,2026-10-06 14:46
025820,이구산업,유가,1차 비철금속 제조업,4285,-35,-0.81,2026-10-06 14:46
025860,남해화학,유가,"비료, 농약 및 살균, 살충제 제조업",6020,20,0.33,2026-10-06 14:46
025870,신라에스지,코스닥,음·식료품 및 담배 도매업,1059,0,0.00,2026-10-06 14:46
025880,케이씨피드,코스닥,동물용 사료 및 조제식품 제조업,2325,5,0.22,2026-10-06 14:46
025890,한국주강,유가,특수 목적용 기계 제조업,2635,10,0.38,2026-10-06 14:46
025900,동화기업,코스닥,나무제품 제조업,7550,130,1.75,2026-10-06 14:46
025950,동신건설,코스닥,토목 건설업,10020,0,0.00,2026-10-06 14:46
025980,아난티,코스닥,일반 및 생활 숙박시설 운영업,5010,-80,-1.57,2026-10-06 14:46
026040,제이에스티나,코스닥,귀금속 및 장신용품 제조업,2160,-65,-2.92,2026-10-06 14:46
026150,특수건설,코스닥,토목 건설업,3910,-15,-0.38,2026-10-06 14:46
026890,스틱인베스트먼트,유가,신탁업 및 집합투자업,7890,30,0.38,2026-10-06 14:46
026910,광진실업,코스닥,1차 철강 제조업,2280,265,13.15,2026-10-06 14:46
026940,부국철강,유가,1차 철강 제조업,2095,-25,-1.18,2026-10-06 14:46
026960,동서,유가,음·식료품 및 담배 도매업,26250,-1450,-5.23,2026-10-06 14:46
027040,서울전자통신,코스닥,"전동기, 발전기 및 전기 변환 · 공급 · 제어 장치 제조업",2020,290,16.76,2026-10-06 14:46
027050,코리아나,코스닥,기타 화학제품 제조업,1282,3,0.23,2026-10-06 14:46
027360,아주IB투자,코스닥,기타 금융업,4045,105,2.66,2026-10-06 14:46
027410,BGF,유가,기타 금융업,3710,-10,-0.27,2026-10-06 14:46
027580,상보,코스닥,플라스틱제품 제조업,1928,5,0.26,2026-10-06 14:46
027710,팜스토리,코스닥,동물용 사료 및 조제식품 제조업,1087,-32,-2.86,2026-10-06 14:46
027740,마니커,유가,"도축, 육류 가공 및 저장 처리업",1120,-36,-3.11,2026-10-06 14:46
027830,대성창투,코스닥,신탁업 및 집합투자업,735,49,7.14,2026-10-06 14:46
027970,한국제지,유가,"펄프, 종이 및 판지 제조업",2690,-20,-0.74,2026-10-06 14:46
028050,삼성E&A,유가,"건축기술, 엔지니어링 및 관련 기술 서비스업",47750,0,0.00,2026-10-06 14:46
028080,휴맥스홀딩스,코스닥,"컴퓨터 프로그래밍, 시스템 통합 및 관리업",5170,0,0.00,2026-10-06 14:46
028100,동아지질,유가,기반조성 및 시설물 축조관련 전문공사업,19620,-160,-0.81,2026-10-06 14:46
028260,삼성물산,유가,기타 전문 도매업,342000,-4000,-1.16,2026-10-06 14:46
028300,HLB,코스닥,의료용품 및 기타 의약 관련제품 제조업,47400,6950,17.18,2026-10-06 14:46
028670,팬오션,유가,해상 운송업,5950,-290,-4.65,2026-10-06 14:46
029460,케이씨,유가,"측정, 시험, 항해, 제어 및 기타 정밀기기 제조업; 광학기기 제외",45200,1200,2.73,2026-10-06 14:46
029480,광무,코스닥,통신 및 방송 장비 제조업,1388,11,0.80,2026-10-06 14:46
029530,신도리코,유가,컴퓨터 및 주변장치 제조업,38950,0,0.00,2026-10-06 14:46
029780,삼성카드,유가,기타 금융업,41650,-300,-0.72,2026-10-06 14:46
030000,제일기획,유가,광고업,18620,-80,-0.43,2026-10-06 14:46
030190,NICE평가정보,유가,기타 정보 서비스업,16160,-110,-0.68,2026-10-06 14:46
030200,KT,유가,전기 통신업,51500,-400,-0.77,2026-10-06 14:46
030210,다올투자증권,유가,금융 지원 서비스업,3920,35,0.90,2026-10-06 14:46
030350,드래곤플라이,코스닥,소프트웨어 개발 및 공급업,973,0,0.00,2026-10-06 14:46
030520,한컴,코스닥,소프트웨어 개발 및 공급업,18360,1180,6.87,2026-10-06 14:46
030530,원익홀딩스,코스닥,기초 화학물질 제조업,30450,1250,4.28,2026-10-06 14:46
030610,교보증권,유가,금융 지원 서비스업,9900,-10,-0.10,2026-10-06 14:46
030720,동원수산,유가,어로 어업,4560,-105,-2.25,2026-10-06 14:46
030960,양지사,코스닥,인쇄 및 인쇄관련 산업,4645,-115,-2.42,2026-10-06 14:46
031210,서울보증보험,유가,보험업,41850,-200,-0.48,2026-10-06 14:46
031310,아이즈비전,코스닥,전기 통신업,1002,-5,-0.50,2026-10-06 14:46
031330,에스에이엠티,코스닥,기계장비 및 관련 물품 도매업,8860,10,0.11,2026-10-06 14:46
031430,신세계인터내셔날,유가,"섬유, 의복, 신발 및 가죽제품 소매업",10460,10,0.10,2026-10-06 14:46
031510,오스템,코스닥,자동차 신품 부품 제조업,1115,-2,-0.18,2026-10-06 14:46
031820,아이티센씨티에스,유가,"컴퓨터 프로그래밍, 시스템 통합 및 관리업",5800,80,1.40,2026-10-06 14:46
031860,디에이치엑스컴퍼니,코스닥,상품 종합 도매업,6930,0,0.00,2026-10-06 14:46
031980,피에스케이홀딩스,코스닥,특수 목적용 기계 제조업,196600,3000,1.55,2026-10-06 14:46
032080,아즈텍WB,코스닥,"섬유제품 염색, 정리 및 마무리 가공업",1010,0,0.00,2026-10-06 14:46
032190,다우데이타,코스닥,기계장비 및 관련 물품 도매업,19130,210,1.11,2026-10-06 14:46
032280,삼일,코스닥,도로 화물 운송업,1312,3,0.23,2026-10-06 14:46
032300,한국파마,코스닥,의약품 제조업,8580,-140,-1.61,2026-10-06 14:46
032350,롯데관광개발,유가,여행사 및 기타 여행보조 서비스업,10830,-50,-0.46,2026-10-06 14:46
032500,케이엠더블유,코스닥,통신 및 방송 장비 제조업,20850,-250,-1.18,2026-10-06 14:46
032540,TJ미디어,코스닥,영상 및 음향기기 제조업,3745,-55,-1.45,2026-10-06 14:46
032560,황금에스티,유가,1차 비철금속 제조업,5540,40,0.73,2026-10-06 14:46
032580,피델릭스,코스닥,반도체 제조업,7830,410,5.53,2026-10-06 14:46
032620,GC메디아이,코스닥,소프트웨어 개발 및 공급업,3245,15,0.46,2026-10-06 14:46
032640,LG유플러스,유가,전기 통신업,14470,-80,-0.55,2026-10-06 14:46
032680,소프트센,코스닥,기타 정보 서비스업,1000,-5,-0.50,2026-10-06 14:46
032685,소프트센우,코스닥,기타 정보 서비스업,7170,1440,25.13,2026-10-06 14:46
032750,삼진,코스닥,통신 및 방송 장비 제조업,2910,-15,-0.51,2026-10-06 14:46
032790,엠젠솔루션,코스닥,기계장비 및 관련 물품 도매업,1214,-23,-1.86,2026-10-06 14:46
032800,판타지오,코스닥,창작 및 예술관련 서비스업,1496,-9,-0.60,2026-10-06 14:46
032820,우리기술,코스닥,"전동기, 발전기 및 전기 변환 · 공급 · 제어 장치 제조업",12840,140,1.10,2026-10-06 14:46
032830,삼성생명,유가,보험업,282500,-6500,-2.25,2026-10-06 14:46
032850,비트컴퓨터,코스닥,소프트웨어 개발 및 공급업,4085,-90,-2.16,2026-10-06 14:46
032860,더라미,코스닥,"해체, 선별 및 원료 재생업",3075,240,8.47,2026-10-06 14:46
032940,원익,코스닥,기계장비 및 관련 물품 도매업,9300,-30,-0.32,2026-10-06 14:46
032960,동일기연,코스닥,전자부품 제조업,2660,-25,-0.93,2026-10-06 14:46
033050,제이엠아이,코스닥,기타 화학제품 제조업,816,6,0.74,2026-10-06 14:46
033100,제룡전기,코스닥,"전동기, 발전기 및 전기 변환 · 공급 · 제어 장치 제조업",50300,900,1.82,2026-10-06 14:46
033130,디지틀조선,코스닥,"자료처리, 호스팅, 포털 및 기타 인터넷 정보매개 서비스업",1705,-12,-0.70,2026-10-06 14:46
033160,엠케이전자,코스닥,전자부품 제조업,19320,-630,-3.16,2026-10-06 14:46
033170,시그네틱스,코스닥,반도체 제조업,3370,290,9.42,2026-10-06 14:46
033200,모아텍,코스닥,전자부품 제조업,2420,10,0.41,2026-10-06 14:46
033230,인성정보,코스닥,"컴퓨터 프로그래밍, 시스템 통합 및 관리업",1142,39,3.54,2026-10-06 14:46
033240,자화전자,유가,전자부품 제조업,28300,250,0.89,2026-10-06 14:46
033250,체시스,유가,자동차 신품 부품 제조업,4075,-125,-2.98,2026-10-06 14:46
033270,유나이티드제약,유가,의약품 제조업,17660,130,0.74,2026-10-06 14:46
033290,로젠,코스닥,"섬유, 의복, 신발 및 가죽제품 소매업",1519,-11,-0.72,2026-10-06 14:46
033310,엠투엔,코스닥,전자부품 제조업,1440,-28,-1.91,2026-10-06 14:46
033320,제이씨현시스템,코스닥,기계장비 및 관련 물품 도매업,3190,10,0.31,2026-10-06 14:46
033340,좋은사람들,코스닥,봉제의복 제조업,460,0,0.00,2026-10-06 14:46
033500,동성화인텍,코스닥,기초 화학물질 제조업,16190,-180,-1.10,2026-10-06 14:46
033530,SJG세종,유가,자동차 신품 부품 제조업,6820,0,0.00,2026-10-06 14:46
033540,파라텍,코스닥,특수 목적용 기계 제조업,2705,15,0.56,2026-10-06 14:46
033560,블루콤,코스닥,영상 및 음향기기 제조업,5570,260,4.90,2026-10-06 14:46
033640,네패스,코스닥,반도체 제조업,32500,1300,4.17,2026-10-06 14:46
033780,KT&G,유가,담배 제조업,176000,-900,-0.51,2026-10-06 14:46
033790,피노,코스닥,일차전지 및 이차전지 제조업,10210,80,0.79,2026-10-06 14:46
033830,티비씨,코스닥,텔레비전 방송업,1700,12,0.71,2026-10-06 14:46
033920,무학,유가,알코올음료 제조업,7260,-70,-0.95,2026-10-06 14:46
034020,두산에너빌리티,유가,일반 목적용 기계 제조업,81000,-100,-0.12,2026-10-06 14:46
034120,SBS,유가,텔레비전 방송업,11580,10,0.09,2026-10-06 14:46
034220,LG디스플레이,유가,전자부품 제조업,8560,-10,-0.12,2026-10-06 14:46
034230,파라다이스,유가,유원지 및 기타 오락관련 서비스업,9380,50,0.54,2026-10-06 14:46
034310,NICE,유가,회사 본부 및 경영 컨설팅 서비스업,11710,-30,-0.26,2026-10-06 14:46
034590,인천도시가스,유가,연료용 가스 제조 및 배관공급업,26200,-100,-0.38,2026-10-06 14:46
034730,SK,유가,기타 금융업,583000,-1000,-0.17,2026-10-06 14:46
034810,해성산업,코스닥,기타 금융업,5880,-70,-1.18,2026-10-06 14:46
034830,한국토지신탁,유가,신탁업 및 집합투자업,1106,-18,-1.60,2026-10-06 14:46
034940,조아제약,코스닥,의약품 제조업,2540,-115,-4.33,2026-10-06 14:46
034950,한국기업평가,코스닥,기타 사업지원 서비스업,102500,-300,-0.29,2026-10-06 14:46
035000,HS애드,유가,광고업,6150,-10,-0.16,2026-10-06 14:46
035080,그래디언트,코스닥,무점포 소매업,11460,-130,-1.12,2026-10-06 14:46
035150,백산,유가,플라스틱제품 제조업,10570,100,0.96,2026-10-06 14:46
035200,프럼파스트,코스닥,플라스틱제품 제조업,2530,-20,-0.78,2026-10-06 14:46
035250,강원랜드,유가,유원지 및 기타 오락관련 서비스업,14280,-10,-0.07,2026-10-06 14:46
035290,골드앤에스,코스닥,"서적, 잡지 및 기타 인쇄물 출판업",384,0,0.00,2026-10-06 14:46
035420,NAVER,유가,"자료처리, 호스팅, 포털 및 기타 인터넷 정보매개 서비스업",190500,-1700,-0.88,2026-10-06 14:46
035460,기산텔레콤,코스닥,통신 및 방송 장비 제조업,2635,-5,-0.19,2026-10-06 14:46
035510,신세계 I&C,유가,"컴퓨터 프로그래밍, 시스템 통합 및 관리업",15710,250,1.62,2026-10-06 14:46
035600,KG이니시스,코스닥,소프트웨어 개발 및 공급업,9680,-70,-0.72,2026-10-06 14:46
035610,솔본,코스닥,회사 본부 및 경영 컨설팅 서비스업,4890,-5,-0.10,2026-10-06 14:46
035620,바른손이앤에이,코스닥,"영화, 비디오물, 방송프로그램 제작 및 배급업",595,-13,-2.14,2026-10-06 14:46
035720,카카오,유가,"자료처리, 호스팅, 포털 및 기타 인터넷 정보매개 서비스업",33500,50,0.15,2026-10-06 14:46
035760,CJ ENM,코스닥,텔레비전 방송업,34150,-1050,-2.98,2026-10-06 14:46
035810,이지홀딩스,코스닥,동물용 사료 및 조제식품 제조업,4440,-100,-2.20,2026-10-06 14:46
035890,서희건설,코스닥,건물 건설업,2235,20,0.90,2026-10-06 14:46
035900,JYP Ent.,코스닥,오디오물 출판 및 원판 녹음업,37900,500,1.34,2026-10-06 14:46
036000,예림당,코스닥,"서적, 잡지 및 기타 인쇄물 출판업",2685,10,0.37,2026-10-06 14:46
036010,아비코전자,코스닥,전자부품 제조업,8280,-60,-0.72,2026-10-06 14:46
036030,케이티알파,코스닥,상품 중개업,4945,-55,-1.10,2026-10-06 14:46
036090,위지트,코스닥,특수 목적용 기계 제조업,1420,-21,-1.46,2026-10-06 14:46
036120,서울평가정보,코스닥,기타 정보 서비스업,1547,-3,-0.19,2026-10-06 14:46
036170,에이치엠넥스,코스닥,반도체 제조업,3105,85,2.81,2026-10-06 14:46
036190,금화피에스시,코스닥,전기 및 통신 공사업,33250,-750,-2.21,2026-10-06 14:46
036200,유니셈,코스닥,특수 목적용 기계 제조업,10960,120,1.11,2026-10-06 14:46
036220,오상헬스케어,코스닥,의료용 기기 제조업,6460,60,0.94,2026-10-06 14:46
036420,콘텐트리중앙,유가,"영화, 비디오물, 방송프로그램 제작 및 배급업",1569,-15,-0.95,2026-10-06 14:46
036460,한국가스공사,유가,연료용 가스 제조 및 배관공급업,36000,0,0.00,2026-10-06 14:46
036480,대성미생물,코스닥,의약품 제조업,6000,-60,-0.99,2026-10-06 14:46
036530,SNT홀딩스,유가,기타 금융업,44750,-550,-1.21,2026-10-06 14:46
036540,SFA반도체,코스닥,반도체 제조업,11760,390,3.43,2026-10-06 14:46
036560,KZ정밀,코스닥,일반 목적용 기계 제조업,11920,-80,-0.67,2026-10-06 14:46
036570,NC,유가,소프트웨어 개발 및 공급업,223500,-17500,-7.26,2026-10-06 14:46
036580,팜스코,유가,"곡물가공품, 전분 및 전분제품 제조업",2445,-35,-1.41,2026-10-06 14:46
036620,감성코퍼레이션,코스닥,기타 전문 도매업,3760,35,0.94,2026-10-06 14:46
036630,세종텔레콤,코스닥,전기 및 통신 공사업,7720,10,0.13,2026-10-06 14:46
036640,HRS,코스닥,합성고무 및 플라스틱 물질 제조업,4990,60,1.22,2026-10-06 14:46
036670,삼양케이씨아이,코스닥,기타 화학제품 제조업,5070,10,0.20,2026-10-06 14:46
036690,코맥스,코스닥,통신 및 방송 장비 제조업,2885,0,0.00,2026-10-06 14:46
036710,심텍홀딩스,코스닥,회사 본부 및 경영 컨설팅 서비스업,5180,220,4.44,2026-10-06 14:46
036800,나이스정보통신,코스닥,전기 통신업,8300,-130,-1.54,2026-10-06 14:46
036810,에프에스티,코스닥,전자부품 제조업,35950,250,0.70,2026-10-06 14:46
036830,솔브레인홀딩스,코스닥,회사 본부 및 경영 컨설팅 서비스업,49400,600,1.23,2026-10-06 14:46
036890,진성티이씨,코스닥,특수 목적용 기계 제조업,11210,-190,-1.67,2026-10-06 14:46
036930,주성엔지니어링,코스닥,특수 목적용 기계 제조업,276500,39500,16.67,2026-10-06 14:46
037030,파워넷,코스닥,"전동기, 발전기 및 전기 변환 · 공급 · 제어 장치 제조업",4135,50,1.22,2026-10-06 14:46
037070,파세코,코스닥,가정용 기기 제조업,6760,-30,-0.44,2026-10-06 14:46
037230,한국팩키지,코스닥,"골판지, 종이 상자 및 종이용기 제조업",1325,3,0.23,2026-10-06 14:46
037270,YG PLUS,유가,"자료처리, 호스팅, 포털 및 기타 인터넷 정보매개 서비스업",3100,0,0.00,2026-10-06 14:46
037330,인지디스플레,코스닥,전자부품 제조업,722,38,5.56,2026-10-06 14:46
037350,성도이엔지,코스닥,"건축기술, 엔지니어링 및 관련 기술 서비스업",8490,70,0.83,2026-10-06 14:46
037370,EG,코스닥,기초 화학물질 제조업,4200,-75,-1.75,2026-10-06 14:46
037400,우리엔터프라이즈,코스닥,상품 종합 도매업,3325,-35,-1.04,2026-10-06 14:46
037440,희림,코스닥,"건축기술, 엔지니어링 및 관련 기술 서비스업",4080,-45,-1.09,2026-10-06 14:46
037460,삼지전자,코스닥,통신 및 방송 장비 제조업,32600,-650,-1.95,2026-10-06 14:46
037560,LG헬로비전,유가,텔레비전 방송업,1557,25,1.63,2026-10-06 14:46
037710,광주신세계,유가,종합 소매업,33700,-500,-1.46,2026-10-06 14:46
037760,쎄니트,코스닥,1차 철강 제조업,2485,0,0.00,2026-10-06 14:46
037950,엘컴텍,코스닥,전자부품 제조업,2750,0,0.00,2026-10-06 14:46
038010,제일테크노스,코스닥,"구조용 금속제품, 탱크 및 증기발생기 제조업",5470,-20,-0.36,2026-10-06 14:46
038060,루멘스바이오스,코스닥,반도체 제조업,689,0,0.00,2026-10-06 14:46
038070,서린바이오,코스닥,기타 전문 도매업,4105,75,1.86,2026-10-06 14:46
038110,에코플라스틱,코스닥,자동차 신품 부품 제조업,2050,-10,-0.49,2026-10-06 14:46
038290,마크로젠,코스닥,"그외 기타 전문, 과학 및 기술 서비스업",12520,-70,-0.56,2026-10-06 14:46
038390,레드캡투어,코스닥,여행사 및 기타 여행보조 서비스업,9980,50,0.50,2026-10-06 14:46
038460,바이오스마트,코스닥,전자부품 제조업,2870,-15,-0.52,2026-10-06 14:46
038500,삼표시멘트,코스닥,기타 비금속 광물제품 제조업,6760,-20,-0.29,2026-10-06 14:46
038530,케이바이오랩스,코스닥,생활용품 도매업,3780,-5,-0.13,2026-10-06 14:46
038540,상상인,코스닥,"컴퓨터 프로그래밍, 시스템 통합 및 관리업",2005,115,6.08,2026-10-06 14:46
038620,위즈코프,코스닥,연료 소매업,2110,0,0.00,2026-10-06 14:46
038680,에스넷,코스닥,"컴퓨터 프로그래밍, 시스템 통합 및 관리업",3925,100,2.61,2026-10-06 14:46
038870,에코심플렉스,코스닥,사업시설 유지·관리 서비스업,2130,55,2.65,2026-10-06 14:46
038880,아이에이,코스닥,전자부품 제조업,3560,160,4.71,2026-10-06 14:46
038950,파인디지털,코스닥,통신 및 방송 장비 제조업,2895,0,0.00,2026-10-06 14:46
039010,현대에이치티,코스닥,통신 및 방송 장비 제조업,8170,-170,-2.04,2026-10-06 14:46
039020,이건홀딩스,코스닥,제재 및 목재 가공업,2610,-45,-1.69,2026-10-06 14:46
039030,이오테크닉스,코스닥,특수 목적용 기계 제조업,544000,12000,2.26,2026-10-06 14:46
039130,하나투어,유가,여행사 및 기타 여행보조 서비스업,29950,50,0.17,2026-10-06 14:46
039200,오스코텍,코스닥,의약품 제조업,39050,2450,6.69,2026-10-06 14:46
039240,경남스틸,코스닥,1차 철강 제조업,1957,8,0.41,2026-10-06 14:46
039290,인포뱅크,코스닥,기타 정보 서비스업,4165,-10,-0.24,2026-10-06 14:46
039310,세중,코스닥,소프트웨어 개발 및 공급업,1210,0,0.00,2026-10-06 14:46
039340,한국경제TV,코스닥,텔레비전 방송업,4820,0,0.00,2026-10-06 14:46
039420,케이엘넷,코스닥,전기 통신업,2640,-20,-0.75,2026-10-06 14:46
039440,에스티아이,코스닥,특수 목적용 기계 제조업,25900,50,0.19,2026-10-06 14:46
039490,키움증권,유가,금융 지원 서비스업,252500,-7000,-2.70,2026-10-06 14:46
039560,다산네트웍스,코스닥,통신 및 방송 장비 제조업,3005,10,0.33,2026-10-06 14:46
039570,HDC랩스,유가,전기 및 통신 공사업,7430,-60,-0.80,2026-10-06 14:46
039610,화성밸브,코스닥,일반 목적용 기계 제조업,6740,430,6.81,2026-10-06 14:46
039740,한국정보공학,코스닥,기타 전문 도매업,2945,-30,-1.01,2026-10-06 14:46
039830,오로라,코스닥,전문디자인업,14930,-780,-4.96,2026-10-06 14:46
039840,디오,코스닥,의료용 기기 제조업,9950,-190,-1.87,2026-10-06 14:46
039860,나노엔텍,코스닥,의료용 기기 제조업,4610,55,1.21,2026-10-06 14:46
039980,폴라리스AI,코스닥,"컴퓨터 프로그래밍, 시스템 통합 및 관리업",5180,100,1.97,2026-10-06 14:46
040160,누리플렉스,코스닥,소프트웨어 개발 및 공급업,6500,270,4.33,2026-10-06 14:46
040300,YTN,코스닥,"영화, 비디오물, 방송프로그램 제작 및 배급업",2275,-15,-0.66,2026-10-06 14:46
040350,크레오에스지,코스닥,"컴퓨터 프로그래밍, 시스템 통합 및 관리업",3395,5,0.15,2026-10-06 14:46
040420,정상제이엘에스,코스닥,일반 교습 학원,5820,-20,-0.34,2026-10-06 14:46
040610,SG&G,코스닥,자동차 신품 부품 제조업,3220,20,0.63,2026-10-06 14:46
040910,아이씨디,코스닥,특수 목적용 기계 제조업,4175,10,0.24,2026-10-06 14:46
041020,폴라리스오피스,코스닥,소프트웨어 개발 및 공급업,3230,40,1.25,2026-10-06 14:46
041190,우리기술투자,코스닥,기타 금융업,6220,-160,-2.51,2026-10-06 14:46
041440,현대에버다임,코스닥,특수 목적용 기계 제조업,6610,-10,-0.15,2026-10-06 14:46
041460,한국전자인증,코스닥,소프트웨어 개발 및 공급업,3435,130,3.93,2026-10-06 14:46
041510,에스엠,코스닥,오디오물 출판 및 원판 녹음업,77900,-1300,-1.64,2026-10-06 14:46
041520,이엘씨,코스닥,"측정, 시험, 항해, 제어 및 기타 정밀기기 제조업; 광학기기 제외",13050,30,0.23,2026-10-06 14:46
041590,플래스크,코스닥,실내건축 및 건축마무리 공사업,2370,0,0.00,2026-10-06 14:46
041650,상신브레이크,유가,자동차 신품 부품 제조업,2190,10,0.46,2026-10-06 14:46
041830,인바디,코스닥,의료용 기기 제조업,51900,-200,-0.38,2026-10-06 14:46
041910,폴라리스AI파마,코스닥,의약품 제조업,5680,210,3.84,2026-10-06 14:46
041920,메디아나,코스닥,의료용 기기 제조업,10220,60,0.59,2026-10-06 14:46
041930,SY동아,코스닥,고무제품 제조업,4960,-25,-0.50,2026-10-06 14:46
041960,코미팜,코스닥,의약품 제조업,10390,510,5.16,2026-10-06 14:46
042000,카페24,코스닥,"자료처리, 호스팅, 포털 및 기타 인터넷 정보매개 서비스업",23150,2450,11.84,2026-10-06 14:46
042040,케이피엠테크,코스닥,기타 전문 도매업,5000,15,0.30,2026-10-06 14:46
042110,에스씨디,코스닥,가정용 기기 제조업,1039,17,1.66,2026-10-06 14:46
042370,비츠로테크,코스닥,기타 금융업,11690,350,3.09,2026-10-06 14:46
042420,네오위즈홀딩스,코스닥,소프트웨어 개발 및 공급업,22000,-300,-1.35,2026-10-06 14:46
042500,링네트,코스닥,"컴퓨터 프로그래밍, 시스템 통합 및 관리업",4365,125,2.95,2026-10-06 14:46
042510,라온시큐어,코스닥,소프트웨어 개발 및 공급업,14870,3430,29.98,2026-10-06 14:46
042520,한스바이오메드,코스닥,의료용품 및 기타 의약 관련제품 제조업,22150,900,4.24,2026-10-06 14:46
042600,새로닉스,코스닥,전자부품 제조업,12000,860,7.72,2026-10-06 14:46
042660,한화오션,유가,선박 및 보트 건조업,77200,-1600,-2.03,2026-10-06 14:46
042700,한미반도체,유가,특수 목적용 기계 제조업,275500,3500,1.29,2026-10-06 14:46
042940,상지건설,코스닥,건물 건설업,5230,-90,-1.69,2026-10-06 14:46
043100,알파AI,코스닥,의료용 기기 제조업,520,0,0.00,2026-10-06 14:46
043150,바텍,코스닥,의료용 기기 제조업,17580,-200,-1.12,2026-10-06 14:46
043200,파루,코스닥,"전동기, 발전기 및 전기 변환 · 공급 · 제어 장치 제조업",1247,2,0.16,2026-10-06 14:46
043220,티에스넥스젠,코스닥,특수 목적용 기계 제조업,1710,0,0.00,2026-10-06 14:46
043260,성호전자,코스닥,전자부품 제조업,32350,1150,3.69,2026-10-06 14:46
043340,에쎈테크,코스닥,일반 목적용 기계 제조업,597,8,1.36,2026-10-06 14:46
043360,디지아이,코스닥,컴퓨터 및 주변장치 제조업,2225,-55,-2.41,2026-10-06 14:46
043370,피에이치에이,코스닥,자동차 신품 부품 제조업,11080,-260,-2.29,2026-10-06 14:46
043590,웰킵스하이텍,코스닥,반도체 제조업,1619,-26,-1.58,2026-10-06 14:46
043610,KT지니뮤직,코스닥,영상·오디오물 제공 서비스업,1055,0,0.00,2026-10-06 14:46
043650,국순당,코스닥,알코올음료 제조업,3495,-15,-0.43,2026-10-06 14:46
043710,코스리거글로벌,코스닥,기타 전문 도매업,3080,15,0.49,2026-10-06 14:46
043910,자연과환경,코스닥,"시멘트, 석회, 플라스터 및 그 제품 제조업",3210,25,0.78,2026-10-06 14:46
044180,KD,코스닥,건물 건설업,205,0,0.00,2026-10-06 14:46
044340,위닉스,코스닥,가정용 기기 제조업,2765,-125,-4.33,2026-10-06 14:46
044380,주연테크,유가,컴퓨터 및 주변장치 제조업,436,0,0.00,2026-10-06 14:46
044450,KSS해운,유가,해상 운송업,11920,10,0.08,2026-10-06 14:46
044480,빌리언스,코스닥,창작 및 예술관련 서비스업,3110,70,2.30,2026-10-06 14:46
044490,태웅,코스닥,기타 금속 가공제품 제조업,37450,-500,-1.32,2026-10-06 14:46
044780,에이치케이,코스닥,특수 목적용 기계 제조업,1350,31,2.35,2026-10-06 14:46
044820,코스맥스비티아이,유가,기타 금융업,23450,-1350,-5.44,2026-10-06 14:46
044960,이글벳,코스닥,기타 전문 도매업,3095,15,0.49,2026-10-06 14:46
044990,에이치엔에스하이텍,코스닥,전자부품 제조업,11960,280,2.40,2026-10-06 14:46
045060,오공,코스닥,기타 화학제품 제조업,2095,20,0.96,2026-10-06 14:46
045100,한양이엔지,코스닥,"건축기술, 엔지니어링 및 관련 기술 서비스업",34200,-450,-1.30,2026-10-06 14:46
045300,성우테크론,코스닥,전자부품 제조업,3025,110,3.77,2026-10-06 14:46
045340,토탈소프트,코스닥,소프트웨어 개발 및 공급업,6770,0,0.00,2026-10-06 14:46
045390,대아티아이,코스닥,기타 전기장비 제조업,3050,-65,-2.09,2026-10-06 14:46
045510,정원엔시스,코스닥,기계장비 및 관련 물품 도매업,1211,-13,-1.06,2026-10-06 14:46
045520,크린앤사이언스,코스닥,일반 목적용 기계 제조업,3245,-20,-0.61,2026-10-06 14:46
045660,에이텍,코스닥,일반 목적용 기계 제조업,8510,10,0.12,2026-10-06 14:46
045970,코아시아,코스닥,전자부품 제조업,3850,5,0.13,2026-10-06 14:46
046120,오르비텍,코스닥,기타 과학기술 서비스업,5400,0,0.00,2026-10-06 14:46
046210,HLB파나진,코스닥,의료용품 및 기타 의약 관련제품 제조업,1400,170,13.82,2026-10-06 14:46
046310,백금T&A,코스닥,통신 및 방송 장비 제조업,2350,-5,-0.21,2026-10-06 14:46
046390,삼화네트웍스,코스닥,"영화, 비디오물, 방송프로그램 제작 및 배급업",2090,-10,-0.48,2026-10-06 14:46
046440,KG파이낸셜,코스닥,소프트웨어 개발 및 공급업,3990,-50,-1.24,2026-10-06 14:46
046890,서울반도체,코스닥,반도체 제조업,10900,10,0.09,2026-10-06 14:46
046940,우원개발,코스닥,기반조성 및 시설물 축조관련 전문공사업,2715,-30,-1.09,2026-10-06 14:46
046970,우리로,코스닥,기타 전문 도매업,8630,290,3.48,2026-10-06 14:46
047040,대우건설,유가,건물 건설업,17670,60,0.34,2026-10-06 14:46
047050,포스코인터내셔널,유가,상품 중개업,57200,600,1.06,2026-10-06 14:46
047080,한빛소프트,코스닥,소프트웨어 개발 및 공급업,1082,-7,-0.64,2026-10-06 14:46
047310,파워로직스,코스닥,"전동기, 발전기 및 전기 변환 · 공급 · 제어 장치 제조업",3325,40,1.22,2026-10-06 14:46
047400,유니온머티리얼,유가,"내화, 비내화 요업제품 제조업",890,-23,-2.52,2026-10-06 14:46
047560,이스트소프트,코스닥,소프트웨어 개발 및 공급업,8410,640,8.24,2026-10-06 14:46
047770,코데즈컴바인,코스닥,봉제의복 제조업,3575,-125,-3.38,2026-10-06 14:46
047810,한국항공우주,유가,"항공기,우주선 및 부품 제조업",129100,-4400,-3.30,2026-10-06 14:46
047820,초록뱀미디어,코스닥,"영화, 비디오물, 방송프로그램 제작 및 배급업",3185,5,0.16,2026-10-06 14:46
047920,HLB제약,코스닥,자연과학 및 공학 연구개발업,13010,3000,29.97,2026-10-06 14:46
048410,현대바이오,코스닥,기타 화학제품 제조업,7040,-10,-0.14,2026-10-06 14:46
048430,유라테크,코스닥,"전동기, 발전기 및 전기 변환 · 공급 · 제어 장치 제조업",5850,-30,-0.51,2026-10-06 14:46
048470,대동스틸,코스닥,기타 전문 도매업,2905,125,4.50,2026-10-06 14:46
048530,인트론바이오,코스닥,기초 의약물질 제조업,2800,-5,-0.18,2026-10-06 14:46
048550,SM C&C,코스닥,광고업,1033,1,0.10,2026-10-06 14:46
048770,TPC로보틱스,코스닥,일반 목적용 기계 제조업,4160,35,0.85,2026-10-06 14:46
048830,엔피케이,코스닥,합성고무 및 플라스틱 물질 제조업,1017,-43,-4.06,2026-10-06 14:46
048870,시너지이노베이션,코스닥,의료용 기기 제조업,1584,-14,-0.88,2026-10-06 14:46
048910,대원미디어,코스닥,기타 전문 도매업,7280,150,2.10,2026-10-06 14:46
049070,인탑스,코스닥,통신 및 방송 장비 제조업,19350,600,3.20,2026-10-06 14:46
049080,기가레인,코스닥,전자부품 제조업,10010,340,3.52,2026-10-06 14:46
049120,파인디앤씨,코스닥,전자부품 제조업,2840,25,0.89,2026-10-06 14:46
049180,셀루메드,코스닥,기초 의약물질 제조업,1009,0,0.00,2026-10-06 14:46
049430,코메론,코스닥,"측정, 시험, 항해, 제어 및 기타 정밀기기 제조업; 광학기기 제외",22100,-50,-0.23,2026-10-06 14:46
049470,비트플래닛,코스닥,소프트웨어 개발 및 공급업,2635,-75,-2.77,2026-10-06 14:46
049480,오픈베이스,코스닥,"컴퓨터 프로그래밍, 시스템 통합 및 관리업",2055,77,3.89,2026-10-06 14:46
049520,유아이엘,코스닥,전자부품 제조업,3705,-15,-0.40,2026-10-06 14:46
049550,잉크테크,코스닥,기타 화학제품 제조업,3485,65,1.90,2026-10-06 14:46
049630,재영솔루텍,코스닥,사진장비 및 광학기기 제조업,7430,160,2.20,2026-10-06 14:46
049720,고려신용정보,코스닥,기타 사업지원 서비스업,9030,-100,-1.10,2026-10-06 14:46
049800,우진플라임,유가,특수 목적용 기계 제조업,1975,20,1.02,2026-10-06 14:46
049830,승일,코스닥,기타 금속 가공제품 제조업,6500,50,0.78,2026-10-06 14:46
049950,미래컴퍼니,코스닥,특수 목적용 기계 제조업,11490,-10,-0.09,2026-10-06 14:46
049960,쎌바이오텍,코스닥,기초 의약물질 제조업,15480,-120,-0.77,2026-10-06 14:46
050090,비케이홀딩스,코스닥,광고업,696,0,0.00,2026-10-06 14:46
050110,캠시스,코스닥,전자부품 제조업,1079,0,0.00,2026-10-06 14:46
050120,ES큐브,코스닥,생활용품 도매업,3285,-40,-1.20,2026-10-06 14:46
050760,에스폴리텍,코스닥,플라스틱제품 제조업,1224,37,3.12,2026-10-06 14:46
050860,아세아텍,코스닥,특수 목적용 기계 제조업,1707,8,0.47,2026-10-06 14:46
050890,쏠리드,코스닥,통신 및 방송 장비 제조업,10520,-80,-0.75,2026-10-06 14:46
050960,수산아이앤티,코스닥,소프트웨어 개발 및 공급업,8850,350,4.12,2026-10-06 14:46
051160,지어소프트,코스닥,소프트웨어 개발 및 공급업,13580,670,5.19,2026-10-06 14:46
051360,토비스,코스닥,영상 및 음향기기 제조업,11750,-170,-1.43,2026-10-06 14:46
051370,인터플렉스,코스닥,전자부품 제조업,7480,340,4.76,2026-10-06 14:46
051380,피씨디렉트,코스닥,기계장비 및 관련 물품 도매업,1500,4,0.27,2026-10-06 14:46
051390,YW,코스닥,상품 종합 도매업,3980,0,0.00,2026-10-06 14:46
051490,나라엠앤디,코스닥,특수 목적용 기계 제조업,2645,75,2.92,2026-10-06 14:46
051500,CJ프레시웨이,코스닥,음·식료품 및 담배 도매업,21600,-200,-0.92,2026-10-06 14:46
051600,한전KPS,유가,전기 및 통신 공사업,45100,150,0.33,2026-10-06 14:46
051630,진양화학,유가,플라스틱제품 제조업,1422,-120,-7.78,2026-10-06 14:46
051780,큐로홀딩스,코스닥,음·식료품 및 담배 소매업,2310,-145,-5.91,2026-10-06 14:46
051900,LG생활건강,유가,기타 화학제품 제조업,263000,-8000,-2.95,2026-10-06 14:46
051905,LG생활건강우,유가,기타 화학제품 제조업,92900,-800,-0.85,2026-10-06 14:46
051910,LG화학,유가,기초 화학물질 제조업,276500,14000,5.33,2026-10-06 14:46
051915,LG화학우,유가,기초 화학물질 제조업,120600,4400,3.79,2026-10-06 14:46
051980,중앙첨단소재,코스닥,통신 및 방송 장비 제조업,9940,-360,-3.50,2026-10-06 14:46
052020,에스티큐브,코스닥,기계장비 및 관련 물품 도매업,7910,70,0.89,2026-10-06 14:46
052220,iMBC,코스닥,영상·오디오물 제공 서비스업,1641,-6,-0.36,2026-10-06 14:46
052260,현대바이오랜드,코스닥,기타 화학제품 제조업,4995,-5,-0.10,2026-10-06 14:46
052300,오션인더블유,코스닥,상품 종합 도매업,1574,-14,-0.88,2026-10-06 14:46
052330,코텍,코스닥,영상 및 음향기기 제조업,10400,-10,-0.10,2026-10-06 14:46
052400,코나아이,코스닥,소프트웨어 개발 및 공급업,36900,-800,-2.12,2026-10-06 14:46
052420,오성첨단소재,코스닥,플라스틱제품 제조업,9690,-80,-0.82,2026-10-06 14:46
052460,아이크래프트,코스닥,"컴퓨터 프로그래밍, 시스템 통합 및 관리업",6150,-350,-5.38,2026-10-06 14:46
052600,한네트,코스닥,전기 통신업,2830,-30,-1.05,2026-10-06 14:46
052690,한전기술,유가,"건축기술, 엔지니어링 및 관련 기술 서비스업",127900,800,0.63,2026-10-06 14:46
052710,아모텍,코스닥,전자부품 제조업,22950,2250,10.87,2026-10-06 14:46
052770,아이톡시,코스닥,소프트웨어 개발 및 공급업,312,0,0.00,2026-10-06 14:46
052790,액토즈소프트,코스닥,소프트웨어 개발 및 공급업,4775,45,0.95,2026-10-06 14:46
052860,아이앤씨,코스닥,반도체 제조업,7630,-60,-0.78,2026-10-06 14:46
052900,KX하이텍,코스닥,플라스틱제품 제조업,1217,5,0.41,2026-10-06 14:46
052960,태양3C,코넥스,자동차 부품 및 내장품 판매업,3510,0,0.00,2026-10-06 14:46
053030,바이넥스,코스닥,의약품 제조업,6610,200,3.12,2026-10-06 14:46
053050,지에스이,코스닥,연료용 가스 제조 및 배관공급업,1888,-2,-0.11,2026-10-06 14:46
053060,세동,코스닥,자동차 신품 부품 제조업,1230,7,0.57,2026-10-06 14:46
053080,케이엔솔,코스닥,일반 목적용 기계 제조업,9650,140,1.47,2026-10-06 14:46
053160,프리엠스,코스닥,"전동기, 발전기 및 전기 변환 · 공급 · 제어 장치 제조업",8680,-20,-0.23,2026-10-06 14:46
053210,스카이라이프,유가,텔레비전 방송업,4005,15,0.38,2026-10-06 14:46
053260,금강철강,코스닥,1차 철강 제조업,7190,60,0.84,2026-10-06 14:46
053270,구영테크,코스닥,자동차 신품 부품 제조업,1951,9,0.46,2026-10-06 14:46
053280,예스24,코스닥,무점포 소매업,2805,-75,-2.60,2026-10-06 14:46
053290,NE능률,코스닥,"서적, 잡지 및 기타 인쇄물 출판업",1484,-64,-4.13,2026-10-06 14:46
053300,한국정보인증,코스닥,소프트웨어 개발 및 공급업,5610,420,8.09,2026-10-06 14:46
053350,이니텍,코스닥,소프트웨어 개발 및 공급업,4795,5,0.10,2026-10-06 14:46
053450,세코닉스,코스닥,사진장비 및 광학기기 제조업,3340,-20,-0.60,2026-10-06 14:46
053580,웹케시,코스닥,소프트웨어 개발 및 공급업,7230,220,3.14,2026-10-06 14:46
053610,프로텍,코스닥,특수 목적용 기계 제조업,85400,400,0.47,2026-10-06 14:46
053620,태양,코스닥,기타 금속 가공제품 제조업,6560,-10,-0.15,2026-10-06 14:46
053690,한미글로벌,유가,"건축기술, 엔지니어링 및 관련 기술 서비스업",20650,0,0.00,2026-10-06 14:46
053700,삼보모터스,코스닥,자동차 신품 부품 제조업,4020,20,0.50,2026-10-06 14:46
053800,안랩,코스닥,소프트웨어 개발 및 공급업,90100,13100,17.01,2026-10-06 14:46
053950,경남제약,코스닥,의약품 제조업,2030,34,1.70,2026-10-06 14:46
053980,오상자이엘,코스닥,소프트웨어 개발 및 공급업,2430,-15,-0.61,2026-10-06 14:46
054040,한국컴퓨터,코스닥,전자부품 제조업,4440,10,0.23,2026-10-06 14:46
054050,NH농우바이오,코스닥,작물 재배업,7090,-70,-0.98,2026-10-06 14:46
054090,삼진엘앤디,코스닥,그외 기타 제품 제조업,1002,2,0.20,2026-10-06 14:46
054180,메디콕스,코스닥,선박 및 보트 건조업,2295,0,0.00,2026-10-06 14:46
054210,이랜텍,코스닥,전자부품 제조업,7180,390,5.74,2026-10-06 14:46
054220,비츠로시스,코스닥,"전동기, 발전기 및 전기 변환 · 공급 · 제어 장치 제조업",1707,12,0.71,2026-10-06 14:46
054300,팬스타엔터프라이즈,코스닥,일반 목적용 기계 제조업,1016,-12,-1.17,2026-10-06 14:46
054410,케이피티유,코스닥,기타 전문 도매업,2625,-195,-6.91,2026-10-06 14:46
054450,텔레칩스,코스닥,반도체 제조업,10410,0,0.00,2026-10-06 14:46
054540,삼영엠텍,코스닥,"구조용 금속제품, 탱크 및 증기발생기 제조업",7140,-80,-1.11,2026-10-06 14:46
054620,APS,코스닥,기타 금융업,3980,105,2.71,2026-10-06 14:46
054670,대한뉴팜,코스닥,의약품 제조업,5570,-20,-0.36,2026-10-06 14:46
054780,키이스트,코스닥,"영화, 비디오물, 방송프로그램 제작 및 배급업",2205,-95,-4.13,2026-10-06 14:46
054800,아이디스홀딩스,코스닥,기타 전문 서비스업,14500,-150,-1.02,2026-10-06 14:46
054920,한컴위드,코스닥,소프트웨어 개발 및 공급업,5580,615,12.39,2026-10-06 14:46
054930,유신,코스닥,"건축기술, 엔지니어링 및 관련 기술 서비스업",17570,-70,-0.40,2026-10-06 14:46
054940,엑사이엔씨,코스닥,실내건축 및 건축마무리 공사업,3415,-150,-4.21,2026-10-06 14:46
054950,제이브이엠,코스닥,일반 목적용 기계 제조업,24300,-150,-0.61,2026-10-06 14:46
055490,테이팩스,유가,플라스틱제품 제조업,16530,-170,-1.02,2026-10-06 14:46
055550,신한지주,유가,기타 금융업,103500,-1300,-1.24,2026-10-06 14:46
056080,유진로봇,코스닥,특수 목적용 기계 제조업,12920,260,2.05,2026-10-06 14:46
056090,시지메드텍,코스닥,의료용 기기 제조업,1190,0,0.00,2026-10-06 14:46
056190,SFA,코스닥,특수 목적용 기계 제조업,31600,550,1.77,2026-10-06 14:46
056360,코위버,코스닥,통신 및 방송 장비 제조업,6930,310,4.68,2026-10-06 14:46
056700,신화인터텍,코스닥,플라스틱제품 제조업,1404,-11,-0.78,2026-10-06 14:46
056730,CNT85,코스닥,건물 건설업,1197,6,0.50,2026-10-06 14:46
057030,YBM넷,코스닥,교육지원 서비스업,2100,-15,-0.71,2026-10-06 14:46
057540,옴니시스템,코스닥,"측정, 시험, 항해, 제어 및 기타 정밀기기 제조업; 광학기기 제외",602,0,0.00,2026-10-06 14:46
057680,티사이언티픽,코스닥,소프트웨어 개발 및 공급업,1703,-27,-1.56,2026-10-06 14:46
058110,멕아이씨에스,코스닥,의료용 기기 제조업,1572,73,4.87,2026-10-06 14:46
058400,KNN,코스닥,텔레비전 방송업,5910,-20,-0.34,2026-10-06 14:46
058430,포스코스틸리온,유가,1차 철강 제조업,4630,45,0.98,2026-10-06 14:46
058450,한주에이알티,코스닥,"영화, 비디오물, 방송프로그램 제작 및 배급업",580,40,7.41,2026-10-06 14:46
058470,리노공업,코스닥,전자부품 제조업,87600,3300,3.91,2026-10-06 14:46
058610,에스피지,코스닥,"전동기, 발전기 및 전기 변환 · 공급 · 제어 장치 제조업",106400,3600,3.50,2026-10-06 14:46
058630,엠게임,코스닥,소프트웨어 개발 및 공급업,3980,-55,-1.36,2026-10-06 14:46
058650,세아홀딩스,유가,1차 철강 제조업,127700,100,0.08,2026-10-06 14:46
058730,다스코,유가,"구조용 금속제품, 탱크 및 증기발생기 제조업",3180,0,0.00,2026-10-06 14:46
058820,CMG제약,코스닥,의약품 제조업,562,0,0.00,2026-10-06 14:46
058850,KTcs,유가,기타 정보 서비스업,2205,5,0.23,2026-10-06 14:46
058860,KTis,유가,기타 정보 서비스업,2610,35,1.36,2026-10-06 14:46
058970,엠로,코스닥,소프트웨어 개발 및 공급업,17080,230,1.36,2026-10-06 14:46
059090,미코,코스닥,반도체 제조업,23850,-50,-0.21,2026-10-06 14:46
059100,아이컴포넌트,코스닥,전자부품 제조업,6620,-120,-1.78,2026-10-06 14:46
059120,아진엑스텍,코스닥,반도체 제조업,8100,140,1.76,2026-10-06 14:46
059180,엔더블유시,코넥스,통신 및 방송 장비 제조업,4045,10,0.25,2026-10-06 14:46
059210,메타바이오메드,코스닥,의료용품 및 기타 의약 관련제품 제조업,3730,65,1.77,2026-10-06 14:46
059270,해성에어로보틱스,코스닥,기타 금속 가공제품 제조업,5430,-50,-0.91,2026-10-06 14:46
060150,인선이엔티,코스닥,폐기물 처리업,2995,10,0.34,2026-10-06 14:46
060230,제이케이시냅스,코스닥,기타 화학제품 제조업,1359,-71,-4.97,2026-10-06 14:46
060250,NHN KCP,코스닥,금융 지원 서비스업,13670,-80,-0.58,2026-10-06 14:46
060260,뉴보텍,코스닥,플라스틱제품 제조업,785,-24,-2.97,2026-10-06 14:46
060280,큐렉소,코스닥,기타 상품 전문 소매업,8950,170,1.94,2026-10-06 14:46
060310,3S,코스닥,"측정, 시험, 항해, 제어 및 기타 정밀기기 제조업; 광학기기 제외",1200,15,1.27,2026-10-06 14:46
060370,LS마린솔루션,코스닥,전기 및 통신 공사업,34950,1050,3.10,2026-10-06 14:46
060380,동양에스텍,코스닥,1차 철강 제조업,1324,-2,-0.15,2026-10-06 14:46
060480,국일신동,코스닥,1차 비철금속 제조업,1083,226,26.37,2026-10-06 14:46
060540,에스에이티,코스닥,"측정, 시험, 항해, 제어 및 기타 정밀기기 제조업; 광학기기 제외",1331,-1,-0.08,2026-10-06 14:46
060560,HC홈센타,코스닥,기타 전문 도매업,1925,3,0.16,2026-10-06 14:46
060570,드림어스컴퍼니,코스닥,영상·오디오물 제공 서비스업,4985,-5,-0.10,2026-10-06 14:46
060590,씨티씨바이오,코스닥,의약품 제조업,3040,-50,-1.62,2026-10-06 14:46
060720,KH바텍,코스닥,전자부품 제조업,11650,60,0.52,2026-10-06 14:46
060850,영림원소프트랩,코스닥,소프트웨어 개발 및 공급업,4385,-20,-0.45,2026-10-06 14:46
060900,에이전트AI,코스닥,전기업,1636,1,0.06,2026-10-06 14:46
060980,HL홀딩스,유가,기타 금융업,37750,-650,-1.69,2026-10-06 14:46
061040,알에프텍,코스닥,통신 및 방송 장비 제조업,7220,-70,-0.96,2026-10-06 14:46
061090,세나테크놀로지,코스닥,통신 및 방송 장비 제조업,41900,150,0.36,2026-10-06 14:46
061250,화일약품,코스닥,의약품 제조업,6440,90,1.42,2026-10-06 14:46
061970,LB세미콘,코스닥,반도체 제조업,4835,85,1.79,2026-10-06 14:46
062040,산일전기,유가,"전동기, 발전기 및 전기 변환 · 공급 · 제어 장치 제조업",232500,5500,2.42,2026-10-06 14:46
062970,한국첨단소재,코스닥,통신 및 방송 장비 제조업,3175,135,4.44,2026-10-06 14:46
063080,컴투스홀딩스,코스닥,소프트웨어 개발 및 공급업,12530,90,0.72,2026-10-06 14:46
063160,종근당바이오,유가,의약품 제조업,13410,620,4.85,2026-10-06 14:46
063170,서울옥션,코스닥,상품 중개업,5550,-20,-0.36,2026-10-06 14:46
063440,SM Life Design,코스닥,기록매체 복제업,1095,5,0.46,2026-10-06 14:46
063570,NICE인프라,코스닥,기타 사업지원 서비스업,3290,-20,-0.60,2026-10-06 14:46
063760,이엘피,코스닥,"측정, 시험, 항해, 제어 및 기타 정밀기기 제조업; 광학기기 제외",2125,-25,-1.16,2026-10-06 14:46
064090,인크레더블버즈,코스닥,상품 종합 도매업,798,0,0.00,2026-10-06 14:46
064240,홈캐스트,코스닥,기타 전문 도매업,1772,-10,-0.56,2026-10-06 14:46
064260,다날,코스닥,소프트웨어 개발 및 공급업,4670,120,2.64,2026-10-06 14:46
064290,인텍플러스,코스닥,특수 목적용 기계 제조업,60300,1200,2.03,2026-10-06 14:46
064350,현대로템,유가,그외 기타 운송장비 제조업,111550,-4950,-4.25,2026-10-06 14:46
064400,LG씨엔에스,유가,"컴퓨터 프로그래밍, 시스템 통합 및 관리업",72900,1000,1.39,2026-10-06 14:46
064480,브리지텍,코스닥,소프트웨어 개발 및 공급업,2585,10,0.39,2026-10-06 14:46
064520,테크엘,코스닥,반도체 제조업,1485,-4,-0.27,2026-10-06 14:46
064550,바이오니아,코스닥,의료용품 및 기타 의약 관련제품 제조업,8820,250,2.92,2026-10-06 14:46
064760,티씨케이,코스닥,기타 비금속 광물제품 제조업,295500,-500,-0.17,2026-10-06 14:46
064800,포니링크,코스닥,"섬유, 의복, 신발 및 가죽제품 소매업",2130,65,3.15,2026-10-06 14:46
064820,케이프,코스닥,선박 및 보트 건조업,7910,-30,-0.38,2026-10-06 14:46
064850,에프앤가이드,코스닥,기타 정보 서비스업,20500,-550,-2.61,2026-10-06 14:46
064960,SNT모티브,유가,자동차 신품 부품 제조업,26650,-300,-1.11,2026-10-06 14:46
065060,지엔코,코스닥,봉제의복 제조업,3210,-190,-5.59,2026-10-06 14:46
065130,탑엔지니어링,코스닥,특수 목적용 기계 제조업,3155,120,3.95,2026-10-06 14:46
065150,대산F&B,코스닥,음·식료품 및 담배 도매업,1319,158,13.61,2026-10-06 14:46
065170,비엘팜텍,코스닥,음·식료품 및 담배 도매업,2225,5,0.23,2026-10-06 14:46
065350,신성델타테크,코스닥,가정용 기기 제조업,33600,1050,3.23,2026-10-06 14:46
065370,위세아이텍,코스닥,소프트웨어 개발 및 공급업,2985,-5,-0.17,2026-10-06 14:46
065420,에스아이리소스,코스닥,기타 화학제품 제조업,940,0,0.00,2026-10-06 14:46
065440,이루온,코스닥,소프트웨어 개발 및 공급업,1639,23,1.42,2026-10-06 14:46
065450,빅텍,코스닥,"측정, 시험, 항해, 제어 및 기타 정밀기기 제조업; 광학기기 제외",2990,-130,-4.17,2026-10-06 14:46
065500,오리엔트정공,코스닥,자동차 신품 부품 제조업,994,-18,-1.78,2026-10-06 14:46
065510,휴비츠,코스닥,의료용 기기 제조업,6990,-100,-1.41,2026-10-06 14:46
065530,와이어블,코스닥,전기 통신업,1501,-4,-0.27,2026-10-06 14:46
065570,삼영이엔씨,코스닥,통신 및 방송 장비 제조업,764,0,0.00,2026-10-06 14:46
065650,하이퍼코퍼레이션,코스닥,기계장비 및 관련 물품 도매업,1355,18,1.35,2026-10-06 14:46
065660,안트로젠,코스닥,기타 전문 도매업,14910,-130,-0.86,2026-10-06 14:46
065680,우주일렉트로,코스닥,전자부품 제조업,24650,-650,-2.57,2026-10-06 14:46
065690,파커스,코스닥,고무제품 제조업,1914,29,1.54,2026-10-06 14:46
065710,서호전기,코스닥,"전동기, 발전기 및 전기 변환 · 공급 · 제어 장치 제조업",42900,-450,-1.04,2026-10-06 14:46
065770,CS,코스닥,통신 및 방송 장비 제조업,934,140,17.63,2026-10-06 14:46
065950,웰크론,코스닥,직물직조 및 직물제품 제조업,1122,-8,-0.71,2026-10-06 14:46
066130,하츠,코스닥,가정용 기기 제조업,3485,15,0.43,2026-10-06 14:46
066310,큐에스아이,코스닥,반도체 제조업,9090,470,5.45,2026-10-06 14:46
066360,체리부로,코스닥,"도축, 육류 가공 및 저장 처리업",1475,-1,-0.07,2026-10-06 14:46
066410,버킷스튜디오,코스닥,전기 통신업,1153,0,0.00,2026-10-06 14:46
066430,아이로보틱스,코스닥,기타 전문 도매업,2065,5,0.24,2026-10-06 14:46
066570,LG전자,유가,통신 및 방송 장비 제조업,231750,15750,7.29,2026-10-06 14:46
066575,LG전자우,유가,통신 및 방송 장비 제조업,81600,6700,8.95,2026-10-06 14:46
066590,스모트로닉,코스닥,자동차 신품 부품 제조업,2245,-70,-3.02,2026-10-06 14:46
066620,국보디자인,코스닥,실내건축 및 건축마무리 공사업,24250,-500,-2.02,2026-10-06 14:46
066670,디티씨,코스닥,부동산 임대 및 공급업,3310,5,0.15,2026-10-06 14:46
066700,테라젠이텍스,코스닥,의약품 제조업,2250,-15,-0.66,2026-10-06 14:46
066790,씨씨에스,코스닥,텔레비전 방송업,2205,0,0.00,2026-10-06 14:46
066830,제노텍,코넥스,기타 화학제품 제조업,1200,0,0.00,2026-10-06 14:46
066900,디에이피,코스닥,전자부품 제조업,1773,-3,-0.17,2026-10-06 14:46
066910,손오공,코스닥,기타 전문 도매업,1750,-25,-1.41,2026-10-06 14:46
066970,엘앤에프,유가,일차전지 및 이차전지 제조업,124200,10300,9.04,2026-10-06 14:46
066980,한성크린텍,코스닥,"건축기술, 엔지니어링 및 관련 기술 서비스업",1592,69,4.53,2026-10-06 14:46
067000,조이시티,코스닥,소프트웨어 개발 및 공급업,1196,-29,-2.37,2026-10-06 14:46
067010,이씨에스,코스닥,"컴퓨터 프로그래밍, 시스템 통합 및 관리업",2500,-15,-0.60,2026-10-06 14:46
067080,대화제약,코스닥,의약품 제조업,12050,440,3.79,2026-10-06 14:46
067160,SOOP,코스닥,소프트웨어 개발 및 공급업,36700,400,1.10,2026-10-06 14:46
067170,오텍,코스닥,자동차 재제조 부품 제조업,2865,20,0.70,2026-10-06 14:46
067280,멀티캠퍼스,코스닥,기타 교육기관,26100,-100,-0.38,2026-10-06 14:46
067290,JW신약,코스닥,의약품 제조업,2935,-30,-1.01,2026-10-06 14:46
067310,하나마이크론,코스닥,반도체 제조업,52600,1100,2.14,2026-10-06 14:46
067370,선바이오,코스닥,의약품 제조업,5400,0,0.00,2026-10-06 14:46
067390,아스트,코스닥,"항공기,우주선 및 부품 제조업",5750,80,1.41,2026-10-06 14:46
067570,엔브이에이치코리아,코스닥,자동차 신품 부품 제조업,1649,15,0.92,2026-10-06 14:46
067630,HLB생명과학,코스닥,의료용품 및 기타 의약 관련제품 제조업,4475,900,25.17,2026-10-06 14:46
067730,로지시스,코스닥,"컴퓨터 프로그래밍, 시스템 통합 및 관리업",2195,20,0.92,2026-10-06 14:46
067770,세진티에스,코스닥,전자부품 제조업,1031,0,0.00,2026-10-06 14:46
067830,세이브존I&C,유가,종합 소매업,2350,65,2.84,2026-10-06 14:46
067900,와이엔텍,코스닥,폐기물 처리업,5880,-70,-1.18,2026-10-06 14:46
067920,이글루,코스닥,기타 정보 서비스업,6390,530,9.04,2026-10-06 14:46
067990,도이치모터스,코스닥,자동차 판매업,3980,50,1.27,2026-10-06 14:46
068050,팬엔터테인먼트,코스닥,"영화, 비디오물, 방송프로그램 제작 및 배급업",1079,-71,-6.17,2026-10-06 14:46
068100,케이웨더,코스닥,일반 목적용 기계 제조업,2335,-5,-0.21,2026-10-06 14:46
068240,다원시스,코스닥,"전동기, 발전기 및 전기 변환 · 공급 · 제어 장치 제조업",2530,0,0.00,2026-10-06 14:46
068270,셀트리온,유가,기초 의약물질 제조업,182000,-600,-0.33,2026-10-06 14:46
068290,삼성출판사,유가,"서적, 잡지 및 기타 인쇄물 출판업",6240,140,2.30,2026-10-06 14:46
068330,일신바이오,코스닥,일반 목적용 기계 제조업,1023,-6,-0.58,2026-10-06 14:46
068760,셀트리온제약,코스닥,의약품 제조업,39600,1200,3.13,2026-10-06 14:46
068790,DMS,코스닥,특수 목적용 기계 제조업,8260,200,2.48,2026-10-06 14:46
068930,디지털대성,코스닥,일반 교습 학원,9100,-170,-1.83,2026-10-06 14:46
068940,셀피글로벌,코스닥,전자부품 제조업,778,0,0.00,2026-10-06 14:46
069080,웹젠,코스닥,소프트웨어 개발 및 공급업,11950,240,2.05,2026-10-06 14:46
069140,누리플랜,코스닥,"구조용 금속제품, 탱크 및 증기발생기 제조업",1700,-34,-1.96,2026-10-06 14:46
069260,TKG휴켐스,유가,기타 화학제품 제조업,15840,-150,-0.94,2026-10-06 14:46
069330,유아이디,코스닥,전자부품 제조업,1145,8,0.70,2026-10-06 14:46
069410,엔텔스,코스닥,소프트웨어 개발 및 공급업,2515,5,0.20,2026-10-06 14:46
069460,대호에이엘,유가,1차 비철금속 제조업,2660,0,0.00,2026-10-06 14:46
069510,에스텍,코스닥,영상 및 음향기기 제조업,13270,-100,-0.75,2026-10-06 14:46
069540,빛과전자,코스닥,통신 및 방송 장비 제조업,5085,685,15.57,2026-10-06 14:46
069620,대웅제약,유가,의약품 제조업,109000,0,0.00,2026-10-06 14:46
069640,한세엠케이,유가,"섬유, 의복, 신발 및 가죽제품 소매업",1390,-8,-0.57,2026-10-06 14:46
069730,DSR제강,유가,1차 철강 제조업,5430,-20,-0.37,2026-10-06 14:46
069920,엑시온그룹,코스닥,무점포 소매업,1382,33,2.45,2026-10-06 14:46
069960,현대백화점,유가,종합 소매업,87200,-1600,-1.80,2026-10-06 14:46
070300,퀀텀레일,코스닥,소프트웨어 개발 및 공급업,594,-11,-1.82,2026-10-06 14:46
070590,인티큐브,코스닥,"컴퓨터 프로그래밍, 시스템 통합 및 관리업",2110,-45,-2.09,2026-10-06 14:46
070960,모나용평,유가,일반 및 생활 숙박시설 운영업,1973,-32,-1.60,2026-10-06 14:46
071050,한국금융지주,유가,기타 금융업,177650,-3550,-1.96,2026-10-06 14:46
071055,한국금융지주우,유가,기타 금융업,142200,-200,-0.14,2026-10-06 14:46
071090,하이스틸,유가,1차 철강 제조업,3540,95,2.76,2026-10-06 14:46
071200,인피니트헬스케어,코스닥,소프트웨어 개발 및 공급업,11910,190,1.62,2026-10-06 14:46
071280,로체시스템즈,코스닥,특수 목적용 기계 제조업,9060,440,5.10,2026-10-06 14:46
071320,지역난방공사,유가,"증기, 냉·온수 및 공기조절 공급업",78800,-700,-0.88,2026-10-06 14:46
071670,에이테크솔루션,코스닥,특수 목적용 기계 제조업,5470,170,3.21,2026-10-06 14:46
071840,롯데하이마트,유가,가전제품 및 정보통신장비 소매업,5960,-20,-0.33,2026-10-06 14:46
071850,캐스텍코리아,코스닥,자동차 신품 부품 제조업,1207,-35,-2.82,2026-10-06 14:46
071950,코아스,유가,가구 제조업,1535,-96,-5.89,2026-10-06 14:46
071970,HD현대마린엔진,유가,일반 목적용 기계 제조업,47100,-2000,-4.07,2026-10-06 14:46
072020,중앙백신,코스닥,기초 의약물질 제조업,9150,-10,-0.11,2026-10-06 14:46
072130,유엔젤,유가,"자료처리, 호스팅, 포털 및 기타 인터넷 정보매개 서비스업",4715,-65,-1.36,2026-10-06 14:46
072470,우리산업홀딩스,코스닥,자동차 신품 부품 제조업,2375,0,0.00,2026-10-06 14:46
072710,농심홀딩스,유가,기타 금융업,88500,-600,-0.67,2026-10-06 14:46
072770,멤레이비티,코스닥,"컴퓨터 프로그래밍, 시스템 통합 및 관리업",612,0,0.00,2026-10-06 14:46
072870,메가스터디,코스닥,"서적, 잡지 및 기타 인쇄물 출판업",13090,-20,-0.15,2026-10-06 14:46
072950,빛샘전자,코스닥,전자부품 제조업,17360,110,0.64,2026-10-06 14:46
072990,에이치시티,코스닥,기타 과학기술 서비스업,3160,45,1.44,2026-10-06 14:46
073010,케이에스피,코스닥,일반 목적용 기계 제조업,3215,-80,-2.43,2026-10-06 14:46
073110,엘엠에스,코스닥,전자부품 제조업,5250,10,0.19,2026-10-06 14:46
073190,듀오백,코스닥,가구 제조업,1622,0,0.00,2026-10-06 14:46
073240,금호타이어,유가,고무제품 제조업,6680,-190,-2.77,2026-10-06 14:46
073490,LIG아큐버,코스닥,통신 및 방송 장비 제조업,34750,-450,-1.28,2026-10-06 14:46
073540,에프알텍,코스닥,통신 및 방송 장비 제조업,2750,45,1.66,2026-10-06 14:46
073560,우리손에프앤지,코스닥,"도축, 육류 가공 및 저장 처리업",1515,7,0.46,2026-10-06 14:46
073570,리튬포어스,코스닥,그외 기타 제품 제조업,2960,-60,-1.99,2026-10-06 14:46
073640,테라사이언스,코스닥,기타 금속 가공제품 제조업,654,0,0.00,2026-10-06 14:46
074430,아미노로직스,코스닥,기초 의약물질 제조업,1048,14,1.35,2026-10-06 14:46
074600,원익QnC,코스닥,유리 및 유리제품 제조업,32650,350,1.08,2026-10-06 14:46
074610,이엔플러스,유가,일반 목적용 기계 제조업,5110,0,0.00,2026-10-06 14:46
075130,플랜티넷,코스닥,"컴퓨터 프로그래밍, 시스템 통합 및 관리업",2145,25,1.18,2026-10-06 14:46
075180,새론오토모티브,유가,자동차 신품 부품 제조업,2900,-15,-0.51,2026-10-06 14:46
075580,세진중공업,유가,선박 및 보트 건조업,10010,-10,-0.10,2026-10-06 14:46
075970,동국알앤에스,코스닥,기타 비금속 광물제품 제조업,1675,0,0.00,2026-10-06 14:46
076080,웰크론한텍,코스닥,건물 건설업,1015,-5,-0.49,2026-10-06 14:46
076340,지에이이노더스,코넥스,기반조성 및 시설물 축조관련 전문공사업,4295,10,0.23,2026-10-06 14:46
076610,해성옵틱스,코스닥,사진장비 및 광학기기 제조업,1174,30,2.62,2026-10-06 14:46
077360,덕산하이메탈,코스닥,반도체 제조업,14460,410,2.92,2026-10-06 14:46
077500,유니퀘스트,유가,기계장비 및 관련 물품 도매업,10140,-260,-2.50,2026-10-06 14:46
077970,STX엔진,유가,일반 목적용 기계 제조업,23150,500,2.21,2026-10-06 14:46
078000,텔코웨어,유가,"자료처리, 호스팅, 포털 및 기타 인터넷 정보매개 서비스업",13530,20,0.15,2026-10-06 14:46
078020,LS증권,코스닥,금융 지원 서비스업,6430,-70,-1.08,2026-10-06 14:46
078070,유비쿼스홀딩스,코스닥,기타 금융업,9210,40,0.44,2026-10-06 14:46
078130,국일제지,코스닥,기타 종이 및 판지 제품 제조업,3825,125,3.38,2026-10-06 14:46
078140,대봉엘에스,코스닥,의약품 제조업,7650,70,0.92,2026-10-06 14:46
078150,HB테크놀러지,코스닥,특수 목적용 기계 제조업,2420,110,4.76,2026-10-06 14:46
078160,메디포스트,코스닥,기초 의약물질 제조업,10380,670,6.90,2026-10-06 14:46
078340,컴투스,코스닥,소프트웨어 개발 및 공급업,37200,-300,-0.80,2026-10-06 14:46
078350,한양디지텍,코스닥,반도체 제조업,36600,600,1.67,2026-10-06 14:46
078520,에이블씨엔씨,유가,기타 화학제품 제조업,10940,40,0.37,2026-10-06 14:46
078590,휴림에이텍,코스닥,자동차 신품 부품 제조업,2725,15,0.55,2026-10-06 14:46
078600,대주전자재료,코스닥,전자부품 제조업,111300,3000,2.77,2026-10-06 14:46
078860,아이오케이이엔엠,코스닥,"영화, 비디오물, 방송프로그램 제작 및 배급업",2870,-20,-0.69,2026-10-06 14:46
078890,가온그룹,코스닥,통신 및 방송 장비 제조업,4680,-20,-0.43,2026-10-06 14:46
078930,GS,유가,기타 금융업,104600,-1800,-1.69,2026-10-06 14:46
078935,GS우,유가,기타 금융업,58900,-200,-0.34,2026-10-06 14:46
079000,와토스코리아,코스닥,플라스틱제품 제조업,3530,-75,-2.08,2026-10-06 14:46
079160,CJ CGV,유가,"영화, 비디오물, 방송프로그램 제작 및 배급업",4905,-80,-1.60,2026-10-06 14:46
079170,한창산업,코스닥,1차 비철금속 제조업,5540,-10,-0.18,2026-10-06 14:46
079190,케스피온,코스닥,통신 및 방송 장비 제조업,1635,173,11.83,2026-10-06 14:46
079370,제우스,코스닥,특수 목적용 기계 제조업,14440,190,1.33,2026-10-06 14:46
079430,현대리바트,유가,가구 제조업,5620,10,0.18,2026-10-06 14:46
079550,LIG디펜스앤에어로스페이스,유가,무기 및 총포탄 제조업,701000,-61000,-8.01,2026-10-06 14:46
079650,서산,코스닥,"시멘트, 석회, 플라스터 및 그 제품 제조업",5580,-20,-0.36,2026-10-06 14:46
079810,APS이노베이션,코스닥,기타 전기장비 제조업,3740,50,1.36,2026-10-06 14:46
079900,전진건설로봇,유가,특수 목적용 기계 제조업,39800,-400,-1.00,2026-10-06 14:46
079940,가비아,코스닥,소프트웨어 개발 및 공급업,38700,-600,-1.53,2026-10-06 14:46
079950,인베니아,코스닥,특수 목적용 기계 제조업,1463,-17,-1.15,2026-10-06 14:46
079960,동양이엔피,코스닥,"전동기, 발전기 및 전기 변환 · 공급 · 제어 장치 제조업",16950,-100,-0.59,2026-10-06 14:46
079970,투비소프트,코스닥,소프트웨어 개발 및 공급업,596,0,0.00,2026-10-06 14:46
079980,휴비스,유가,화학섬유 제조업,1922,-4,-0.21,2026-10-06 14:46
080010,이상네트웍스,코스닥,상품 중개업,7350,-20,-0.27,2026-10-06 14:46
080160,모두투어,코스닥,여행사 및 기타 여행보조 서비스업,8110,-50,-0.61,2026-10-06 14:46
080220,제주반도체,코스닥,반도체 제조업,93100,700,0.76,2026-10-06 14:46
080420,모다이노칩,코스닥,"섬유, 의복, 신발 및 가죽제품 소매업",1580,15,0.96,2026-10-06 14:46
080470,성창오토텍,코스닥,자동차 신품 부품 제조업,2680,-15,-0.56,2026-10-06 14:46
080520,오디텍,코스닥,반도체 제조업,2845,-25,-0.87,2026-10-06 14:46
080530,코디,코스닥,기타 화학제품 제조업,2475,35,1.43,2026-10-06 14:46
080580,오킨스전자,코스닥,전자부품 제조업,28400,-850,-2.91,2026-10-06 14:46
080720,한국유니온제약,코스닥,의약품 제조업,2410,0,0.00,2026-10-06 14:46
081000,일진다이아,유가,기타 화학제품 제조업,9550,90,0.95,2026-10-06 14:46
081150,티플랙스,코스닥,1차 비철금속 제조업,2615,10,0.38,2026-10-06 14:46
081180,쎄크,코스닥,일반 목적용 기계 제조업,7100,400,5.97,2026-10-06 14:46
081580,성우전자,코스닥,통신 및 방송 장비 제조업,2425,-10,-0.41,2026-10-06 14:46
081660,미스토홀딩스,유가,생활용품 도매업,38900,-50,-0.13,2026-10-06 14:46
082210,옵트론텍,코스닥,사진장비 및 광학기기 제조업,1804,9,0.50,2026-10-06 14:46
082270,젬백스,코스닥,특수 목적용 기계 제조업,11080,-70,-0.63,2026-10-06 14:46
082740,한화엔진,유가,일반 목적용 기계 제조업,47450,-1150,-2.37,2026-10-06 14:46
082800,비보존 제약,코스닥,의약품 제조업,2935,-25,-0.84,2026-10-06 14:46
082850,우리바이오,코스닥,기타 식품 제조업,4625,75,1.65,2026-10-06 14:46
082920,비츠로셀,코스닥,일차전지 및 이차전지 제조업,30000,400,1.35,2026-10-06 14:46
083310,엘오티베큠,코스닥,특수 목적용 기계 제조업,13430,530,4.11,2026-10-06 14:46
083420,그린케미칼,유가,기타 화학제품 제조업,4720,20,0.43,2026-10-06 14:46
083450,GST,코스닥,특수 목적용 기계 제조업,56250,2650,4.94,2026-10-06 14:46
083470,이엠앤아이,코스닥,기초 화학물질 제조업,920,30,3.37,2026-10-06 14:46
083500,에프엔에스테크,코스닥,특수 목적용 기계 제조업,14450,-130,-0.89,2026-10-06 14:46
083550,케이엠,코스닥,기타 섬유제품 제조업,3265,-45,-1.36,2026-10-06 14:46
083640,인콘,코스닥,상품 종합 도매업,5170,-70,-1.34,2026-10-06 14:46
083650,비에이치아이,코스닥,일반 목적용 기계 제조업,58100,-1400,-2.35,2026-10-06 14:46
083660,CSA 코스믹,코스닥,기타 화학제품 제조업,1402,3,0.21,2026-10-06 14:46
083790,CG인바이츠,코스닥,자연과학 및 공학 연구개발업,925,-5,-0.54,2026-10-06 14:46
083930,아바코,코스닥,특수 목적용 기계 제조업,12690,40,0.32,2026-10-06 14:46
084010,대한제강,유가,1차 철강 제조업,9190,430,4.91,2026-10-06 14:46
084110,휴온스글로벌,코스닥,의약품 제조업,23100,550,2.44,2026-10-06 14:46
084370,유진테크,코스닥,특수 목적용 기계 제조업,181700,4900,2.77,2026-10-06 14:46
084440,유비온,코스닥,소프트웨어 개발 및 공급업,4832,-258,-5.07,2026-10-06 14:46
084650,랩지노믹스,코스닥,자연과학 및 공학 연구개발업,2650,-5,-0.19,2026-10-06 14:46
084670,동양고속,유가,육상 여객 운송업,22450,-550,-2.39,2026-10-06 14:46
084680,이월드,유가,귀금속 및 장신용품 제조업,2210,-130,-5.56,2026-10-06 14:46
084690,대상홀딩스,유가,기타 금융업,7850,20,0.26,2026-10-06 14:46
084695,대상홀딩스우,유가,기타 금융업,14000,-50,-0.36,2026-10-06 14:46
084730,팅크웨어,코스닥,통신 및 방송 장비 제조업,6880,-100,-1.43,2026-10-06 14:46
084850,아이티엠반도체,코스닥,전자부품 제조업,7950,-270,-3.28,2026-10-06 14:46
084870,TBH글로벌,유가,봉제의복 제조업,2185,-5,-0.23,2026-10-06 14:46
084990,헬릭스미스,코스닥,자연과학 및 공학 연구개발업,3780,85,2.30,2026-10-06 14:46
085310,엔케이,유가,"구조용 금속제품, 탱크 및 증기발생기 제조업",8680,-190,-2.14,2026-10-06 14:46
085620,미래에셋생명,유가,보험업,20450,950,4.87,2026-10-06 14:46
085660,차바이오텍,코스닥,기초 의약물질 제조업,8640,180,2.13,2026-10-06 14:46
085670,뉴프렉스,코스닥,전자부품 제조업,3785,80,2.16,2026-10-06 14:46
085810,알티캐스트,코스닥,소프트웨어 개발 및 공급업,1422,34,2.45,2026-10-06 14:46
085910,네오티스,코스닥,자동차 신품 부품 제조업,19980,2820,16.43,2026-10-06 14:46
086040,바이오톡스텍,코스닥,자연과학 및 공학 연구개발업,2285,10,0.44,2026-10-06 14:46
086060,진바이오텍,코스닥,산업용 농·축산물 및 동·식물 도매업,4960,-35,-0.70,2026-10-06 14:46
086220,광동헬스바이오,코넥스,기타 식품 제조업,1099,9,0.83,2026-10-06 14:46
086280,현대글로비스,유가,기타 운송관련 서비스업,199700,-1800,-0.89,2026-10-06 14:46
086390,유니테스트,코스닥,특수 목적용 기계 제조업,15500,300,1.97,2026-10-06 14:46
086450,동국제약,코스닥,의약품 제조업,21750,-1000,-4.40,2026-10-06 14:46
086520,에코프로,코스닥,기타 금융업,94900,6000,6.75,2026-10-06 14:46
086670,비엠티,코스닥,일반 목적용 기계 제조업,19450,510,2.69,2026-10-06 14:46
086710,선진뷰티사이언스,코스닥,기타 화학제품 제조업,6990,40,0.58,2026-10-06 14:46
086790,하나금융지주,유가,기타 금융업,128500,-600,-0.46,2026-10-06 14:46
086820,바이오솔루션,코스닥,기초 의약물질 제조업,6720,20,0.30,2026-10-06 14:46
086890,이수앱지스,코스닥,의료용품 및 기타 의약 관련제품 제조업,3955,110,2.86,2026-10-06 14:46
086900,메디톡스,코스닥,기초 의약물질 제조업,67400,800,1.20,2026-10-06 14:46
086960,MDS테크,코스닥,소프트웨어 개발 및 공급업,2430,65,2.75,2026-10-06 14:46
086980,쇼박스,코스닥,"영화, 비디오물, 방송프로그램 제작 및 배급업",1720,-12,-0.69,2026-10-06 14:46
087010,펩트론,코스닥,기초 의약물질 제조업,130100,600,0.46,2026-10-06 14:46
087260,모바일어플라이언스,코스닥,소프트웨어 개발 및 공급업,247,0,0.00,2026-10-06 14:46
087600,픽셀플러스,코스닥,전자부품 제조업,3880,85,2.24,2026-10-06 14:46
088130,동아엘텍,코스닥,특수 목적용 기계 제조업,5720,-50,-0.87,2026-10-06 14:46
088260,이리츠코크렙,유가,부동산 임대 및 공급업,3185,-60,-1.85,2026-10-06 14:46
088280,쏘닉스,코스닥,반도체 제조업,3250,20,0.62,2026-10-06 14:46
088290,이원컴포텍,코스닥,자동차 신품 부품 제조업,2500,-20,-0.79,2026-10-06 14:46
088340,유라클,코스닥,소프트웨어 개발 및 공급업,6380,-40,-0.62,2026-10-06 14:46
088350,한화생명,유가,보험업,5290,-40,-0.75,2026-10-06 14:46
088390,이녹스,코스닥,그외 기타 운송장비 제조업,8330,80,0.97,2026-10-06 14:46
088790,진도,유가,기타 전문 도매업,2355,-120,-4.85,2026-10-06 14:46
088800,에이스테크,코스닥,통신 및 방송 장비 제조업,2445,50,2.09,2026-10-06 14:46
088910,동우팜투테이블,코스닥,"도축, 육류 가공 및 저장 처리업",1968,10,0.51,2026-10-06 14:46
088980,맥쿼리인프라,유가,신탁업 및 집합투자업,9735,-55,-0.56,2026-10-06 14:46
089010,켐트로닉스,코스닥,기타 화학제품 제조업,28750,700,2.50,2026-10-06 14:46
089030,테크윙,코스닥,특수 목적용 기계 제조업,57000,2100,3.83,2026-10-06 14:46
089140,넥스턴앤롤코리아,코스닥,특수 목적용 기계 제조업,2340,180,8.33,2026-10-06 14:46
089150,케이씨티,코스닥,"컴퓨터 프로그래밍, 시스템 통합 및 관리업",1625,-8,-0.49,2026-10-06 14:46
089230,THE E&M,코스닥,기타 정보 서비스업,1715,-141,-7.60,2026-10-06 14:46
089470,HDC현대EP,유가,기타 화학제품 제조업,3805,5,0.13,2026-10-06 14:46
089590,제주항공,유가,항공 여객 운송업,4440,-45,-1.00,2026-10-06 14:46
089600,KT나스미디어,코스닥,광고업,12470,380,3.14,2026-10-06 14:46
089790,제이티,코스닥,특수 목적용 기계 제조업,6590,-140,-2.08,2026-10-06 14:46
089850,유비벨록스,코스닥,소프트웨어 개발 및 공급업,4325,5,0.12,2026-10-06 14:46
089860,롯데렌탈,유가,운송장비 임대업,50200,-1400,-2.71,2026-10-06 14:46
089890,코세스,코스닥,특수 목적용 기계 제조업,35400,-1150,-3.15,2026-10-06 14:46
089970,브이엠,코스닥,특수 목적용 기계 제조업,70300,4200,6.35,2026-10-06 14:46
089980,상아프론테크,코스닥,플라스틱제품 제조업,16950,440,2.67,2026-10-06 14:46
090080,평화산업,유가,자동차 신품 부품 제조업,1002,-6,-0.60,2026-10-06 14:46
090150,아이윈,코스닥,자동차 신품 부품 제조업,5990,-30,-0.50,2026-10-06 14:46
090350,노루페인트,유가,기타 화학제품 제조업,8190,90,1.11,2026-10-06 14:46
090355,노루페인트우,유가,기타 화학제품 제조업,12280,-10,-0.08,2026-10-06 14:46
090360,로보스타,코스닥,특수 목적용 기계 제조업,81900,2600,3.28,2026-10-06 14:46
090370,메타랩스,유가,봉제의복 제조업,1170,-16,-1.35,2026-10-06 14:46
090410,덕신이피씨,코스닥,"구조용 금속제품, 탱크 및 증기발생기 제조업",3370,0,0.00,2026-10-06 14:46
090430,아모레퍼시픽,유가,기타 화학제품 제조업,130300,-2400,-1.81,2026-10-06 14:46
090435,아모레퍼시픽우,유가,기타 화학제품 제조업,39100,-900,-2.25,2026-10-06 14:46
090460,비에이치,유가,전자부품 제조업,22450,1650,7.93,2026-10-06 14:46
090470,제이스로보틱스,코스닥,특수 목적용 기계 제조업,4075,25,0.62,2026-10-06 14:46
090710,휴림로봇,코스닥,특수 목적용 기계 제조업,6520,70,1.09,2026-10-06 14:46
090850,현대이지웰,코스닥,소프트웨어 개발 및 공급업,4900,-25,-0.51,2026-10-06 14:46
091120,이엠텍,코스닥,전자부품 제조업,5680,-70,-1.22,2026-10-06 14:46
091340,S&K폴리텍,코스닥,전자부품 제조업,2725,80,3.02,2026-10-06 14:46
091440,한울소재과학,코스닥,통신 및 방송 장비 제조업,2770,-25,-0.89,2026-10-06 14:46
091580,상신이디피,코스닥,일차전지 및 이차전지 제조업,24700,2400,10.76,2026-10-06 14:46
091590,남화토건,코스닥,건물 건설업,5820,-220,-3.64,2026-10-06 14:46
091700,파트론,코스닥,전자부품 제조업,5220,10,0.19,2026-10-06 14:46
091810,트리니티항공,유가,항공 여객 운송업,2625,40,1.55,2026-10-06 14:46
091970,LSK아이로봇,코스닥,플라스틱제품 제조업,3540,-25,-0.70,2026-10-06 14:46
092040,아미코젠,코스닥,기타 식품 제조업,993,5,0.51,2026-10-06 14:46
092070,디엔에프,코스닥,기타 화학제품 제조업,15000,230,1.56,2026-10-06 14:46
092130,이크레더블,코스닥,기타 정보 서비스업,14190,-90,-0.63,2026-10-06 14:46
092190,서울바이오시스,코스닥,반도체 제조업,8540,-490,-5.43,2026-10-06 14:46
092200,디아이씨,유가,자동차 신품 부품 제조업,5860,120,2.09,2026-10-06 14:46
092220,KEC,유가,반도체 제조업,3270,55,1.71,2026-10-06 14:46
092230,KPX홀딩스,유가,기초 화학물질 제조업,94800,-1300,-1.35,2026-10-06 14:46
092300,현우산업,코스닥,전자부품 제조업,2800,155,5.86,2026-10-06 14:46
092440,기신정기,유가,특수 목적용 기계 제조업,1833,3,0.16,2026-10-06 14:46
092460,한라IMS,코스닥,선박 및 보트 건조업,17000,170,1.01,2026-10-06 14:46
092590,럭스피아,코넥스,반도체 제조업,600,0,0.00,2026-10-06 14:46
092600,앤씨앤,코스닥,반도체 제조업,2480,-50,-1.98,2026-10-06 14:46
092730,네오팜,코스닥,기타 화학제품 제조업,22500,-600,-2.60,2026-10-06 14:46
092780,DYP,유가,자동차용 엔진 및 자동차 제조업,3385,-65,-1.88,2026-10-06 14:46
092790,넥스틸,유가,1차 철강 제조업,14130,50,0.36,2026-10-06 14:46
092870,엑시콘,코스닥,특수 목적용 기계 제조업,53700,1100,2.09,2026-10-06 14:46
093050,LF,유가,봉제의복 제조업,23550,-650,-2.69,2026-10-06 14:46
093190,빅솔론,코스닥,컴퓨터 및 주변장치 제조업,8190,30,0.37,2026-10-06 14:46
093240,형지엘리트,유가,봉제의복 제조업,296,0,0.00,2026-10-06 14:46
093320,케이아이엔엑스,코스닥,"자료처리, 호스팅, 포털 및 기타 인터넷 정보매개 서비스업",127900,1900,1.51,2026-10-06 14:46
093370,후성,유가,기초 화학물질 제조업,16170,-220,-1.34,2026-10-06 14:46
093380,풍강,코스닥,기타 금속 가공제품 제조업,2855,-50,-1.72,2026-10-06 14:46
093510,엔지브이아이,코넥스,자동차 신품 부품 제조업,413,0,0.00,2026-10-06 14:46
093520,매커스,코스닥,기계장비 및 관련 물품 도매업,29450,-50,-0.17,2026-10-06 14:46
093640,케이알엠,코스닥,반도체 제조업,4805,105,2.23,2026-10-06 14:46
093920,서원인텍,코스닥,통신 및 방송 장비 제조업,4845,25,0.52,2026-10-06 14:46
094170,동운아나텍,코스닥,반도체 제조업,25800,-950,-3.55,2026-10-06 14:46
094280,효성ITX,유가,기타 사업지원 서비스업,11900,0,0.00,2026-10-06 14:46
094360,칩스앤미디어,코스닥,반도체 제조업,12810,-40,-0.31,2026-10-06 14:46
094480,갤럭시아머니트리,코스닥,소프트웨어 개발 및 공급업,5850,-70,-1.18,2026-10-06 14:46
094800,맵스리얼티,유가,신탁업 및 집합투자업,7680,-190,-2.41,2026-10-06 14:46
094820,일진파워,코스닥,전기 및 통신 공사업,12460,360,2.98,2026-10-06 14:46
094840,슈프리마에이치큐,코스닥,통신 및 방송 장비 제조업,13200,-100,-0.75,2026-10-06 14:46
094850,참좋은여행,코스닥,여행사 및 기타 여행보조 서비스업,4175,-60,-1.42,2026-10-06 14:46
094860,네오리진,코스닥,소프트웨어 개발 및 공급업,1589,20,1.27,2026-10-06 14:46
094940,푸른로보틱스,코스닥,컴퓨터 및 주변장치 제조업,6260,20,0.32,2026-10-06 14:46
094970,제이엠티,코스닥,전자부품 제조업,2805,-75,-2.60,2026-10-06 14:46
095190,신화프리텍,코스닥,기타 금속 가공제품 제조업,1844,-21,-1.13,2026-10-06 14:46
095270,웨이브일렉트로,코스닥,"측정, 시험, 항해, 제어 및 기타 정밀기기 제조업; 광학기기 제외",4515,-140,-3.01,2026-10-06 14:46
095340,ISC,코스닥,기계장비 및 관련 물품 도매업,206000,0,0.00,2026-10-06 14:46
095500,미래나노텍,코스닥,플라스틱제품 제조업,7190,80,1.13,2026-10-06 14:46
095570,AJ네트웍스,유가,산업용 기계 및 장비 임대업,4240,-50,-1.17,2026-10-06 14:46
095610,테스,코스닥,특수 목적용 기계 제조업,175000,-2400,-1.35,2026-10-06 14:46
095660,네오위즈,코스닥,소프트웨어 개발 및 공급업,18100,60,0.33,2026-10-06 14:46
095700,제넥신,코스닥,자연과학 및 공학 연구개발업,2810,40,1.44,2026-10-06 14:46
095720,웅진씽크빅,유가,초등 교육기관,1188,-18,-1.49,2026-10-06 14:46
095910,에스에너지,코스닥,"전동기, 발전기 및 전기 변환 · 공급 · 제어 장치 제조업",583,0,0.00,2026-10-06 14:46
096240,크레버스,코스닥,일반 교습 학원,8410,-30,-0.36,2026-10-06 14:46
096250,와이즈넛,코스닥,소프트웨어 개발 및 공급업,5660,-20,-0.35,2026-10-06 14:46
096350,대창솔루션,코스닥,"구조용 금속제품, 탱크 및 증기발생기 제조업",1899,-12,-0.63,2026-10-06 14:46
096530,씨젠,코스닥,의료용품 및 기타 의약 관련제품 제조업,37200,300,0.81,2026-10-06 14:46
096630,에스코넥,코스닥,통신 및 방송 장비 제조업,1654,-6,-0.36,2026-10-06 14:46
096690,에이루트,코스닥,컴퓨터 및 주변장치 제조업,6450,40,0.62,2026-10-06 14:46
096760,JW홀딩스,유가,기타 금융업,4245,-40,-0.93,2026-10-06 14:46
096770,SK이노베이션,유가,석유 정제품 제조업,157200,3200,2.08,2026-10-06 14:46
096775,SK이노베이션우,유가,석유 정제품 제조업,73400,1300,1.80,2026-10-06 14:46
096870,엘디티,코스닥,반도체 제조업,2425,-5,-0.21,2026-10-06 14:46
097230,HJ중공업,유가,토목 건설업,15290,-30,-0.20,2026-10-06 14:46
097520,엠씨넥스,유가,영상 및 음향기기 제조업,19520,110,0.57,2026-10-06 14:46
097780,에코볼트,코스닥,자동차 신품 부품 제조업,1434,-43,-2.91,2026-10-06 14:46
097800,윈팩,코스닥,반도체 제조업,3850,-215,-5.29,2026-10-06 14:46
097870,효성오앤비,코스닥,"비료, 농약 및 살균, 살충제 제조업",4350,-15,-0.34,2026-10-06 14:46
097950,CJ제일제당,유가,기타 식품 제조업,179300,0,0.00,2026-10-06 14:46
097955,CJ제일제당 우,유가,기타 식품 제조업,109500,100,0.09,2026-10-06 14:46
098070,한텍,코스닥,"구조용 금속제품, 탱크 및 증기발생기 제조업",23350,-150,-0.64,2026-10-06 14:46
098120,마이크로컨텍솔,코스닥,전자부품 제조업,59900,-500,-0.83,2026-10-06 14:46
098460,고영,코스닥,특수 목적용 기계 제조업,36250,2150,6.30,2026-10-06 14:46
098660,에스티오,코스닥,봉제의복 제조업,1669,-26,-1.53,2026-10-06 14:46
099190,아이센스,코스닥,의료용 기기 제조업,16660,-130,-0.77,2026-10-06 14:46
099220,SDN,코스닥,기계장비 및 관련 물품 도매업,5250,-110,-2.05,2026-10-06 14:46
099320,쎄트렉아이,코스닥,"항공기,우주선 및 부품 제조업",81300,-500,-0.61,2026-10-06 14:46
099390,브레인즈컴퍼니,코스닥,소프트웨어 개발 및 공급업,3650,-120,-3.18,2026-10-06 14:46
099410,동방선기,코스닥,선박 및 보트 건조업,3055,-30,-0.97,2026-10-06 14:46
099430,바이오플러스,코스닥,기초 의약물질 제조업,3760,-25,-0.66,2026-10-06 14:46
099440,스맥,코스닥,특수 목적용 기계 제조업,3860,-80,-2.03,2026-10-06 14:46
099520,DGI,코스닥,영상 및 음향기기 제조업,1284,0,0.00,2026-10-06 14:46
099750,이지케어텍,코스닥,소프트웨어 개발 및 공급업,7380,60,0.82,2026-10-06 14:46
100030,인지소프트,코스닥,소프트웨어 개발 및 공급업,19170,-330,-1.69,2026-10-06 14:46
100090,SK오션플랜트,유가,1차 철강 제조업,12750,760,6.34,2026-10-06 14:46
100120,뷰웍스,코스닥,의료용 기기 제조업,29700,950,3.30,2026-10-06 14:46
100130,동국S&C,코스닥,"구조용 금속제품, 탱크 및 증기발생기 제조업",1636,71,4.54,2026-10-06 14:46
100220,비상교육,유가,"서적, 잡지 및 기타 인쇄물 출판업",4995,0,0.00,2026-10-06 14:46
100250,진양홀딩스,유가,플라스틱제품 제조업,3020,-40,-1.31,2026-10-06 14:46
100590,머큐리,코스닥,통신 및 방송 장비 제조업,6230,-20,-0.32,2026-10-06 14:46
100660,서암기계공업,코스닥,일반 목적용 기계 제조업,3315,35,1.07,2026-10-06 14:46
100700,세운메디칼,코스닥,의료용품 및 기타 의약 관련제품 제조업,2330,30,1.30,2026-10-06 14:46
100790,미래에셋벤처투자,코스닥,기타 금융업,18310,410,2.29,2026-10-06 14:46
100840,SNT에너지,유가,일반 목적용 기계 제조업,34600,-1700,-4.68,2026-10-06 14:46
101000,KS인더스트리,코스닥,특수 목적용 기계 제조업,1500,-18,-1.19,2026-10-06 14:46
101140,인바이오젠,유가,기계장비 및 관련 물품 도매업,5070,250,5.19,2026-10-06 14:46
101160,월덱스,코스닥,전자부품 제조업,32900,-100,-0.30,2026-10-06 14:46
101170,우림피티에스,코스닥,일반 목적용 기계 제조업,9390,610,6.95,2026-10-06 14:46
101240,씨큐브,코스닥,기초 화학물질 제조업,3360,-15,-0.44,2026-10-06 14:46
101330,모베이스,코스닥,통신 및 방송 장비 제조업,4070,325,8.68,2026-10-06 14:46
101360,에코앤드림,코스닥,일차전지 및 이차전지 제조업,8980,120,1.35,2026-10-06 14:46
101400,엔시트론,코스닥,반도체 제조업,1664,29,1.77,2026-10-06 14:46
101490,에스앤에스텍,코스닥,전자부품 제조업,53700,700,1.32,2026-10-06 14:46
101530,해태제과식품,유가,기타 식품 제조업,5530,0,0.00,2026-10-06 14:46
101670,하이드로리튬,코스닥,"구조용 금속제품, 탱크 및 증기발생기 제조업",542,-14,-2.52,2026-10-06 14:46
101680,한국정밀기계,코스닥,특수 목적용 기계 제조업,2945,-35,-1.17,2026-10-06 14:46
101730,위메이드맥스,코스닥,소프트웨어 개발 및 공급업,4610,-5,-0.11,2026-10-06 14:46
101930,인화정공,코스닥,선박 및 보트 건조업,6260,-200,-3.10,2026-10-06 14:46
101970,우양에이치씨,코스닥,"구조용 금속제품, 탱크 및 증기발생기 제조업",9960,140,1.43,2026-10-06 14:46
102120,어보브반도체,코스닥,반도체 제조업,8910,140,1.60,2026-10-06 14:46
102260,동성케미컬,유가,합성고무 및 플라스틱 물질 제조업,3675,-65,-1.74,2026-10-06 14:46
102370,케이옥션,코스닥,상품 중개업,2865,-40,-1.38,2026-10-06 14:46
102460,이연제약,유가,의약품 제조업,9990,-130,-1.28,2026-10-06 14:46
102710,이엔에프테크놀로지,코스닥,기타 화학제품 제조업,49625,775,1.59,2026-10-06 14:46
102940,코오롱생명과학,코스닥,기초 의약물질 제조업,14540,100,0.69,2026-10-06 14:46
102950,아하,코넥스,전자부품 제조업,1850,75,4.23,2026-10-06 14:46
103140,풍산,유가,1차 비철금속 제조업,75500,-4300,-5.39,2026-10-06 14:46
103230,에스앤더블류,코스닥,일반 목적용 기계 제조업,1470,68,4.85,2026-10-06 14:46
103590,일진전기,유가,절연선 및 케이블 제조업,87100,900,1.04,2026-10-06 14:46
103660,씨앗,코넥스,기타 화학제품 제조업,1499,-1,-0.07,2026-10-06 14:46
103840,우양,코스닥,"과실, 채소 가공 및 저장 처리업",1569,1,0.06,2026-10-06 14:46
104040,디에스엠,코스닥,자동차 신품 부품 제조업,3015,0,0.00,2026-10-06 14:46
104200,NHN벅스,코스닥,기타 정보 서비스업,2535,120,4.97,2026-10-06 14:46
104460,디와이피엔에프,코스닥,일반 목적용 기계 제조업,6690,0,0.00,2026-10-06 14:46
104480,티케이케미칼,코스닥,화학섬유 제조업,1860,52,2.88,2026-10-06 14:46
104540,코렌텍,코스닥,의료용 기기 제조업,5740,590,11.46,2026-10-06 14:46
104620,노랑풍선,코스닥,여행사 및 기타 여행보조 서비스업,3135,0,0.00,2026-10-06 14:46
104700,한국철강,유가,1차 철강 제조업,9430,80,0.86,2026-10-06 14:46
104830,원익머트리얼즈,코스닥,기초 화학물질 제조업,41700,500,1.21,2026-10-06 14:46
105330,케이엔더블유,코스닥,자동차 신품 부품 제조업,8820,-30,-0.34,2026-10-06 14:46
105550,엣지파운드리,코스닥,전자부품 제조업,1644,5,0.31,2026-10-06 14:46
105560,KB금융,유가,기타 금융업,166900,-500,-0.30,2026-10-06 14:46
105630,한세실업,유가,봉제의복 제조업,8830,20,0.23,2026-10-06 14:46
105740,디케이락,코스닥,일반 목적용 기계 제조업,11760,760,6.91,2026-10-06 14:46
105760,포스뱅크,코스닥,일반 목적용 기계 제조업,5150,-80,-1.53,2026-10-06 14:46
105840,우진,유가,"측정, 시험, 항해, 제어 및 기타 정밀기기 제조업; 광학기기 제외",13260,-300,-2.21,2026-10-06 14:46
106080,케이이엠텍,코스닥,전자부품 제조업,1650,0,0.00,2026-10-06 14:46
106190,하이텍팜,코스닥,기초 의약물질 제조업,9830,-330,-3.25,2026-10-06 14:46
106240,파인테크닉스,코스닥,전구 및 조명장치 제조업,1349,-1,-0.07,2026-10-06 14:46
107590,미원홀딩스,유가,기타 금융업,59700,0,0.00,2026-10-06 14:46
107600,새빗켐,코스닥,기타 화학제품 제조업,14800,1000,7.25,2026-10-06 14:46
107640,한중엔시에스,코스닥,"전동기, 발전기 및 전기 변환 · 공급 · 제어 장치 제조업",45300,3100,7.35,2026-10-06 14:46
108230,톱텍,코스닥,특수 목적용 기계 제조업,3295,55,1.70,2026-10-06 14:46
108320,LX세미콘,유가,반도체 제조업,38300,900,2.41,2026-10-06 14:46
108380,대양전기공업,코스닥,선박 및 보트 건조업,18760,10,0.05,2026-10-06 14:46
108490,로보티즈,코스닥,특수 목적용 기계 제조업,315000,4000,1.29,2026-10-06 14:46
108670,LX하우시스,유가,플라스틱제품 제조업,32850,-450,-1.35,2026-10-06 14:46
108675,LX하우시스우,유가,플라스틱제품 제조업,18240,-140,-0.76,2026-10-06 14:46
108860,셀바스AI,코스닥,소프트웨어 개발 및 공급업,9390,430,4.80,2026-10-06 14:46
109070,주성코퍼레이션,유가,통신 및 방송 장비 제조업,7100,-390,-5.21,2026-10-06 14:46
109080,옵티시스,코스닥,통신 및 방송 장비 제조업,9950,170,1.74,2026-10-06 14:46
109610,에스와이,코스닥,"구조용 금속제품, 탱크 및 증기발생기 제조업",1875,-8,-0.42,2026-10-06 14:46
109670,씨싸이트,코스닥,봉제의복 제조업,16540,-810,-4.67,2026-10-06 14:46
109740,디에스케이,코스닥,특수 목적용 기계 제조업,3970,-30,-0.75,2026-10-06 14:46
109820,진매트릭스,코스닥,자연과학 및 공학 연구개발업,1622,92,6.01,2026-10-06 14:46
109860,동일금속,코스닥,금속 주조업,7390,-170,-2.25,2026-10-06 14:46
109960,앱토크롬,코스닥,기타 전문 도매업,1895,28,1.50,2026-10-06 14:46
110020,전진바이오팜,코스닥,기타 화학제품 제조업,2035,-165,-7.50,2026-10-06 14:46
110790,크리스에프앤씨,코스닥,봉제의복 제조업,3000,45,1.52,2026-10-06 14:46
110990,디아이티,코스닥,특수 목적용 기계 제조업,19300,100,0.52,2026-10-06 14:46
111110,호전실업,유가,봉제의복 제조업,6320,-80,-1.25,2026-10-06 14:46
111380,동인기연,유가,"가죽, 가방 및 유사제품 제조업",12770,-150,-1.16,2026-10-06 14:46
111710,남화산업,코스닥,스포츠 서비스업,3175,-25,-0.78,2026-10-06 14:46
111770,영원무역,유가,상품 종합 도매업,67600,800,1.20,2026-10-06 14:46
112040,위메이드,코스닥,소프트웨어 개발 및 공급업,15650,50,0.32,2026-10-06 14:46
112190,KC산업,코넥스,토목 건설업,1190,1,0.08,2026-10-06 14:46
112290,와이씨켐,코스닥,기타 화학제품 제조업,12350,-280,-2.22,2026-10-06 14:46
112610,씨에스윈드,유가,"구조용 금속제품, 탱크 및 증기발생기 제조업",57700,2300,4.15,2026-10-06 14:46
113810,디젠스,코스닥,자동차 신품 부품 제조업,3235,140,4.52,2026-10-06 14:46
114090,GKL,유가,유원지 및 기타 오락관련 서비스업,8400,-100,-1.18,2026-10-06 14:46
114190,강원에너지,코스닥,기타 전기장비 제조업,9100,150,1.68,2026-10-06 14:46
114450,그린생명과학,코스닥,기초 의약물질 제조업,2265,-25,-1.09,2026-10-06 14:46
114630,폴라리스우노,코스닥,화학섬유 제조업,1586,-37,-2.28,2026-10-06 14:46
114810,한솔아이원스,코스닥,특수 목적용 기계 제조업,15360,-60,-0.39,2026-10-06 14:46
114840,아이패밀리에스씨,코스닥,기타 화학제품 제조업,8340,-50,-0.60,2026-10-06 14:46
114920,대주이엔티,코넥스,1차 철강 제조업,2900,0,0.00,2026-10-06 14:46
115160,휴맥스,코스닥,기계장비 및 관련 물품 도매업,5240,-230,-4.20,2026-10-06 14:46
115180,큐리언트,코스닥,자연과학 및 공학 연구개발업,24900,150,0.61,2026-10-06 14:46
115310,인포바인,코스닥,전기 통신업,9470,-130,-1.35,2026-10-06 14:46
115440,우리넷,코스닥,통신 및 방송 장비 제조업,12370,0,0.00,2026-10-06 14:46
115450,HLB테라퓨틱스,코스닥,기타 전문 도매업,2900,430,17.41,2026-10-06 14:46
115480,씨유메디칼,코스닥,의료용 기기 제조업,2300,10,0.44,2026-10-06 14:46
115500,케이씨에스,코스닥,"컴퓨터 프로그래밍, 시스템 통합 및 관리업",12670,1960,18.30,2026-10-06 14:46
115530,씨엔플러스,코스닥,전자부품 제조업,2800,-40,-1.41,2026-10-06 14:46
115570,스타플렉스,코스닥,플라스틱제품 제조업,2700,-30,-1.10,2026-10-06 14:46
115610,이미지스,코스닥,반도체 제조업,1923,272,16.47,2026-10-06 14:46
116100,태양기계,코넥스,자동차 신품 부품 제조업,604,4,0.67,2026-10-06 14:46
117580,대성에너지,유가,연료용 가스 제조 및 배관공급업,7070,-10,-0.14,2026-10-06 14:46
117670,알파칩스,코스닥,반도체 제조업,10350,160,1.57,2026-10-06 14:46
117730,티로보틱스,코스닥,특수 목적용 기계 제조업,15170,120,0.80,2026-10-06 14:46
118000,메타케어,유가,기계장비 및 관련 물품 도매업,1198,-17,-1.40,2026-10-06 14:46
118990,모트렉스,코스닥,자동차 신품 부품 제조업,6320,-10,-0.16,2026-10-06 14:46
119500,포메탈,코스닥,기타 금속 가공제품 제조업,2345,-20,-0.85,2026-10-06 14:46
119610,인터로조,코스닥,의료용 기기 제조업,16220,-670,-3.97,2026-10-06 14:46
119650,KC코트렐,유가,일반 목적용 기계 제조업,918,0,0.00,2026-10-06 14:46
119830,아이텍,코스닥,"그외 기타 전문, 과학 및 기술 서비스업",6370,-110,-1.70,2026-10-06 14:46
119850,지엔씨에너지,코스닥,"전동기, 발전기 및 전기 변환 · 공급 · 제어 장치 제조업",51700,-1800,-3.36,2026-10-06 14:46
120030,조선선재,유가,기타 금속 가공제품 제조업,82300,-500,-0.60,2026-10-06 14:46
120110,코오롱인더,유가,화학섬유 제조업,57500,1300,2.31,2026-10-06 14:46
120115,코오롱인더우,유가,화학섬유 제조업,25650,400,1.58,2026-10-06 14:46
120240,대정화금,코스닥,기초 화학물질 제조업,14820,20,0.14,2026-10-06 14:46
121060,유니포인트,코넥스,"컴퓨터 프로그래밍, 시스템 통합 및 관리업",803,-13,-1.59,2026-10-06 14:46
121440,골프존홀딩스,코스닥,상품 중개업,7650,-150,-1.92,2026-10-06 14:46
121600,나노신소재,코스닥,기타 화학제품 제조업,64100,4600,7.73,2026-10-06 14:46
121800,비덴트,코스닥,통신 및 방송 장비 제조업,3320,0,0.00,2026-10-06 14:46
121890,에스디시스템,코스닥,전자부품 제조업,2865,20,0.70,2026-10-06 14:46
122310,제노레이,코스닥,의료용 기기 제조업,3300,-30,-0.90,2026-10-06 14:46
122350,삼기,코스닥,자동차 신품 부품 제조업,1624,-57,-3.39,2026-10-06 14:46
122450,KX,코스닥,텔레비전 방송업,2500,-10,-0.40,2026-10-06 14:46
122640,예스티,코스닥,특수 목적용 기계 제조업,33500,100,0.30,2026-10-06 14:46
122690,서진오토모티브,코스닥,자동차 신품 부품 제조업,1601,-4,-0.25,2026-10-06 14:46
122830,원포유,코넥스,소프트웨어 개발 및 공급업,1265,11,0.88,2026-10-06 14:46
122870,와이지엔터테인먼트,코스닥,오디오물 출판 및 원판 녹음업,40750,100,0.25,2026-10-06 14:46
122900,아이마켓코리아,유가,상품 종합 도매업,8160,-40,-0.49,2026-10-06 14:46
122990,와이솔,코스닥,전자부품 제조업,6430,-240,-3.60,2026-10-06 14:46
123010,MSDI,코스닥,전자부품 제조업,4230,140,3.42,2026-10-06 14:46
123040,엠에스오토텍,코스닥,자동차 신품 부품 제조업,1690,30,1.81,2026-10-06 14:46
123330,제닉,코스닥,기타 화학제품 제조업,21250,-450,-2.07,2026-10-06 14:46
123410,코리아에프티,코스닥,자동차 신품 부품 제조업,5820,-140,-2.35,2026-10-06 14:46
123420,위메이드플레이,코스닥,소프트웨어 개발 및 공급업,6370,-170,-2.60,2026-10-06 14:46
123570,이엠넷,코스닥,광고업,1625,2,0.12,2026-10-06 14:46
123690,한국화장품,유가,생활용품 도매업,6350,-140,-2.16,2026-10-06 14:46
123700,SJM,유가,자동차 신품 부품 제조업,3255,-20,-0.61,2026-10-06 14:46
123750,알톤,코스닥,그외 기타 운송장비 제조업,1730,-28,-1.59,2026-10-06 14:46
123840,뉴온,코스닥,기타 식품 제조업,1894,94,5.22,2026-10-06 14:46
123860,아나패스,코스닥,반도체 제조업,12840,-260,-1.98,2026-10-06 14:46
123890,한국자산신탁,유가,신탁업 및 집합투자업,2420,30,1.26,2026-10-06 14:46
124500,아이티센글로벌,코스닥,"컴퓨터 프로그래밍, 시스템 통합 및 관리업",29950,700,2.39,2026-10-06 14:46
124560,태웅로직스,코스닥,기타 운송관련 서비스업,1961,-7,-0.36,2026-10-06 14:46
125020,티씨머티리얼즈,코스닥,절연선 및 케이블 제조업,6160,-50,-0.81,2026-10-06 14:46
125210,아모그린텍,코스닥,전자부품 제조업,6720,160,2.44,2026-10-06 14:46
125490,한라캐스트,코스닥,자동차 신품 부품 제조업,13690,520,3.95,2026-10-06 14:46
126340,비나텍,코스닥,일차전지 및 이차전지 제조업,92500,-2300,-2.43,2026-10-06 14:46
126560,현대퓨처넷,유가,전기 통신업,3365,-20,-0.59,2026-10-06 14:46
126600,BGF에코머티리얼즈,코스닥,합성고무 및 플라스틱 물질 제조업,3160,-40,-1.25,2026-10-06 14:46
126640,화신정공,코스닥,자동차 신품 부품 제조업,3915,-45,-1.14,2026-10-06 14:46
126700,하이비젼시스템,코스닥,사진장비 및 광학기기 제조업,12300,470,3.97,2026-10-06 14:46
126720,수산인더스트리,유가,전기 및 통신 공사업,21350,-150,-0.70,2026-10-06 14:46
126730,코칩,코스닥,전자부품 제조업,25300,1500,6.30,2026-10-06 14:46
126880,제이엔케이글로벌,코스닥,일반 목적용 기계 제조업,2780,15,0.54,2026-10-06 14:46
127120,제이에스링크,코스닥,자연과학 및 공학 연구개발업,30100,900,3.08,2026-10-06 14:46
127710,아시아경제,코스닥,"자료처리, 호스팅, 포털 및 기타 인터넷 정보매개 서비스업",1412,14,1.00,2026-10-06 14:46
127980,화인써키트,코스닥,전자부품 제조업,2935,135,4.82,2026-10-06 14:46
128540,에코캡,코스닥,자동차 신품 부품 제조업,1089,0,0.00,2026-10-06 14:46
128660,피제이메탈,코스닥,1차 비철금속 제조업,2870,0,0.00,2026-10-06 14:46
128820,대성산업,유가,연료 소매업,4215,35,0.84,2026-10-06 14:46
128940,한미약품,유가,의약품 제조업,523000,17000,3.36,2026-10-06 14:46
129260,인터지스,유가,도로 화물 운송업,1897,-25,-1.30,2026-10-06 14:46
129890,앱코,코스닥,컴퓨터 및 주변장치 제조업,954,8,0.85,2026-10-06 14:46
129920,대성하이텍,코스닥,특수 목적용 기계 제조업,7140,70,0.99,2026-10-06 14:46
130500,GH신소재,코스닥,기타 섬유제품 제조업,1932,7,0.36,2026-10-06 14:46
130580,나이스디앤비,코스닥,기타 사업지원 서비스업,6920,80,1.17,2026-10-06 14:46
130660,한전산업,유가,"건축기술, 엔지니어링 및 관련 기술 서비스업",12330,-20,-0.16,2026-10-06 14:46
130740,티피씨글로벌,코스닥,자동차 신품 부품 제조업,1823,-15,-0.82,2026-10-06 14:46
131030,옵투스제약,코스닥,의약품 제조업,6540,300,4.81,2026-10-06 14:46
131090,시큐브,코스닥,소프트웨어 개발 및 공급업,4360,25,0.58,2026-10-06 14:46
131100,티엔엔터테인먼트,코스닥,"영화, 비디오물, 방송프로그램 제작 및 배급업",3430,270,8.54,2026-10-06 14:46
131180,딜리,코스닥,컴퓨터 및 주변장치 제조업,4145,-25,-0.60,2026-10-06 14:46
131220,대한과학,코스닥,기계장비 및 관련 물품 도매업,3595,-5,-0.14,2026-10-06 14:46
131290,티에스이,코스닥,"측정, 시험, 항해, 제어 및 기타 정밀기기 제조업; 광학기기 제외",307500,17000,5.85,2026-10-06 14:46
131370,알서포트,코스닥,소프트웨어 개발 및 공급업,1497,10,0.67,2026-10-06 14:46
131400,이브이첨단소재,코스닥,전자부품 제조업,766,0,0.00,2026-10-06 14:46
131760,파인텍,코스닥,특수 목적용 기계 제조업,1287,47,3.79,2026-10-06 14:46
131970,두산테스나,코스닥,"그외 기타 전문, 과학 및 기술 서비스업",120400,13500,12.63,2026-10-06 14:46
133750,메가엠디,코스닥,일반 교습 학원,1358,-8,-0.59,2026-10-06 14:46
133820,화인베스틸,유가,1차 철강 제조업,980,-10,-1.01,2026-10-06 14:46
134060,이퓨쳐,코스닥,"서적, 잡지 및 기타 인쇄물 출판업",5410,-30,-0.55,2026-10-06 14:46
134380,미원화학,유가,기타 화학제품 제조업,10300,170,1.68,2026-10-06 14:46
134580,탑코미디어,코스닥,"자료처리, 호스팅, 포털 및 기타 인터넷 정보매개 서비스업",2465,-385,-13.51,2026-10-06 14:46
134790,시디즈,유가,가구 제조업,18550,-40,-0.22,2026-10-06 14:46
136150,원일티엔아이,코스닥,일반 목적용 기계 제조업,14130,1690,13.59,2026-10-06 14:46
136410,아셈스,코스닥,플라스틱제품 제조업,3705,-20,-0.54,2026-10-06 14:46
136480,하림,코스닥,"도축, 육류 가공 및 저장 처리업",2650,-20,-0.75,2026-10-06 14:46
136490,선진,유가,동물용 사료 및 조제식품 제조업,10070,-40,-0.40,2026-10-06 14:46
136540,윈스테크넷,코스닥,"컴퓨터 프로그래밍, 시스템 통합 및 관리업",11190,490,4.58,2026-10-06 14:46
136660,큐엠씨,코넥스,특수 목적용 기계 제조업,2300,-145,-5.93,2026-10-06 14:46
137080,나래나노텍,코스닥,특수 목적용 기계 제조업,6250,190,3.14,2026-10-06 14:46
137310,에스디바이오센서,유가,의료용 기기 제조업,6410,70,1.10,2026-10-06 14:46
137400,피엔티,코스닥,특수 목적용 기계 제조업,33500,1100,3.40,2026-10-06 14:46
137940,넥스트아이,코스닥,"측정, 시험, 항해, 제어 및 기타 정밀기기 제조업; 광학기기 제외",1866,-84,-4.31,2026-10-06 14:46
137950,제이씨케미칼,코스닥,기타 화학제품 제조업,3550,-25,-0.70,2026-10-06 14:46
138040,메리츠금융지주,유가,기타 금융업,129500,700,0.54,2026-10-06 14:46
138070,신진에스엠,코스닥,기타 금속 가공제품 제조업,1416,-64,-4.32,2026-10-06 14:46
138080,오이솔루션,코스닥,통신 및 방송 장비 제조업,33000,550,1.69,2026-10-06 14:46
138360,앤로보틱스,코스닥,특수 목적용 기계 제조업,1378,-45,-3.16,2026-10-06 14:46
138610,나이벡,코스닥,의료용품 및 기타 의약 관련제품 제조업,16520,540,3.38,2026-10-06 14:46
138930,BNK금융지주,유가,기타 금융업,15930,-10,-0.06,2026-10-06 14:46
139130,iM금융지주,유가,기타 금융업,18660,20,0.11,2026-10-06 14:46
139480,이마트,유가,종합 소매업,71600,-300,-0.42,2026-10-06 14:46
139670,키네마스터,코스닥,소프트웨어 개발 및 공급업,1916,33,1.75,2026-10-06 14:46
139990,아주스틸,유가,1차 철강 제조업,2290,-40,-1.72,2026-10-06 14:46
140070,서플러스글로벌,코스닥,기계장비 및 관련 물품 도매업,2310,-55,-2.33,2026-10-06 14:46
140410,메지온,코스닥,자연과학 및 공학 연구개발업,70700,2700,3.97,2026-10-06 14:46
140430,카티스,코스닥,"컴퓨터 프로그래밍, 시스템 통합 및 관리업",2700,215,8.65,2026-10-06 14:46
140520,대창스틸,코스닥,1차 철강 제조업,2005,-10,-0.50,2026-10-06 14:46
140610,엔솔바이오사이언스,코넥스,자연과학 및 공학 연구개발업,9190,-100,-1.08,2026-10-06 14:46
140660,위월드,코넥스,통신 및 방송 장비 제조업,840,0,0.00,2026-10-06 14:46
140670,알에스오토메이션,코스닥,전자부품 제조업,10760,60,0.56,2026-10-06 14:46
140860,파크시스템스,코스닥,"측정, 시험, 항해, 제어 및 기타 정밀기기 제조업; 광학기기 제외",308500,10500,3.52,2026-10-06 14:46
141000,비아트론,코스닥,특수 목적용 기계 제조업,11710,660,5.97,2026-10-06 14:46
141080,리가켐바이오,코스닥,자연과학 및 공학 연구개발업,83700,1400,1.70,2026-10-06 14:46
142210,유니트론텍,코스닥,자동차 부품 및 내장품 판매업,6940,270,4.05,2026-10-06 14:46
142280,녹십자엠에스,코스닥,의료용품 및 기타 의약 관련제품 제조업,3305,-20,-0.60,2026-10-06 14:46
142760,모아라이프플러스,코스닥,자연과학 및 공학 연구개발업,480,1,0.21,2026-10-06 14:46
143160,아이디스,코스닥,통신 및 방송 장비 제조업,16030,0,0.00,2026-10-06 14:46
143210,핸즈코퍼레이션,유가,자동차 신품 부품 제조업,1199,0,0.00,2026-10-06 14:46
143240,사람인,코스닥,"자료처리, 호스팅, 포털 및 기타 인터넷 정보매개 서비스업",17560,100,0.57,2026-10-06 14:46
143540,영우디에스피,코스닥,특수 목적용 기계 제조업,1032,0,0.00,2026-10-06 14:46
144510,지씨셀,코스닥,"그외 기타 전문, 과학 및 기술 서비스업",14840,260,1.78,2026-10-06 14:46
144960,뉴파워프라즈마,코스닥,특수 목적용 기계 제조업,13720,520,3.94,2026-10-06 14:46
145020,휴젤,코스닥,기초 의약물질 제조업,180300,200,0.11,2026-10-06 14:46
145170,노브랜드,코스닥,편조의복 제조업,3385,120,3.68,2026-10-06 14:46
145210,다이나믹디자인,유가,특수 목적용 기계 제조업,2240,0,0.00,2026-10-06 14:46
145270,케이탑리츠,유가,부동산 임대 및 공급업,796,-7,-0.87,2026-10-06 14:46
145720,덴티움,유가,의료용 기기 제조업,40200,1450,3.74,2026-10-06 14:46
145990,삼양사,유가,기타 식품 제조업,45950,-350,-0.76,2026-10-06 14:46
145995,삼양사우,유가,기타 식품 제조업,32250,250,0.78,2026-10-06 14:46
146060,율촌,코스닥,1차 철강 제조업,1065,-5,-0.47,2026-10-06 14:46
146320,비씨엔씨,코스닥,반도체 제조업,11970,690,6.12,2026-10-06 14:46
147760,피엠티,코스닥,"측정, 시험, 항해, 제어 및 기타 정밀기기 제조업; 광학기기 제외",4070,100,2.52,2026-10-06 14:46
147830,제룡산업,코스닥,"구조용 금속제품, 탱크 및 증기발생기 제조업",7330,30,0.41,2026-10-06 14:46
148150,세경하이테크,코스닥,전자부품 제조업,3985,-35,-0.87,2026-10-06 14:46
148250,알엔투테크놀로지,코스닥,전자부품 제조업,1978,-13,-0.65,2026-10-06 14:46
148780,비큐AI,코스닥,소프트웨어 개발 및 공급업,4040,60,1.51,2026-10-06 14:46
148930,에이치와이티씨,코스닥,기타 금속 가공제품 제조업,3130,30,0.97,2026-10-06 14:46
149010,아이케이세미콘,코넥스,반도체 제조업,3595,0,0.00,2026-10-06 14:46
149950,아바텍,코스닥,전자부품 제조업,12600,160,1.29,2026-10-06 14:46
149980,하이로닉,코스닥,의료용 기기 제조업,4420,-95,-2.10,2026-10-06 14:46
150900,파수AI,코스닥,소프트웨어 개발 및 공급업,4495,585,14.96,2026-10-06 14:46
151860,KG에코솔루션,코스닥,자동차 차체나 트레일러 제조업,5400,50,0.93,2026-10-06 14:46
153460,네이블,코스닥,소프트웨어 개발 및 공급업,5390,150,2.86,2026-10-06 14:46
153490,우리이앤엘하루틴,코스닥,반도체 제조업,3040,15,0.50,2026-10-06 14:46
153710,옵티팜,코스닥,의료용품 및 기타 의약 관련제품 제조업,4480,-20,-0.44,2026-10-06 14:46
153890,져스텍,코스닥,"전동기, 발전기 및 전기 변환 · 공급 · 제어 장치 제조업",9100,-210,-2.26,2026-10-06 14:46
154030,아시아종묘,코스닥,작물 재배업,1595,21,1.33,2026-10-06 14:46
154040,다산솔루에타,코스닥,전자부품 제조업,9990,730,7.88,2026-10-06 14:46
155650,와이엠씨,코스닥,전자부품 제조업,3750,20,0.54,2026-10-06 14:46
155660,DSR,유가,1차 비철금속 제조업,4240,-10,-0.24,2026-10-06 14:46
156100,엘앤케이바이오,코스닥,의료용 기기 제조업,6240,30,0.48,2026-10-06 14:46
158430,아톤,코스닥,소프트웨어 개발 및 공급업,6960,1460,26.55,2026-10-06 14:46
159010,아스플로,코스닥,일반 목적용 기계 제조업,31550,-550,-1.71,2026-10-06 14:46
159580,제로투세븐,코스닥,생활용품 도매업,2120,5,0.24,2026-10-06 14:46
159910,에코글로우,코스닥,기타 화학제품 제조업,3070,-85,-2.69,2026-10-06 14:46
160190,하이젠알앤엠,코스닥,"전동기, 발전기 및 전기 변환 · 공급 · 제어 장치 제조업",34000,5300,18.47,2026-10-06 14:46
160550,NEW,코스닥,"영화, 비디오물, 방송프로그램 제작 및 배급업",999,-1,-0.10,2026-10-06 14:46
160980,싸이맥스,코스닥,특수 목적용 기계 제조업,28900,350,1.23,2026-10-06 14:46
161000,애경케미칼,유가,기초 화학물질 제조업,11240,350,3.21,2026-10-06 14:46
161390,한국타이어앤테크놀로지,유가,고무제품 제조업,60100,200,0.33,2026-10-06 14:46
161580,필옵틱스,코스닥,특수 목적용 기계 제조업,41950,1000,2.44,2026-10-06 14:46
161890,한국콜마,유가,기타 화학제품 제조업,136600,0,0.00,2026-10-06 14:46
162120,루켄테크놀러지스,코넥스,기타 전기장비 제조업,3970,-35,-0.87,2026-10-06 14:46
162300,신스틸,코스닥,1차 철강 제조업,2060,-20,-0.96,2026-10-06 14:46
163280,에어레인,코스닥,일반 목적용 기계 제조업,3895,55,1.43,2026-10-06 14:46
163560,동일고무벨트,유가,고무제품 제조업,5510,-60,-1.08,2026-10-06 14:46
163730,핑거,코스닥,소프트웨어 개발 및 공급업,14720,-60,-0.41,2026-10-06 14:46
166090,하나머티리얼즈,코스닥,반도체 제조업,65100,2000,3.17,2026-10-06 14:46
166480,코아스템켐온,코스닥,의약품 제조업,2350,35,1.51,2026-10-06 14:46
168330,내츄럴엔도텍,코스닥,자연과학 및 공학 연구개발업,2390,-20,-0.83,2026-10-06 14:46
168360,펨트론,코스닥,특수 목적용 기계 제조업,16820,780,4.86,2026-10-06 14:46
169330,엠브레인,코스닥,시장조사 및 여론조사업,1827,-22,-1.19,2026-10-06 14:46
169670,코스텍시스템,코넥스,특수 목적용 기계 제조업,5350,10,0.19,2026-10-06 14:46
170030,현대공업,코스닥,자동차 신품 부품 제조업,4985,50,1.01,2026-10-06 14:46
170790,파이오링크,코스닥,통신 및 방송 장비 제조업,8830,480,5.75,2026-10-06 14:46
170900,동아에스티,유가,의약품 제조업,35050,100,0.29,2026-10-06 14:46
170920,엘티씨,코스닥,기초 화학물질 제조업,44100,650,1.50,2026-10-06 14:46
171010,램테크놀러지,코스닥,기초 화학물질 제조업,2760,125,4.74,2026-10-06 14:46
171090,선익시스템,코스닥,특수 목적용 기계 제조업,75400,-700,-0.92,2026-10-06 14:46
171120,라이온켐텍,코스닥,기타 화학제품 제조업,2035,-10,-0.49,2026-10-06 14:46
172670,에이엘티,코스닥,반도체 제조업,15210,210,1.40,2026-10-06 14:46
173130,오파스넷,코스닥,"컴퓨터 프로그래밍, 시스템 통합 및 관리업",7990,260,3.36,2026-10-06 14:46
173940,에프엔씨엔터,코스닥,창작 및 예술관련 서비스업,1976,-8,-0.40,2026-10-06 14:46
174900,앱클론,코스닥,의료용품 및 기타 의약 관련제품 제조업,28600,700,2.51,2026-10-06 14:46
175140,아고스,코스닥,통신 및 방송 장비 제조업,2365,10,0.42,2026-10-06 14:46
175250,아이큐어,코스닥,기타 화학제품 제조업,1666,1,0.06,2026-10-06 14:46
175330,JB금융지주,유가,기타 금융업,28450,-550,-1.90,2026-10-06 14:46
176590,코나솔,코넥스,기타 금속 가공제품 제조업,2100,139,7.09,2026-10-06 14:46
176750,듀켐바이오,코스닥,의약품 제조업,7270,-20,-0.27,2026-10-06 14:46
177350,베셀,코스닥,플라스틱제품 제조업,1339,-38,-2.76,2026-10-06 14:46
177830,파버나인,코스닥,전자부품 제조업,2090,0,0.00,2026-10-06 14:46
177900,쓰리에이로직스,코스닥,반도체 제조업,3740,25,0.67,2026-10-06 14:46
178320,서진시스템,코스닥,기타 전기장비 제조업,43150,1650,3.98,2026-10-06 14:46
178600,대동고려삼,코넥스,기타 식품 제조업,1699,-181,-9.63,2026-10-06 14:46
178780,일월지엠엘,코스닥,상품 종합 도매업,2405,-70,-2.83,2026-10-06 14:46
178920,PI첨단소재,유가,플라스틱제품 제조업,20400,150,0.74,2026-10-06 14:46
179290,엠아이텍,코스닥,의료용 기기 제조업,4605,-40,-0.86,2026-10-06 14:46
179530,애드바이오텍,코스닥,의약품 제조업,2065,10,0.49,2026-10-06 14:46
179720,머니무브,코넥스,기타 금융업,7000,0,0.00,2026-10-06 14:46
179900,유티아이,코스닥,전자부품 제조업,2635,320,13.82,2026-10-06 14:46
180060,탑선,코넥스,기타 전기장비 제조업,4225,-15,-0.35,2026-10-06 14:46
180400,DXVX,코스닥,기타 과학기술 서비스업,2335,-30,-1.27,2026-10-06 14:46
180640,한진칼,유가,기타 금융업,132500,200,0.15,2026-10-06 14:46
181710,NHN,유가,소프트웨어 개발 및 공급업,57100,0,0.00,2026-10-06 14:46
182360,큐브엔터,코스닥,오디오물 출판 및 원판 녹음업,6310,-190,-2.92,2026-10-06 14:46
182400,엔케이젠바이오텍코리아,코스닥,기초 의약물질 제조업,3670,0,0.00,2026-10-06 14:46
183190,아세아시멘트,유가,"시멘트, 석회, 플라스터 및 그 제품 제조업",9940,-160,-1.58,2026-10-06 14:46
183300,코미코,코스닥,특수 목적용 기계 제조업,33750,-300,-0.88,2026-10-06 14:46
183490,엔지켐생명과학,코스닥,기초 의약물질 제조업,990,0,0.00,2026-10-06 14:46
184230,SGA솔루션즈,코스닥,소프트웨어 개발 및 공급업,2310,260,12.68,2026-10-06 14:46
185190,수프로,코넥스,산업용 농·축산물 및 동·식물 도매업,910,-86,-8.63,2026-10-06 14:46
185490,아이진,코스닥,자연과학 및 공학 연구개발업,1882,-36,-1.88,2026-10-06 14:46
185750,종근당,유가,의약품 제조업,65500,300,0.46,2026-10-06 14:46
186230,그린플러스,코스닥,1차 비철금속 제조업,3190,-50,-1.54,2026-10-06 14:46
187220,디티앤씨,코스닥,기타 과학기술 서비스업,1998,-27,-1.33,2026-10-06 14:46
187270,신화콘텍,코스닥,"전동기, 발전기 및 전기 변환 · 공급 · 제어 장치 제조업",2860,-70,-2.39,2026-10-06 14:46
187420,HLB제넥스,코스닥,기초 의약물질 제조업,2125,215,11.26,2026-10-06 14:46
187660,페니트리움바이오,코스닥,자연과학 및 공학 연구개발업,6750,-270,-3.85,2026-10-06 14:46
187790,나노,코스닥,기초 화학물질 제조업,3155,15,0.48,2026-10-06 14:46
187870,디바이스,코스닥,특수 목적용 기계 제조업,13150,280,2.18,2026-10-06 14:46
188040,바이오포트,코스닥,기타 식품 제조업,4865,-115,-2.31,2026-10-06 14:46
188260,세니젠,코스닥,그외 기타 제품 제조업,2090,20,0.97,2026-10-06 14:46
189300,인텔리안테크,코스닥,통신 및 방송 장비 제조업,74600,1900,2.61,2026-10-06 14:46
189330,씨이랩,코스닥,소프트웨어 개발 및 공급업,10810,-20,-0.18,2026-10-06 14:46
189350,코셋,코넥스,통신 및 방송 장비 제조업,2000,0,0.00,2026-10-06 14:46
189690,포시에스,코스닥,소프트웨어 개발 및 공급업,1530,3,0.20,2026-10-06 14:46
189860,서전기전,코스닥,"전동기, 발전기 및 전기 변환 · 공급 · 제어 장치 제조업",5130,30,0.59,2026-10-06 14:46
189980,흥국에프엔비,코스닥,비알코올음료 및 얼음 제조업,1153,-6,-0.52,2026-10-06 14:46
190510,나무가,코스닥,전자부품 제조업,15960,0,0.00,2026-10-06 14:46
190650,코리아에셋투자증권,코스닥,금융 지원 서비스업,6510,10,0.15,2026-10-06 14:46
191410,육일씨엔에쓰,코스닥,전자부품 제조업,1724,40,2.38,2026-10-06 14:46
191420,테고사이언스,코스닥,기초 의약물질 제조업,7120,-40,-0.56,2026-10-06 14:46
191600,블루탑,코넥스,전자부품 제조업,13980,0,0.00,2026-10-06 14:46
192080,더블유게임즈,유가,소프트웨어 개발 및 공급업,56700,-1800,-3.08,2026-10-06 14:46
192250,케이사인,코스닥,소프트웨어 개발 및 공급업,9750,1460,17.61,2026-10-06 14:46
192390,윈하이텍,코스닥,"구조용 금속제품, 탱크 및 증기발생기 제조업",1859,-10,-0.54,2026-10-06 14:46
192400,쿠쿠홀딩스,유가,기타 금융업,26650,-250,-0.93,2026-10-06 14:46
192410,오늘이엔엠,코스닥,통신 및 방송 장비 제조업,3380,-20,-0.59,2026-10-06 14:46
192440,슈피겐코리아,코스닥,그외 기타 제품 제조업,28500,-1000,-3.39,2026-10-06 14:46
192650,드림텍,유가,전자부품 제조업,9630,250,2.67,2026-10-06 14:46
192820,코스맥스,유가,기타 화학제품 제조업,289500,19500,7.22,2026-10-06 14:46
193250,링크드,코스닥,전자부품 제조업,1884,-28,-1.46,2026-10-06 14:46
194370,제이에스코퍼레이션,유가,"가죽, 가방 및 유사제품 제조업",12210,-620,-4.83,2026-10-06 14:46
194480,데브시스터즈,코스닥,소프트웨어 개발 및 공급업,13900,-110,-0.79,2026-10-06 14:46
194700,노바렉스,코스닥,기타 식품 제조업,10570,190,1.83,2026-10-06 14:46
195500,마니커에프앤지,코스닥,"도축, 육류 가공 및 저장 처리업",1702,-16,-0.93,2026-10-06 14:46
195870,해성디에스,유가,전자부품 제조업,66300,1000,1.53,2026-10-06 14:46
195940,HK이노엔,코스닥,의약품 제조업,41200,1050,2.62,2026-10-06 14:46
195990,루트K,코스닥,특수 목적용 기계 제조업,1122,-7,-0.62,2026-10-06 14:46
196170,알테오젠,코스닥,자연과학 및 공학 연구개발업,259500,0,0.00,2026-10-06 14:46
196300,HLB펩,코스닥,기초 의약물질 제조업,5040,460,10.04,2026-10-06 14:46
196450,코아시아씨엠,코스닥,사진장비 및 광학기기 제조업,3795,-45,-1.17,2026-10-06 14:46
196490,디에이테크놀로지,코스닥,특수 목적용 기계 제조업,93,-7,-7.00,2026-10-06 14:46
196700,웹스,코스닥,합성고무 및 플라스틱 물질 제조업,1262,41,3.36,2026-10-06 14:46
197140,디지캡,코스닥,소프트웨어 개발 및 공급업,2330,30,1.30,2026-10-06 14:46
198080,캐프,코스닥,전자부품 제조업,2095,-15,-0.71,2026-10-06 14:46
198440,강동씨앤엘,코스닥,"시멘트, 석회, 플라스터 및 그 제품 제조업",1454,-92,-5.95,2026-10-06 14:46
198940,한주라이트메탈,코스닥,1차 비철금속 제조업,1384,-39,-2.74,2026-10-06 14:46
199150,데이터스트림즈,코넥스,소프트웨어 개발 및 공급업,1698,58,3.54,2026-10-06 14:46
199290,바이오프로테크,코넥스,의료용 기기 제조업,394,0,0.00,2026-10-06 14:46
199430,케이엔알시스템,코스닥,"측정, 시험, 항해, 제어 및 기타 정밀기기 제조업; 광학기기 제외",18280,370,2.07,2026-10-06 14:46
199480,뱅크웨어글로벌,코스닥,소프트웨어 개발 및 공급업,4195,185,4.61,2026-10-06 14:46
199550,레이저옵텍,코스닥,의료용 기기 제조업,3210,-15,-0.47,2026-10-06 14:46
199730,바이오인프라,코스닥,자연과학 및 공학 연구개발업,667,4,0.60,2026-10-06 14:46
199800,툴젠,코스닥,자연과학 및 공학 연구개발업,35700,1150,3.33,2026-10-06 14:46
199820,제일일렉트릭,코스닥,"전동기, 발전기 및 전기 변환 · 공급 · 제어 장치 제조업",7930,30,0.38,2026-10-06 14:46
200130,콜마비앤에이치,코스닥,기초 의약물질 제조업,8040,0,0.00,2026-10-06 14:46
200230,텔콘RF제약,코스닥,의약품 제조업,2320,45,1.98,2026-10-06 14:46
200350,아티스트스튜디오,코스닥,"영화, 비디오물, 방송프로그램 제작 및 배급업",4080,780,23.64,2026-10-06 14:46
200470,에이팩트,코스닥,반도체 제조업,10120,-20,-0.20,2026-10-06 14:46
200580,메디쎄이,코넥스,의료용 기기 제조업,11400,-10,-0.09,2026-10-06 14:46
200670,휴메딕스,코스닥,의약품 제조업,26050,350,1.36,2026-10-06 14:46
200710,에이디테크놀로지,코스닥,반도체 제조업,29400,-200,-0.68,2026-10-06 14:46
200780,비씨월드제약,코스닥,의약품 제조업,3020,-30,-0.98,2026-10-06 14:46
200880,서연이화,유가,자동차 신품 부품 제조업,11180,-60,-0.53,2026-10-06 14:46
201490,미투온,코스닥,소프트웨어 개발 및 공급업,3480,85,2.50,2026-10-06 14:46
202960,판도라티비,코넥스,소프트웨어 개발 및 공급업,539,51,10.45,2026-10-06 14:46
203400,에이비온,코스닥,자연과학 및 공학 연구개발업,676,0,0.00,2026-10-06 14:46
203450,유니온바이오메트릭스,코스닥,통신 및 방송 장비 제조업,2830,-15,-0.53,2026-10-06 14:46
203650,드림시큐리티,코스닥,소프트웨어 개발 및 공급업,3095,250,8.79,2026-10-06 14:46
204020,그리티,코스닥,봉제의복 제조업,1790,10,0.56,2026-10-06 14:46
204270,제이앤티씨,코스닥,전자부품 제조업,23050,1200,5.49,2026-10-06 14:46
204320,HL만도,유가,자동차 신품 부품 제조업,47400,250,0.53,2026-10-06 14:46
204610,티쓰리,코스닥,소프트웨어 개발 및 공급업,2855,-15,-0.52,2026-10-06 14:46
204620,글로벌텍스프리,코스닥,금융 지원 서비스업,5420,-260,-4.58,2026-10-06 14:46
204840,지엘팜텍,코스닥,생활용품 도매업,4140,-60,-1.43,2026-10-06 14:46
205100,엑셈,코스닥,소프트웨어 개발 및 공급업,1370,-78,-5.39,2026-10-06 14:46
205470,휴마시스,코스닥,의료용품 및 기타 의약 관련제품 제조업,2620,0,0.00,2026-10-06 14:46
205500,넥써쓰,코스닥,소프트웨어 개발 및 공급업,1784,-61,-3.31,2026-10-06 14:46
206400,베노티앤알,코스닥,실내건축 및 건축마무리 공사업,729,-102,-12.27,2026-10-06 14:46
206560,덱스터,코스닥,"영화, 비디오물, 방송프로그램 제작 및 배급업",898,-13,-1.43,2026-10-06 14:46
206640,바디텍메드,코스닥,의료용품 및 기타 의약 관련제품 제조업,9730,-20,-0.21,2026-10-06 14:46
206650,유바이오로직스,코스닥,의약품 제조업,8430,-20,-0.24,2026-10-06 14:46
206950,볼빅,코넥스,운동 및 경기용구 제조업,1708,218,14.63,2026-10-06 14:46
207490,에이펙스인텍,코넥스,전구 및 조명장치 제조업,6400,0,0.00,2026-10-06 14:46
207760,미스터블루,코스닥,기타 정보 서비스업,2150,85,4.12,2026-10-06 14:46
207940,삼성바이오로직스,유가,기초 의약물질 제조업,1306000,-48000,-3.55,2026-10-06 14:46
208140,정다운,코스닥,"도축, 육류 가공 및 저장 처리업",2270,15,0.67,2026-10-06 14:46
208350,지란지교시큐리티,코스닥,소프트웨어 개발 및 공급업,3000,160,5.63,2026-10-06 14:46
208370,셀바스헬스케어,코스닥,의료용 기기 제조업,2765,105,3.95,2026-10-06 14:46
208640,썸에이지,코스닥,소프트웨어 개발 및 공급업,691,-5,-0.72,2026-10-06 14:46
208710,포톤,코스닥,전자부품 제조업,2860,85,3.06,2026-10-06 14:46
208850,이비테크,코넥스,기타 전기장비 제조업,5100,105,2.10,2026-10-06 14:46
208860,다산디엠씨,코스닥,소프트웨어 개발 및 공급업,9580,-40,-0.42,2026-10-06 14:46
208890,미래엔에듀파트너,코넥스,교육지원 서비스업,900,0,0.00,2026-10-06 14:46
209640,와이제이링크,코스닥,특수 목적용 기계 제조업,4170,20,0.48,2026-10-06 14:46
210120,캔버스엔,코스닥,"영화, 비디오물, 방송프로그램 제작 및 배급업",1716,-9,-0.52,2026-10-06 14:46
210540,디와이파워,유가,특수 목적용 기계 제조업,11080,-40,-0.36,2026-10-06 14:46
210980,SK디앤디,유가,부동산 임대 및 공급업,3240,-115,-3.43,2026-10-06 14:46
211050,인카금융서비스,코스닥,보험 및 연금관련 서비스업,9690,40,0.41,2026-10-06 14:46
211270,AP위성,코스닥,통신 및 방송 장비 제조업,9660,150,1.58,2026-10-06 14:46
212310,오건에코텍,코넥스,의료용 기기 제조업,635,0,0.00,2026-10-06 14:46
212560,네오오토,코스닥,자동차 신품 부품 제조업,10920,-370,-3.28,2026-10-06 14:46
212710,아이에스티이,코스닥,반도체 제조업,7480,-40,-0.53,2026-10-06 14:46
213420,덕산네오룩스,코스닥,전자부품 제조업,30450,400,1.33,2026-10-06 14:46
213500,한솔제지,유가,"펄프, 종이 및 판지 제조업",7140,-80,-1.11,2026-10-06 14:46
214150,클래시스,코스닥,의료용 기기 제조업,31000,350,1.14,2026-10-06 14:46
214180,헥토이노베이션,코스닥,기타 정보 서비스업,14450,500,3.58,2026-10-06 14:46
214260,라파스,코스닥,기타 화학제품 제조업,7430,-210,-2.75,2026-10-06 14:46
214270,FSN,코스닥,소프트웨어 개발 및 공급업,1410,23,1.66,2026-10-06 14:46
214320,이노션,유가,광고업,17930,-180,-0.99,2026-10-06 14:46
214330,금호에이치티,유가,자동차 신품 부품 제조업,6930,-140,-1.98,2026-10-06 14:46
214370,케어젠,코스닥,기초 의약물질 제조업,43050,500,1.18,2026-10-06 14:46
214390,경보제약,유가,기초 의약물질 제조업,5430,10,0.18,2026-10-06 14:46
214420,토니모리,유가,기타 화학제품 제조업,5040,-10,-0.20,2026-10-06 14:46
214430,아이쓰리시스템,코스닥,전자부품 제조업,81100,2500,3.18,2026-10-06 14:46
214450,파마리서치,코스닥,의료용품 및 기타 의약 관련제품 제조업,302000,-4000,-1.31,2026-10-06 14:46
214610,롤링스톤,코스닥,의료용 기기 제조업,2290,0,0.00,2026-10-06 14:46
214680,디알텍,코스닥,의료용 기기 제조업,3885,-30,-0.77,2026-10-06 14:46
215000,골프존,코스닥,소프트웨어 개발 및 공급업,35750,50,0.14,2026-10-06 14:46
215090,솔디펜스,코스닥,"측정, 시험, 항해, 제어 및 기타 정밀기기 제조업; 광학기기 제외",1397,-32,-2.24,2026-10-06 14:46
215100,로보로보,코스닥,기타 전기장비 제조업,4265,70,1.67,2026-10-06 14:46
215200,메가스터디교육,코스닥,일반 교습 학원,37650,150,0.40,2026-10-06 14:46
215360,우리산업,코스닥,자동차 신품 부품 제조업,6440,50,0.78,2026-10-06 14:46
215380,콜마바이오텍,코스닥,자연과학 및 공학 연구개발업,2305,-15,-0.65,2026-10-06 14:46
215480,토박스코리아,코스닥,"섬유, 의복, 신발 및 가죽제품 소매업",2065,-65,-3.05,2026-10-06 14:46
215570,크로넥스,코넥스,자연과학 및 공학 연구개발업,600,0,0.00,2026-10-06 14:46
215600,신라젠,코스닥,자연과학 및 공학 연구개발업,2360,0,0.00,2026-10-06 14:46
215790,이노인스트루먼트,코스닥,통신 및 방송 장비 제조업,640,-23,-3.47,2026-10-06 14:46
216050,인크로스,코스닥,광고업,4980,-5,-0.10,2026-10-06 14:46
216080,제테마,코스닥,의료용품 및 기타 의약 관련제품 제조업,6090,90,1.50,2026-10-06 14:46
216400,인바이츠바이오코아,코넥스,자연과학 및 공학 연구개발업,1280,42,3.39,2026-10-06 14:46
217190,제너셈,코스닥,특수 목적용 기계 제조업,8200,-60,-0.73,2026-10-06 14:46
217270,넵튠,코스닥,소프트웨어 개발 및 공급업,2455,70,2.94,2026-10-06 14:46
217320,썬테크,코넥스,"전동기, 발전기 및 전기 변환 · 공급 · 제어 장치 제조업",10000,0,0.00,2026-10-06 14:46
217330,싸이토젠,코스닥,자연과학 및 공학 연구개발업,3135,-75,-2.34,2026-10-06 14:46
217480,에스디생명공학,코스닥,기타 화학제품 제조업,499,0,0.00,2026-10-06 14:46
217500,러셀,코스닥,특수 목적용 기계 제조업,1628,8,0.49,2026-10-06 14:46
217590,티엠씨,유가,절연선 및 케이블 제조업,19020,580,3.15,2026-10-06 14:46
217730,강스템바이오텍,코스닥,기초 의약물질 제조업,2280,40,1.79,2026-10-06 14:46
217820,원익피앤이,코스닥,특수 목적용 기계 제조업,2495,95,3.96,2026-10-06 14:46
217880,틸론,코넥스,소프트웨어 개발 및 공급업,984,31,3.25,2026-10-06 14:46
217910,에스제이켐,코넥스,기초 화학물질 제조업,255,-44,-14.72,2026-10-06 14:46
217950,파마리서치바이오,코넥스,의약품 제조업,29000,250,0.87,2026-10-06 14:46
218150,미래생명자원,코스닥,동물용 사료 및 조제식품 제조업,1912,-18,-0.93,2026-10-06 14:46
218410,RFHIC,코스닥,통신 및 방송 장비 제조업,62200,200,0.32,2026-10-06 14:46
219130,타이거일렉,코스닥,전자부품 제조업,92400,100,0.11,2026-10-06 14:46
219420,링크제니시스,코스닥,소프트웨어 개발 및 공급업,3205,-45,-1.38,2026-10-06 14:46
219550,디와이디,코스닥,생활용품 도매업,1196,5,0.42,2026-10-06 14:46
219750,한국비티비,코스닥,의료용 기기 제조업,1720,5,0.29,2026-10-06 14:46
220100,퓨쳐켐,코스닥,의약품 제조업,7240,50,0.70,2026-10-06 14:46
220180,폴라리스AI핸디,코스닥,소프트웨어 개발 및 공급업,1353,14,1.05,2026-10-06 14:46
220260,켐트로스,코스닥,기타 화학제품 제조업,4795,-35,-0.72,2026-10-06 14:46
221800,지구홀딩스,코스닥,기타 과학기술 서비스업,3810,20,0.53,2026-10-06 14:46
221840,하이즈항공,코스닥,"항공기,우주선 및 부품 제조업",2080,30,1.46,2026-10-06 14:46
221980,케이디켐,코스닥,기타 화학제품 제조업,9240,-280,-2.94,2026-10-06 14:46
222040,코스맥스엔비티,코스닥,기타 식품 제조업,6250,-100,-1.57,2026-10-06 14:46
222080,SFA넥셀,코스닥,특수 목적용 기계 제조업,8760,410,4.91,2026-10-06 14:46
222110,팬젠,코스닥,의약품 제조업,4790,-10,-0.21,2026-10-06 14:46
222420,쎄노텍,코스닥,기타 비금속 광물제품 제조업,976,-7,-0.71,2026-10-06 14:46
222670,플럼라인생명과학,코넥스,자연과학 및 공학 연구개발업,4635,0,0.00,2026-10-06 14:46
222800,심텍,코스닥,전자부품 제조업,174900,7700,4.61,2026-10-06 14:46
222980,한국맥널티,코스닥,기타 식품 제조업,2070,-45,-2.13,2026-10-06 14:46
223220,로지스몬,코넥스,기타 운송관련 서비스업,123,6,5.13,2026-10-06 14:46
223250,드림씨아이에스,코스닥,자연과학 및 공학 연구개발업,3670,-5,-0.14,2026-10-06 14:46
223310,사토시홀딩스,코스닥,상품 종합 도매업,3070,90,3.02,2026-10-06 14:46
224060,더코디,코스닥,전자부품 제조업,4030,-235,-5.51,2026-10-06 14:46
224110,에이텍모빌리티,코스닥,통신 및 방송 장비 제조업,7770,-90,-1.15,2026-10-06 14:46
224760,엔에스컴퍼니,코넥스,토목 건설업,2480,0,0.00,2026-10-06 14:46
224810,엄지하우스,코넥스,실내건축 및 건축마무리 공사업,1220,-215,-14.98,2026-10-06 14:46
225190,LK삼양,코스닥,사진장비 및 광학기기 제조업,4960,-50,-1.00,2026-10-06 14:46
225220,제놀루션,코스닥,기초 의약물질 제조업,1427,-42,-2.86,2026-10-06 14:46
225430,케이엠제약,코스닥,기타 화학제품 제조업,698,0,0.00,2026-10-06 14:46
225530,HC보광산업,코스닥,기타 비금속 광물제품 제조업,2115,5,0.24,2026-10-06 14:46
225570,넥슨게임즈,코스닥,소프트웨어 개발 및 공급업,10880,30,0.28,2026-10-06 14:46
225590,패션플랫폼,코스닥,봉제의복 제조업,2935,100,3.53,2026-10-06 14:46
226320,잇츠한불,유가,기타 화학제품 제조업,11160,470,4.40,2026-10-06 14:46
226330,신테카바이오,코스닥,소프트웨어 개발 및 공급업,1287,21,1.66,2026-10-06 14:46
226340,본느,코스닥,기타 화학제품 제조업,6140,310,5.32,2026-10-06 14:46
226400,오스테오닉,코스닥,의료용 기기 제조업,4195,30,0.72,2026-10-06 14:46
226590,엠디바이스,코스닥,전자부품 제조업,15050,10,0.07,2026-10-06 14:46
226950,올릭스,코스닥,자연과학 및 공학 연구개발업,122500,5700,4.88,2026-10-06 14:46
227420,도부,코넥스,직물직조 및 직물제품 제조업,799,-15,-1.84,2026-10-06 14:46
227610,아우딘퓨쳐스,코스닥,기타 화학제품 제조업,978,-24,-2.40,2026-10-06 14:46
227840,현대코퍼레이션홀딩스,유가,음·식료품 및 담배 도매업,12750,0,0.00,2026-10-06 14:46
227950,엔투텍,코스닥,특수 목적용 기계 제조업,1300,-32,-2.40,2026-10-06 14:46
228340,동양파일,코스닥,"시멘트, 석회, 플라스터 및 그 제품 제조업",3185,-185,-5.49,2026-10-06 14:46
228670,레이,코스닥,의료용 기기 제조업,4235,-95,-2.19,2026-10-06 14:46
228760,지노믹트리,코스닥,자연과학 및 공학 연구개발업,12140,-60,-0.49,2026-10-06 14:46
228850,레이언스,코스닥,의료용 기기 제조업,8290,-320,-3.72,2026-10-06 14:46
229000,젠큐릭스,코스닥,의료용품 및 기타 의약 관련제품 제조업,1957,0,0.00,2026-10-06 14:46
229500,노브메타파마,코넥스,자연과학 및 공학 연구개발업,5580,140,2.57,2026-10-06 14:46
229640,LS에코에너지,유가,기타 금융업,67100,700,1.05,2026-10-06 14:46
230240,에치에프알,코스닥,통신 및 방송 장비 제조업,14290,-70,-0.49,2026-10-06 14:46
232140,와이씨,코스닥,특수 목적용 기계 제조업,18160,1270,7.52,2026-10-06 14:46
232530,이엠티,코넥스,일차전지 및 이차전지 제조업,10250,-30,-0.29,2026-10-06 14:46
232680,라온로보틱스,코스닥,특수 목적용 기계 제조업,11110,210,1.93,2026-10-06 14:46
232830,아이티센피엔에스,코스닥,소프트웨어 개발 및 공급업,3205,210,7.01,2026-10-06 14:46
233250,메디안디노스틱,코넥스,의료용품 및 기타 의약 관련제품 제조업,4900,0,0.00,2026-10-06 14:46
233990,질경이,코넥스,기타 화학제품 제조업,602,-1,-0.17,2026-10-06 14:46
234030,싸이닉솔루션,코스닥,반도체 제조업,3885,90,2.37,2026-10-06 14:46
234070,에이원큐브텍,코넥스,산업용 기계 및 장비 임대업,924,0,0.00,2026-10-06 14:46
234080,JW생명과학,유가,의약품 제조업,10960,-70,-0.63,2026-10-06 14:46
234100,폴라리스세원,코스닥,자동차 신품 부품 제조업,2580,45,1.78,2026-10-06 14:46
234300,에스트래픽,코스닥,"컴퓨터 프로그래밍, 시스템 통합 및 관리업",3155,-95,-2.92,2026-10-06 14:46
234340,헥토파이낸셜,코스닥,금융 지원 서비스업,23700,-50,-0.21,2026-10-06 14:46
234690,녹십자웰빙,코스닥,의약품 제조업,10670,-300,-2.73,2026-10-06 14:46
234920,자이글,코스닥,가정용 기기 제조업,5310,0,0.00,2026-10-06 14:46
235980,메드팩토,코스닥,자연과학 및 공학 연구개발업,2955,-15,-0.51,2026-10-06 14:46
236030,씨알푸드,코넥스,"곡물가공품, 전분 및 전분제품 제조업",1923,-57,-2.88,2026-10-06 14:46
236200,슈프리마,코스닥,통신 및 방송 장비 제조업,59700,4900,8.94,2026-10-06 14:46
236340,메디젠휴먼케어,코넥스,자연과학 및 공학 연구개발업,2000,100,5.26,2026-10-06 14:46
236810,엔비티,코스닥,광고업,1599,16,1.01,2026-10-06 14:46
237690,에스티팜,코스닥,의약품 제조업,96700,3400,3.64,2026-10-06 14:46
237750,피앤씨테크,코스닥,"전동기, 발전기 및 전기 변환 · 공급 · 제어 장치 제조업",3515,100,2.93,2026-10-06 14:46
237820,플레이디,코스닥,광고업,2345,-40,-1.68,2026-10-06 14:46
237880,클리오,코스닥,기타 화학제품 제조업,11970,-10,-0.08,2026-10-06 14:46
238090,앤디포스,코스닥,플라스틱제품 제조업,1780,-9,-0.50,2026-10-06 14:46
238120,얼라인드,코스닥,사진장비 및 광학기기 제조업,2725,30,1.11,2026-10-06 14:46
238200,비피도,코스닥,기타 식품 제조업,2660,40,1.53,2026-10-06 14:46
238490,힘스,코스닥,특수 목적용 기계 제조업,2335,-15,-0.64,2026-10-06 14:46
238500,솔루믹스,코넥스,"그외 기타 전문, 과학 및 기술 서비스업",475,0,0.00,2026-10-06 14:46
238540,나노솔루션,코넥스,기타 화학제품 제조업,103800,0,0.00,2026-10-06 14:46
239340,이스트에이드,코스닥,"자료처리, 호스팅, 포털 및 기타 인터넷 정보매개 서비스업",2365,15,0.64,2026-10-06 14:46
239610,에이치엘사이언스,코스닥,기타 식품 제조업,5150,-60,-1.15,2026-10-06 14:46
239890,피엔에이치테크,코스닥,기초 화학물질 제조업,3800,100,2.70,2026-10-06 14:46
240550,동방메디컬,코스닥,의료용 기기 제조업,6430,80,1.26,2026-10-06 14:46
240600,유진테크놀로지,코스닥,기타 금속 가공제품 제조업,918,58,6.74,2026-10-06 14:46
240810,원익IPS,코스닥,특수 목적용 기계 제조업,141900,3700,2.68,2026-10-06 14:46
241520,DSC인베스트먼트,코스닥,신탁업 및 집합투자업,8490,10,0.12,2026-10-06 14:46
241560,두산밥캣,유가,특수 목적용 기계 제조업,55100,-100,-0.18,2026-10-06 14:46
241590,화승엔터프라이즈,유가,신발 및 신발 부분품 제조업,2645,-75,-2.76,2026-10-06 14:46
241690,유니테크노,코스닥,자동차 신품 부품 제조업,2605,-30,-1.14,2026-10-06 14:46
241710,코스메카코리아,코스닥,기타 화학제품 제조업,107200,-2800,-2.55,2026-10-06 14:46
241770,메카로,코스닥,반도체 제조업,40900,0,0.00,2026-10-06 14:46
241790,티이엠씨씨엔에스,코스닥,특수 목적용 기계 제조업,6450,-40,-0.62,2026-10-06 14:46
241820,피씨엘,코스닥,의료용품 및 기타 의약 관련제품 제조업,6040,0,0.00,2026-10-06 14:46
241840,에이스토리,코스닥,"영화, 비디오물, 방송프로그램 제작 및 배급업",2205,0,0.00,2026-10-06 14:46
242040,나무AX,코스닥,소프트웨어 개발 및 공급업,3275,-25,-0.76,2026-10-06 14:46
243070,휴온스,코스닥,의약품 제조업,19390,-90,-0.46,2026-10-06 14:46
243840,신흥에스이씨,코스닥,일차전지 및 이차전지 제조업,6160,310,5.30,2026-10-06 14:46
243870,아이티센코어,코넥스,"컴퓨터 프로그래밍, 시스템 통합 및 관리업",8600,890,11.54,2026-10-06 14:46
244460,올리패스,코스닥,기초 의약물질 제조업,1651,0,0.00,2026-10-06 14:46
244880,나눔테크,코넥스,의료용 기기 제조업,1602,-168,-9.49,2026-10-06 14:46
244920,에이플러스에셋,유가,보험 및 연금관련 서비스업,12400,200,1.64,2026-10-06 14:46
245450,씨앤에스링크,코넥스,통신 및 방송 장비 제조업,1999,0,0.00,2026-10-06 14:46
245620,EDGC,코스닥,자연과학 및 공학 연구개발업,741,0,0.00,2026-10-06 14:46
246250,에스엘에스바이오,코스닥,"그외 기타 전문, 과학 및 기술 서비스업",1969,0,0.00,2026-10-06 14:46
246690,TS인베스트먼트,코스닥,신탁업 및 집합투자업,2125,-85,-3.85,2026-10-06 14:46
246710,티앤알바이오팹,코스닥,기초 의약물질 제조업,2240,-80,-3.45,2026-10-06 14:46
246720,아스타,코스닥,의료용품 및 기타 의약 관련제품 제조업,6070,0,0.00,2026-10-06 14:46
246960,SCL사이언스,코스닥,의료용품 및 기타 의약 관련제품 제조업,2805,185,7.06,2026-10-06 14:46
247540,에코프로비엠,코스닥,일차전지 및 이차전지 제조업,128400,12700,10.98,2026-10-06 14:46
247660,나노씨엠에스,코스닥,전자부품 제조업,3795,-330,-8.00,2026-10-06 14:46
248070,솔루엠,유가,전자부품 제조업,16710,10,0.06,2026-10-06 14:46
248170,샘표식품,유가,기타 식품 제조업,21950,50,0.23,2026-10-06 14:46
249420,일동제약,유가,의약품 제조업,14700,190,1.31,2026-10-06 14:46
250000,보라티알,코스닥,음·식료품 및 담배 도매업,5440,-70,-1.27,2026-10-06 14:46
250030,진코스텍,코넥스,기타 화학제품 제조업,28500,250,0.88,2026-10-06 14:46
250060,모비스,코스닥,"컴퓨터 프로그래밍, 시스템 통합 및 관리업",3200,60,1.91,2026-10-06 14:46
250930,예선테크,코스닥,플라스틱제품 제조업,687,158,29.87,2026-10-06 14:46
251120,바이오에프디엔씨,코스닥,기초 의약물질 제조업,9900,70,0.71,2026-10-06 14:46
251270,넷마블,유가,소프트웨어 개발 및 공급업,34250,-1100,-3.11,2026-10-06 14:46
251280,안지오랩,코넥스,자연과학 및 공학 연구개발업,2450,25,1.03,2026-10-06 14:46
251370,와이엠티,코스닥,기초 화학물질 제조업,9590,240,2.57,2026-10-06 14:46
251630,브이원텍,코스닥,특수 목적용 기계 제조업,3850,90,2.39,2026-10-06 14:46
251970,펌텍코리아,코스닥,플라스틱제품 제조업,62800,2300,3.80,2026-10-06 14:46
252500,세화피앤씨,코스닥,기타 화학제품 제조업,2280,40,1.79,2026-10-06 14:46
252990,샘씨엔에스,코스닥,전자부품 제조업,19390,-400,-2.02,2026-10-06 14:46
253450,스튜디오드래곤,코스닥,"영화, 비디오물, 방송프로그램 제작 및 배급업",20500,100,0.49,2026-10-06 14:46
253590,네오셈,코스닥,특수 목적용 기계 제조업,16320,740,4.75,2026-10-06 14:46
253610,루트락,코넥스,기타 전문 도매업,546,-34,-5.86,2026-10-06 14:46
253840,수젠텍,코스닥,의료용품 및 기타 의약 관련제품 제조업,4555,-45,-0.98,2026-10-06 14:46
254120,자비스,코스닥,특수 목적용 기계 제조업,910,0,0.00,2026-10-06 14:46
254160,제이엠멀티,코넥스,제재 및 목재 가공업,3300,0,0.00,2026-10-06 14:46
254490,미래반도체,코스닥,기타 전문 도매업,18980,220,1.17,2026-10-06 14:46
255220,SG,코스닥,기타 비금속 광물제품 제조업,1093,-28,-2.50,2026-10-06 14:46
255440,야스,코스닥,특수 목적용 기계 제조업,8490,-80,-0.93,2026-10-06 14:46
256150,한독크린텍,코스닥,일반 목적용 기계 제조업,5000,-20,-0.40,2026-10-06 14:46
256630,포인트엔지니어링,코스닥,기타 금속 가공제품 제조업,4350,0,0.00,2026-10-06 14:46
256840,한국비엔씨,코스닥,기초 의약물질 제조업,3170,15,0.48,2026-10-06 14:46
256940,킵스파마,코스닥,의약품 제조업,7370,400,5.74,2026-10-06 14:46
257370,피엔티엠에스,코스닥,특수 목적용 기계 제조업,1914,25,1.32,2026-10-06 14:46
257720,실리콘투,코스닥,상품 종합 도매업,36350,-750,-2.02,2026-10-06 14:46
258050,테크트랜스,코넥스,기타 금속 가공제품 제조업,449,0,0.00,2026-10-06 14:46
258610,케일럼,코스닥,"구조용 금속제품, 탱크 및 증기발생기 제조업",1196,-3,-0.25,2026-10-06 14:46
258790,소프트캠프,코스닥,소프트웨어 개발 및 공급업,7530,180,2.45,2026-10-06 14:46
258830,세종메디칼,코스닥,의료용 기기 제조업,412,0,0.00,2026-10-06 14:46
259630,엠플러스,코스닥,특수 목적용 기계 제조업,10390,450,4.53,2026-10-06 14:46
259960,크래프톤,유가,소프트웨어 개발 및 공급업,198500,-600,-0.30,2026-10-06 14:46
260660,알리코제약,코스닥,의료용품 및 기타 의약 관련제품 제조업,2265,5,0.22,2026-10-06 14:46
260870,SK시그넷,코넥스,"전동기, 발전기 및 전기 변환 · 공급 · 제어 장치 제조업",8130,-10,-0.12,2026-10-06 14:46
260930,씨티케이,코스닥,기타 화학제품 제조업,2325,25,1.09,2026-10-06 14:46
260970,에스앤디,코스닥,기타 식품 제조업,60900,-500,-0.81,2026-10-06 14:46
261200,덴티스,코스닥,의료용 기기 제조업,2630,25,0.96,2026-10-06 14:46
261520,이지스,코스닥,소프트웨어 개발 및 공급업,5580,20,0.36,2026-10-06 14:46
261780,아리바이오랩,코스닥,자연과학 및 공학 연구개발업,3705,295,8.65,2026-10-06 14:46
262260,에이프로,코스닥,기타 전기장비 제조업,4560,85,1.90,2026-10-06 14:46
262840,아이퀘스트,코스닥,소프트웨어 개발 및 공급업,2880,30,1.05,2026-10-06 14:46
263020,디케이앤디,코스닥,플라스틱제품 제조업,3170,-20,-0.63,2026-10-06 14:46
263050,유틸렉스,코스닥,기초 의약물질 제조업,959,0,0.00,2026-10-06 14:46
263600,덕우전자,코스닥,전자부품 제조업,5260,-30,-0.57,2026-10-06 14:46
263690,디알젬,코스닥,의료용 기기 제조업,5170,-10,-0.19,2026-10-06 14:46
263700,케어랩스,코스닥,광고업,2200,-30,-1.35,2026-10-06 14:46
263720,디앤씨미디어,코스닥,"서적, 잡지 및 기타 인쇄물 출판업",6970,40,0.58,2026-10-06 14:46
263750,펄어비스,코스닥,소프트웨어 개발 및 공급업,33000,-400,-1.20,2026-10-06 14:46
263770,유에스티,코스닥,1차 철강 제조업,1677,-23,-1.35,2026-10-06 14:46
263800,데이타솔루션,코스닥,기계장비 및 관련 물품 도매업,4740,35,0.74,2026-10-06 14:46
263810,상신전자,코스닥,전자부품 제조업,2570,-15,-0.58,2026-10-06 14:46
263860,지니언스,코스닥,소프트웨어 개발 및 공급업,24700,4300,21.08,2026-10-06 14:46
263920,휴엠앤씨,코스닥,그외 기타 제품 제조업,3220,20,0.63,2026-10-06 14:46
264450,유비쿼스,코스닥,통신 및 방송 장비 제조업,11730,-50,-0.42,2026-10-06 14:46
264660,씨앤지하이테크,코스닥,특수 목적용 기계 제조업,15180,40,0.26,2026-10-06 14:46
264850,이랜시스,코스닥,전자부품 제조업,6020,90,1.52,2026-10-06 14:46
264900,크라운제과,유가,"떡, 빵 및 과자류 제조업",7610,20,0.26,2026-10-06 14:46
265520,AP시스템,코스닥,특수 목적용 기계 제조업,20650,50,0.24,2026-10-06 14:46
265560,영화테크,코스닥,자동차 신품 부품 제조업,6280,-70,-1.10,2026-10-06 14:46
265740,엔에프씨,코스닥,기타 화학제품 제조업,7290,-120,-1.62,2026-10-06 14:46
266170,레드우즈,코넥스,"영화, 비디오물, 방송프로그램 제작 및 배급업",1050,0,0.00,2026-10-06 14:46
266350,팡스카이,코넥스,소프트웨어 개발 및 공급업,398,0,0.00,2026-10-06 14:46
266470,바이오인프라생명과학,코넥스,자연과학 및 공학 연구개발업,100,-1,-0.99,2026-10-06 14:46
266690,덕산넵코어스,코스닥,"항공기,우주선 및 부품 제조업",16360,-20,-0.12,2026-10-06 14:46
267080,세븐브로이맥주,코넥스,알코올음료 제조업,486,0,0.00,2026-10-06 14:46
267250,HD현대,유가,기타 금융업,194900,-6100,-3.03,2026-10-06 14:46
267260,HD현대일렉트릭,유가,"전동기, 발전기 및 전기 변환 · 공급 · 제어 장치 제조업",681000,3000,0.44,2026-10-06 14:46
267270,HD건설기계,유가,특수 목적용 기계 제조업,117100,-800,-0.68,2026-10-06 14:46
267290,경동도시가스,유가,연료용 가스 제조 및 배관공급업,20800,-500,-2.35,2026-10-06 14:46
267320,나인테크,코스닥,특수 목적용 기계 제조업,2835,15,0.53,2026-10-06 14:46
267790,배럴,코스닥,봉제의복 제조업,3165,100,3.26,2026-10-06 14:46
267850,아시아나IDT,유가,"컴퓨터 프로그래밍, 시스템 통합 및 관리업",9300,40,0.43,2026-10-06 14:46
267980,매일유업,코스닥,동·식물성 유지 및 낙농제품 제조업,35500,1150,3.35,2026-10-06 14:46
268280,미원에스씨,유가,기초 화학물질 제조업,123000,-4600,-3.61,2026-10-06 14:46
270210,에스알바이오텍,코넥스,기타 화학제품 제조업,11600,-390,-3.25,2026-10-06 14:46
270520,앱튼,코스닥,"건축기술, 엔지니어링 및 관련 기술 서비스업",878,60,7.33,2026-10-06 14:46
270660,에브리봇,코스닥,가정용 기기 제조업,13990,370,2.72,2026-10-06 14:46
270870,뉴트리,코스닥,기타 식품 제조업,3720,70,1.92,2026-10-06 14:46
271560,오리온,유가,기타 식품 제조업,106000,700,0.66,2026-10-06 14:46
271830,팸텍,코스닥,특수 목적용 기계 제조업,1107,3,0.27,2026-10-06 14:46
271940,일진하이솔루스,유가,그외 기타 운송장비 제조업,11780,40,0.34,2026-10-06 14:46
271980,제일약품,유가,의약품 제조업,10000,0,0.00,2026-10-06 14:46
272110,케이엔제이,코스닥,반도체 제조업,32350,500,1.57,2026-10-06 14:46
272210,한화시스템,유가,전자부품 제조업,81400,-1500,-1.81,2026-10-06 14:46
272290,이녹스첨단소재,코스닥,전자부품 제조업,22750,200,0.89,2026-10-06 14:46
272450,진에어,유가,항공 여객 운송업,5820,-50,-0.85,2026-10-06 14:46
272550,삼양패키징,유가,플라스틱제품 제조업,9830,-40,-0.41,2026-10-06 14:46
273060,와이즈버즈,코스닥,광고업,3950,105,2.73,2026-10-06 14:46
273640,와이엠텍,코스닥,"전동기, 발전기 및 전기 변환 · 공급 · 제어 장치 제조업",5940,140,2.41,2026-10-06 14:46
274090,켄코아에어로스페이스,코스닥,"항공기,우주선 및 부품 제조업",13720,240,1.78,2026-10-06 14:46
274400,이노시뮬레이션,코스닥,소프트웨어 개발 및 공급업,2205,35,1.61,2026-10-06 14:46
275630,에스에스알,코스닥,소프트웨어 개발 및 공급업,3745,-5,-0.13,2026-10-06 14:46
276040,스코넥,코스닥,소프트웨어 개발 및 공급업,327,0,0.00,2026-10-06 14:46
276240,엘리비젼,코넥스,영상 및 음향기기 제조업,700,54,8.36,2026-10-06 14:46
276730,한울앤제주,코스닥,알코올음료 제조업,834,-8,-0.95,2026-10-06 14:46
277070,린드먼아시아,코스닥,신탁업 및 집합투자업,3440,-35,-1.01,2026-10-06 14:46
277410,인산가,코스닥,기타 식품 제조업,5600,30,0.54,2026-10-06 14:46
277810,레인보우로보틱스,코스닥,특수 목적용 기계 제조업,465500,16000,3.56,2026-10-06 14:46
277880,티에스아이,코스닥,특수 목적용 기계 제조업,4005,295,7.95,2026-10-06 14:46
278280,천보,코스닥,기초 화학물질 제조업,39450,1450,3.82,2026-10-06 14:46
278470,에이피알,유가,기타 화학제품 제조업,357500,-8500,-2.32,2026-10-06 14:46
278650,HLB바이오스텝,코스닥,자연과학 및 공학 연구개발업,3735,860,29.91,2026-10-06 14:46
278990,EMB,코넥스,"전동기, 발전기 및 전기 변환 · 공급 · 제어 장치 제조업",3000,0,0.00,2026-10-06 14:46
279570,케이뱅크,유가,은행 및 저축기관,5520,130,2.41,2026-10-06 14:46
279600,미디어젠,코스닥,소프트웨어 개발 및 공급업,3925,-20,-0.51,2026-10-06 14:46
280360,롯데웰푸드,유가,기타 식품 제조업,119000,-400,-0.34,2026-10-06 14:46
281740,레이크머티리얼즈,코스닥,기타 화학제품 제조업,13090,540,4.30,2026-10-06 14:46
281820,케이씨텍,유가,"측정, 시험, 항해, 제어 및 기타 정밀기기 제조업; 광학기기 제외",105100,13100,14.24,2026-10-06 14:46
282330,BGF리테일,유가,종합 소매업,127250,-650,-0.51,2026-10-06 14:46
282620,기도산업,코스닥,봉제의복 제조업,11450,-360,-3.05,2026-10-06 14:46
282720,금양그린파워,코스닥,전기 및 통신 공사업,7790,80,1.04,2026-10-06 14:46
282880,코윈로보틱스,코스닥,특수 목적용 기계 제조업,11450,170,1.51,2026-10-06 14:46
284620,카이노스메드,코스닥,자연과학 및 공학 연구개발업,1087,0,0.00,2026-10-06 14:46
284740,쿠쿠홈시스,유가,개인 및 가정용품 임대업,24400,-300,-1.21,2026-10-06 14:46
285130,SK케미칼,유가,합성고무 및 플라스틱 물질 제조업,51800,0,0.00,2026-10-06 14:46
285490,노바텍,코스닥,그외 기타 제품 제조업,12630,70,0.56,2026-10-06 14:46
285800,진영,코스닥,플라스틱제품 제조업,4290,-20,-0.46,2026-10-06 14:46
286750,나노실리칸첨단소재,코스닥,기초 화학물질 제조업,2575,35,1.38,2026-10-06 14:46
286940,롯데이노베이트,유가,"컴퓨터 프로그래밍, 시스템 통합 및 관리업",17270,-20,-0.12,2026-10-06 14:46
287840,인투셀,코스닥,자연과학 및 공학 연구개발업,18130,80,0.44,2026-10-06 14:46
288180,케이피항공산업,코스닥,"항공기,우주선 및 부품 제조업",7740,30,0.39,2026-10-06 14:46
288330,파라택시스코리아,코스닥,"그외 기타 전문, 과학 및 기술 서비스업",416,0,0.00,2026-10-06 14:46
288620,에스프리즘,코스닥,"전동기, 발전기 및 전기 변환 · 공급 · 제어 장치 제조업",4000,90,2.30,2026-10-06 14:46
288980,모아데이타,코스닥,소프트웨어 개발 및 공급업,211,-3,-1.40,2026-10-06 14:46
289010,아이스크림에듀,코스닥,"서적, 잡지 및 기타 인쇄물 출판업",805,125,18.38,2026-10-06 14:46
289080,SV인베스트먼트,코스닥,기타 금융업,2760,0,0.00,2026-10-06 14:46
289170,바이오텐,코넥스,기타 식품 제조업,2995,-50,-1.64,2026-10-06 14:46
289220,자이언트스텝,코스닥,"영화, 비디오물, 방송프로그램 제작 및 배급업",913,-7,-0.76,2026-10-06 14:46
289930,웨이비스,코스닥,반도체 제조업,8430,-10,-0.12,2026-10-06 14:46
290090,트윔,코스닥,소프트웨어 개발 및 공급업,4545,-95,-2.05,2026-10-06 14:46
290120,DH오토리드,코스닥,자동차 신품 부품 제조업,2170,55,2.60,2026-10-06 14:46
290270,휴네시온,코스닥,소프트웨어 개발 및 공급업,2950,155,5.55,2026-10-06 14:46
290520,신도기연,코스닥,특수 목적용 기계 제조업,1663,34,2.09,2026-10-06 14:46
290550,디케이티,코스닥,전자부품 제조업,24550,750,3.15,2026-10-06 14:46
290560,파라택시스이더리움,코스닥,소프트웨어 개발 및 공급업,1299,17,1.33,2026-10-06 14:46
290650,엘앤씨바이오,코스닥,의약품 제조업,52400,-1300,-2.42,2026-10-06 14:46
290660,다이나믹솔루션,코스닥,의료용 기기 제조업,1270,-35,-2.68,2026-10-06 14:46
290670,대보마그네틱,코스닥,기타 전기장비 제조업,5640,10,0.18,2026-10-06 14:46
290690,아리바이오홀딩스,코스닥,전구 및 조명장치 제조업,3065,10,0.33,2026-10-06 14:46
290720,푸드나무,코스닥,무점포 소매업,3250,225,7.44,2026-10-06 14:46
290740,액트로,코스닥,전자부품 제조업,11200,40,0.36,2026-10-06 14:46
291230,컴투스엔,코스닥,기타 사업지원 서비스업,2695,85,3.26,2026-10-06 14:46
291650,츌립앤사이언스,코스닥,자연과학 및 공학 연구개발업,2590,90,3.60,2026-10-06 14:46
291810,핀텔,코스닥,소프트웨어 개발 및 공급업,409,0,0.00,2026-10-06 14:46
293480,하나제약,유가,의약품 제조업,8410,10,0.12,2026-10-06 14:46
293490,카카오게임즈,코스닥,소프트웨어 개발 및 공급업,10010,-130,-1.28,2026-10-06 14:46
293580,나우IB,코스닥,기타 금융업,1273,-7,-0.55,2026-10-06 14:46
293780,압타바이오,코스닥,자연과학 및 공학 연구개발업,8020,220,2.82,2026-10-06 14:46
293940,신한알파리츠,유가,부동산 임대 및 공급업,5520,-20,-0.36,2026-10-06 14:46
294090,이오플로우,코스닥,의료용 기기 제조업,1490,0,0.00,2026-10-06 14:46
294140,레몬,코스닥,화학섬유 제조업,2810,-130,-4.42,2026-10-06 14:46
294570,쿠콘,코스닥,기타 정보 서비스업,27550,500,1.85,2026-10-06 14:46
294630,서남,코스닥,기타 전기장비 제조업,3135,10,0.32,2026-10-06 14:46
294870,IPARK현대산업개발,유가,건물 건설업,21850,-500,-2.24,2026-10-06 14:46
295310,에이치브이엠,코스닥,1차 비철금속 제조업,76600,6400,9.12,2026-10-06 14:46
296160,프로젠,코넥스,자연과학 및 공학 연구개발업,2290,-30,-1.29,2026-10-06 14:46
296520,가이아코퍼레이션,코넥스,생활용품 도매업,801,0,0.00,2026-10-06 14:46
296640,이노에이엑스,코스닥,소프트웨어 개발 및 공급업,6170,80,1.31,2026-10-06 14:46
297090,씨에스베어링,코스닥,일반 목적용 기계 제조업,5000,-10,-0.20,2026-10-06 14:46
297570,아틀라스링크,코스닥,통신 및 방송 장비 제조업,3970,185,4.89,2026-10-06 14:46
297890,HB솔루션,코스닥,특수 목적용 기계 제조업,1654,-7,-0.42,2026-10-06 14:46
298000,효성화학,유가,기초 화학물질 제조업,52700,-1100,-2.04,2026-10-06 14:46
298020,효성티앤씨,유가,화학섬유 제조업,287500,14000,5.12,2026-10-06 14:46
298040,효성중공업,유가,"전동기, 발전기 및 전기 변환 · 공급 · 제어 장치 제조업",2791000,6000,0.22,2026-10-06 14:46
298050,HS효성첨단소재,유가,화학섬유 제조업,163700,900,0.55,2026-10-06 14:46
298060,풍전약품,코스닥,의약품 제조업,2350,20,0.86,2026-10-06 14:46
298380,에이비엘바이오,코스닥,기초 의약물질 제조업,52300,900,1.75,2026-10-06 14:46
298540,더네이쳐홀딩스,코스닥,의복 액세서리 제조업,6480,-290,-4.28,2026-10-06 14:46
298690,에어부산,유가,항공 여객 운송업,1499,-3,-0.20,2026-10-06 14:46
298830,슈어소프트테크,코스닥,소프트웨어 개발 및 공급업,4450,60,1.37,2026-10-06 14:46
299030,하나기술,코스닥,특수 목적용 기계 제조업,16160,590,3.79,2026-10-06 14:46
299170,더블유에스아이,코스닥,생활용품 도매업,1509,34,2.31,2026-10-06 14:46
299480,지앤이헬스케어,코넥스,기타 섬유제품 제조업,684,36,5.56,2026-10-06 14:46
299660,셀리드,코스닥,자연과학 및 공학 연구개발업,2360,-85,-3.48,2026-10-06 14:46
300080,플리토,코스닥,"자료처리, 호스팅, 포털 및 기타 인터넷 정보매개 서비스업",8930,-170,-1.87,2026-10-06 14:46
300120,라온피플,코스닥,소프트웨어 개발 및 공급업,3040,75,2.53,2026-10-06 14:46
300720,한일시멘트,유가,"시멘트, 석회, 플라스터 및 그 제품 제조업",16020,-30,-0.19,2026-10-06 14:46
301300,바이브컴퍼니,코스닥,소프트웨어 개발 및 공급업,1632,68,4.35,2026-10-06 14:46
302430,이노메트리,코스닥,특수 목적용 기계 제조업,8060,210,2.68,2026-10-06 14:46
302440,SK바이오사이언스,유가,기초 의약물질 제조업,37200,700,1.92,2026-10-06 14:46
302550,리메드,코스닥,의료용 기기 제조업,2600,-35,-1.33,2026-10-06 14:46
302920,더콘텐츠온,코넥스,"영화, 비디오물, 방송프로그램 제작 및 배급업",2200,-100,-4.35,2026-10-06 14:46
303030,지니틱스,코스닥,반도체 제조업,1155,100,9.48,2026-10-06 14:46
303360,프로티아,코스닥,의료용 기기 제조업,5990,60,1.01,2026-10-06 14:46
303530,이노뎁,코스닥,소프트웨어 개발 및 공급업,3020,60,2.03,2026-10-06 14:46
303810,동국생명과학,코스닥,의약품 제조업,2790,-15,-0.53,2026-10-06 14:46
304100,솔트룩스,코스닥,소프트웨어 개발 및 공급업,15530,70,0.45,2026-10-06 14:46
304360,에스바이오메딕스,코스닥,의약품 제조업,23050,2150,10.29,2026-10-06 14:46
304840,피플바이오,코스닥,의료용품 및 기타 의약 관련제품 제조업,561,0,0.00,2026-10-06 14:46
305090,마이크로디지탈,코스닥,의료용 기기 제조업,538,0,0.00,2026-10-06 14:46
306040,에스제이그룹,코스닥,"가죽, 가방 및 유사제품 제조업",1810,-155,-7.89,2026-10-06 14:46
306200,세아제강,유가,1차 철강 제조업,154900,300,0.19,2026-10-06 14:46
306620,지아이에스,코스닥,특수 목적용 기계 제조업,2210,0,0.00,2026-10-06 14:46
307180,아이엘,코스닥,전구 및 조명장치 제조업,5830,50,0.87,2026-10-06 14:46
307280,원바이오젠,코스닥,의료용품 및 기타 의약 관련제품 제조업,5920,-30,-0.50,2026-10-06 14:46
307750,국전,코스닥,의약품 제조업,2390,30,1.27,2026-10-06 14:46
307870,비투엔,코스닥,소프트웨어 개발 및 공급업,1290,60,4.88,2026-10-06 14:46
307930,컴퍼니케이,코스닥,기타 금융업,6440,20,0.31,2026-10-06 14:46
307950,현대오토에버,유가,소프트웨어 개발 및 공급업,388000,5500,1.44,2026-10-06 14:46
308080,바이젠셀,코스닥,자연과학 및 공학 연구개발업,5820,10,0.17,2026-10-06 14:46
308100,형지글로벌,코스닥,"섬유, 의복, 신발 및 가죽제품 소매업",254,-2,-0.78,2026-10-06 14:46
308170,씨티알모빌리티,유가,자동차 신품 부품 제조업,3340,-30,-0.89,2026-10-06 14:46
308430,셀비온,코스닥,의약품 제조업,14150,-470,-3.21,2026-10-06 14:46
309710,아이티켐,코스닥,기초 의약물질 제조업,21000,0,0.00,2026-10-06 14:46
309930,조이웍스앤코,코스닥,기타 생활용품 소매업,945,66,7.51,2026-10-06 14:46
309960,LB인베스트먼트,코스닥,기타 금융업,4340,20,0.46,2026-10-06 14:46
310200,애니플러스,코스닥,"영화, 비디오물, 방송프로그램 제작 및 배급업",2235,50,2.29,2026-10-06 14:46
310210,보로노이,코스닥,자연과학 및 공학 연구개발업,154400,10300,7.15,2026-10-06 14:46
310870,디와이씨,코스닥,자동차 신품 부품 제조업,1566,67,4.47,2026-10-06 14:46
311060,엘에이티,코넥스,특수 목적용 기계 제조업,3595,35,0.98,2026-10-06 14:46
311320,지오엘리먼트,코스닥,전자부품 제조업,9130,350,3.99,2026-10-06 14:46
311390,네오크레마,코스닥,기타 식품 제조업,2490,0,0.00,2026-10-06 14:46
311690,CJ 바이오사이언스,코스닥,자연과학 및 공학 연구개발업,3735,-40,-1.06,2026-10-06 14:46
311960,인터로이드,코넥스,소프트웨어 개발 및 공급업,1385,-237,-14.61,2026-10-06 14:46
312610,에이에프더블류,코스닥,1차 비철금속 제조업,37,0,0.00,2026-10-06 14:46
313760,캐리,코스닥,"전동기, 발전기 및 전기 변환 · 공급 · 제어 장치 제조업",468,0,0.00,2026-10-06 14:46
314130,지놈앤컴퍼니,코스닥,기초 의약물질 제조업,5840,340,6.18,2026-10-06 14:46
314140,알피바이오,코스닥,의약품 제조업,5800,40,0.69,2026-10-06 14:46
314930,바이오다인,코스닥,의료용 기기 제조업,6790,-40,-0.59,2026-10-06 14:46
315640,딥노이드,코스닥,소프트웨어 개발 및 공급업,2205,-5,-0.23,2026-10-06 14:46
316140,우리금융지주,유가,기타 금융업,33300,-200,-0.60,2026-10-06 14:46
317120,라닉스,코스닥,반도체 제조업,1510,68,4.72,2026-10-06 14:46
317240,TS트릴리온,코스닥,기타 화학제품 제조업,989,-11,-1.10,2026-10-06 14:46
317330,덕산테코피아,코스닥,기타 화학제품 제조업,13550,610,4.71,2026-10-06 14:46
317400,자이에스앤디,유가,부동산 임대 및 공급업,10250,230,2.30,2026-10-06 14:46
317450,명인제약,유가,의약품 제조업,43200,-450,-1.03,2026-10-06 14:46
317530,에피소드컴퍼니,코스닥,"영화, 비디오물, 방송프로그램 제작 및 배급업",3205,40,1.26,2026-10-06 14:46
317690,퀀타매트릭스,코스닥,의료용 기기 제조업,2380,75,3.25,2026-10-06 14:46
317770,엑스페릭스,코스닥,전자부품 제조업,3030,60,2.02,2026-10-06 14:46
317830,에스피시스템스,코스닥,특수 목적용 기계 제조업,5010,30,0.60,2026-10-06 14:46
317850,대모,코스닥,특수 목적용 기계 제조업,6200,-40,-0.64,2026-10-06 14:46
317860,노드메이슨,코넥스,기타 화학제품 제조업,4300,0,0.00,2026-10-06 14:46
317870,엔바이오니아,코스닥,그외 기타 제품 제조업,5200,-40,-0.76,2026-10-06 14:46
318000,KBG,코스닥,합성고무 및 플라스틱 물질 제조업,2765,45,1.65,2026-10-06 14:46
318010,팜스빌,코스닥,기타 식품 제조업,3480,-30,-0.85,2026-10-06 14:46
318020,포인트모바일,코스닥,컴퓨터 및 주변장치 제조업,2565,-15,-0.58,2026-10-06 14:46
318060,그래피,코스닥,합성고무 및 플라스틱 물질 제조업,16000,-170,-1.05,2026-10-06 14:46
318160,셀바이오휴먼텍,코스닥,기타 섬유제품 제조업,6690,-40,-0.59,2026-10-06 14:46
318410,비비씨,코스닥,기타 화학제품 제조업,6200,-190,-2.97,2026-10-06 14:46
318660,타임기술,코넥스,소프트웨어 개발 및 공급업,3900,0,0.00,2026-10-06 14:46
319400,현대무벡스,코스닥,일반 목적용 기계 제조업,20950,150,0.72,2026-10-06 14:46
319660,피에스케이,코스닥,특수 목적용 기계 제조업,153200,1200,0.79,2026-10-06 14:46
320000,한울반도체,코스닥,특수 목적용 기계 제조업,10340,80,0.78,2026-10-06 14:46
321260,프로이천,코스닥,반도체 제조업,1786,-1,-0.06,2026-10-06 14:46
321370,센서뷰,코스닥,전자부품 제조업,2065,175,9.26,2026-10-06 14:46
321550,티움바이오,코스닥,자연과학 및 공학 연구개발업,4735,210,4.64,2026-10-06 14:46
321820,아티스트컴퍼니,코스닥,창작 및 예술관련 서비스업,4150,605,17.07,2026-10-06 14:46
322000,HD현대에너지솔루션,유가,반도체 제조업,149300,10000,7.18,2026-10-06 14:46
322180,LS티라유텍,코스닥,소프트웨어 개발 및 공급업,4575,-55,-1.19,2026-10-06 14:46
322310,오로스테크놀로지,코스닥,특수 목적용 기계 제조업,16680,280,1.71,2026-10-06 14:46
322510,제이엘케이,코스닥,소프트웨어 개발 및 공급업,5320,180,3.50,2026-10-06 14:46
322780,코퍼스코리아,코스닥,"영화, 비디오물, 방송프로그램 제작 및 배급업",1636,11,0.68,2026-10-06 14:46
322970,무진메디,코넥스,자연과학 및 공학 연구개발업,1875,-24,-1.26,2026-10-06 14:46
323280,태성,코스닥,특수 목적용 기계 제조업,61200,1700,2.86,2026-10-06 14:46
323350,다원넥스뷰,코스닥,특수 목적용 기계 제조업,10030,-120,-1.18,2026-10-06 14:46
323410,카카오뱅크,유가,은행 및 저축기관,19920,220,1.12,2026-10-06 14:46
323990,박셀바이오,코스닥,자연과학 및 공학 연구개발업,4380,95,2.22,2026-10-06 14:46
326030,SK바이오팜,유가,자연과학 및 공학 연구개발업,76400,600,0.79,2026-10-06 14:46
327260,RF머트리얼즈,코스닥,전자부품 제조업,57200,4700,8.95,2026-10-06 14:46
328130,루닛,코스닥,소프트웨어 개발 및 공급업,11090,520,4.92,2026-10-06 14:46
328380,솔트웨어,코스닥,"컴퓨터 프로그래밍, 시스템 통합 및 관리업",3735,-25,-0.66,2026-10-06 14:46
329180,HD현대중공업,유가,선박 및 보트 건조업,419000,-7000,-1.64,2026-10-06 14:46
330350,위더스제약,코스닥,의약품 제조업,7150,-100,-1.38,2026-10-06 14:46
330590,롯데리츠,유가,부동산 임대 및 공급업,4130,65,1.60,2026-10-06 14:46
330730,스톤브릿지벤처스,코스닥,기타 금융업,4685,80,1.74,2026-10-06 14:46
330860,네패스아크,코스닥,"그외 기타 전문, 과학 및 기술 서비스업",33900,1650,5.12,2026-10-06 14:46
331380,포커스에이아이,코스닥,영상 및 음향기기 제조업,2120,-10,-0.47,2026-10-06 14:46
331520,밸로프,코스닥,소프트웨어 개발 및 공급업,2210,10,0.45,2026-10-06 14:46
331660,한국미라클피플사,코넥스,기타 화학제품 제조업,4225,120,2.92,2026-10-06 14:46
331740,아우토크립트,코스닥,소프트웨어 개발 및 공급업,7250,450,6.62,2026-10-06 14:46
331920,셀레믹스,코스닥,기초 의약물질 제조업,10160,-510,-4.78,2026-10-06 14:46
332190,오션스바이오,코넥스,의료용 기기 제조업,2600,0,0.00,2026-10-06 14:46
332290,누보,코스닥,"비료, 농약 및 살균, 살충제 제조업",4395,-85,-1.90,2026-10-06 14:46
332370,아이디피,코스닥,컴퓨터 및 주변장치 제조업,5120,-90,-1.73,2026-10-06 14:46
332570,PS일렉트로닉스,코스닥,전자부품 제조업,9240,-20,-0.22,2026-10-06 14:46
333050,이노테나,코스닥,소프트웨어 개발 및 공급업,5800,0,0.00,2026-10-06 14:46
333430,일승,코스닥,선박 및 보트 건조업,3860,-40,-1.03,2026-10-06 14:46
333620,엔시스,코스닥,기타 전기장비 제조업,5210,160,3.17,2026-10-06 14:46
334890,이지스밸류플러스리츠,유가,부동산 임대 및 공급업,3555,-80,-2.20,2026-10-06 14:46
334970,프레스티지바이오로직스,코스닥,의약품 제조업,1414,-20,-1.39,2026-10-06 14:46
335810,프리시젼바이오,코스닥,의료용 기기 제조업,1499,13,0.87,2026-10-06 14:46
335870,윙스풋,코스닥,"섬유, 의복, 신발 및 가죽제품 소매업",4105,20,0.49,2026-10-06 14:46
336040,타스컴,코넥스,의료용 기기 제조업,4100,100,2.50,2026-10-06 14:46
336060,웨이버스,코스닥,소프트웨어 개발 및 공급업,3115,5,0.16,2026-10-06 14:46
336260,두산퓨얼셀,유가,"전동기, 발전기 및 전기 변환 · 공급 · 제어 장치 제조업",46650,800,1.74,2026-10-06 14:46
336370,솔루스첨단소재,유가,전자부품 제조업,9380,640,7.32,2026-10-06 14:46
336570,원텍,코스닥,의료용 기기 제조업,5150,140,2.79,2026-10-06 14:46
336680,탑런토탈솔루션,코스닥,전자부품 제조업,3040,80,2.70,2026-10-06 14:46
337840,유엑스엔,코넥스,의료용 기기 제조업,6340,90,1.44,2026-10-06 14:46
337930,젝시믹스,코스닥,기타 정보 서비스업,2350,-30,-1.26,2026-10-06 14:46
338100,NH프라임리츠,유가,부동산 임대 및 공급업,3780,-90,-2.33,2026-10-06 14:46
338220,뷰노,코스닥,소프트웨어 개발 및 공급업,8350,0,0.00,2026-10-06 14:46
338840,와이바이오로직스,코스닥,자연과학 및 공학 연구개발업,8350,-170,-2.00,2026-10-06 14:46
339770,교촌에프앤비,유가,음·식료품 및 담배 도매업,3900,40,1.04,2026-10-06 14:46
339950,아이비김영,코스닥,일반 교습 학원,2355,-40,-1.67,2026-10-06 14:46
340360,다보링크,코스닥,통신 및 방송 장비 제조업,845,-38,-4.30,2026-10-06 14:46
340440,세림B&G,코스닥,플라스틱제품 제조업,756,0,0.00,2026-10-06 14:46
340450,지씨지놈,코스닥,"그외 기타 전문, 과학 및 기술 서비스업",10280,1400,15.77,2026-10-06 14:46
340570,티앤엘,코스닥,의료용품 및 기타 의약 관련제품 제조업,28950,1400,5.08,2026-10-06 14:46
340810,시선AI,코스닥,소프트웨어 개발 및 공급업,3655,190,5.48,2026-10-06 14:46
340930,성원에너텍,코스닥,특수 목적용 기계 제조업,806,0,0.00,2026-10-06 14:46
341170,퓨쳐메디신,코넥스,자연과학 및 공학 연구개발업,32,3,10.34,2026-10-06 14:46
342870,오아,코스닥,가전제품 및 정보통신장비 소매업,3695,140,3.94,2026-10-06 14:46
344820,KCC글라스,유가,유리 및 유리제품 제조업,24150,-100,-0.41,2026-10-06 14:46
344860,이노진,코스닥,기타 화학제품 제조업,1296,-3,-0.23,2026-10-06 14:46
346010,타이드,코넥스,전자부품 제조업,1000,0,0.00,2026-10-06 14:46
347000,센코,코스닥,"측정, 시험, 항해, 제어 및 기타 정밀기기 제조업; 광학기기 제외",1927,7,0.36,2026-10-06 14:46
347700,스피어,코스닥,소프트웨어 개발 및 공급업,26550,1950,7.93,2026-10-06 14:46
347740,피엔케이피부임상연구센타,코스닥,"그외 기타 전문, 과학 및 기술 서비스업",1651,1,0.06,2026-10-06 14:46
347770,핌스,코스닥,전자부품 제조업,916,73,8.66,2026-10-06 14:46
347850,디앤디파마텍,코스닥,자연과학 및 공학 연구개발업,47650,4650,10.81,2026-10-06 14:46
347860,알체라,코스닥,소프트웨어 개발 및 공급업,1699,77,4.75,2026-10-06 14:46
347890,엠엑스온,코스닥,"측정, 시험, 항해, 제어 및 기타 정밀기기 제조업; 광학기기 제외",4450,95,2.18,2026-10-06 14:46
348030,모비릭스,코스닥,소프트웨어 개발 및 공급업,3150,550,21.15,2026-10-06 14:46
348080,큐라티스,코스닥,자연과학 및 공학 연구개발업,3795,-35,-0.91,2026-10-06 14:46
348150,고바이오랩,코스닥,자연과학 및 공학 연구개발업,2960,-30,-1.00,2026-10-06 14:46
348210,넥스틴,코스닥,특수 목적용 기계 제조업,40650,2550,6.69,2026-10-06 14:46
348340,뉴로메카,코스닥,특수 목적용 기계 제조업,22600,300,1.35,2026-10-06 14:46
348350,위드텍,코스닥,"측정, 시험, 항해, 제어 및 기타 정밀기기 제조업; 광학기기 제외",9570,-250,-2.55,2026-10-06 14:46
348370,엔켐,코스닥,기초 화학물질 제조업,24250,1650,7.30,2026-10-06 14:46
348950,제이알글로벌리츠,유가,부동산 임대 및 공급업,1182,0,0.00,2026-10-06 14:46
350520,이지스레지던스리츠,유가,부동산 임대 및 공급업,3215,-45,-1.38,2026-10-06 14:46
351020,미쥬,코넥스,봉제의복 제조업,7100,-270,-3.66,2026-10-06 14:46
351320,넥사다이내믹스,코스닥,특수 목적용 기계 제조업,4475,-330,-6.87,2026-10-06 14:46
351330,이삭엔지니어링,코스닥,"컴퓨터 프로그래밍, 시스템 통합 및 관리업",3525,95,2.77,2026-10-06 14:46
351870,차이커뮤니케이션,코스닥,광고업,2105,-65,-3.00,2026-10-06 14:46
352090,스톰테크,코스닥,플라스틱제품 제조업,3665,-15,-0.41,2026-10-06 14:46
352480,씨앤씨인터내셔널,코스닥,기타 화학제품 제조업,20450,-200,-0.97,2026-10-06 14:46
352700,씨앤투스,코스닥,화학섬유 제조업,1452,-1,-0.07,2026-10-06 14:46
352770,셀레스트라,코스닥,의료용품 및 기타 의약 관련제품 제조업,5250,0,0.00,2026-10-06 14:46
352820,하이브,유가,오디오물 출판 및 원판 녹음업,156000,700,0.45,2026-10-06 14:46
352910,오비고,코스닥,"컴퓨터 프로그래밍, 시스템 통합 및 관리업",4790,35,0.74,2026-10-06 14:46
352940,인바이오,코스닥,"비료, 농약 및 살균, 살충제 제조업",2025,20,1.00,2026-10-06 14:46
353190,휴럼,코스닥,기타 식품 제조업,2595,0,0.00,2026-10-06 14:46
353200,대덕전자,유가,전자부품 제조업,156700,8900,6.02,2026-10-06 14:46
353590,오토앤,코스닥,자동차 부품 및 내장품 판매업,1525,16,1.06,2026-10-06 14:46
353810,이지바이오,코스닥,동물용 사료 및 조제식품 제조업,5910,-180,-2.96,2026-10-06 14:46
354200,엔젠바이오,코스닥,"그외 기타 전문, 과학 및 기술 서비스업",723,-41,-5.37,2026-10-06 14:46
354320,알멕,코스닥,1차 비철금속 제조업,50000,6300,14.42,2026-10-06 14:46
354390,바스칸바이오제약,코넥스,의약품 제조업,3485,170,5.13,2026-10-06 14:46
355150,코스텍시스,코스닥,반도체 제조업,24950,1650,7.08,2026-10-06 14:46
355390,크라우드웍스,코스닥,소프트웨어 개발 및 공급업,1569,161,11.43,2026-10-06 14:46
355690,에이텀,코스닥,전자부품 제조업,5470,80,1.48,2026-10-06 14:46
356680,엑스게이트,코스닥,소프트웨어 개발 및 공급업,20450,1660,8.83,2026-10-06 14:46
356860,티엘비,코스닥,전자부품 제조업,50000,1550,3.20,2026-10-06 14:46
356890,싸이버원,코스닥,소프트웨어 개발 및 공급업,2775,190,7.35,2026-10-06 14:46
357120,코람코라이프인프라리츠,유가,부동산 임대 및 공급업,4040,-90,-2.18,2026-10-06 14:46
357230,에이치피오,코스닥,기타 식품 제조업,2115,-10,-0.47,2026-10-06 14:46
357250,미래에셋맵스리츠,유가,부동산 임대 및 공급업,1836,-16,-0.86,2026-10-06 14:46
357430,마스턴프리미어리츠,유가,부동산 임대 및 공급업,774,-20,-2.52,2026-10-06 14:46
357550,석경에이티,코스닥,기초 화학물질 제조업,33000,400,1.23,2026-10-06 14:46
357580,아모센스,코스닥,전자부품 제조업,8140,240,3.04,2026-10-06 14:46
357780,솔브레인,코스닥,기타 화학제품 제조업,425500,5500,1.31,2026-10-06 14:46
357880,SKAI,코스닥,소프트웨어 개발 및 공급업,1768,41,2.37,2026-10-06 14:46
358570,지아이이노베이션,코스닥,자연과학 및 공학 연구개발업,9040,220,2.49,2026-10-06 14:46
359090,씨엔알리서치,코스닥,"그외 기타 전문, 과학 및 기술 서비스업",2250,-30,-1.32,2026-10-06 14:46
360070,탑머티리얼,코스닥,일차전지 및 이차전지 제조업,10530,440,4.36,2026-10-06 14:46
360350,코셈,코스닥,"측정, 시험, 항해, 제어 및 기타 정밀기기 제조업; 광학기기 제외",12700,1700,15.45,2026-10-06 14:46
361390,제노코,코스닥,통신 및 방송 장비 제조업,13480,-450,-3.23,2026-10-06 14:46
361570,알비더블유,코스닥,오디오물 출판 및 원판 녹음업,1606,16,1.01,2026-10-06 14:46
361610,SK아이이테크놀로지,유가,일차전지 및 이차전지 제조업,18090,410,2.32,2026-10-06 14:46
361670,삼영에스앤씨,코스닥,전자부품 제조업,3920,50,1.29,2026-10-06 14:46
362320,청담글로벌,코스닥,생활용품 도매업,4175,-25,-0.60,2026-10-06 14:46
362990,드림인사이트,코스닥,광고업,1203,0,0.00,2026-10-06 14:46
363250,진시스템,코스닥,의료용 기기 제조업,4160,-10,-0.24,2026-10-06 14:46
363260,모비데이즈,코스닥,광고업,4115,0,0.00,2026-10-06 14:46
363280,티와이홀딩스,유가,기타 금융업,2065,5,0.24,2026-10-06 14:46
364950,에이아이코리아,코스닥,특수 목적용 기계 제조업,3840,100,2.67,2026-10-06 14:46
365270,큐라클,코스닥,자연과학 및 공학 연구개발업,10160,-40,-0.39,2026-10-06 14:46
365330,에스와이스틸텍,코스닥,"구조용 금속제품, 탱크 및 증기발생기 제조업",1662,29,1.78,2026-10-06 14:46
365340,성일하이텍,코스닥,기초 화학물질 제조업,38900,1200,3.18,2026-10-06 14:46
365550,ESR켄달스퀘어리츠,유가,부동산 임대 및 공급업,3105,5,0.16,2026-10-06 14:46
365590,하이딥,코스닥,반도체 제조업,1515,218,16.81,2026-10-06 14:46
365660,레몬헬스케어,코스닥,소프트웨어 개발 및 공급업,3835,-275,-6.69,2026-10-06 14:46
365900,브이씨,코스닥,운동 및 경기용구 제조업,2520,75,3.07,2026-10-06 14:46
366030,나인앤컴퍼니,코스닥,의복 액세서리 제조업,4595,260,6.00,2026-10-06 14:46
367000,플래티어,코스닥,소프트웨어 개발 및 공급업,3565,45,1.28,2026-10-06 14:46
368600,아이씨에이치,코스닥,전자부품 제조업,956,0,0.00,2026-10-06 14:46
368770,파이버프로,코스닥,"측정, 시험, 항해, 제어 및 기타 정밀기기 제조업; 광학기기 제외",14600,40,0.27,2026-10-06 14:46
368970,오에스피,코스닥,동물용 사료 및 조제식품 제조업,2445,-35,-1.41,2026-10-06 14:46
369370,블리츠웨이엔터테인먼트,코스닥,창작 및 예술관련 서비스업,2985,5,0.17,2026-10-06 14:46
370090,퓨런티어,코스닥,"측정, 시험, 항해, 제어 및 기타 정밀기기 제조업; 광학기기 제외",6200,30,0.49,2026-10-06 14:46
371950,풍원정밀,코스닥,전자부품 제조업,3015,35,1.17,2026-10-06 14:46
372170,윤성에프앤씨,코스닥,특수 목적용 기계 제조업,23150,1150,5.23,2026-10-06 14:46
372320,큐로셀,코스닥,자연과학 및 공학 연구개발업,22650,-350,-1.52,2026-10-06 14:46
372800,아이티아이즈,코스닥,소프트웨어 개발 및 공급업,2935,45,1.56,2026-10-06 14:46
372910,한컴라이프케어,유가,의료용 기기 제조업,2130,-10,-0.47,2026-10-06 14:46
373110,엑셀세라퓨틱스,코스닥,기초 의약물질 제조업,1055,62,6.24,2026-10-06 14:46
373160,데이원컴퍼니,코스닥,기타 교육기관,3310,80,2.48,2026-10-06 14:46
373170,엠아이큐브솔루션,코스닥,소프트웨어 개발 및 공급업,1900,65,3.54,2026-10-06 14:46
373200,엑스플러스,코스닥,그외 기타 제품 제조업,1861,-29,-1.53,2026-10-06 14:46
373220,LG에너지솔루션,유가,일차전지 및 이차전지 제조업,389000,18000,4.85,2026-10-06 14:46
375500,DL이앤씨,유가,토목 건설업,74050,-950,-1.27,2026-10-06 14:46
376180,피코그램,코스닥,그외 기타 제품 제조업,1522,22,1.47,2026-10-06 14:46
376270,HEM파마,코스닥,자연과학 및 공학 연구개발업,33050,-1700,-4.89,2026-10-06 14:46
376290,씨유테크,코스닥,전자부품 제조업,2800,35,1.27,2026-10-06 14:46
376300,디어유,코스닥,소프트웨어 개발 및 공급업,18560,-190,-1.01,2026-10-06 14:46
376900,로킷헬스케어,코스닥,의료용품 및 기타 의약 관련제품 제조업,28550,800,2.88,2026-10-06 14:46
376930,노을,코스닥,의료용 기기 제조업,1431,11,0.77,2026-10-06 14:46
376980,원티드랩,코스닥,소프트웨어 개발 및 공급업,3165,-35,-1.09,2026-10-06 14:46
377030,비트맥스,코스닥,소프트웨어 개발 및 공급업,2380,225,10.44,2026-10-06 14:46
377190,디앤디플랫폼리츠,유가,부동산 임대 및 공급업,1981,-14,-0.70,2026-10-06 14:46
377220,프롬바이오,코스닥,기타 식품 제조업,1943,55,2.91,2026-10-06 14:46
377300,카카오페이,유가,금융 지원 서비스업,40300,150,0.37,2026-10-06 14:46
377330,이지트로닉스,코스닥,"전동기, 발전기 및 전기 변환 · 공급 · 제어 장치 제조업",2760,25,0.91,2026-10-06 14:46
377450,리파인,코스닥,기타 정보 서비스업,14170,-310,-2.14,2026-10-06 14:46
377460,큐에이드,코스닥,개인 및 가정용품 수리업,4080,0,0.00,2026-10-06 14:46
377480,마음AI,코스닥,소프트웨어 개발 및 공급업,10380,200,1.96,2026-10-06 14:46
377740,바이오노트,유가,의료용품 및 기타 의약 관련제품 제조업,4640,-60,-1.28,2026-10-06 14:46
378340,필에너지,코스닥,특수 목적용 기계 제조업,13410,560,4.36,2026-10-06 14:46
378800,샤페론,코스닥,기초 의약물질 제조업,2655,20,0.76,2026-10-06 14:46
378850,화승알앤에이,유가,자동차 신품 부품 제조업,2815,-35,-1.23,2026-10-06 14:46
379390,이성씨엔아이,코넥스,"건축기술, 엔지니어링 및 관련 기술 서비스업",5620,20,0.36,2026-10-06 14:46
380540,옵티코어,코스닥,마그네틱 및 광학 매체 제조업,8450,0,0.00,2026-10-06 14:46
380550,뉴로핏,코스닥,소프트웨어 개발 및 공급업,8060,100,1.26,2026-10-06 14:46
381620,제닉스로보틱스,코스닥,특수 목적용 기계 제조업,6270,20,0.32,2026-10-06 14:46
381970,KG모빌리티플랫폼,유가,자동차 판매업,6250,-70,-1.11,2026-10-06 14:46
382150,온코크로스,코스닥,자연과학 및 공학 연구개발업,3760,-10,-0.27,2026-10-06 14:46
382480,지아이텍,코스닥,특수 목적용 기계 제조업,1635,6,0.37,2026-10-06 14:46
382800,지앤비에스 에코,코스닥,특수 목적용 기계 제조업,6510,110,1.72,2026-10-06 14:46
382840,원준,코스닥,특수 목적용 기계 제조업,5450,130,2.44,2026-10-06 14:46
382900,범한퓨얼셀,코스닥,"전동기, 발전기 및 전기 변환 · 공급 · 제어 장치 제조업",25050,100,0.40,2026-10-06 14:46
383220,F&F,유가,봉제의복 제조업,70700,1000,1.43,2026-10-06 14:46
383310,에코프로에이치엔,코스닥,기타 화학제품 제조업,26600,1700,6.83,2026-10-06 14:46
383800,LX홀딩스,유가,기타 금융업,8000,-80,-0.99,2026-10-06 14:46
383930,디티앤씨알오,코스닥,자연과학 및 공학 연구개발업,1909,-64,-3.24,2026-10-06 14:46
384470,코어라인소프트,코스닥,소프트웨어 개발 및 공급업,2630,0,0.00,2026-10-06 14:46
386380,스카이랩스,코스닥,의료용 기기 제조업,17110,-910,-5.05,2026-10-06 14:46
387570,파인메딕스,코스닥,의료용 기기 제조업,6200,-50,-0.80,2026-10-06 14:46
387690,레메디,코스닥,의료용 기기 제조업,19570,600,3.16,2026-10-06 14:46
388050,지투파워,코스닥,"전동기, 발전기 및 전기 변환 · 공급 · 제어 장치 제조업",10600,450,4.43,2026-10-06 14:46
388210,씨엠티엑스,코스닥,전자부품 제조업,93500,-100,-0.11,2026-10-06 14:46
388610,지에프씨생명과학,코스닥,기타 화학제품 제조업,5500,-30,-0.54,2026-10-06 14:46
388720,유일로보틱스,코스닥,특수 목적용 기계 제조업,71800,900,1.27,2026-10-06 14:46
388790,라이콤,코스닥,통신 및 방송 장비 제조업,5710,20,0.35,2026-10-06 14:46
388870,파로스아이바이오,코스닥,자연과학 및 공학 연구개발업,6110,90,1.50,2026-10-06 14:46
389020,자람테크놀로지,코스닥,반도체 제조업,17020,-40,-0.23,2026-10-06 14:46
389030,지니너스,코스닥,자연과학 및 공학 연구개발업,2095,5,0.24,2026-10-06 14:46
389140,포바이포,코스닥,"영화, 비디오물, 방송프로그램 제작 및 배급업",5610,-20,-0.36,2026-10-06 14:46
389260,대명에너지,코스닥,건물 건설업,13900,530,3.96,2026-10-06 14:46
389470,인벤티지랩,코스닥,자연과학 및 공학 연구개발업,27250,-1050,-3.71,2026-10-06 14:46
389500,에스비비테크,코스닥,일반 목적용 기계 제조업,45200,850,1.92,2026-10-06 14:46
389650,넥스트바이오메디컬,코스닥,의료용 기기 제조업,31350,-400,-1.26,2026-10-06 14:46
389680,유디엠텍,코스닥,소프트웨어 개발 및 공급업,2915,-40,-1.35,2026-10-06 14:46
390110,애니메디솔루션,코넥스,의료용 기기 제조업,578,0,0.00,2026-10-06 14:46
391710,코닉오토메이션,코스닥,특수 목적용 기계 제조업,1295,38,3.02,2026-10-06 14:46
393210,토마토시스템,코스닥,소프트웨어 개발 및 공급업,3480,50,1.46,2026-10-06 14:46
393890,더블유씨피,코스닥,일차전지 및 이차전지 제조업,10880,70,0.65,2026-10-06 14:46
393970,대진첨단소재,코스닥,플라스틱제품 제조업,2825,0,0.00,2026-10-06 14:46
394280,오픈엣지테크놀로지,코스닥,소프트웨어 개발 및 공급업,10520,-70,-0.66,2026-10-06 14:46
394420,리센스메디컬,코스닥,의료용 기기 제조업,8730,-30,-0.34,2026-10-06 14:46
394800,쓰리빌리언,코스닥,자연과학 및 공학 연구개발업,6300,260,4.30,2026-10-06 14:46
395400,SK리츠,유가,부동산 임대 및 공급업,5260,-70,-1.31,2026-10-06 14:46
396270,넥스트칩,코스닥,반도체 제조업,2410,-50,-2.03,2026-10-06 14:46
396300,HT로보틱스,코스닥,기타 금속 가공제품 제조업,6030,-120,-1.95,2026-10-06 14:46
396470,워트,코스닥,특수 목적용 기계 제조업,7340,160,2.23,2026-10-06 14:46
396690,미래에셋글로벌리츠,유가,부동산 임대 및 공급업,1320,-35,-2.58,2026-10-06 14:46
397030,에이프릴바이오,코스닥,자연과학 및 공학 연구개발업,15900,-1120,-6.58,2026-10-06 14:46
397810,애드포러스,코스닥,광고업,6360,-240,-3.64,2026-10-06 14:46
398120,에스지헬스케어,코스닥,의료용 기기 제조업,2245,-20,-0.88,2026-10-06 14:46
399720,가온칩스,코스닥,반도체 제조업,48350,150,0.31,2026-10-06 14:46
400760,NH올원리츠,유가,부동산 임대 및 공급업,2795,-20,-0.71,2026-10-06 14:46
402030,코난테크놀로지,코스닥,소프트웨어 개발 및 공급업,13040,120,0.93,2026-10-06 14:46
402340,SK스퀘어,유가,기타 금융업,1158000,-2000,-0.17,2026-10-06 14:46
402420,켈스,코넥스,의료용 기기 제조업,1700,-50,-2.86,2026-10-06 14:46
402490,그린리소스,코스닥,반도체 제조업,8000,-80,-0.99,2026-10-06 14:46
403360,라피치,코넥스,소프트웨어 개발 및 공급업,7200,20,0.28,2026-10-06 14:46
403490,우듬지팜,코스닥,"과실, 채소 가공 및 저장 처리업",2040,45,2.26,2026-10-06 14:46
403550,쏘카,유가,운송장비 임대업,11250,-50,-0.44,2026-10-06 14:46
403810,아이엘로보틱스,코넥스,전자부품 제조업,2075,25,1.22,2026-10-06 14:46
403850,더핑크퐁컴퍼니,코스닥,"영화, 비디오물, 방송프로그램 제작 및 배급업",12510,350,2.88,2026-10-06 14:46
403870,HPSP,코스닥,특수 목적용 기계 제조업,68900,3400,5.19,2026-10-06 14:46
404990,신한서부티엔디리츠,유가,부동산 임대 및 공급업,3820,-70,-1.80,2026-10-06 14:46
405000,플라즈맵,코스닥,의료용 기기 제조업,3720,90,2.48,2026-10-06 14:46
405100,큐알티,코스닥,"그외 기타 전문, 과학 및 기술 서비스업",17490,910,5.49,2026-10-06 14:46
405920,나라셀라,코스닥,음·식료품 및 담배 도매업,1863,65,3.62,2026-10-06 14:46
406820,뷰티스킨,코스닥,기타 화학제품 제조업,2405,-40,-1.64,2026-10-06 14:46
407400,꿈비,코스닥,가구 제조업,2010,53,2.71,2026-10-06 14:46
408470,한패스,코스닥,기타 금융업,4655,0,0.00,2026-10-06 14:46
408900,스튜디오미르,코스닥,"영화, 비디오물, 방송프로그램 제작 및 배급업",994,-6,-0.60,2026-10-06 14:46
408920,메쎄이상,코스닥,기타 사업지원 서비스업,2985,-55,-1.81,2026-10-06 14:46
411080,샌즈랩,코스닥,소프트웨어 개발 및 공급업,8970,2070,30.00,2026-10-06 14:46
412350,레이저쎌,코스닥,특수 목적용 기계 제조업,6770,-470,-6.49,2026-10-06 14:46
412540,제일엠앤에스,코스닥,특수 목적용 기계 제조업,3935,0,0.00,2026-10-06 14:46
413300,티엘엔지니어링,코넥스,"건축기술, 엔지니어링 및 관련 기술 서비스업",2095,96,4.80,2026-10-06 14:46
413390,엠오티,코스닥,특수 목적용 기계 제조업,6700,10,0.15,2026-10-06 14:46
413630,씨피시스템,코스닥,플라스틱제품 제조업,4395,250,6.03,2026-10-06 14:46
413640,비아이매트릭스,코스닥,소프트웨어 개발 및 공급업,5860,-100,-1.68,2026-10-06 14:46
415380,스튜디오삼익,코스닥,기타 생활용품 소매업,2170,50,2.36,2026-10-06 14:46
415640,KB발해인프라,유가,신탁업 및 집합투자업,9980,-120,-1.19,2026-10-06 14:46
416180,신성에스티,코스닥,자동차 신품 부품 제조업,27400,1100,4.18,2026-10-06 14:46
417010,나노팀,코스닥,일반 목적용 기계 제조업,6880,120,1.78,2026-10-06 14:46
417030,니어스랩,코스닥,소프트웨어 개발 및 공급업,27250,-2750,-9.17,2026-10-06 14:46
417180,핑거스토리,코스닥,기타 정보 서비스업,3990,80,2.05,2026-10-06 14:46
417200,LS머트리얼즈,코스닥,전자부품 제조업,15750,620,4.10,2026-10-06 14:46
417310,코람코더원리츠,유가,부동산 임대 및 공급업,2375,0,0.00,2026-10-06 14:46
417500,제이아이테크,코스닥,기타 화학제품 제조업,4650,350,8.14,2026-10-06 14:46
417790,트루엔,코스닥,영상 및 음향기기 제조업,6990,80,1.16,2026-10-06 14:46
417840,저스템,코스닥,특수 목적용 기계 제조업,19330,800,4.32,2026-10-06 14:46
417860,오브젠,코스닥,소프트웨어 개발 및 공급업,7300,20,0.27,2026-10-06 14:46
417970,모델솔루션,코스닥,특수 목적용 기계 제조업,11310,100,0.89,2026-10-06 14:46
418250,시큐레터,코스닥,소프트웨어 개발 및 공급업,6550,0,0.00,2026-10-06 14:46
418420,라온텍,코스닥,전자부품 제조업,4165,-85,-2.00,2026-10-06 14:46
418470,KT밀리의서재,코스닥,"서적, 잡지 및 기타 인쇄물 출판업",9310,-40,-0.43,2026-10-06 14:46
418550,제이오,코스닥,"건축기술, 엔지니어링 및 관련 기술 서비스업",5290,60,1.15,2026-10-06 14:46
418620,E8,코스닥,소프트웨어 개발 및 공급업,410,-20,-4.65,2026-10-06 14:46
419050,삼기에너지솔루션즈,코스닥,자동차 신품 부품 제조업,1817,-3,-0.16,2026-10-06 14:46
419080,엔젯,코스닥,특수 목적용 기계 제조업,5030,-10,-0.20,2026-10-06 14:46
419120,산돌,코스닥,소프트웨어 개발 및 공급업,2295,0,0.00,2026-10-06 14:46
419530,SAMG엔터,코스닥,"영화, 비디오물, 방송프로그램 제작 및 배급업",17870,-160,-0.89,2026-10-06 14:46
419540,비스토스,코스닥,의료용 기기 제조업,2780,-105,-3.64,2026-10-06 14:46
420570,제이투케이바이오,코스닥,기타 화학제품 제조업,9140,90,0.99,2026-10-06 14:46
420770,기가비스,코스닥,특수 목적용 기계 제조업,134400,5100,3.94,2026-10-06 14:46
424760,벨로크,코스닥,"컴퓨터 프로그래밍, 시스템 통합 및 관리업",2235,170,8.23,2026-10-06 14:46
424870,이뮨온시아,코스닥,자연과학 및 공학 연구개발업,3490,45,1.31,2026-10-06 14:46
424960,스마트레이더시스템,코스닥,"측정, 시험, 항해, 제어 및 기타 정밀기기 제조업; 광학기기 제외",3960,70,1.80,2026-10-06 14:46
424980,마이크로투나노,코스닥,반도체 제조업,9970,-520,-4.96,2026-10-06 14:46
425040,티이엠씨,코스닥,기초 화학물질 제조업,15180,290,1.95,2026-10-06 14:46
425420,티에프이,코스닥,전자부품 제조업,68700,-2900,-4.05,2026-10-06 14:46
429270,시지트로닉스,코스닥,반도체 제조업,3555,-40,-1.11,2026-10-06 14:46
430690,한싹,코스닥,소프트웨어 개발 및 공급업,3375,280,9.05,2026-10-06 14:46
431190,케이쓰리아이,코스닥,소프트웨어 개발 및 공급업,4380,-210,-4.58,2026-10-06 14:46
432320,KB스타리츠,유가,부동산 임대 및 공급업,1632,-12,-0.73,2026-10-06 14:46
432430,와이랩,코스닥,"영화, 비디오물, 방송프로그램 제작 및 배급업",2065,0,0.00,2026-10-06 14:46
432470,케이엔에스,코스닥,특수 목적용 기계 제조업,10440,120,1.16,2026-10-06 14:46
432720,퀄리타스반도체,코스닥,반도체 제조업,12460,360,2.98,2026-10-06 14:46
432980,엠에프씨,코스닥,기초 의약물질 제조업,2665,55,2.11,2026-10-06 14:46
434190,탈로스,코넥스,일차전지 및 이차전지 제조업,2395,-300,-11.13,2026-10-06 14:46
434480,모니터랩,코스닥,소프트웨어 개발 및 공급업,3255,360,12.44,2026-10-06 14:46
435570,에르코스,코스닥,도시락 및 식사용 조리식품 제조업,7030,70,1.01,2026-10-06 14:46
437730,삼현,코스닥,자동차 신품 부품 제조업,51600,-200,-0.39,2026-10-06 14:46
438700,버넥트,코스닥,소프트웨어 개발 및 공급업,1822,3,0.16,2026-10-06 14:46
439090,마녀공장,코스닥,기타 화학제품 제조업,15790,670,4.43,2026-10-06 14:46
439260,대한조선,유가,선박 및 보트 건조업,47750,1900,4.14,2026-10-06 14:46
439580,블루엠텍,코스닥,기타 전문 도매업,2970,-5,-0.17,2026-10-06 14:46
439960,코스모로보틱스,코스닥,의료용 기기 제조업,7670,-260,-3.28,2026-10-06 14:46
440110,파두,코스닥,반도체 제조업,86400,500,0.58,2026-10-06 14:46
440290,HB인베스트먼트,코스닥,기타 금융업,1711,-14,-0.81,2026-10-06 14:46
440320,오픈놀,코스닥,소프트웨어 개발 및 공급업,2065,-10,-0.48,2026-10-06 14:46
441270,파인엠텍,코스닥,전자부품 제조업,9410,10,0.11,2026-10-06 14:46
443060,HD현대마린솔루션,유가,"건축기술, 엔지니어링 및 관련 기술 서비스업",222500,-11000,-4.71,2026-10-06 14:46
443250,레뷰코퍼레이션,코스닥,광고업,5090,-60,-1.17,2026-10-06 14:46
443670,에스피소프트,코스닥,"컴퓨터 프로그래밍, 시스템 통합 및 관리업",5370,690,14.74,2026-10-06 14:46
444530,심플랫폼,코스닥,소프트웨어 개발 및 공급업,4765,15,0.32,2026-10-06 14:46
445090,에이직랜드,코스닥,반도체 제조업,23100,600,2.67,2026-10-06 14:46
445180,퓨릿,코스닥,기초 화학물질 제조업,9960,-80,-0.80,2026-10-06 14:46
445680,큐리옥스바이오시스템즈,코스닥,의료용 기기 제조업,61900,3700,6.36,2026-10-06 14:46
446070,유니드비티플러스,유가,제재 및 목재 가공업,3980,-65,-1.61,2026-10-06 14:46
446440,에피바이오텍,코넥스,자연과학 및 공학 연구개발업,14500,-60,-0.41,2026-10-06 14:46
446540,메가터치,코스닥,일차전지 및 이차전지 제조업,11450,580,5.34,2026-10-06 14:46
446840,지슨,코스닥,"측정, 시험, 항해, 제어 및 기타 정밀기기 제조업; 광학기기 제외",3690,205,5.88,2026-10-06 14:46
447690,아이오바이오,코넥스,의료용 기기 제조업,2285,275,13.68,2026-10-06 14:46
448280,에코아이,코스닥,기타 전문 서비스업,9370,-10,-0.11,2026-10-06 14:46
448710,코츠테크놀로지,코스닥,컴퓨터 및 주변장치 제조업,11390,-140,-1.21,2026-10-06 14:46
448730,삼성FN리츠,유가,부동산 임대 및 공급업,4985,-45,-0.89,2026-10-06 14:46
448780,마이크로엔엑스,코넥스,의료용 기기 제조업,685,0,0.00,2026-10-06 14:46
448900,한국피아이엠,코스닥,자동차 신품 부품 제조업,57700,500,0.87,2026-10-06 14:46
450080,에코프로머티,유가,일차전지 및 이차전지 제조업,39500,1500,3.95,2026-10-06 14:46
450330,하스,코스닥,의료용품 및 기타 의약 관련제품 제조업,5030,50,1.00,2026-10-06 14:46
450520,인스웨이브,코스닥,소프트웨어 개발 및 공급업,1882,5,0.27,2026-10-06 14:46
450950,아스테라시스,코스닥,의료용 기기 제조업,6390,20,0.31,2026-10-06 14:46
451220,아이엠티,코스닥,특수 목적용 기계 제조업,9390,90,0.97,2026-10-06 14:46
451250,삐아,코스닥,기타 화학제품 제조업,7280,-100,-1.36,2026-10-06 14:46
451760,컨텍,코스닥,"컴퓨터 프로그래밍, 시스템 통합 및 관리업",8650,-180,-2.04,2026-10-06 14:46
451800,한화리츠,유가,부동산 임대 및 공급업,5290,-80,-1.49,2026-10-06 14:46
452160,제이엔비,코스닥,특수 목적용 기계 제조업,3140,30,0.96,2026-10-06 14:46
452190,한빛레이저,코스닥,특수 목적용 기계 제조업,6280,120,1.95,2026-10-06 14:46
452200,민테크,코스닥,"측정, 시험, 항해, 제어 및 기타 정밀기기 제조업; 광학기기 제외",1689,0,0.00,2026-10-06 14:46
452260,한화갤러리아,유가,종합 소매업,2605,10,0.39,2026-10-06 14:46
452280,한선엔지니어링,코스닥,기타 금속 가공제품 제조업,14970,650,4.54,2026-10-06 14:46
452300,캡스톤파트너스,코스닥,기타 금융업,2490,-45,-1.78,2026-10-06 14:46
452400,이닉스,코스닥,자동차 신품 부품 제조업,5350,40,0.75,2026-10-06 14:46
452430,사피엔반도체,코스닥,반도체 제조업,36050,-1750,-4.63,2026-10-06 14:46
452450,피아이이,코스닥,특수 목적용 기계 제조업,5810,440,8.19,2026-10-06 14:46
453340,현대그린푸드,유가,종합 소매업,18770,-140,-0.74,2026-10-06 14:46
453450,그리드위즈,코스닥,"그외 기타 전문, 과학 및 기술 서비스업",13400,190,1.44,2026-10-06 14:46
453860,에이에스텍,코스닥,기타 화학제품 제조업,7060,-510,-6.74,2026-10-06 14:46
454910,두산로보틱스,유가,특수 목적용 기계 제조업,74700,1600,2.19,2026-10-06 14:46
455180,케이지에이,코스닥,특수 목적용 기계 제조업,1291,2,0.16,2026-10-06 14:46
455900,엔젤로보틱스,코스닥,특수 목적용 기계 제조업,22500,800,3.69,2026-10-06 14:46
456010,아이씨티케이,코스닥,반도체 제조업,28150,3250,13.05,2026-10-06 14:46
456040,OCI,유가,기초 화학물질 제조업,73800,-200,-0.27,2026-10-06 14:46
456070,이엔셀,코스닥,기초 의약물질 제조업,6150,150,2.50,2026-10-06 14:46
456160,지투지바이오,코스닥,의약품 제조업,43500,-100,-0.23,2026-10-06 14:46
456190,큐라켐,코넥스,의료용품 및 기타 의약 관련제품 제조업,7210,0,0.00,2026-10-06 14:46
456570,아이엠지티,코넥스,의료용품 및 기타 의약 관련제품 제조업,13000,0,0.00,2026-10-06 14:46
457190,이수스페셜티케미컬,유가,기초 화학물질 제조업,83900,2800,3.45,2026-10-06 14:46
457370,한켐,코스닥,기초 화학물질 제조업,11300,360,3.29,2026-10-06 14:46
457550,우진엔텍,코스닥,"그외 기타 전문, 과학 및 기술 서비스업",14130,0,0.00,2026-10-06 14:46
457600,벡트,코스닥,영상 및 음향기기 제조업,4045,195,5.06,2026-10-06 14:46
458350,에스팀,코스닥,기타 사업지원 서비스업,3060,135,4.62,2026-10-06 14:46
458650,성우,코스닥,일차전지 및 이차전지 제조업,7800,110,1.43,2026-10-06 14:46
458870,씨어스,코스닥,의료용 기기 제조업,26950,-50,-0.19,2026-10-06 14:46
459100,위츠,코스닥,전자부품 제조업,4055,45,1.12,2026-10-06 14:46
459510,나우로보틱스,코스닥,특수 목적용 기계 제조업,16210,500,3.18,2026-10-06 14:46
459550,알트,코스닥,통신 및 방송 장비 제조업,2050,-5,-0.24,2026-10-06 14:46
460470,아이빔테크놀로지,코스닥,사진장비 및 광학기기 제조업,3135,165,5.56,2026-10-06 14:46
460850,동국씨엠,유가,1차 철강 제조업,5380,-10,-0.19,2026-10-06 14:46
460860,동국제강,유가,1차 철강 제조업,9870,-10,-0.10,2026-10-06 14:46
460870,에스엠씨지,코스닥,유리 및 유리제품 제조업,3030,-10,-0.33,2026-10-06 14:46
460930,현대힘스,코스닥,선박 및 보트 건조업,13110,0,0.00,2026-10-06 14:46
460940,피앤에스로보틱스,코스닥,의료용 기기 제조업,5330,50,0.95,2026-10-06 14:46
461030,아이엠비디엑스,코스닥,자연과학 및 공학 연구개발업,3005,105,3.62,2026-10-06 14:46
461300,아이스크림미디어,코스닥,소프트웨어 개발 및 공급업,17660,-770,-4.18,2026-10-06 14:46
462310,뉴키즈온,코스닥,봉제의복 제조업,3830,-50,-1.29,2026-10-06 14:46
462350,이노스페이스,코스닥,"항공기,우주선 및 부품 제조업",6300,-170,-2.63,2026-10-06 14:46
462510,라메디텍,코스닥,의료용 기기 제조업,3625,80,2.26,2026-10-06 14:46
462520,조선내화,유가,"내화, 비내화 요업제품 제조업",13000,180,1.40,2026-10-06 14:46
462860,더즌,코스닥,전기 통신업,2930,5,0.17,2026-10-06 14:46
462870,시프트업,유가,소프트웨어 개발 및 공급업,30650,-350,-1.13,2026-10-06 14:46
462980,아이지넷,코스닥,기타 정보 서비스업,1700,33,1.98,2026-10-06 14:46
463020,뉴엔AI,코스닥,소프트웨어 개발 및 공급업,6860,-70,-1.01,2026-10-06 14:46
463480,모티브링크,코스닥,전자부품 제조업,3900,-15,-0.38,2026-10-06 14:46
464080,에스오에스랩,코스닥,"측정, 시험, 항해, 제어 및 기타 정밀기기 제조업; 광학기기 제외",10950,440,4.19,2026-10-06 14:46
464280,티디에스팜,코스닥,의약품 제조업,5380,-10,-0.19,2026-10-06 14:46
464490,쿼드메디슨,코스닥,기초 의약물질 제조업,5130,-20,-0.39,2026-10-06 14:46
464500,아이언디바이스,코스닥,반도체 제조업,1750,81,4.85,2026-10-06 14:46
464580,닷밀,코스닥,"영화, 비디오물, 방송프로그램 제작 및 배급업",1636,-2,-0.12,2026-10-06 14:46
465480,인스피언,코스닥,소프트웨어 개발 및 공급업,3970,-35,-0.87,2026-10-06 14:46
465770,STX그린로지스,유가,해상 운송업,2115,-125,-5.58,2026-10-06 14:46
466100,클로봇,코스닥,소프트웨어 개발 및 공급업,24000,250,1.05,2026-10-06 14:46
466410,사이냅소프트,코스닥,소프트웨어 개발 및 공급업,8740,-130,-1.47,2026-10-06 14:46
466690,키움히어로제1호스팩,코스닥,금융 지원 서비스업,2020,10,0.50,2026-10-06 14:46
468530,프로티나,코스닥,자연과학 및 공학 연구개발업,51100,-200,-0.39,2026-10-06 14:46
468670,브릴스,코스닥,특수 목적용 기계 제조업,30950,-3050,-8.97,2026-10-06 14:46
468760,유진스팩10호,코스닥,금융 지원 서비스업,2080,0,0.00,2026-10-06 14:46
469480,IBKS제24호스팩,코스닥,금융 지원 서비스업,3585,295,8.97,2026-10-06 14:46
469610,이노테크,코스닥,특수 목적용 기계 제조업,16570,840,5.34,2026-10-06 14:46
469750,아이비젼웍스,코스닥,특수 목적용 기계 제조업,5890,240,4.25,2026-10-06 14:46
469900,하나31호스팩,코스닥,금융 지원 서비스업,2105,5,0.24,2026-10-06 14:46
471820,셀로맥스사이언스,코스닥,기타 식품 제조업,4135,15,0.36,2026-10-06 14:46
472230,에스케이증권제11호스팩,코스닥,금융 지원 서비스업,2110,5,0.24,2026-10-06 14:46
472850,폰드그룹,코스닥,"섬유, 의복, 신발 및 가죽제품 소매업",4655,30,0.65,2026-10-06 14:46
473000,에스케이증권제12호스팩,코스닥,금융 지원 서비스업,2080,0,0.00,2026-10-06 14:46
473050,유안타제15호스팩,코스닥,금융 지원 서비스업,2105,0,0.00,2026-10-06 14:46
473950,에스케이증권제13호스팩,코스닥,금융 지원 서비스업,2060,0,0.00,2026-10-06 14:46
473980,노머스,코스닥,창작 및 예술관련 서비스업,10330,60,0.58,2026-10-06 14:46
474170,루미르,코스닥,"항공기,우주선 및 부품 제조업",7320,-60,-0.81,2026-10-06 14:46
474490,유안타제16호스팩,코스닥,금융 지원 서비스업,2087,7,0.34,2026-10-06 14:46
474610,RF시스템즈,코스닥,기타 금속 가공제품 제조업,8570,-140,-1.61,2026-10-06 14:46
474650,링크솔루션,코스닥,특수 목적용 기계 제조업,28700,-750,-2.55,2026-10-06 14:46
474660,신한제12호스팩,코스닥,금융 지원 서비스업,2087,-3,-0.14,2026-10-06 14:46
474930,신한제13호스팩,코스닥,금융 지원 서비스업,2090,-5,-0.24,2026-10-06 14:46
475040,스트라드비젼,코스닥,소프트웨어 개발 및 공급업,3010,5,0.17,2026-10-06 14:46
475150,SK이터닉스,유가,건물 건설업,49975,275,0.55,2026-10-06 14:46
475230,엔알비,코스닥,기타 금속 가공제품 제조업,9790,-240,-2.39,2026-10-06 14:46
475240,하나32호스팩,코스닥,금융 지원 서비스업,2095,5,0.24,2026-10-06 14:46
475250,하나33호스팩,코스닥,금융 지원 서비스업,2085,-5,-0.24,2026-10-06 14:46
475400,씨메스로보틱스,코스닥,특수 목적용 기계 제조업,19190,60,0.31,2026-10-06 14:46
475430,키스트론,코스닥,절연선 및 케이블 제조업,4465,-35,-0.78,2026-10-06 14:46
475460,미트박스,코스닥,기타 정보 서비스업,2980,210,7.58,2026-10-06 14:46
475560,더본코리아,유가,상품 종합 도매업,14220,-70,-0.49,2026-10-06 14:46
475580,에이럭스,코스닥,그외 기타 제품 제조업,7450,-10,-0.13,2026-10-06 14:46
475660,에스켐,코스닥,기타 화학제품 제조업,3090,160,5.46,2026-10-06 14:46
475830,오름테라퓨틱,코스닥,기초 의약물질 제조업,20300,-850,-4.02,2026-10-06 14:46
475960,토모큐브,코스닥,사진장비 및 광학기기 제조업,35850,1550,4.52,2026-10-06 14:46
476040,오가노이드사이언스,코스닥,자연과학 및 공학 연구개발업,7150,90,1.27,2026-10-06 14:46
476060,온코닉테라퓨틱스,코스닥,자연과학 및 공학 연구개발업,15600,-110,-0.70,2026-10-06 14:46
476080,M83,코스닥,"영화, 비디오물, 방송프로그램 제작 및 배급업",4130,-10,-0.24,2026-10-06 14:46
476710,타조이엔터테인먼트,코넥스,창작 및 예술관련 서비스업,15120,0,0.00,2026-10-06 14:46
476830,알지노믹스,코스닥,자연과학 및 공학 연구개발업,29750,1600,5.68,2026-10-06 14:46
477340,에이치엠씨제7호스팩,코스닥,금융 지원 서비스업,2065,0,0.00,2026-10-06 14:46
477380,미래에셋비전스팩4호,코스닥,금융 지원 서비스업,2075,0,0.00,2026-10-06 14:46
477470,미래에셋비전스팩5호,코스닥,금융 지원 서비스업,2060,-5,-0.24,2026-10-06 14:46
477760,DB금융스팩12호,코스닥,기타 금융업,2070,-5,-0.24,2026-10-06 14:46
477850,마키나락스,코스닥,소프트웨어 개발 및 공급업,22600,-150,-0.66,2026-10-06 14:46
478110,이베스트스팩6호,코스닥,금융 지원 서비스업,2055,0,0.00,2026-10-06 14:46
478340,나라스페이스테크놀로지,코스닥,"항공기,우주선 및 부품 제조업",16710,-700,-4.02,2026-10-06 14:46
478390,KB제29호스팩,코스닥,금융 지원 서비스업,2070,-5,-0.24,2026-10-06 14:46
478440,미래에셋비전스팩6호,코스닥,금융 지원 서비스업,2065,-5,-0.24,2026-10-06 14:46
478560,블랙야크아이앤씨,코스닥,신발 및 신발 부분품 제조업,3375,35,1.05,2026-10-06 14:46
479880,한국제15호스팩,코스닥,금융 지원 서비스업,2075,0,0.00,2026-10-06 14:46
479960,위너스일렉,코스닥,기타 전기장비 제조업,6470,120,1.89,2026-10-06 14:46
480370,씨케이솔루션,유가,일반 목적용 기계 제조업,2210,294,15.34,2026-10-06 14:46
481070,에이유브랜즈,코스닥,"섬유, 의복, 신발 및 가죽제품 소매업",13880,-290,-2.05,2026-10-06 14:46
481850,신한글로벌액티브리츠,유가,신탁업 및 집합투자업,975,-2,-0.20,2026-10-06 14:46
481890,엔에이치스팩31호,코스닥,금융 지원 서비스업,2065,0,0.00,2026-10-06 14:46
482520,교보16호스팩,코스닥,금융 지원 서비스업,2065,0,0.00,2026-10-06 14:46
482630,삼양엔씨켐,코스닥,기타 화학제품 제조업,15570,100,0.65,2026-10-06 14:46
482680,미래에셋비전스팩7호,코스닥,금융 지원 서비스업,2055,0,0.00,2026-10-06 14:46
482690,대신밸런스제19호스팩,코스닥,금융 지원 서비스업,2085,5,0.24,2026-10-06 14:46
483350,딜리셔스,코스닥,무점포 소매업,2720,-10,-0.37,2026-10-06 14:46
483650,달바글로벌,유가,기타 화학제품 제조업,180200,-2900,-1.58,2026-10-06 14:46
484120,도우인시스,코스닥,전자부품 제조업,23200,200,0.87,2026-10-06 14:46
484130,하나34호스팩,코스닥,금융 지원 서비스업,2045,10,0.49,2026-10-06 14:46
484590,삼양컴텍,코스닥,무기 및 총포탄 제조업,7320,-230,-3.05,2026-10-06 14:46
484810,티엑스알로보틱스,코스닥,일반 목적용 기계 제조업,12390,100,0.81,2026-10-06 14:46
484870,엠앤씨솔루션,유가,특수 목적용 기계 제조업,19160,510,2.73,2026-10-06 14:46
486510,글로벌테크놀로지,코스닥,반도체 제조업,14940,-410,-2.67,2026-10-06 14:46
486630,KB제30호스팩,코스닥,금융 지원 서비스업,2047,-8,-0.39,2026-10-06 14:46
486990,노타,코스닥,소프트웨어 개발 및 공급업,20600,150,0.73,2026-10-06 14:46
487360,신한제14호스팩,코스닥,금융 지원 서비스업,2030,5,0.25,2026-10-06 14:46
487400,케이앤에스아이앤씨,코스닥,통신 및 방송 장비 제조업,6250,-380,-5.73,2026-10-06 14:46
487570,HS효성,유가,기타 금융업,50000,200,0.40,2026-10-06 14:46
487580,폴레드,코스닥,가정용 기기 제조업,2760,-30,-1.08,2026-10-06 14:46
487720,키움제10호스팩,코스닥,금융 지원 서비스업,2065,5,0.24,2026-10-06 14:46
487830,신한제15호스팩,코스닥,금융 지원 서비스업,2040,10,0.49,2026-10-06 14:46
488060,유진스팩11호,코스닥,금융 지원 서비스업,2040,0,0.00,2026-10-06 14:46
488280,에스투더블유,코스닥,소프트웨어 개발 및 공급업,17680,2320,15.10,2026-10-06 14:46
488900,비츠로넥스텍,코스닥,"항공기,우주선 및 부품 제조업",12060,520,4.51,2026-10-06 14:46
489210,교보17호스팩,코스닥,금융 지원 서비스업,2060,5,0.24,2026-10-06 14:46
489460,바이오비쥬,코스닥,기타 화학제품 제조업,11390,-140,-1.21,2026-10-06 14:46
489480,키움제11호스팩,코스닥,금융 지원 서비스업,2200,0,0.00,2026-10-06 14:46
489500,엘케이켐,코스닥,기타 화학제품 제조업,23950,-400,-1.64,2026-10-06 14:46
489730,디비금융제13호스팩,코스닥,기타 금융업,2040,-5,-0.24,2026-10-06 14:46
489790,한화비전,유가,통신 및 방송 장비 제조업,51000,0,0.00,2026-10-06 14:46
490470,세미파이브,코스닥,"건축기술, 엔지니어링 및 관련 기술 서비스업",21600,1200,5.88,2026-10-06 14:46
491000,리브스메드,코스닥,의료용 기기 제조업,38250,1950,5.37,2026-10-06 14:46
492220,KB제31호스팩,코스닥,금융 지원 서비스업,2035,5,0.25,2026-10-06 14:46
493280,아이엠바이오로직스,코스닥,자연과학 및 공학 연구개발업,18990,1850,10.79,2026-10-06 14:46
493330,지에프아이,코스닥,일반 목적용 기계 제조업,13070,530,4.23,2026-10-06 14:46
493790,유안타제17호스팩,코스닥,금융 지원 서비스업,2022,-3,-0.15,2026-10-06 14:46
494120,큐리오시스,코스닥,사진장비 및 광학기기 제조업,10490,740,7.59,2026-10-06 14:46
495810,유비씨,코넥스,소프트웨어 개발 및 공급업,13120,0,0.00,2026-10-06 14:46
496070,신한제16호스팩,코스닥,금융 지원 서비스업,1998,-12,-0.60,2026-10-06 14:46
496320,본시스템즈,코넥스,특수 목적용 기계 제조업,1023000,0,0.00,2026-10-06 14:46
498390,한화플러스제5호스팩,코스닥,금융 지원 서비스업,2765,-5,-0.18,2026-10-06 14:46
499790,GS피앤엘,유가,기타 금융업,37700,-450,-1.18,2026-10-06 14:46
900070,글로벌에스엠,코스닥,기타 금융업,1140,37,3.35,2026-10-06 14:46
900100,파이온엑스,코스닥,자동차 부품 및 내장품 판매업,1096,0,0.00,2026-10-06 14:46
900110,딥커머스,코스닥,기타 금융업,6050,390,6.89,2026-10-06 14:46
900120,씨엑스아이,코스닥,기타 금융업,4785,-415,-7.98,2026-10-06 14:46
900140,엘브이엠씨홀딩스,유가,자동차 판매업,1193,7,0.59,2026-10-06 14:46
900250,크리스탈신소재,코스닥,기타 금융업,1239,-4,-0.32,2026-10-06 14:46
900260,로스웰,코스닥,기타 금융업,1899,-38,-1.96,2026-10-06 14:46
900270,헝셩그룹,코스닥,기타 금융업,2615,25,0.97,2026-10-06 14:46
900290,GRT,코스닥,기타 금융업,3300,-165,-4.76,2026-10-06 14:46
900300,오가닉티코스메틱,코스닥,기타 금융업,2992,2,0.07,2026-10-06 14:46
900310,컬러레이,코스닥,기타 금융업,1990,-90,-4.33,2026-10-06 14:46
900340,윙입푸드,코스닥,기타 금융업,1407,129,10.09,2026-10-06 14:46
950130,엑세스바이오,코스닥,의료용품 및 기타 의약 관련제품 제조업,2180,5,0.23,2026-10-06 14:46
950140,잉글우드랩,코스닥,기타 화학제품 제조업,8110,-70,-0.86,2026-10-06 14:46
950160,코오롱티슈진,코스닥,기초 의약물질 제조업,17080,950,5.89,2026-10-06 14:46
950170,JTC,코스닥,종합 소매업,4260,-5,-0.12,2026-10-06 14:46
950190,고스트스튜디오,코스닥,소프트웨어 개발 및 공급업,9720,0,0.00,2026-10-06 14:46
950200,소마젠,코스닥,"그외 기타 전문, 과학 및 기술 서비스업",2980,0,0.00,2026-10-06 14:46
950210,프레스티지바이오파마,유가,자연과학 및 공학 연구개발업,5830,-270,-4.43,2026-10-06 14:46
950220,네오이뮨텍,코스닥,자연과학 및 공학 연구개발업,1979,-6,-0.30,2026-10-06 14:46
950250,테라뷰,코스닥,기타 금융업,4230,115,2.79,2026-10-06 14:46
950260,인제니아테라퓨틱스(Reg.S),코스닥,자연과학 및 공학 연구개발업,29000,150,0.52,2026-10-06 14:46
