티커,종목명,구분,거래소,현재가USD,전일대비,등락률,갱신시각
A,애질런트 테크놀로지스,주식,NYSE,171.29,3.51,2.09,2026-10-06 05:42
AA,알코아,주식,NYSE,43.49,1.54,3.67,2026-10-06 05:42
AAA,Alternative Access First Priority CLO Bond ETF,ETF,AMEX,24.92,0.00,0.00,2026-10-06 05:42
AAAA,Amplius Aggressive Asset Allocation ETF,ETF,AMEX,30.81,0.12,0.37,2026-10-06 05:42
AAAC,Columbia AAA CLO ETF,ETF,AMEX,20.04,0.00,0.00,2026-10-06 05:42
AAAD,Pgim Aaa Clo Aggregate Duration ETF,ETF,AMEX,47.91,-0.05,-0.11,2026-10-06 05:42
AAAP,Pacer Barings CLO Market Flex ETF,ETF,NASDAQ,25.37,0.02,0.06,2026-10-06 05:42
AAAU,Goldman Sachs Physical Gold ETF,ETF,AMEX,40.81,-0.07,-0.17,2026-10-06 05:42
AAC,콜럼버스 서클 캐피털 II,주식,NYSE,10.08,-0.04,-0.40,2026-10-06 05:42
AAC.U,Ares Acquisition III Units,주식,NYSE,10.19,0.00,0.00,2026-10-06 05:42
AACG,ATA 크리에이티비티 글로벌 ADR,주식,NASDAQ,0.77,0.00,0.00,2026-10-06 05:42
AACI,아마다 애퀴지션 III,주식,NASDAQ,10.10,0.04,0.40,2026-10-06 05:42
AACIU,Armada Acquisition III Units,주식,NASDAQ,10.32,0.00,0.00,2026-10-06 05:42
AACO,애보니 애퀴지션 I,주식,NASDAQ,10.00,0.00,0.00,2026-10-06 05:42
AACOU,Abony Acquisition I Units,주식,NASDAQ,10.10,0.00,0.00,2026-10-06 05:42
AACP,애퍼지 애퀴지션,주식,NASDAQ,10.07,0.00,0.00,2026-10-06 05:42
AACPR,Apogee Acquisition Rights,주식,NASDAQ,0.18,0.00,0.00,2026-10-06 05:42
AACPU,Apogee Acquisition Units,주식,NASDAQ,10.30,0.00,0.00,2026-10-06 05:42
AADR,AdvisorShares Dorsey Wright ADR ETF,ETF,NASDAQ,82.08,0.41,0.50,2026-10-06 05:42
AADX,어플라이드 에어로스페이스 앤 디펜스,주식,NYSE,11.51,-1.12,-8.87,2026-10-06 05:42
AAEQ,Alpha Architect US Equity 2 ETF,ETF,NASDAQ,55.69,0.33,0.59,2026-10-06 05:42
AAL,아메리칸 에어라인스 그룹,주식,NASDAQ,12.83,-0.11,-0.85,2026-10-06 05:42
AALG,Leverage Shares 2X Long AAL Daily ETF,ETF,NASDAQ,9.54,-0.17,-1.73,2026-10-06 05:42
AAME,아틀란틱 아메리칸,주식,NASDAQ,1.26,-0.01,-0.79,2026-10-06 05:42
AAMI,아캐디언 애셋 매니지먼트,주식,NYSE,96.16,1.99,2.11,2026-10-06 05:42
AAOG,Leverage Shares 2X Long AAOI Daily ETF,ETF,AMEX,3.01,0.30,10.87,2026-10-06 05:42
AAOI,어플라이드 옵토일렉트로닉스,주식,NASDAQ,121.57,5.98,5.17,2026-10-06 05:42
AAON,에이에이온,주식,NASDAQ,84.35,1.08,1.30,2026-10-06 05:42
AAOX,Tradr 2X Long AAOI Daily ETF,ETF,AMEX,13.54,1.29,10.53,2026-10-06 05:42
AAOZ,Tradr 2X Short AAOI Daily ETF,ETF,AMEX,9.02,-1.07,-10.57,2026-10-06 05:42
AAP,어드밴스 오토 파츠,주식,NYSE,39.65,0.97,2.51,2026-10-06 05:42
AAPB,GraniteShares 2x Long AAPL Daily ETF,ETF,NASDAQ,43.32,-0.13,-0.29,2026-10-06 05:42
AAPD,Direxion Daily AAPL Bear 1X ETF,ETF,NASDAQ,10.31,0.02,0.19,2026-10-06 05:42
AAPE,Leverage Shares 2X Long AAPL Daily ETF,ETF,AMEX,16.22,-0.10,-0.61,2026-10-06 05:42
AAPG,어센티지 파마 그룹 인터내셔널 ADR,주식,NASDAQ,14.61,-0.76,-4.95,2026-10-06 05:42
AAPL,애플,주식,NASDAQ,332.89,-0.80,-0.24,2026-10-06 05:42
AAPR,Innovator Eqty Defined Protctn ETF 2 Y to Apr 2028,ETF,AMEX,29.85,0.03,0.09,2026-10-06 05:42
AAPU,Direxion Daily AAPL Bull 2X ETF,ETF,NASDAQ,44.13,-0.20,-0.45,2026-10-06 05:42
AAPW,Roundhill AAPL WeeklyPay ETF,ETF,AMEX,40.43,-0.14,-0.36,2026-10-06 05:42
AAPX,T-Rex 2X Long Apple Daily Target ETF,ETF,AMEX,39.87,-0.09,-0.22,2026-10-06 05:42
AAPY,Kurv Yield Premium Strategy Apple AAPL ETF,ETF,AMEX,27.57,-0.03,-0.12,2026-10-06 05:42
AARD,아르드바크 테라퓨틱스,주식,NASDAQ,5.22,0.23,4.61,2026-10-06 05:42
AAT,아메리칸 애셋츠 트러스트,주식,NYSE,21.35,-0.20,-0.93,2026-10-06 05:42
AAUA,Alpha Architect US Equity 3 ETF,ETF,AMEX,59.64,0.35,0.59,2026-10-06 05:42
AAUB,Alpha Architect US Equity 4 ETF,ETF,NASDAQ,51.92,0.40,0.77,2026-10-06 05:42
AAUC,앨라이드 골드,주식,NYSE,19.78,-0.32,-1.59,2026-10-06 05:42
AAUS,Alpha Architect US Equity ETF,ETF,NASDAQ,62.58,0.39,0.63,2026-10-06 05:42
AAVM,Alpha Architect Global Factor Equity ETF,ETF,NASDAQ,33.87,0.14,0.40,2026-10-06 05:42
AAXJ,iShares MSCI All Country Asia ex Japan ETF,ETF,NASDAQ,119.48,1.28,1.08,2026-10-06 05:42
AB,AllianceBernstein Holding Units,주식,NYSE,35.04,0.04,0.11,2026-10-06 05:42
ABAT,아메리칸 배터리 테크놀로지,주식,NASDAQ,2.17,-0.02,-0.91,2026-10-06 05:42
ABBV,애브비,주식,NYSE,265.76,2.94,1.12,2026-10-06 05:42
ABCB,아메리스 뱅코프,주식,NYSE,80.40,-1.04,-1.28,2026-10-06 05:42
ABCL,앱셀레라 바이오로직스,주식,NASDAQ,13.78,0.04,0.29,2026-10-06 05:42
ABCS,Alpha Blue Capital US Small-Mid Cap Dynamic ETF,ETF,NASDAQ,33.82,0.27,0.81,2026-10-06 05:42
ABEO,아베오나 테라퓨틱스,주식,NASDAQ,5.11,0.08,1.59,2026-10-06 05:42
ABEQ,Absolute Select Value ETF,ETF,AMEX,37.46,0.13,0.35,2026-10-06 05:42
ABEV,암베브 ADR,주식,NYSE,3.25,0.26,8.70,2026-10-06 05:42
ABFL,Abacus FCF Leaders ETF,ETF,AMEX,81.37,0.38,0.47,2026-10-06 05:42
ABG,애즈버리 오토모티브 그룹,주식,NYSE,171.83,-4.05,-2.30,2026-10-06 05:42
ABI,VictoryShares Pioneer Asset-Based Income ETF,ETF,NASDAQ,24.55,0.04,0.16,2026-10-06 05:42
ABIG,Argent Large Cap ETF,ETF,NASDAQ,35.91,0.24,0.67,2026-10-06 05:42
ABLD,Abacus FCF Real Assets Leaders ETF,ETF,AMEX,31.43,0.55,1.79,2026-10-06 05:42
ABLG,Abacus FCF International Leaders ETF,ETF,AMEX,31.01,0.26,0.84,2026-10-06 05:42
ABLS,Abacus FCF Small Cap Leaders ETF,ETF,AMEX,21.04,0.31,1.48,2026-10-06 05:42
ABLV,에이블 뷰 글로벌,주식,NASDAQ,2.55,0.15,6.25,2026-10-06 05:42
ABM,ABM 인더스트리즈,주식,NYSE,48.49,-0.48,-0.98,2026-10-06 05:42
ABNB,에어비앤비,주식,NASDAQ,164.07,1.64,1.01,2026-10-06 05:42
ABND,American Century Core Plus Income ETF,ETF,AMEX,41.61,-0.04,-0.10,2026-10-06 05:42
ABOS,애큐먼 파마슈티컬스,주식,NASDAQ,2.13,0.09,4.41,2026-10-06 05:42
ABOT,Abacus FCF Innovation Leaders ETF,ETF,AMEX,44.24,0.58,1.34,2026-10-06 05:42
ABR,아버 리얼티 트러스트,주식,NYSE,3.47,-0.09,-2.53,2026-10-06 05:42
ABSI,앱사이,주식,NASDAQ,11.53,0.46,4.16,2026-10-06 05:42
ABT,애보트 래보라토리,주식,NYSE,100.10,2.60,2.67,2026-10-06 05:42
ABTC,아메리칸 비트코인,주식,NASDAQ,8.71,0.20,2.35,2026-10-06 05:42
ABTS,에이비츠 그룹,주식,NASDAQ,1.22,0.04,3.20,2026-10-06 05:42
ABUF,Aptus Laddered Buffer ETF,ETF,AMEX,28.03,0.09,0.32,2026-10-06 05:42
ABUS,아버터스 바이오파마,주식,NASDAQ,4.67,0.22,4.94,2026-10-06 05:42
ABVC,ABVC 바이오파마,주식,NASDAQ,0.98,-0.03,-2.97,2026-10-06 05:42
ABVX,아비백스 ADR,주식,NASDAQ,91.73,-1.15,-1.24,2026-10-06 05:42
ABX,애버커스 글로벌,주식,NYSE,8.24,-0.03,-0.36,2026-10-06 05:42
ABXB,Abacus Flexible Bond Leaders ETF,ETF,AMEX,18.62,0.01,0.07,2026-10-06 05:42
ABXL,애버커스 글로벌 선순위채권 9.875% 만기 28년,주식,NYSE,25.46,-0.03,-0.12,2026-10-06 05:42
ACA,아코사,주식,NYSE,146.75,0.25,0.17,2026-10-06 05:42
ACAA,애버린 캐피탈 애퀴지션,주식,NASDAQ,10.02,-0.03,-0.30,2026-10-06 05:42
ACAAU,Averin Capital Acquisition Unit,주식,NASDAQ,10.15,0.00,0.00,2026-10-06 05:42
ACAD,아카디아 파마슈티컬스,주식,NASDAQ,20.11,0.16,0.80,2026-10-06 05:42
ACB,오로라 카나비스,주식,NASDAQ,4.46,0.54,13.78,2026-10-06 05:42
ACBE,Pacer Metaurus Enhanced Core Inc Autocallable ETF,ETF,NASDAQ,25.23,0.15,0.58,2026-10-06 05:42
ACBH,Pacer Metaurus High Income Autocallable ETF,ETF,NASDAQ,25.38,0.22,0.85,2026-10-06 05:42
ACCL,애코 그룹 홀딩스,주식,NASDAQ,2.58,-0.02,-0.77,2026-10-06 05:42
ACCO,애코 브랜즈,주식,NYSE,4.34,0.04,0.93,2026-10-06 05:42
ACCS,액세스 뉴스와이어,주식,AMEX,4.70,-0.01,-0.21,2026-10-06 05:42
ACDC,프로프랙 홀딩,주식,NASDAQ,4.75,0.17,3.71,2026-10-06 05:42
ACEI,Innovator Equity Autocallable Income Strategy ETF,ETF,AMEX,23.89,0.13,0.53,2026-10-06 05:42
ACEL,악셀 엔터테인먼트,주식,NYSE,10.88,0.04,0.37,2026-10-06 05:42
ACEP,ARS Core Equity Portfolio ETF,ETF,NASDAQ,20.02,0.02,0.09,2026-10-06 05:42
ACES,ALPS Clean Energy ETF,ETF,AMEX,27.83,-0.21,-0.75,2026-10-06 05:42
ACET,에이디셋바이오,주식,NASDAQ,6.47,-0.03,-0.46,2026-10-06 05:42
ACFN,에이콘 에너지,주식,NASDAQ,18.72,-0.30,-1.58,2026-10-06 05:42
ACGC,ACP 홀딩스 애퀴지션,주식,NASDAQ,10.06,0.01,0.05,2026-10-06 05:42
ACGCU,ACP Holdings Acquisition Units,주식,NASDAQ,10.90,0.00,0.00,2026-10-06 05:42
ACGL,아치 캐피털 그룹,주식,NASDAQ,94.36,0.76,0.81,2026-10-06 05:42
ACGLN,아치 캐피탈 그룹 우선주 시리즈 G 4.55%,주식,NASDAQ,15.07,-0.20,-1.31,2026-10-06 05:42
ACGLO,아치 캐피털 그룹 우선주 시리즈 F 5.45%,주식,NASDAQ,18.36,-0.12,-0.67,2026-10-06 05:42
ACGO,Hartford Alpha Capture Growth ETF,ETF,AMEX,39.73,0.35,0.89,2026-10-06 05:42
ACGR,American Century Large Cap Growth ETF,ETF,AMEX,72.39,0.43,0.60,2026-10-06 05:42
ACH,아센드라 헬스,주식,NYSE,0.45,-0.05,-10.73,2026-10-06 05:42
ACHC,아카디아 헬스케어,주식,NASDAQ,28.87,0.81,2.89,2026-10-06 05:42
ACHR,아처 에비에이션,주식,NYSE,4.72,-0.17,-3.48,2026-10-06 05:42
ACHV,어치브 라이프 사이언스,주식,NASDAQ,7.01,-0.23,-3.18,2026-10-06 05:42
ACHX,Corgi ACHR 2x Daily ETF,ETF,AMEX,21.02,-1.19,-5.37,2026-10-06 05:42
ACI,앨버트슨 컴퍼니,주식,NYSE,11.51,-0.24,-2.04,2026-10-06 05:42
ACIC,아메리칸 코스탈 인슈어런스,주식,NASDAQ,9.28,-0.05,-0.54,2026-10-06 05:42
ACII,Innovator Index Autocallable Income Strategy ETF,ETF,AMEX,25.42,0.01,0.03,2026-10-06 05:42
ACIO,Aptus Collared Investment Opportunity ETF,ETF,AMEX,47.52,0.28,0.59,2026-10-06 05:42
ACIU,AC 이뮨,주식,NASDAQ,2.71,-0.02,-0.55,2026-10-06 05:42
ACIW,ACI 월드와이드,주식,NASDAQ,51.22,1.07,2.13,2026-10-06 05:42
ACKY,VistaShares Target 15 ACKtivist Distribution ETF,ETF,AMEX,17.36,0.15,0.87,2026-10-06 05:42
ACLC,American Century Large Cap Equity ETF,ETF,AMEX,86.92,0.64,0.74,2026-10-06 05:42
ACLO,TCW AAA CLO ETF,ETF,NYSE,50.39,-0.01,-0.02,2026-10-06 05:42
ACLS,액셀리스 테크놀로지스,주식,NASDAQ,142.31,-5.46,-3.69,2026-10-06 05:42
ACLZ,Corgi ACLS 2x Daily ETF,ETF,AMEX,13.86,-1.09,-7.27,2026-10-06 05:42
ACM,애이콤,주식,NYSE,59.76,0.10,0.17,2026-10-06 05:42
ACMM,Corgi ACMR 2x Daily ETF,ETF,AMEX,11.02,-2.26,-17.03,2026-10-06 05:42
ACMR,ACM 리서치,주식,NASDAQ,76.17,-7.21,-8.65,2026-10-06 05:42
ACN,액센추어,주식,NYSE,195.05,-3.85,-1.94,2026-10-06 05:42
ACNB,ACNB,주식,NASDAQ,63.78,0.00,0.00,2026-10-06 05:42
ACNT,어센트 인더스트리즈,주식,NASDAQ,13.68,-0.09,-0.65,2026-10-06 05:42
ACOG,알파 코그니토,주식,NASDAQ,9.15,0.05,0.55,2026-10-06 05:42
ACOM,Harbor Active Commodity ETF,ETF,AMEX,23.97,-0.02,-0.07,2026-10-06 05:42
ACON,애클라리온,주식,NASDAQ,2.34,-0.04,-1.68,2026-10-06 05:42
ACP,abrdn Income Credit Strategies Mutual Fund,주식,NYSE,4.37,-0.09,-2.02,2026-10-06 05:42
ACQQ,ProShares Nasdaq-100 Autocallable Income ETF,ETF,NASDAQ,25.41,0.22,0.89,2026-10-06 05:42
ACR,에이커스 커머셜 리얼티,주식,NYSE,10.29,-0.61,-5.60,2026-10-06 05:42
ACRE,아레스 커머셜 리얼에스테이트,주식,NYSE,3.70,-0.13,-3.39,2026-10-06 05:42
ACRS,애클래리스 테라퓨틱스,주식,NASDAQ,4.27,-0.12,-2.73,2026-10-06 05:42
ACRT,ProShares Russell 2000 Autocallable Income ETF,ETF,NASDAQ,22.83,0.17,0.75,2026-10-06 05:42
ACRV,애크리본 테라퓨틱스,주식,NASDAQ,1.98,-0.01,-0.50,2026-10-06 05:42
ACSG,American Century Small Cap Growth Insights ETF,ETF,AMEX,47.16,0.51,1.10,2026-10-06 05:42
ACSI,American Customer Satisfaction ETF,ETF,AMEX,75.28,0.19,0.26,2026-10-06 05:42
ACSP,ProShares S&P 500 Autocallable Income ETF,ETF,NASDAQ,22.21,0.26,1.18,2026-10-06 05:42
ACSV,American Century Small Cap Value Insights ETF,ETF,AMEX,47.64,0.13,0.28,2026-10-06 05:42
ACT,인액트 홀딩스,주식,NASDAQ,45.87,0.61,1.35,2026-10-06 05:42
ACTG,아카시아 리서치,주식,NASDAQ,4.30,-0.04,-0.92,2026-10-06 05:42
ACTS,FIS Tactical Equity ETF,ETF,AMEX,26.26,0.19,0.71,2026-10-06 05:42
ACTU,액추에이트 테라퓨틱스,주식,NASDAQ,0.87,0.06,6.83,2026-10-06 05:42
ACU,애크미 유나이티드,주식,AMEX,63.70,0.20,0.32,2026-10-06 05:42
ACV,Virtus Diversified Income And Convertible Fund,주식,NYSE,24.14,-0.09,-0.37,2026-10-06 05:42
ACVA,ACV 옥션스,주식,NYSE,10.50,0.05,0.48,2026-10-06 05:42
ACVF,American Conservative Values ETF,ETF,AMEX,55.46,0.32,0.59,2026-10-06 05:42
ACVT,Advent Convertible Bond ETF,ETF,AMEX,28.32,0.07,0.26,2026-10-06 05:42
ACVU,Hartford Alpha Capture Value ETF,ETF,AMEX,31.35,0.15,0.46,2026-10-06 05:42
ACWI,iShares MSCI ACWI ETF,ETF,NASDAQ,161.11,1.02,0.64,2026-10-06 05:42
ACWV,iShares MSCI Global Min Vol Factor ETF,ETF,AMEX,124.22,0.87,0.71,2026-10-06 05:42
ACWX,iShares MSCI ACWI ex US ETF,ETF,NASDAQ,76.46,0.45,0.59,2026-10-06 05:42
ACXP,어큐어엑스 파마슈티컬스,주식,NASDAQ,1.31,0.04,3.15,2026-10-06 05:42
ACYN,FT Vest Laddered Autocallable Barrier & Income ETF,ETF,AMEX,20.76,0.01,0.05,2026-10-06 05:42
ACYQ,FT Vest Autocallable Barrier & High Income ETF,ETF,AMEX,20.96,-0.04,-0.19,2026-10-06 05:42
ACYS,FT Vest Laddered Autocallable Barrr & Res Inc ETF,ETF,AMEX,20.46,-0.02,-0.10,2026-10-06 05:42
AD,어레이 디지털 인프라스트럭처,주식,NYSE,34.50,0.11,0.32,2026-10-06 05:42
ADAC,아메리칸 드라이브 애퀴지션,주식,NASDAQ,10.15,0.00,0.00,2026-10-06 05:42
ADACU,American Drive Acquisition Units,주식,NASDAQ,10.52,0.00,0.00,2026-10-06 05:42
ADAG,아다진 ADR,주식,NASDAQ,2.80,-0.05,-1.75,2026-10-06 05:42
ADAM,아다마스 트러스트,주식,NASDAQ,7.72,-0.09,-1.15,2026-10-06 05:42
ADAMG,아다마스 트러스트 선순위채권 9.125% 만기 30년,주식,NASDAQ,24.62,-0.13,-0.53,2026-10-06 05:42
ADAMH,아다마스 트러스트 선순위채권 9.875% 만기 30년,주식,NASDAQ,25.06,-0.04,-0.16,2026-10-06 05:42
ADAMI,아다마스 트러스트 선순위채권 9.125% 만기 29년,주식,NASDAQ,24.79,-0.06,-0.24,2026-10-06 05:42
ADAMK,아다마스 선순위채권 9.600% 만기 31년,주식,NASDAQ,24.72,-0.02,-0.08,2026-10-06 05:42
ADAML,아다마스 트러스트 우선주 Series F 6.875%,주식,NASDAQ,24.47,-0.24,-0.97,2026-10-06 05:42
ADAMM,아다마스 트러스트 우선주 Series E 7.875%,주식,NASDAQ,25.02,-0.03,-0.10,2026-10-06 05:42
ADAMN,아다마스 트러스트 우선주 Series D 8.00%,주식,NASDAQ,24.03,-0.20,-0.81,2026-10-06 05:42
ADAMO,아다마스 트러스트 선순위채권 9.250% 만기 2031년,주식,NASDAQ,24.20,-0.14,-0.55,2026-10-06 05:42
ADAMZ,아다마스 트러스트 우선주 Series G 7.000%,주식,NASDAQ,16.51,-0.16,-0.93,2026-10-06 05:42
ADBE,어도비,주식,NASDAQ,238.79,1.10,0.46,2026-10-06 05:42
ADBG,Leverage Shares 2X Long ADBE Daily ETF,ETF,NASDAQ,3.69,0.04,0.96,2026-10-06 05:42
ADBT,어드바사 홀딩스,주식,NASDAQ,0.13,-0.01,-4.80,2026-10-06 05:42
ADBU,Direxion Daily ADBE Bull 2X ETF,ETF,AMEX,20.62,0.14,0.67,2026-10-06 05:42
ADC,어그리 리얼티,주식,NYSE,65.58,-0.30,-0.46,2026-10-06 05:42
ADCT,ADC 테라퓨틱스,주식,NYSE,1.23,0.10,8.85,2026-10-06 05:42
ADDS,Hedgeye Index Adds ETF,ETF,AMEX,26.15,0.24,0.93,2026-10-06 05:42
ADEA,아데이아,주식,NASDAQ,26.07,0.33,1.28,2026-10-06 05:42
ADGM,아다지오 메디컬 홀딩스,주식,NASDAQ,0.14,-0.01,-7.84,2026-10-06 05:42
ADI,애널로그 디바이시스,주식,NASDAQ,419.10,1.95,0.47,2026-10-06 05:42
ADIG,ADI 글로벌 디스트리뷰션,주식,NYSE,17.62,-0.21,-1.18,2026-10-06 05:42
ADIL,애디얼 파머수티컬,주식,NASDAQ,4.35,0.23,5.58,2026-10-06 05:42
ADIU,Leverage Shares 2X Long ADI Daily ETF,ETF,AMEX,13.21,0.10,0.75,2026-10-06 05:42
ADIV,Guinness Atkinson Asia Pacific Divi Builder ETF,ETF,AMEX,19.60,0.18,0.95,2026-10-06 05:42
ADM,아처 대니얼스 미들랜드,주식,NYSE,82.47,2.02,2.51,2026-10-06 05:42
ADMA,ADMA 바이오로직스,주식,NASDAQ,10.11,0.39,4.01,2026-10-06 05:42
ADME,Aptus Drawdown Managed Equity ETF,ETF,AMEX,56.92,0.24,0.42,2026-10-06 05:42
ADNT,애디언트,주식,NYSE,17.24,-0.07,-0.40,2026-10-06 05:42
ADP,오토매틱 데이터 프로세싱,주식,NASDAQ,260.26,2.58,1.00,2026-10-06 05:42
ADPT,어댑티브 바이오테크놀러지,주식,NASDAQ,29.84,1.49,5.26,2026-10-06 05:42
ADPV,Adaptiv Select ETF,ETF,AMEX,44.54,0.37,0.84,2026-10-06 05:42
ADRX,아다렉스 파마슈티컬스,주식,NASDAQ,19.05,0.80,4.38,2026-10-06 05:42
ADSE,애즈-테크 에너지,주식,NASDAQ,10.06,-0.53,-5.00,2026-10-06 05:42
ADSK,오토데스크,주식,NASDAQ,221.56,9.56,4.51,2026-10-06 05:42
ADT,ADT,주식,NYSE,6.21,-0.04,-0.64,2026-10-06 05:42
ADTN,애드트랜 홀딩스,주식,NASDAQ,7.15,0.11,1.56,2026-10-06 05:42
ADUR,아듀로 클린 테크놀로지스,주식,NASDAQ,12.13,-0.15,-1.22,2026-10-06 05:42
ADUS,아듀스 홈케어,주식,NASDAQ,112.98,1.71,1.54,2026-10-06 05:42
ADV,어드밴티지 솔루션스,주식,NASDAQ,27.37,-0.27,-0.98,2026-10-06 05:42
ADVB,어드밴스드 바이오메드,주식,NASDAQ,6.34,-0.39,-5.79,2026-10-06 05:42
ADVE,Matthews Asia Dividend Active ETF,ETF,AMEX,47.19,0.38,0.81,2026-10-06 05:42
ADX,Adams Diversified Equity Fund，Inc.,주식,NYSE,25.87,0.08,0.31,2026-10-06 05:42
ADXN,애딕스 테라퓨틱스 ADR,주식,NASDAQ,3.10,0.03,0.98,2026-10-06 05:42
AEAQ,액티베이트 에너지 애퀴지션,주식,NASDAQ,10.08,0.00,0.00,2026-10-06 05:42
AEAQU,Activate Energy Acquisition Units,주식,NASDAQ,10.19,0.00,0.00,2026-10-06 05:42
AEBI,에비 슈미트 홀딩,주식,NASDAQ,11.14,0.23,2.11,2026-10-06 05:42
AEC,앤필드 에너지,주식,NASDAQ,3.44,0.00,0.00,2026-10-06 05:42
AEE,애머런,주식,NYSE,99.70,-0.24,-0.24,2026-10-06 05:42
AEF,Abrdn Emerging Markets ex China Closed End Fund,주식,AMEX,9.74,0.14,1.46,2026-10-06 05:42
AEFC,아에곤 펀딩 컴퍼니 후순위 채권 5.100% 2049년 만기,주식,NYSE,17.66,-0.14,-0.79,2026-10-06 05:42
AEG,아에곤 ADR,주식,NYSE,8.49,0.04,0.47,2026-10-06 05:42
AEHG,Leverage Shares 2X Long AEHR Daily ETF,ETF,AMEX,9.73,-0.51,-4.98,2026-10-06 05:42
AEHL,안텔로페 엔터프라이즈 홀딩스,주식,NASDAQ,10.86,0.86,8.60,2026-10-06 05:42
AEHR,에흐르 테스트 시스템즈,주식,NASDAQ,104.40,-2.81,-2.62,2026-10-06 05:42
AEI,알셋,주식,NASDAQ,0.70,-0.05,-6.19,2026-10-06 05:42
AEIS,어드밴스드 에너지 인더스트리스,주식,NASDAQ,297.29,-6.99,-2.30,2026-10-06 05:42
AELV,Harbor AlphaEdge Large Cap Value ETF,ETF,AMEX,26.21,0.04,0.16,2026-10-06 05:42
AEM,애그니코 이글 마인스,주식,NYSE,183.33,-0.36,-0.20,2026-10-06 05:42
AEMC,Harbor AlphaEdge Mid Cap Core ETF,ETF,AMEX,19.99,0.09,0.47,2026-10-06 05:42
AEMD,애슬론 메디컬,주식,NASDAQ,6.53,0.08,1.16,2026-10-06 05:42
AEMG,Harbor AlphaEdge Mid Cap Growth ETF,ETF,AMEX,20.10,0.08,0.39,2026-10-06 05:42
AEMV,Harbor AlphaEdge Mid Cap Value ETF,ETF,AMEX,19.55,0.12,0.61,2026-10-06 05:42
AENT,얼라이언스 엔터테인먼트 홀딩,주식,NASDAQ,4.69,0.20,4.45,2026-10-06 05:42
AEO,아메리칸 이글 아웃피터스,주식,NYSE,18.11,0.40,2.26,2026-10-06 05:42
AEON,이온 바이오파마,주식,AMEX,0.27,-0.01,-3.23,2026-10-06 05:42
AEP,아메리칸 일렉트릭 파워 컴퍼니,주식,NASDAQ,119.73,0.16,0.13,2026-10-06 05:42
AER,에어캡 홀딩스,주식,NYSE,143.29,-1.05,-0.73,2026-10-06 05:42
AERO,그루포 에어로멕시코 ADR,주식,NYSE,15.52,0.13,0.84,2026-10-06 05:42
AERT,아에리스 테크놀로지,주식,NASDAQ,6.75,-0.66,-8.91,2026-10-06 05:42
AES,AES,주식,NYSE,14.90,-0.01,-0.07,2026-10-06 05:42
AESB,Harbor AlphaEdge Small Cap Core ETF,ETF,AMEX,19.86,0.15,0.78,2026-10-06 05:42
AESG,Harbor AlphaEdge Small Cap Growth ETF,ETF,AMEX,19.97,0.18,0.91,2026-10-06 05:42
AESI,아틀라스 에너지 솔루션스,주식,NYSE,12.72,0.68,5.65,2026-10-06 05:42
AESL,Harbor AlphaEdge Small Cap Value ETF,ETF,AMEX,19.68,0.10,0.52,2026-10-06 05:42
AESP,이온 애퀴지션 I,주식,NASDAQ,9.99,0.00,0.00,2026-10-06 05:42
AESPR,Aeon Acquisition I Rights Exp 30th Jan 2031,주식,NASDAQ,0.19,0.00,0.00,2026-10-06 05:42
AESPU,Aeon Acquisition I Units,주식,NASDAQ,10.20,0.03,0.29,2026-10-06 05:42
AESR,Anfield US Equity Sector Rotation ETF,ETF,AMEX,20.27,0.12,0.60,2026-10-06 05:42
AETH,Bitwise Trendwise Eth & Treas Rot Strat ETF,ETF,AMEX,37.54,-0.03,-0.09,2026-10-06 05:42
AEVA,아에바 테크놀로지스,주식,NASDAQ,14.30,-0.46,-3.12,2026-10-06 05:42
AEXA,아메리칸 익셉셔널리즘 애퀴지션 A,주식,NYSE,11.04,-0.08,-0.72,2026-10-06 05:42
AEYE,오디오아이,주식,NASDAQ,6.73,-0.19,-2.75,2026-10-06 05:42
AFB,AllianceBernstein National Municipal Income Fund,주식,NYSE,9.43,-0.16,-1.67,2026-10-06 05:42
AFCG,어드반스드 플라워 캐피털,주식,NASDAQ,3.32,-0.18,-5.14,2026-10-06 05:42
AFDM,First Trust Active Factor International ETF,ETF,NASDAQ,88.93,-0.05,-0.06,2026-10-06 05:42
AFEM,First Trust Active Factor Emrgng Mkts Fund,ETF,NASDAQ,100.29,1.48,1.50,2026-10-06 05:42
AFG,아메리칸 파이낸셜 그룹,주식,NYSE,139.33,0.23,0.17,2026-10-06 05:42
AFGB,아메리칸 파이낸셜 그룹 후순위 채권 5.875% 만기 2059년,주식,NYSE,22.01,-0.04,-0.18,2026-10-06 05:42
AFGC,아메리칸 파이낸셜 그룹 후순위 채권 5.125% 만기 2059년,주식,NYSE,18.64,0.11,0.58,2026-10-06 05:42
AFGD,아메리칸 파이낸셜 그룹 후순위 채권 5.625% 만기 2060년,주식,NYSE,22.28,0.18,0.81,2026-10-06 05:42
AFGE,아메리칸 파이낸셜 그룹 후순위 채권 4.500% 만기 2060년,주식,NYSE,16.90,0.14,0.81,2026-10-06 05:42
AFGR,First Trust Active Factor Large Cap Growth ETF,ETF,AMEX,38.73,0.37,0.97,2026-10-06 05:42
AFIF,Anfield Universal Fixed Income ETF,ETF,AMEX,9.25,0.00,0.00,2026-10-06 05:42
AFIX,Allspring Broad Market Core Bond ETF,ETF,AMEX,23.55,-0.04,-0.17,2026-10-06 05:42
AFJK,에이메이 헬스 테크놀로지,주식,NASDAQ,12.35,0.24,1.98,2026-10-06 05:42
AFJKR,Aimei Health Technology Rights Exp 17 November 2028,주식,NASDAQ,0.09,0.00,0.00,2026-10-06 05:42
AFJKU,Aimei Health Technology Units,주식,NASDAQ,13.60,1.11,8.89,2026-10-06 05:42
AFK,VanEck Africa Index ETF,ETF,AMEX,26.94,-0.32,-1.17,2026-10-06 05:42
AFL,애플랙,주식,NYSE,112.38,0.84,0.75,2026-10-06 05:42
AFLG,First Trust Active Factor Large Cap ETF,ETF,AMEX,44.97,0.25,0.56,2026-10-06 05:42
AFMC,First Trust Active Factor Mid Cap ETF,ETF,AMEX,40.69,0.20,0.49,2026-10-06 05:42
AFOS,ARS Focused Opportunities Strategy ETF,ETF,NASDAQ,45.87,0.38,0.83,2026-10-06 05:42
AFRI,포라프릭 글로벌,주식,NASDAQ,11.27,0.03,0.27,2026-10-06 05:42
AFRM,어펌 홀딩스,주식,NASDAQ,74.75,3.98,5.62,2026-10-06 05:42
AFRU,T-REX 2X Long AFRM Daily Target ETF,ETF,AMEX,9.76,0.95,10.72,2026-10-06 05:42
AFSC,abrdn Focused US Small Cap Active ETF,ETF,NASDAQ,37.40,0.04,0.12,2026-10-06 05:42
AFSM,First Trust Active Factor Small Cap ETF,ETF,AMEX,40.22,0.22,0.55,2026-10-06 05:42
AFYA,아피야,주식,NASDAQ,13.31,1.09,8.92,2026-10-06 05:42
AG,퍼스트 머제스틱 실버,주식,NYSE,17.51,-0.16,-0.91,2026-10-06 05:42
AGBK,AGI,주식,NYSE,6.74,1.28,23.44,2026-10-06 05:42
AGCC,에젠시아 커머셜 스피리츠,주식,NASDAQ,15.00,0.00,0.00,2026-10-06 05:42
AGCO,애그코,주식,NYSE,116.19,1.58,1.38,2026-10-06 05:42
AGD,abrdn Global Dynamic Dividend Mutual Fund,주식,NYSE,11.14,-0.21,-1.85,2026-10-06 05:42
AGEM,Abrdn Emerging Markets Dvnd Act ETF,ETF,NASDAQ,49.53,0.68,1.40,2026-10-06 05:42
AGEN,아제너스,주식,NASDAQ,8.73,0.37,4.43,2026-10-06 05:42
AGG,iShares Core US Aggregate Bond ETF,ETF,AMEX,94.13,-0.12,-0.13,2026-10-06 05:42
AGGA,EA Astoria Beacon Dynamic Core US Fixed Income ETF,ETF,NASDAQ,24.40,-0.01,-0.04,2026-10-06 05:42
AGGH,Simplify Aggregate Bond ETF,ETF,AMEX,18.76,-0.18,-0.95,2026-10-06 05:42
AGGM,iShares 1-10 Year U.S. Aggregate Bond ETF,ETF,AMEX,99.16,-0.14,-0.14,2026-10-06 05:42
AGGS,Harbor Disciplined Bond ETF,ETF,AMEX,38.90,-0.04,-0.09,2026-10-06 05:42
AGGY,WisdomTree Yield Enhanced US Aggregate Bond Fund,ETF,AMEX,41.13,-0.04,-0.10,2026-10-06 05:42
AGI,알라모스 골드,주식,NYSE,32.31,-0.15,-0.46,2026-10-06 05:42
AGIG,어번디아 글로벌 임팩트 그룹,주식,AMEX,0.96,-0.04,-4.00,2026-10-06 05:42
AGIO,애지오스 파마슈티컬스,주식,NASDAQ,31.25,-0.55,-1.73,2026-10-06 05:42
AGIQ,SoFi Agentic AI ETF,ETF,AMEX,27.39,0.32,1.17,2026-10-06 05:42
AGIX,KraneShares Public-Private AI & Technology ETF,ETF,NASDAQ,49.12,0.30,0.61,2026-10-06 05:42
AGL,애질론 헬스,주식,NYSE,84.28,0.14,0.17,2026-10-06 05:42
AGM,페더럴 애그리컬처럴 모기지 Class C,주식,NYSE,214.46,-0.33,-0.15,2026-10-06 05:42
AGM.A,페더럴 애그리컬처럴 모기지 Class A,주식,NYSE,146.58,0.00,0.00,2026-10-06 05:42
AGMB,아고맙 테라퓨틱스 ADR,주식,NASDAQ,8.69,0.13,1.52,2026-10-06 05:42
AGMH,AGM 그룹 홀딩스,주식,NASDAQ,0.73,0.03,4.27,2026-10-06 05:42
AGMI,Themes Silver Miners ETF,ETF,NASDAQ,69.35,0.11,0.16,2026-10-06 05:42
AGNC,AGNC 인베스트먼트,주식,NASDAQ,8.65,-0.14,-1.59,2026-10-06 05:42
AGNCL,AGNC 인베스트먼트 우선주 시리즈 G,주식,NASDAQ,25.12,-0.09,-0.37,2026-10-06 05:42
AGNCM,AGNC 인베스트먼트 우선주 시리즈 D,주식,NASDAQ,24.92,0.06,0.24,2026-10-06 05:42
AGNCN,AGNC 인베스트먼트 우선주 시리즈 C,주식,NASDAQ,25.34,-0.07,-0.27,2026-10-06 05:42
AGNCO,AGNC 인베스트먼트 우선주 시리즈 E,주식,NASDAQ,25.19,-0.08,-0.32,2026-10-06 05:42
AGNCP,AGNC 인베스트먼트 우선주 시리즈 F,주식,NASDAQ,24.83,-0.06,-0.24,2026-10-06 05:42
AGNCZ,AGNC 인베스트먼트 우선주 Series H 8.75%,주식,NASDAQ,24.66,-0.02,-0.08,2026-10-06 05:42
AGNG,Global X Aging Population ETF,ETF,NASDAQ,36.10,0.16,0.43,2026-10-06 05:42
AGNT,AGNT,주식,NASDAQ,3.87,0.22,6.03,2026-10-06 05:42
AGO,어슈어드 개런티,주식,NYSE,69.13,0.66,0.96,2026-10-06 05:42
AGOX,Adaptive Alpha Opportunities ETF,ETF,AMEX,33.91,0.40,1.18,2026-10-06 05:42
AGPU,액스 컴퓨트,주식,NASDAQ,12.99,0.91,7.53,2026-10-06 05:42
AGQ,ProShares Ultra Silver,ETF,AMEX,68.45,1.03,1.53,2026-10-06 05:42
AGQI,First Trust Active Global Quality Income ETF,ETF,AMEX,18.23,0.05,0.27,2026-10-06 05:42
AGRO,아데코아그로,주식,NYSE,10.75,0.65,6.44,2026-10-06 05:42
AGRW,Allspring LT Large Growth ETF,ETF,AMEX,33.75,0.33,0.98,2026-10-06 05:42
AGRZ,아그로즈,주식,NASDAQ,3.41,0.16,4.77,2026-10-06 05:42
AGX,아간,주식,NYSE,387.74,3.91,1.02,2026-10-06 05:42
AGYS,어질리시스,주식,NASDAQ,99.50,0.24,0.24,2026-10-06 05:42
AGZ,iShares Agency Bond ETF,ETF,AMEX,106.12,-0.15,-0.14,2026-10-06 05:42
AGZD,WisdomTree Interest Rate Hdg US Aggr Bd,ETF,NASDAQ,22.54,-0.02,-0.10,2026-10-06 05:42
AHBM,Amplify Top 10 Asia Memory ETF,ETF,AMEX,26.76,-0.02,-0.09,2026-10-06 05:42
AHCO,어댑트헬스,주식,NASDAQ,5.74,0.14,2.50,2026-10-06 05:42
AHD,Graniteshares Autocallable HOOD ETF,ETF,NASDAQ,26.57,0.02,0.08,2026-10-06 05:42
AHG,악소 헬스 그룹 ADR,주식,NASDAQ,1.16,0.01,0.87,2026-10-06 05:42
AHLT,American Beacon AHL Trend ETF,ETF,AMEX,31.66,0.36,1.15,2026-10-06 05:42
AHMA,앰비션스 엔터프라이즈 매니지먼트,주식,NASDAQ,1.32,0.00,0.00,2026-10-06 05:42
AHR,아메리칸 헬스케어 REIT,주식,NYSE,50.47,-0.28,-0.55,2026-10-06 05:42
AHRT,AH 리얼티 트러스트,주식,NYSE,5.96,-0.07,-1.16,2026-10-06 05:42
AHT,애시포드 호스피탤리티 트러스트,주식,NYSE,2.25,-0.03,-1.32,2026-10-06 05:42
AHYB,American Century Select High Yield ETF,ETF,AMEX,44.88,0.06,0.13,2026-10-06 05:42
AI,C3 AI,주식,NYSE,11.09,0.08,0.73,2026-10-06 05:42
AIA,iShares Asia 50 ETF,ETF,NASDAQ,146.85,2.18,1.51,2026-10-06 05:42
AIAI,AIAI 홀딩스,주식,NASDAQ,3.46,-0.04,-1.14,2026-10-06 05:42
AIB,AIB 데이터 센터스,주식,AMEX,1.62,-0.02,-1.22,2026-10-06 05:42
AIBD,Direxion Daily AI and Big Data Bear 2X ETF,ETF,AMEX,41.16,-0.28,-0.68,2026-10-06 05:42
AIBF,iShares Future AI Beneficiaries ETF,ETF,AMEX,24.93,0.08,0.32,2026-10-06 05:42
AIBU,Direxion Daily AI and Big Data Bull 2X ETF,ETF,AMEX,75.09,0.68,0.91,2026-10-06 05:42
AIBZ,비트제로 홀딩스,주식,NASDAQ,3.99,-0.01,-0.25,2026-10-06 05:42
AICH,China AI ETF,ETF,NASDAQ,25.39,0.50,1.99,2026-10-06 05:42
AIDX,20/20 바이오랩스,주식,NASDAQ,0.35,-0.03,-7.26,2026-10-06 05:42
AIEQ,Amplify Ai Powered Equity ETF,ETF,AMEX,49.82,0.39,0.78,2026-10-06 05:42
AIFA,올 인 퓨처테크 얼라이언스,주식,NASDAQ,5.88,1.41,31.54,2026-10-06 05:42
AIFC,AI 파이낸셜,주식,NASDAQ,0.47,-0.04,-7.35,2026-10-06 05:42
AIFD,TCW Artificial Intelligence ETF,ETF,NASDAQ,55.81,0.15,0.27,2026-10-06 05:42
AIFF,파이어플라이 뉴로사이언스,주식,NASDAQ,1.30,-0.06,-4.41,2026-10-06 05:42
AIFR,Defiance Global Foundries ETF,ETF,NASDAQ,26.36,-0.44,-1.64,2026-10-06 05:42
AIFU,AIFU,주식,NASDAQ,10.32,0.10,0.98,2026-10-06 05:42
AIG,아메리칸 인터내셔널 그룹,주식,NYSE,75.12,0.19,0.25,2026-10-06 05:42
AIHY,Defiance AI Hyperscale Leaders ETF,ETF,AMEX,22.64,0.42,1.89,2026-10-06 05:42
AII,아메리칸 인테그리티 인슈어런스 그룹,주식,NYSE,25.49,-0.57,-2.19,2026-10-06 05:42
AIIA,AI 인프라스트럭처 애퀴지션,주식,NYSE,10.29,-0.02,-0.19,2026-10-06 05:42
AIIA.U,AI Infrastructure Acquisition Units,주식,NYSE,10.37,0.00,0.00,2026-10-06 05:42
AIIO,로보.ai,주식,NASDAQ,1.11,-0.08,-6.72,2026-10-06 05:42
AIIR,에어 글로벌,주식,NASDAQ,7.69,0.30,4.06,2026-10-06 05:42
AIM,AIM 이뮤노테크,주식,AMEX,0.19,0.01,5.56,2026-10-06 05:42
AIMD,에이노스,주식,NASDAQ,1.33,-0.02,-1.70,2026-10-06 05:42
AIMG,Defiance AI Magnificent 10 ETF,ETF,NASDAQ,21.23,0.11,0.50,2026-10-06 05:42
AIMS,Acuitas Small Cap Active ETF,ETF,NASDAQ,27.52,0.11,0.40,2026-10-06 05:42
AIN,앨버니 인터내셔널,주식,NYSE,59.48,-1.40,-2.30,2026-10-06 05:42
AINF,Defiance Inference AI Chip ETF,ETF,NASDAQ,21.28,0.23,1.07,2026-10-06 05:42
AINP,Allspring Income Plus ETF,ETF,AMEX,24.05,0.02,0.07,2026-10-06 05:42
AINT,FINQ DOLLAR NTRAL US Lg Cp AI-Mgd Eq,ETF,AMEX,35.55,-0.09,-0.24,2026-10-06 05:42
AIO,Virtus Artificial Intelligence and Technology Opportunities Fund,주식,NYSE,25.26,-0.22,-0.86,2026-10-06 05:42
AIOO,AllianzIM US Equity Buffer100 Protection ETF,ETF,AMEX,26.53,-0.01,-0.04,2026-10-06 05:42
AIOS,AIOS 테크,주식,NASDAQ,12.15,0.83,7.33,2026-10-06 05:42
AIOT,파워플리트,주식,NASDAQ,2.82,0.01,0.36,2026-10-06 05:42
AIP,아테리스,주식,NASDAQ,23.97,-0.69,-2.80,2026-10-06 05:42
AIPI,REX AI Equity Premium Income ETF,ETF,NASDAQ,37.91,0.15,0.40,2026-10-06 05:42
AIPO,Defiance AI and Power Infrastructure ETF,ETF,NASDAQ,28.98,0.11,0.38,2026-10-06 05:42
AIQ,Global X Artificial Intelligence & Technology ETF,ETF,NASDAQ,66.85,0.62,0.94,2026-10-06 05:42
AIQD,MicroSectors -3A Short Artificial Intelligence (AI) ETN,ETF,AMEX,37.13,-0.77,-2.03,2026-10-06 05:42
AIQU,MicroSectors 3A Long Artificial Intelligence (AI) ETN,ETF,AMEX,22.50,0.44,1.99,2026-10-06 05:42
AIR,AAR,주식,NYSE,102.24,-0.27,-0.26,2026-10-06 05:42
AIRE,리알파 테크,주식,NASDAQ,1.33,0.01,0.76,2026-10-06 05:42
AIRG,에어게인,주식,NASDAQ,4.20,-0.41,-8.89,2026-10-06 05:42
AIRI,에어 인더스트리스 그룹,주식,AMEX,2.47,-0.25,-9.19,2026-10-06 05:42
AIRJ,에어줄 테크놀로지스,주식,NASDAQ,3.78,-0.14,-3.57,2026-10-06 05:42
AIRO,AIRO 그룹 홀딩스,주식,NASDAQ,6.49,-0.10,-1.52,2026-10-06 05:42
AIRR,First Trust RBA Amer Industrial Renaissance ETF,ETF,NASDAQ,106.19,-0.53,-0.50,2026-10-06 05:42
AIRS,에어스컬프 테크놀로지스,주식,NASDAQ,1.91,0.14,7.91,2026-10-06 05:42
AIRT,에어 T,주식,NASDAQ,30.21,0.41,1.38,2026-10-06 05:42
AIRTP,에어 T 우선주 8%,주식,NASDAQ,18.80,-0.10,-0.53,2026-10-06 05:42
AIS,VistaShares Artificial Intelligence Supercycle ETF,ETF,AMEX,77.51,-0.10,-0.13,2026-10-06 05:42
AISP,에어십 AI 홀딩스,주식,NASDAQ,2.02,-0.10,-4.72,2026-10-06 05:42
AIT,어플라이드 인더스트리얼 테크놀로지,주식,NYSE,345.79,2.34,0.68,2026-10-06 05:42
AIUP,FINQ FIRST US Lg Cap AI-Mgd Equity ETF,ETF,AMEX,32.39,0.17,0.54,2026-10-06 05:42
AIV,아파트먼트 인베스트먼트 & 매니지먼트,주식,NYSE,1.88,-0.05,-2.59,2026-10-06 05:42
AIVC,Amplify Bloomberg AI Equal Weight ETF,ETF,AMEX,120.01,0.88,0.74,2026-10-06 05:42
AIVI,WisdomTree International AI Enhanced Value Fund,ETF,AMEX,57.39,-0.02,-0.04,2026-10-06 05:42
AIVL,WisdomTree US AI Enhanced Value Fund,ETF,AMEX,129.89,1.23,0.95,2026-10-06 05:42
AIX,Defiance US 100 Tech AI Moat ETF,ETF,NASDAQ,25.71,0.21,0.83,2026-10-06 05:42
AIXI,샤오-아이 ADR,주식,NASDAQ,1.51,-0.30,-16.57,2026-10-06 05:42
AIYY,YieldMax AI Option Income Strategy ETF,ETF,AMEX,7.43,0.02,0.27,2026-10-06 05:42
AIZ,어슈런트,주식,NYSE,266.41,-0.91,-0.34,2026-10-06 05:42
AIZN,Assurant 5 25 Subordinated Notes due 2061,주식,NYSE,17.58,-0.17,-0.96,2026-10-06 05:42
AJAN,Innovator Equity Defined Protection ETF 2 Yr to January 2028,ETF,AMEX,28.65,0.03,0.10,2026-10-06 05:42
AJG,아서 J 갤러거 앤 코,주식,NYSE,227.24,1.13,0.50,2026-10-06 05:42
AJUL,Innovator Eqty Dfined Protctn ETF 2 Y to July 2028,ETF,AMEX,30.36,0.06,0.21,2026-10-06 05:42
AKA,AKA 브랜즈 홀딩,주식,NYSE,10.70,-0.15,-1.38,2026-10-06 05:42
AKAF,The Frontier Economic Fund,ETF,NYSE,31.21,0.01,0.05,2026-10-06 05:42
AKAL,T-REX 2X LONG AKAM DAILY TARGET ETF,ETF,AMEX,18.11,-0.35,-1.90,2026-10-06 05:42
AKAM,아카마이 테크놀로지,주식,NASDAQ,107.99,-0.93,-0.85,2026-10-06 05:42
AKAN,아칸다,주식,NASDAQ,1.91,-0.07,-3.54,2026-10-06 05:42
AKBA,아케비아 테라퓨틱스,주식,NASDAQ,0.91,0.05,5.26,2026-10-06 05:42
AKO.A,엠보텔라도라 안디나 ADR 시리즈 A,주식,NYSE,23.66,0.00,0.00,2026-10-06 05:42
AKO.B,엠보텔라도라 안디나 ADR 시리즈 B,주식,NYSE,29.73,1.06,3.70,2026-10-06 05:42
AKR,아카디아 리얼티 트러스트,주식,NYSE,18.41,-0.22,-1.18,2026-10-06 05:42
AKRE,Akre Focus ETF,ETF,AMEX,53.68,0.50,0.94,2026-10-06 05:42
AKTS,액티스 온콜로지,주식,NASDAQ,18.52,0.00,0.00,2026-10-06 05:42
AKTX,아카리 테라퓨틱스 ADR,주식,NASDAQ,8.94,0.22,2.52,2026-10-06 05:42
ALA,Corgi ALAB 2x Daily ETF,ETF,AMEX,14.77,0.90,6.49,2026-10-06 05:42
ALAB,아스테라 랩스,주식,NASDAQ,362.34,12.01,3.43,2026-10-06 05:42
ALAI,Alger AI Enablers & Adopters ETF,ETF,AMEX,47.63,0.59,1.25,2026-10-06 05:42
ALAR,알라럼 테크놀로지스 ADR,주식,NASDAQ,1.66,-0.08,-4.60,2026-10-06 05:42
ALB,앨버말,주식,NYSE,104.37,-0.22,-0.21,2026-10-06 05:42
ALBG,Leverage Shares 2X Long ALB Daily ETF,ETF,NASDAQ,4.15,-0.02,-0.55,2026-10-06 05:42
ALC,알콘,주식,NYSE,64.33,0.57,0.89,2026-10-06 05:42
ALCO,알리코,주식,NASDAQ,38.39,0.08,0.21,2026-10-06 05:42
ALDB,Aptus Laddered Deep Buffer ETF,ETF,AMEX,26.00,0.10,0.37,2026-10-06 05:42
ALDF,알델 파이낸셜 II,주식,NASDAQ,10.82,0.00,0.00,2026-10-06 05:42
ALDFU,Aldel Financial II Units,주식,NASDAQ,10.90,0.00,0.00,2026-10-06 05:42
ALDX,알데이라 테라퓨틱스,주식,NASDAQ,0.92,-0.25,-21.05,2026-10-06 05:42
ALEC,알렉터,주식,NASDAQ,1.99,0.18,9.94,2026-10-06 05:42
ALF,센추리온 애퀴지션,주식,NASDAQ,10.92,0.00,0.00,2026-10-06 05:42
ALFUU,Centurion Acquisition Units Expiry 22nd May 2029,주식,NASDAQ,10.91,0.00,0.00,2026-10-06 05:42
ALG,알라모 그룹,주식,NYSE,162.39,1.38,0.86,2026-10-06 05:42
ALGM,알레그로 마이크로시스템즈,주식,NASDAQ,38.46,-1.07,-2.71,2026-10-06 05:42
ALGN,얼라인 테크놀로지,주식,NASDAQ,140.65,-3.09,-2.15,2026-10-06 05:42
ALGS,앨리고스 테라퓨틱스,주식,NASDAQ,5.40,-0.14,-2.53,2026-10-06 05:42
ALGT,얼리전트 트래블,주식,NASDAQ,75.14,-2.47,-3.18,2026-10-06 05:42
ALH,얼라이언스 런드리 홀딩스,주식,NYSE,21.31,0.01,0.05,2026-10-06 05:42
ALHC,얼라인먼트 헬스케어,주식,NASDAQ,8.50,0.56,7.05,2026-10-06 05:42
ALIL,Argent Focused Small Cap ETF,ETF,NASDAQ,30.91,0.06,0.21,2026-10-06 05:42
ALIS,칼리사 애퀴지션,주식,NASDAQ,10.33,0.00,0.00,2026-10-06 05:42
ALISR,Calisa Acquisition Rights Exp 11 Sep 2030,주식,NASDAQ,0.80,-0.03,-3.61,2026-10-06 05:42
ALISU,Calisa Acquisition Units,주식,NASDAQ,10.50,-1.20,-10.26,2026-10-06 05:42
ALIT,얼라이트,주식,NYSE,8.74,-0.11,-1.24,2026-10-06 05:42
ALK,알래스카 에어 그룹,주식,NYSE,39.19,-0.34,-0.86,2026-10-06 05:42
ALKS,앨커미스,주식,NASDAQ,42.76,1.01,2.42,2026-10-06 05:42
ALKT,알카미 테크놀로지,주식,NASDAQ,14.15,0.26,1.87,2026-10-06 05:42
ALL,올스테이트,주식,NYSE,224.71,0.97,0.43,2026-10-06 05:42
ALLE,얼리지언,주식,NYSE,153.67,-0.54,-0.35,2026-10-06 05:42
ALLO,알로진 테라퓨틱스,주식,NASDAQ,1.50,0.00,0.00,2026-10-06 05:42
ALLR,얼라러티 테라퓨틱스,주식,NASDAQ,1.00,-0.04,-3.85,2026-10-06 05:42
ALLT,앨럿,주식,NASDAQ,8.41,-0.02,-0.24,2026-10-06 05:42
ALLW,State Street Bridgewater All Weather ETF,ETF,NASDAQ,28.58,0.00,0.00,2026-10-06 05:42
ALLY,앨라이 파이낸셜,주식,NYSE,37.63,-0.28,-0.74,2026-10-06 05:42
ALM,알몬티 인더스트리스,주식,NASDAQ,13.52,0.12,0.90,2026-10-06 05:42
ALMR,알라마 바이오사이언스,주식,NASDAQ,38.13,3.77,10.97,2026-10-06 05:42
ALMS,알루미스,주식,NASDAQ,6.84,-0.01,-0.15,2026-10-06 05:42
ALMU,앨루마,주식,NASDAQ,13.08,-0.04,-0.30,2026-10-06 05:42
ALNT,얼라이언트,주식,NASDAQ,118.63,0.33,0.28,2026-10-06 05:42
ALNY,앨나일램 파마슈티컬스,주식,NASDAQ,219.89,0.17,0.08,2026-10-06 05:42
ALOV,알다브라4 리퀴디티 오퍼튜니티,주식,NASDAQ,10.02,0.00,0.00,2026-10-06 05:42
ALOVU,Aldabra 4 Liquidity Opportunity Vehicle Units,주식,NASDAQ,10.06,0.00,0.00,2026-10-06 05:42
ALOY,RE앨로이스,주식,NASDAQ,8.11,-0.01,-0.12,2026-10-06 05:42
ALP,알파 컴퓨트,주식,NASDAQ,4.39,-0.21,-4.57,2026-10-06 05:42
ALPS,알프스 그룹,주식,NASDAQ,0.40,0.01,1.27,2026-10-06 05:42
ALPX,알펙스 애퀴지션,주식,NASDAQ,9.96,0.00,0.00,2026-10-06 05:42
ALPXR,Alpex Acquisition Rights,주식,NASDAQ,0.16,0.00,0.00,2026-10-06 05:42
ALPXU,Alpex Acquisition Units,주식,NASDAQ,10.22,-0.01,-0.10,2026-10-06 05:42
ALRG,Allspring LT Large Core ETF,ETF,AMEX,31.59,0.15,0.48,2026-10-06 05:42
ALRM,알람닷컴 홀딩스,주식,NASDAQ,56.24,1.56,2.85,2026-10-06 05:42
ALRS,앨러루스 파이낸셜,주식,NASDAQ,32.40,-0.28,-0.84,2026-10-06 05:42
ALSN,앨리슨 트랜스미션 홀딩스,주식,NYSE,115.75,-2.22,-1.88,2026-10-06 05:42
ALT,알티뮨,주식,NASDAQ,2.67,-0.07,-2.38,2026-10-06 05:42
ALTG,알타 이큅먼트 그룹,주식,NYSE,6.45,-0.03,-0.46,2026-10-06 05:42
ALTI,알티 글로벌,주식,NASDAQ,2.95,0.04,1.37,2026-10-06 05:42
ALTL,Pacer Lunt Large Cap Alternator ETF,ETF,AMEX,44.44,0.18,0.41,2026-10-06 05:42
ALTO,알토 인그리디언츠,주식,NASDAQ,3.79,0.02,0.53,2026-10-06 05:42
ALTY,Global X Alternative Income ETF,ETF,NASDAQ,11.69,-0.01,-0.09,2026-10-06 05:42
ALUB,알루사 에너지 애퀴지션 II,주식,NYSE,10.13,0.00,0.00,2026-10-06 05:42
ALUB.U,Alussa Energy Acquisition Redeemable Units,주식,NYSE,10.36,0.00,0.00,2026-10-06 05:42
ALV,오토리브,주식,NYSE,112.07,0.22,0.20,2026-10-06 05:42
ALVO,알보테크,주식,NASDAQ,6.11,0.66,12.11,2026-10-06 05:42
ALX,알렉산더스,주식,NYSE,245.23,1.37,0.56,2026-10-06 05:42
ALXO,ALX 온콜로지 홀딩스,주식,NASDAQ,1.21,-0.01,-0.82,2026-10-06 05:42
ALZN,알자멘드 뉴로,주식,NASDAQ,1.41,0.04,2.92,2026-10-06 05:42
AM,앤테로 미드스트림,주식,NYSE,20.56,0.20,0.98,2026-10-06 05:42
AMA,Defiance Daily Target 2X Long AMAT ETF,ETF,NASDAQ,28.31,0.19,0.67,2026-10-06 05:42
AMAA,Corgi AMZN 2x Daily ETF,ETF,AMEX,28.67,0.00,0.01,2026-10-06 05:42
AMAC,AMR 리소시스 애퀴지션,주식,NASDAQ,9.80,0.00,0.00,2026-10-06 05:42
AMACU,AMR Resources Acquisition Units,주식,NASDAQ,9.92,0.00,0.00,2026-10-06 05:42
AMAL,아말가메이티드 파이낸셜,주식,NASDAQ,47.73,-0.46,-0.95,2026-10-06 05:42
AMAN,아마나트 애퀴지션,주식,NASDAQ,10.61,0.11,1.05,2026-10-06 05:42
AMAT,어플라이드 머티어리얼즈,주식,NASDAQ,542.28,2.24,0.41,2026-10-06 05:42
AMAU,Leverage Shares 2X Long AMAT Daily ETF,ETF,AMEX,17.25,0.14,0.82,2026-10-06 05:42
AMAX,Adaptive Hedged Multi-Asset Inc ETF,ETF,AMEX,7.51,0.09,1.21,2026-10-06 05:42
AMBA,암바렐라,주식,NASDAQ,68.26,-0.39,-0.57,2026-10-06 05:42
AMBO,앰보우 에듀케이션 홀딩스 ADR,주식,AMEX,1.83,0.00,0.00,2026-10-06 05:42
AMBP,아르다 메탈 패키징,주식,NYSE,4.44,0.00,0.00,2026-10-06 05:42
AMBQ,앰비크 마이크로,주식,NYSE,65.92,-2.26,-3.31,2026-10-06 05:42
AMBR,앰버 인터내셔널 홀딩 ADR,주식,NASDAQ,1.88,0.07,3.87,2026-10-06 05:42
AMC,AMC 엔터테인먼트 홀딩스,주식,NYSE,2.79,0.02,0.72,2026-10-06 05:42
AMCI,AMC 로보틱스,주식,NASDAQ,2.97,-0.04,-1.33,2026-10-06 05:42
AMCR,앰코,주식,NYSE,41.80,-0.06,-0.14,2026-10-06 05:42
AMCX,AMC 글로벌 미디어,주식,NASDAQ,11.14,-0.02,-0.18,2026-10-06 05:42
AMD,AMD(어드밴스드 마이크로 디바이시스),주식,NASDAQ,631.75,-2.16,-0.34,2026-10-06 05:42
AMDC,Corgi AMD 2x Daily ETF,ETF,AMEX,30.21,-0.29,-0.95,2026-10-06 05:42
AMDD,Direxion Daily AMD Bear 1X ETF,ETF,NASDAQ,21.80,0.11,0.49,2026-10-06 05:42
AMDG,Leverage Shares 2X Long AMD Daily ETF,ETF,NASDAQ,142.57,-1.19,-0.83,2026-10-06 05:42
AMDL,GraniteShares 2x Long AMD Daily ETF,ETF,NASDAQ,84.06,-0.48,-0.57,2026-10-06 05:42
AMDW,Roundhill AMD WeeklyPay ETF,ETF,AMEX,104.20,-0.57,-0.55,2026-10-06 05:42
AMDY,YieldMax AMD Option Income Strategy ETF,ETF,AMEX,52.10,-0.07,-0.13,2026-10-06 05:42
AME,아메텍,주식,NYSE,251.92,-0.01,0.00,2026-10-06 05:42
AMEI,Amana Equity Income ETF,ETF,NASDAQ,26.14,0.10,0.39,2026-10-06 05:42
AMEM,Amana Developing World ETF,ETF,NASDAQ,25.21,0.22,0.87,2026-10-06 05:42
AMG,어필리에이티드 매니저스 그룹,주식,NYSE,380.70,9.27,2.50,2026-10-06 05:42
AMGN,암젠,주식,NASDAQ,402.98,-0.06,-0.01,2026-10-06 05:42
AMGR,Amana Growth ETF,ETF,NASDAQ,26.21,0.13,0.51,2026-10-06 05:42
AMH,아메리칸 홈스 포 렌트,주식,NYSE,30.08,-0.18,-0.59,2026-10-06 05:42
AMHI,American Beacon Aberdeen Municipal High Income ETF,ETF,AMEX,23.05,0.03,0.11,2026-10-06 05:42
AMID,Argent Mid Cap ETF,ETF,NASDAQ,37.34,0.28,0.76,2026-10-06 05:42
AMIX,오토노믹스 메디컬,주식,NASDAQ,3.54,-0.24,-6.35,2026-10-06 05:42
AMJB,Alerian MLP Index ETN due 28 January 2044,ETF,AMEX,35.16,0.04,0.11,2026-10-06 05:42
AMKL,Defiance Daily Target 2X Long AMKR ETF,ETF,AMEX,7.21,-0.37,-4.88,2026-10-06 05:42
AMKR,앰코 테크놀로지,주식,NASDAQ,54.63,-1.39,-2.48,2026-10-06 05:42
AMKX,Corgi AMKR 2x Daily ETF,ETF,AMEX,11.63,-0.62,-5.07,2026-10-06 05:42
AMLP,Alerian MLP ETF,ETF,AMEX,52.97,0.33,0.63,2026-10-06 05:42
AMLX,아밀릭스 파마슈티컬스,주식,NASDAQ,27.78,-0.01,-0.04,2026-10-06 05:42
AMMO,VistaShares Defense Supercycle ETF,ETF,AMEX,24.63,0.00,0.00,2026-10-06 05:42
AMN,AMN 헬스케어 서비스,주식,NYSE,36.84,0.21,0.57,2026-10-06 05:42
AMOD,알파 모더스 홀딩스,주식,NASDAQ,3.78,0.29,8.31,2026-10-06 05:42
AMOM,QRAFT AI-Enhanced US Large Cap Momentum ETF,ETF,AMEX,63.23,0.44,0.70,2026-10-06 05:42
AMP,아메리프라이즈 파이낸셜,주식,NYSE,494.94,4.03,0.82,2026-10-06 05:42
AMPG,앰플리테크 그룹,주식,NASDAQ,2.97,-0.08,-2.62,2026-10-06 05:42
AMPGZ,Amplitech Group Rights Series B,주식,NASDAQ,0.24,0.10,74.48,2026-10-06 05:42
AMPH,앰퍼스타 파마슈티컬스,주식,NASDAQ,25.37,-0.06,-0.24,2026-10-06 05:42
AMPL,앰플리튜드,주식,NASDAQ,14.88,0.36,2.48,2026-10-06 05:42
AMPU,Defiance Daily Target 2X Long AMPX ETF,ETF,AMEX,1.95,-0.10,-4.88,2026-10-06 05:42
AMPX,앰프리어스 테크놀로지스,주식,NYSE,9.45,-0.22,-2.28,2026-10-06 05:42
AMPY,앰플리파이 에너지,주식,NYSE,4.43,0.07,1.61,2026-10-06 05:42
AMR,알파 메탈러지컬 리소시스,주식,NYSE,173.60,2.06,1.20,2026-10-06 05:42
AMRC,아메리스코,주식,NYSE,21.49,-0.08,-0.37,2026-10-06 05:42
AMRN,아마린 ADR,주식,NASDAQ,12.09,-0.26,-2.11,2026-10-06 05:42
AMRX,엠닐 파마슈티컬,주식,NASDAQ,20.35,0.05,0.25,2026-10-06 05:42
AMRZ,암라이즈,주식,NYSE,37.20,-0.06,-0.16,2026-10-06 05:42
AMS,아메리칸 셰어드 호스피털 서비스,주식,AMEX,1.35,-0.06,-4.26,2026-10-06 05:42
AMSC,아메리칸 수퍼컨덕터,주식,NASDAQ,29.98,-0.03,-0.10,2026-10-06 05:42
AMSF,아메리세이프,주식,NASDAQ,23.28,-0.31,-1.31,2026-10-06 05:42
AMSS,어매스 브랜즈,주식,NASDAQ,0.43,0.01,1.24,2026-10-06 05:42
AMST,에임자이트,주식,NASDAQ,0.94,0.00,0.23,2026-10-06 05:42
AMT,아메리칸 타워,주식,NYSE,162.26,0.06,0.04,2026-10-06 05:42
AMTB,아머란트 뱅코프,주식,NYSE,29.25,-0.31,-1.05,2026-10-06 05:42
AMTD,AMTD 아이디어 그룹 ADR,주식,NYSE,0.77,0.03,3.79,2026-10-06 05:42
AMTM,아멘텀 홀딩스,주식,NYSE,18.24,0.10,0.55,2026-10-06 05:42
AMTX,에메티스,주식,NASDAQ,1.76,0.04,2.33,2026-10-06 05:42
AMUB,UBS ETRACS Alerian MLP Index ETN Series B due 18 July 2042 Series B,주식,AMEX,22.27,0.18,0.80,2026-10-06 05:42
AMUN,Abrdn Ultra Short Municipal Income Active ETF,ETF,NASDAQ,25.93,0.02,0.06,2026-10-06 05:42
AMUU,Direxion Daily AMD Bull 2X ETF,ETF,NASDAQ,297.47,-3.16,-1.05,2026-10-06 05:42
AMWL,아메리칸웰,주식,NYSE,12.72,0.33,2.66,2026-10-06 05:42
AMX,아메리카 모빌 ADR 시리즈 L,주식,NYSE,22.15,0.86,4.04,2026-10-06 05:42
AMYY,GraniteShares YieldBOOST AMD ETF,ETF,NASDAQ,13.61,-0.05,-0.37,2026-10-06 05:42
AMZA,InfraCap MLP ETF,ETF,AMEX,48.00,0.05,0.10,2026-10-06 05:42
AMZD,Direxion Daily AMZN Bear 1X ETF,ETF,NASDAQ,8.68,0.00,0.00,2026-10-06 05:42
AMZE,어메이즈 홀딩스,주식,AMEX,0.07,-0.05,-41.12,2026-10-06 05:42
AMZG,Leverage Shares 2X Long AMZN Daily ETF,ETF,AMEX,14.75,-0.03,-0.17,2026-10-06 05:42
AMZN,아마존닷컴,주식,NASDAQ,251.40,-0.12,-0.05,2026-10-06 05:42
AMZO,Tradr 2X Short AMZN Daily ETF,ETF,AMEX,14.48,0.03,0.21,2026-10-06 05:42
AMZP,Kurv Yield Premium Strategy Amazon AMZN ETF,ETF,AMEX,25.18,0.00,-0.01,2026-10-06 05:42
AMZU,Direxion Daily AMZN Bull 2X ETF,ETF,NASDAQ,34.61,0.02,0.06,2026-10-06 05:42
AMZW,Roundhill AMZN WeeklyPay ETF,ETF,AMEX,34.40,0.03,0.09,2026-10-06 05:42
AMZY,YieldMax AMZN Option Income Strategy ETF,ETF,AMEX,10.34,0.03,0.29,2026-10-06 05:42
AMZZ,GraniteShares 2x Long AMZN Daily ETF,ETF,NASDAQ,32.37,-0.01,-0.02,2026-10-06 05:42
AN,오토네이션,주식,NYSE,161.67,-0.79,-0.49,2026-10-06 05:42
ANAB,어냅티스바이오,주식,NASDAQ,49.20,0.67,1.38,2026-10-06 05:42
ANDE,앤더슨스,주식,NASDAQ,66.90,-0.82,-1.21,2026-10-06 05:42
ANDG,안데르센 그룹,주식,NYSE,56.00,-1.14,-2.00,2026-10-06 05:42
ANEL,Defiance Daily Target 2x Long ANET ETF,ETF,NASDAQ,28.21,-0.17,-0.61,2026-10-06 05:42
ANET,아리스타 네트웍스,주식,NYSE,206.90,-0.45,-0.22,2026-10-06 05:42
ANEW,ProShares MSCI Transformational Changes ETF,ETF,AMEX,54.69,0.71,1.32,2026-10-06 05:42
ANF,애버크롬비 & 피치,주식,NYSE,141.40,5.49,4.04,2026-10-06 05:42
ANGH,앙가미,주식,NASDAQ,3.73,0.00,0.00,2026-10-06 05:42
ANGI,앤지,주식,NASDAQ,6.06,0.01,0.17,2026-10-06 05:42
ANGL,VanEck Fallen Angel High Yield Bond ETF,ETF,NASDAQ,27.60,0.03,0.11,2026-10-06 05:42
ANGO,앤지오다이내믹스,주식,NASDAQ,15.54,0.43,2.85,2026-10-06 05:42
ANGU,SEI Ang Research Enhanced U.S. Large Cap ETF,ETF,NASDAQ,25.62,0.18,0.69,2026-10-06 05:42
ANGX,엔젤 스튜디오스,주식,NYSE,4.16,0.08,1.96,2026-10-06 05:42
ANIK,아니카 테라퓨틱스,주식,NASDAQ,19.73,0.63,3.30,2026-10-06 05:42
ANIP,ANI 파마슈티컬스,주식,NASDAQ,72.58,0.40,0.55,2026-10-06 05:42
ANIX,애닉사 바이오사이언시스,주식,NASDAQ,2.95,0.00,0.00,2026-10-06 05:42
ANL,아들라이 노르티에 그룹 ADR,주식,NASDAQ,15.04,-0.05,-0.33,2026-10-06 05:42
ANNA,알리안나,주식,NASDAQ,2.69,0.02,0.75,2026-10-06 05:42
ANNX,아넥슨,주식,NASDAQ,4.20,0.01,0.24,2026-10-06 05:42
ANPA,리치 스파클 홀딩스,주식,NASDAQ,2.02,0.05,2.54,2026-10-06 05:42
ANRO,알토 뉴로사이언스,주식,NYSE,24.01,-0.79,-3.19,2026-10-06 05:42
ANTA,안탈파 플랫폼 홀딩,주식,NASDAQ,2.55,0.23,9.91,2026-10-06 05:42
ANTW,Anthropic AI Lab Ecosystem ETF,ETF,AMEX,25.18,-0.07,-0.28,2026-10-06 05:42
ANTX,AN2 테라퓨틱스,주식,NASDAQ,5.61,-0.10,-1.75,2026-10-06 05:42
ANV,GraniteShares Autocallable NVDA ETF,ETF,NASDAQ,25.54,-0.01,-0.04,2026-10-06 05:42
ANVS,애노비스 바이오,주식,NYSE,1.20,0.02,1.69,2026-10-06 05:42
AOA,iShares Core 80/20 Aggressive Allocation ETF,ETF,AMEX,98.07,0.44,0.45,2026-10-06 05:42
AOCT,Innovator Eqty Defined Protctn ETF 2 Y to Oct 2026,ETF,AMEX,27.93,0.10,0.34,2026-10-06 05:42
AOD,abrdn Total Dynamic Dividend Mutual Fund,주식,NYSE,10.08,-0.12,-1.18,2026-10-06 05:42
AOHY,Angel Oak High Yield Opportunities ETF,ETF,NASDAQ,10.70,0.01,0.05,2026-10-06 05:42
AOK,iShares Core 30/70 Conservative Allocation ETF,ETF,AMEX,40.37,0.05,0.12,2026-10-06 05:42
AOM,iShares Core 40/60 Moderate Allocation ETF,ETF,AMEX,48.72,0.09,0.19,2026-10-06 05:42
AOMD,엔젤 오크 모기지 리트 선순위채권 9.75% 만기 30년 1월,주식,NYSE,25.05,0.10,0.40,2026-10-06 05:42
AOMN,앤젤 오크 모기지 REIT 선순위채권 9.5% 만기 29년 7월,주식,NYSE,25.12,-0.16,-0.63,2026-10-06 05:42
AOMR,엔젤 오크 모기지,주식,NYSE,7.25,-0.07,-0.96,2026-10-06 05:42
AON,에이온,주식,NYSE,272.05,2.60,0.96,2026-10-06 05:42
AOR,iShares Core 60/40 Balanced Allocation ETF,ETF,AMEX,68.81,0.24,0.35,2026-10-06 05:42
AORT,아티비온,주식,NYSE,22.61,0.30,1.34,2026-10-06 05:42
AOS,A O 스미스,주식,NYSE,56.97,0.22,0.39,2026-10-06 05:42
AOSL,알파 앤 오메가 세미콘덕터,주식,NASDAQ,29.00,-1.24,-4.10,2026-10-06 05:42
AOTG,AOT Growth and Innovation ETF,ETF,NASDAQ,69.22,0.83,1.22,2026-10-06 05:42
AOUT,아메리칸 아웃도어 브랜드,주식,NASDAQ,16.60,0.25,1.53,2026-10-06 05:42
AP,앰프코 피츠버그,주식,NYSE,9.65,-0.05,-0.52,2026-10-06 05:42
APA,APA,주식,NASDAQ,43.85,0.17,0.39,2026-10-06 05:42
APAC,스톤브릿지 애퀴지션 II,주식,NASDAQ,10.27,0.00,0.00,2026-10-06 05:42
APACR,StoneBridge Acquisition II Rights Exp 09 Sep 2030,주식,NASDAQ,0.11,0.00,0.00,2026-10-06 05:42
APACU,StoneBridge Acquisition II Units,주식,NASDAQ,10.45,0.00,0.00,2026-10-06 05:42
APAM,아티잔 파트너스 애셋 매니지먼트,주식,NYSE,34.40,-0.48,-1.38,2026-10-06 05:42
APC,아르코 페트롤리엄,주식,NASDAQ,15.77,0.27,1.74,2026-10-06 05:42
APCB,ActivePassive Core Bond ETF,ETF,AMEX,28.04,-0.06,-0.23,2026-10-06 05:42
APD,에어 프로덕츠 앤 케미컬스,주식,NYSE,279.45,1.88,0.68,2026-10-06 05:42
APDB,Aptus April Deep Buffer ETF,ETF,AMEX,26.37,0.08,0.29,2026-10-06 05:42
APEI,아메리칸 퍼블릭 에듀케이션,주식,NASDAQ,44.41,0.68,1.56,2026-10-06 05:42
APG,APi 그룹,주식,NYSE,40.66,0.18,0.44,2026-10-06 05:42
APH,암페놀,주식,NYSE,87.27,0.31,0.36,2026-10-06 05:42
APHG,Leverage Shares 2X Long APH Daily ETF,ETF,AMEX,16.61,0.12,0.73,2026-10-06 05:42
APHU,T-REX 2X Long APH Daily Target ETF,ETF,AMEX,28.29,0.05,0.17,2026-10-06 05:42
API,아고라 ADR,주식,NASDAQ,4.15,0.07,1.72,2026-10-06 05:42
APIE,ActivePassive International Equity ETF,ETF,AMEX,39.14,0.55,1.43,2026-10-06 05:42
APLD,어플라이드 디지털,주식,NASDAQ,24.70,-0.68,-2.68,2026-10-06 05:42
APLE,애플 호스피탤리티 리츠,주식,NYSE,16.40,-0.11,-0.67,2026-10-06 05:42
APLM,아폴로믹스,주식,NASDAQ,23.27,0.00,0.00,2026-10-06 05:42
APLU,Allspring Core Plus ETF,ETF,AMEX,23.32,-0.03,-0.13,2026-10-06 05:42
APLX,Tradr 2X Long APLD Daily ETF,ETF,AMEX,7.00,-0.39,-5.22,2026-10-06 05:42
APLY,YieldMax AAPL Option Income Strategy ETF,ETF,AMEX,11.74,0.02,0.17,2026-10-06 05:42
APLZ,Tradr 2X Short APLD Daily ETF,ETF,AMEX,22.66,1.00,4.62,2026-10-06 05:42
APMC,암퍼캡 애퀴지션,주식,NASDAQ,9.97,0.00,0.00,2026-10-06 05:42
APMCR,AmperCap Acquisition Rights,주식,NASDAQ,0.08,-0.01,-10.44,2026-10-06 05:42
APMCU,AmperCap Acquisition Company Units,주식,NASDAQ,10.03,0.00,0.00,2026-10-06 05:42
APMD,앱니메드,주식,NASDAQ,21.75,0.24,1.12,2026-10-06 05:42
APMI,Corgi AMAT 2x Daily ETF,ETF,AMEX,18.42,0.20,1.11,2026-10-06 05:42
APMU,ActivePassive Intermediate Municipal Bond ETF,ETF,AMEX,24.02,-0.01,-0.04,2026-10-06 05:42
APO,아폴로 글로벌 매니지먼트,주식,NYSE,115.35,1.33,1.17,2026-10-06 05:42
APOC,Innovator Equity Defined Protection ETF 6mo Apr Oct,ETF,AMEX,26.73,0.03,0.11,2026-10-06 05:42
APOG,아포지 엔터프라이스,주식,NASDAQ,35.66,0.05,0.13,2026-10-06 05:42
APOS,Apollo Global Management 7 625 Fixed Rate Resettable Junior Subordinated Notes,주식,NYSE,25.59,0.00,0.00,2026-10-06 05:42
APP,앱러빈,주식,NASDAQ,281.97,13.75,5.13,2026-10-06 05:42
APPC,Corgi APP 2x Daily ETF,ETF,AMEX,8.35,0.70,9.09,2026-10-06 05:42
APPF,앱폴리오,주식,NASDAQ,204.25,1.28,0.63,2026-10-06 05:42
APPN,애피안,주식,NASDAQ,38.21,1.53,4.17,2026-10-06 05:42
APPS,디지털 터빈,주식,NASDAQ,11.21,0.04,0.36,2026-10-06 05:42
APPX,Tradr 2X Long APP Daily ETF,ETF,NASDAQ,10.10,0.92,10.02,2026-10-06 05:42
APRB,Aptus April Buffer ETF,ETF,AMEX,27.67,0.09,0.31,2026-10-06 05:42
APRE,아프레아 테라퓨틱스,주식,NASDAQ,0.68,-0.02,-2.79,2026-10-06 05:42
APRH,Innovator Premium Income 20 Barrier ETF - April,ETF,AMEX,24.80,-0.02,-0.06,2026-10-06 05:42
APRJ,Innovator Premium Income 30 Barrier ETF - April,ETF,AMEX,24.62,0.01,0.04,2026-10-06 05:42
APRP,PGIM S&P 500 Buffer 12 ETF - April,ETF,AMEX,33.54,0.06,0.18,2026-10-06 05:42
APRT,AllianzIM US Equity Buffer10 Apr ETF,ETF,AMEX,47.24,0.08,0.17,2026-10-06 05:42
APRW,AllianzIM US Equity Buffer20 Apr ETF,ETF,AMEX,37.98,0.05,0.13,2026-10-06 05:42
APRZ,TrueShares Structured Outcome (April) ETF,ETF,AMEX,40.86,0.22,0.53,2026-10-06 05:42
APT,알파 프로 테크,주식,AMEX,5.75,0.66,12.97,2026-10-06 05:42
APTV,앱티브,주식,NYSE,43.89,0.35,0.80,2026-10-06 05:42
APUE,ActivePassive US Equity ETF,ETF,AMEX,47.79,0.28,0.59,2026-10-06 05:42
APUR,애퍼처,주식,NASDAQ,10.04,0.01,0.05,2026-10-06 05:42
APURR,Aperture AC Rights Exp 6th May 2031,주식,NASDAQ,0.30,0.00,0.02,2026-10-06 05:42
APUS,아피메즈 파마슈티컬스 US,주식,AMEX,4.59,1.37,42.55,2026-10-06 05:42
APVO,압티보 테라퓨틱스,주식,NASDAQ,1.80,0.04,2.27,2026-10-06 05:42
APWC,아시아 퍼시픽 와이어 & 케이블,주식,NASDAQ,1.36,0.04,2.65,2026-10-06 05:42
APXM,FT Vest US Equity Max Buffer ETF - April,ETF,AMEX,32.22,0.02,0.06,2026-10-06 05:42
APXT,에이펙스 트레저리,주식,NASDAQ,10.14,-0.01,-0.10,2026-10-06 05:42
APXTU,Apex Treasury Units,주식,NASDAQ,10.27,0.00,0.00,2026-10-06 05:42
APYX,에이픽스 메디컬,주식,NASDAQ,2.60,0.05,1.96,2026-10-06 05:42
AQB,아쿠아바운티 테크놀로지스,주식,NASDAQ,0.89,-0.04,-4.21,2026-10-06 05:42
AQEC,AQE Core ETF,ETF,AMEX,25.80,0.15,0.58,2026-10-06 05:42
AQLG,Hcm Large Cap Growth ETF,ETF,NASDAQ,26.29,0.13,0.49,2026-10-06 05:42
AQLT,iShares MSCI Global Quality Factor ETF,ETF,AMEX,32.28,0.06,0.20,2026-10-06 05:42
AQMS,아쿠아 메탈스,주식,NASDAQ,2.10,-0.23,-9.87,2026-10-06 05:42
AQN,알곤퀸 파워 앤 유틸리티스,주식,NYSE,5.07,-0.03,-0.59,2026-10-06 05:42
AQNB,Algonquin Power And Utilities 6 20 Fixed To Floating Subordinated Notes Series,주식,NYSE,26.31,-0.10,-0.38,2026-10-06 05:42
AQST,어퀴스티브 테라퓨틱스,주식,NASDAQ,4.57,0.02,0.44,2026-10-06 05:42
AQWA,Global X Clean Water ETF,ETF,NASDAQ,18.12,-0.01,-0.05,2026-10-06 05:42
AR,앤테로 리소스,주식,NYSE,34.69,0.61,1.79,2026-10-06 05:42
ARAI,어라이브 AI,주식,NASDAQ,0.21,-0.01,-3.71,2026-10-06 05:42
ARAY,애큐레이,주식,NASDAQ,0.30,0.02,7.37,2026-10-06 05:42
ARB,AltShares Merger Arbitrage ETF,ETF,AMEX,29.98,-0.04,-0.13,2026-10-06 05:42
ARBB,ARB IOT 그룹,주식,NASDAQ,4.48,-0.12,-2.61,2026-10-06 05:42
ARBE,아브 로보틱스,주식,NASDAQ,0.59,-0.02,-3.53,2026-10-06 05:42
ARBK,아르고 블록체인 ADR,주식,NASDAQ,2.29,0.04,1.78,2026-10-06 05:42
ARCB,아크베스트,주식,NASDAQ,131.14,-1.47,-1.11,2026-10-06 05:42
ARCC,아레스 캐피탈,주식,NASDAQ,18.82,-0.04,-0.21,2026-10-06 05:42
ARCI,아르키메데스 테크 SPAC III,주식,NASDAQ,10.08,0.00,0.00,2026-10-06 05:42
ARCIU,Archimedes Tech SPAC Partners III Units,주식,NASDAQ,10.24,-0.01,-0.05,2026-10-06 05:42
ARCL,ARC 그룹 애퀴지션 I,주식,NASDAQ,10.00,0.00,0.00,2026-10-06 05:42
ARCLR,ARC Group Acquisition I Rights,주식,NASDAQ,0.14,0.00,0.00,2026-10-06 05:42
ARCLU,ARC Group Acquisition I Units,주식,NASDAQ,10.25,0.00,0.00,2026-10-06 05:42
ARCM,Arrow Reserve Capital Management ETF,ETF,AMEX,99.95,0.04,0.04,2026-10-06 05:42
ARCO,아르코스 도라도스 홀딩스,주식,NYSE,8.10,0.99,13.92,2026-10-06 05:42
ARCP,Aristotle Core Plus Income ETF,ETF,AMEX,24.24,0.03,0.12,2026-10-06 05:42
ARCT,아크투루스 테라퓨틱스 홀딩스,주식,NASDAQ,14.66,1.63,12.51,2026-10-06 05:42
ARCX,Tradr 2X Long ACHR Daily ETF,ETF,AMEX,8.87,-0.51,-5.47,2026-10-06 05:42
ARDC,Ares Dynamic Credit Allocation Fund Inc,주식,NYSE,11.33,-0.16,-1.39,2026-10-06 05:42
ARDT,아던트 헬스,주식,NYSE,10.55,0.21,2.03,2026-10-06 05:42
ARDX,아델릭스,주식,NASDAQ,3.39,0.05,1.50,2026-10-06 05:42
ARE,알렉산드리아 리얼에스테이트 이쿼티,주식,NYSE,45.88,-1.49,-3.15,2026-10-06 05:42
AREC,아메리칸 리소스,주식,NASDAQ,1.74,-0.05,-2.79,2026-10-06 05:42
ARES,아레스 매니지먼트,주식,NYSE,117.13,-0.42,-0.36,2026-10-06 05:42
ARGT,Global X MSCI Argentina ETF,ETF,AMEX,89.53,5.01,5.93,2026-10-06 05:42
ARGX,아겐스 ADR,주식,NASDAQ,912.87,-6.34,-0.69,2026-10-06 05:42
ARHS,아르하우스,주식,NASDAQ,10.11,-0.13,-1.27,2026-10-06 05:42
ARI,아폴로 커머셜 리얼에스테이트 파이낸스,주식,NYSE,6.23,0.03,0.48,2026-10-06 05:42
ARIA,ARIA Opportunities ETF,ETF,AMEX,25.90,0.01,0.05,2026-10-06 05:42
ARIS,아리스 마이닝,주식,NYSE,17.57,0.07,0.40,2026-10-06 05:42
ARKB,ARK 21Shares Bitcoin ETF,ETF,AMEX,28.41,0.48,1.72,2026-10-06 05:42
ARKD,ARK Diet Q1 Buffer ETF,ETF,AMEX,21.96,0.42,1.97,2026-10-06 05:42
ARKE,Ark Diet Q3 Buffer ETF,ETF,AMEX,21.59,0.42,1.98,2026-10-06 05:42
ARKF,ARK Blockchain & Fintech Innovation ETF,ETF,AMEX,46.50,0.97,2.13,2026-10-06 05:42
ARKG,ARK Genomic Revolution ETF,ETF,AMEX,56.77,2.77,5.13,2026-10-06 05:42
ARKI,Ark Diet Q2 Buffer ETF,ETF,AMEX,24.23,0.54,2.29,2026-10-06 05:42
ARKK,ARK Innovation ETF,ETF,AMEX,92.78,2.95,3.28,2026-10-06 05:42
ARKO,아르코,주식,NASDAQ,4.21,0.04,0.96,2026-10-06 05:42
ARKQ,ARK Autonomous Technology & Robotics ETF,ETF,AMEX,125.84,1.36,1.09,2026-10-06 05:42
ARKR,아크 레스토란츠,주식,NASDAQ,4.50,0.00,0.00,2026-10-06 05:42
ARKT,Ark Diet Q4 Buffer ETF,ETF,AMEX,20.40,0.38,1.89,2026-10-06 05:42
ARKW,ARK Next Generation Internet ETF,ETF,AMEX,165.90,3.01,1.85,2026-10-06 05:42
ARKX,ARK Space & Defense Innovation ETF,ETF,AMEX,32.91,0.23,0.70,2026-10-06 05:42
ARKY,ARK Active Autocallable Income ETF,ETF,AMEX,20.39,0.08,0.39,2026-10-06 05:42
ARL,아메리칸 리얼티 인베스터스,주식,NYSE,15.77,-0.27,-1.68,2026-10-06 05:42
ARLI,AllianzIM Internatl Eq Buffer15 Uncapped Apr ETF,ETF,AMEX,25.96,0.02,0.08,2026-10-06 05:42
ARLO,아를로 테크놀러지,주식,NYSE,12.59,-0.19,-1.49,2026-10-06 05:42
ARLP,Alliance Resource Partners Units,주식,NASDAQ,24.79,0.26,1.06,2026-10-06 05:42
ARLU,Allianzim US Equity Buffer15 Uncapped Apr ETF,ETF,AMEX,32.76,0.18,0.56,2026-10-06 05:42
ARM,암 홀딩스 ADR,주식,NASDAQ,302.90,-4.59,-1.49,2026-10-06 05:42
ARMA,Corgi ARM 2x Daily ETF,ETF,AMEX,15.63,-0.48,-2.98,2026-10-06 05:42
ARMG,Leverage Shares 2X Long ARM Daily ETF,ETF,NASDAQ,22.84,-0.68,-2.89,2026-10-06 05:42
ARMH,Arm Holdings PLC ADRhedged,ETF,AMEX,12.94,-0.18,-1.37,2026-10-06 05:42
ARMK,아라마크,주식,NYSE,55.23,-0.32,-0.58,2026-10-06 05:42
ARMP,아마타 파마슈티컬스,주식,AMEX,3.66,0.14,3.98,2026-10-06 05:42
ARMS,Aristotle Multi-Sector Income ETF,ETF,AMEX,24.45,0.01,0.04,2026-10-06 05:42
ARMW,Roundhill ARM WeeklyPay ETF,ETF,AMEX,46.86,-0.81,-1.71,2026-10-06 05:42
ARMY,Tema International Defense ETF,ETF,NASDAQ,23.19,0.10,0.43,2026-10-06 05:42
AROC,아크록,주식,NYSE,30.10,-0.23,-0.76,2026-10-06 05:42
AROW,애로우 파이낸셜,주식,NASDAQ,37.38,-0.41,-1.08,2026-10-06 05:42
ARP,PMV Adaptive Risk Parity ETF,ETF,AMEX,34.25,0.09,0.26,2026-10-06 05:42
ARQ,아크,주식,NASDAQ,2.02,0.08,4.12,2026-10-06 05:42
ARQQ,아르킷 퀀텀,주식,NASDAQ,23.68,-0.94,-3.82,2026-10-06 05:42
ARQT,아커티스 바이오테라퓨틱스,주식,NASDAQ,25.15,-0.01,-0.04,2026-10-06 05:42
ARR,아머 레지던셜 리츠,주식,NYSE,13.53,-0.06,-0.44,2026-10-06 05:42
ARRY,어레이 테크놀로지스,주식,NASDAQ,3.90,-0.18,-4.41,2026-10-06 05:42
ARTC,아트 테크놀로지 애퀴지션,주식,NASDAQ,10.02,0.00,0.00,2026-10-06 05:42
ARTCU,Art Technology Acquisition Units,주식,NASDAQ,10.09,0.00,0.00,2026-10-06 05:42
ARTL,아르텔로 바이오사이언스,주식,NASDAQ,3.51,-0.17,-4.62,2026-10-06 05:42
ARTNA,아르테시안 리소시스,주식,NASDAQ,33.44,-0.18,-0.54,2026-10-06 05:42
ARTV,아티바 바이오테라퓨틱스,주식,NASDAQ,7.13,0.30,4.39,2026-10-06 05:42
ARTW,아츠 웨이 매뉴팩처링,주식,NASDAQ,3.30,0.18,5.60,2026-10-06 05:42
ARTY,iShares Future AI & Tech ETF,ETF,AMEX,80.80,0.56,0.70,2026-10-06 05:42
ARVN,아르비나스,주식,NASDAQ,7.46,0.05,0.67,2026-10-06 05:42
ARVR,First Trust Indxx Metaverse ETF,ETF,NASDAQ,59.01,0.15,0.26,2026-10-06 05:42
ARW,애로우 일렉트로닉스,주식,NYSE,240.22,-1.79,-0.74,2026-10-06 05:42
ARWG,Archer Growth ETF,ETF,AMEX,26.22,0.04,0.16,2026-10-06 05:42
ARWR,애로우헤드 파마슈티컬스,주식,NASDAQ,62.35,-1.84,-2.87,2026-10-06 05:42
ARX,엑셀러런트 홀딩스,주식,NYSE,19.73,0.00,0.00,2026-10-06 05:42
ARXS,ARXIS,주식,NASDAQ,50.13,0.10,0.20,2026-10-06 05:42
AS,아머 스포츠,주식,NYSE,27.47,0.30,1.10,2026-10-06 05:42
ASA,ASA Gold And Precious Metals Limited,주식,NYSE,56.30,-0.39,-0.69,2026-10-06 05:42
ASAN,아사나,주식,NYSE,9.14,0.52,6.03,2026-10-06 05:42
ASB,어소시에이티드 뱅크코프,주식,NYSE,29.02,0.02,0.07,2026-10-06 05:42
ASBA,Associated Banc 6 625 Fixed Rate Reset Subordinated Notes due 2033,주식,NYSE,25.02,-0.09,-0.36,2026-10-06 05:42
ASBH,아메리칸 세이빙스 뱅크,주식,NYSE,17.91,0.41,2.34,2026-10-06 05:42
ASBP,애스파이어 바이오파마,주식,NASDAQ,8.88,0.10,1.14,2026-10-06 05:42
ASC,아드모어 쉬핑,주식,NYSE,19.34,0.04,0.21,2026-10-06 05:42
ASCE,Allspring SMID Core ETF,ETF,AMEX,33.64,0.17,0.51,2026-10-06 05:42
ASCI,Abrdn International Small Cap Active ETF,ETF,NASDAQ,37.03,0.28,0.77,2026-10-06 05:42
ASD,Defiance Autism Impact ETF,ETF,NASDAQ,26.35,-0.03,-0.10,2026-10-06 05:42
ASEA,Global X FTSE Southeast Asia ETF,ETF,AMEX,21.10,0.15,0.69,2026-10-06 05:42
ASEC,American Century Securitized Credit ETF,ETF,NASDAQ,49.22,-0.06,-0.12,2026-10-06 05:42
ASG,Liberty All Star Growth Closed Fund,주식,NYSE,5.16,0.08,1.57,2026-10-06 05:42
ASGI,abrdn Global Infrastructure Income Fund,주식,NYSE,19.35,0.27,1.42,2026-10-06 05:42
ASGM,Virtus AlphaSimplex Global Macro ETF,ETF,AMEX,33.45,0.36,1.09,2026-10-06 05:42
ASH,애쉬랜드,주식,NYSE,68.78,-0.74,-1.06,2026-10-06 05:42
ASHR,Xtrackers Hvst CSI 300 China A Shs ETF Class A,ETF,AMEX,32.65,0.14,0.43,2026-10-06 05:42
ASHS,Xtrackers Hvst CSI500 China SC ETF Class A,ETF,AMEX,40.40,0.26,0.66,2026-10-06 05:42
ASIA,Matthews Pacific Tiger Active ETF,ETF,AMEX,42.51,0.55,1.32,2026-10-06 05:42
ASIC,에이티그리티 스페셜티 인슈어런스 홀딩스,주식,NYSE,25.73,-0.44,-1.68,2026-10-06 05:42
ASIX,어드밴식스,주식,NYSE,16.48,0.26,1.60,2026-10-06 05:42
ASLE,에어세일,주식,NASDAQ,4.95,-0.09,-1.79,2026-10-06 05:42
ASLV,Allspring Special Large Value ETF,ETF,AMEX,30.04,0.13,0.43,2026-10-06 05:42
ASM,아비노 실버 & 골드 마인스,주식,AMEX,5.58,0.03,0.54,2026-10-06 05:42
ASMB,어셈블리 바이오사이언시스,주식,NASDAQ,22.74,0.20,0.89,2026-10-06 05:42
ASMF,Virtus AlphaSimplex Managed Futures ETF,ETF,AMEX,27.65,0.11,0.40,2026-10-06 05:42
ASMG,Leverage Shares 2X Long ASML Daily ETF,ETF,NASDAQ,52.31,-0.43,-0.81,2026-10-06 05:42
ASMH,ASML Holding NV ADRhedged,ETF,AMEX,13.00,0.00,0.00,2026-10-06 05:42
ASML,ASML 홀딩 ADR,주식,NASDAQ,1859.86,-7.45,-0.40,2026-10-06 05:42
ASMU,Direxion Daily ASML Bull 2X ETF,ETF,NASDAQ,34.17,-0.34,-0.99,2026-10-06 05:42
ASMZ,Corgi ASML 2x Daily ETF,ETF,AMEX,22.47,-0.14,-0.62,2026-10-06 05:42
ASND,Ascendis Pharma A/S,주식,NASDAQ,228.03,0.16,0.07,2026-10-06 05:42
ASO,아카데미 스포츠 앤 아웃도어스,주식,NASDAQ,51.98,3.25,6.67,2026-10-06 05:42
ASPC,에이 스펙 III 애퀴지션,주식,NASDAQ,10.81,-0.02,-0.16,2026-10-06 05:42
ASPCR,A Spac III Acquisition Rights Exp 05th Nov 2029,주식,NASDAQ,0.08,0.00,0.00,2026-10-06 05:42
ASPCU,A SPAC III Acquisition Units,주식,NASDAQ,11.99,0.00,0.00,2026-10-06 05:42
ASPI,ASP 아이소토프,주식,NASDAQ,2.93,0.02,0.69,2026-10-06 05:42
ASPN,아스펜 에어로젤,주식,NYSE,5.69,0.00,0.00,2026-10-06 05:42
ASPS,알티소스 포트폴리오 솔루션스,주식,NASDAQ,6.29,-0.08,-1.26,2026-10-06 05:42
ASR,그루포 에어로포르투아리오 수레스테 ADR,주식,NYSE,238.47,4.06,1.73,2026-10-06 05:42
ASRV,아메리서브 파이낸셜,주식,NASDAQ,4.42,-0.23,-4.84,2026-10-06 05:42
ASST,스트라이브,주식,NASDAQ,30.26,0.23,0.77,2026-10-06 05:42
ASSX,T-REX 2X Long ASST Daily Target ETF,ETF,AMEX,28.24,0.38,1.36,2026-10-06 05:42
ASTC,애스트로테크,주식,NASDAQ,6.71,-0.35,-4.96,2026-10-06 05:42
ASTE,아스텍 인더스트리스,주식,NASDAQ,41.60,-0.40,-0.95,2026-10-06 05:42
ASTG,Leverage Shares 2X Long ASTS Daily ETF,ETF,AMEX,6.90,0.01,0.07,2026-10-06 05:42
ASTH,아스트라나 헬스,주식,NASDAQ,36.81,0.93,2.59,2026-10-06 05:42
ASTI,어센트 솔라 테크놀로지스,주식,NASDAQ,2.46,0.15,6.49,2026-10-06 05:42
ASTL,알고마 스틸 그룹,주식,NASDAQ,4.45,0.11,2.53,2026-10-06 05:42
ASTN,Defiance Daily Target 2X Short ASTS ETF,ETF,AMEX,18.72,0.19,1.03,2026-10-06 05:42
ASTS,AST 스페이스모바일,주식,NASDAQ,58.44,-0.01,-0.02,2026-10-06 05:42
ASTT,Corgi ASTS 2x Daily ETF,ETF,AMEX,15.21,-0.07,-0.44,2026-10-06 05:42
ASTX,Tradr 2X Long Asts Daily ETF,ETF,AMEX,9.41,-0.01,-0.11,2026-10-06 05:42
ASTY,Defiance Daily Target 2X Long ASTS ETF,ETF,AMEX,5.03,0.01,0.20,2026-10-06 05:42
ASUP,T-REX 2X Long ASTS Daily Target ETF,ETF,AMEX,6.40,-0.04,-0.56,2026-10-06 05:42
ASUR,어슈어 소프트웨어,주식,NASDAQ,7.89,0.21,2.73,2026-10-06 05:42
ASX,ASE 테크놀로지 홀딩 ADR,주식,NYSE,47.53,0.08,0.17,2026-10-06 05:42
ASYS,암테크 시스템즈,주식,NASDAQ,17.83,-0.18,-1.00,2026-10-06 05:42
AT,Defiance Robotics Actuators ETF,ETF,AMEX,20.88,0.24,1.18,2026-10-06 05:42
ATAT,어투어 라이프 스타일 홀딩스 ADR,주식,NASDAQ,32.13,-0.13,-0.40,2026-10-06 05:42
ATC,Graniteshares Autocallable COIN ETF,ETF,NASDAQ,25.26,0.43,1.71,2026-10-06 05:42
ATCH,아틀라스클리어 홀딩스,주식,AMEX,0.18,-0.01,-5.37,2026-10-06 05:42
ATCL,REX Autocallable Income ETF,ETF,AMEX,24.53,0.17,0.70,2026-10-06 05:42
ATCX,아틀라스 크리티컬 미네랄스,주식,NASDAQ,2.75,-0.16,-5.50,2026-10-06 05:42
ATEC,알파텍 홀딩스,주식,NASDAQ,10.72,0.69,6.88,2026-10-06 05:42
ATEN,A10 네트웍스,주식,NYSE,28.19,0.56,2.03,2026-10-06 05:42
ATER,아테리안,주식,NASDAQ,0.64,-0.02,-2.92,2026-10-06 05:42
ATEX,안테릭스,주식,NASDAQ,85.61,1.28,1.52,2026-10-06 05:42
ATFV,Alger 35 ETF,ETF,AMEX,41.35,0.41,0.99,2026-10-06 05:42
ATGL,알파 테크놀로지 그룹,주식,NASDAQ,4.80,-0.40,-7.69,2026-10-06 05:42
ATHE,알테리티 테라퓨틱스 ADR,주식,NASDAQ,3.22,-0.23,-6.67,2026-10-06 05:42
ATHM,오토홈 ADR,주식,NYSE,20.61,0.05,0.24,2026-10-06 05:42
ATHR,애더 홀딩스,주식,NASDAQ,3.16,-0.29,-8.41,2026-10-06 05:42
ATHS,아테네 홀딩 후순위 채권 7.250% 만기 2064년,주식,NYSE,23.59,0.08,0.34,2026-10-06 05:42
ATI,ATI,주식,NYSE,193.09,0.67,0.35,2026-10-06 05:42
ATII,아르키메데스 테크 SPAC 파트너스 II,주식,NASDAQ,10.70,0.02,0.19,2026-10-06 05:42
ATIIU,Archimedes Tech SPAC Partners II Units,주식,NASDAQ,11.33,0.00,0.00,2026-10-06 05:42
ATKR,앳코어,주식,NYSE,94.78,0.16,0.17,2026-10-06 05:42
ATLC,아틀란티쿠스 홀딩스,주식,NASDAQ,92.86,0.97,1.06,2026-10-06 05:42
ATLCL,아틀란티쿠스 홀딩스 선순위 채권 6.125% 만기 2026년,주식,NASDAQ,25.31,0.01,0.02,2026-10-06 05:42
ATLCP,아틀란티쿠스 홀딩스 우선주 시리즈 B 7.625%,주식,NASDAQ,23.53,0.02,0.09,2026-10-06 05:42
ATLCZ,아틀란티쿠스 홀딩 선순위 채권 9.25% 만기 2029년 1월,주식,NASDAQ,25.14,-0.09,-0.36,2026-10-06 05:42
ATLO,에임스 내셔널,주식,NASDAQ,31.98,-0.38,-1.17,2026-10-06 05:42
ATLQ,JAB 애퀴지션 I,주식,NASDAQ,9.97,0.00,0.00,2026-10-06 05:42
ATLQR,JAB Acquisition I Rights Exp 5th June 2031,주식,NASDAQ,0.14,0.00,0.00,2026-10-06 05:42
ATLQU,JAB Acquisition I Units,주식,NASDAQ,10.11,-0.01,-0.10,2026-10-06 05:42
ATLX,아틀라스 리튬,주식,NASDAQ,2.57,0.16,6.64,2026-10-06 05:42
ATMP,Barclays iPath Select MLP ETN Exp 18 Mar 2043,주식,AMEX,34.93,0.28,0.81,2026-10-06 05:42
ATMU,아트무스 필트레이션 테크놀로지스,주식,NYSE,46.18,0.48,1.05,2026-10-06 05:42
ATNI,ATN 인터내셔널,주식,NASDAQ,28.10,0.19,0.68,2026-10-06 05:42
ATNM,악티늄 파마슈티컬스,주식,AMEX,1.20,0.03,2.56,2026-10-06 05:42
ATO,애트모스 에너지,주식,NYSE,158.05,0.88,0.56,2026-10-06 05:42
ATOM,아토메라,주식,NASDAQ,4.62,-0.09,-1.91,2026-10-06 05:42
ATOS,아토사 테라퓨틱스,주식,NASDAQ,2.45,0.11,4.70,2026-10-06 05:42
ATPC,아가페 ATP,주식,NASDAQ,2.12,0.06,2.85,2026-10-06 05:42
ATR,아프타그룹,주식,NYSE,120.61,0.70,0.58,2026-10-06 05:42
ATRA,아타라 바이오테라퓨틱스,주식,NASDAQ,9.40,-0.08,-0.84,2026-10-06 05:42
ATRC,아트리큐어,주식,NASDAQ,56.37,1.23,2.23,2026-10-06 05:42
ATRO,아스트로닉스,주식,NASDAQ,68.41,0.22,0.32,2026-10-06 05:42
ATS,ATS,주식,NYSE,18.53,0.27,1.48,2026-10-06 05:42
ATTO,아토비아 테라퓨틱스,주식,NASDAQ,18.00,0.83,4.80,2026-10-06 05:42
ATTR,Arin Tactical Tail Risk ETF,ETF,AMEX,96.43,0.21,0.22,2026-10-06 05:42
ATTT,아틀라스 트리니티 테크,주식,NASDAQ,2.61,-0.08,-2.97,2026-10-06 05:42
ATXG,애든택스 그룹,주식,NASDAQ,3.40,0.12,3.66,2026-10-06 05:42
ATYR,에이타이르 파르마,주식,NASDAQ,0.29,0.00,0.97,2026-10-06 05:42
AU,앵글로골드 아샨티,주식,NYSE,94.48,-0.44,-0.46,2026-10-06 05:42
AUAU,Global X Gold Miners ETF,ETF,AMEX,37.67,0.03,0.07,2026-10-06 05:42
AUB,아틀란틱 유니온 뱅크셰어스,주식,NYSE,38.36,-0.46,-1.19,2026-10-06 05:42
AUBN,어번 내셔널 뱅코프,주식,NASDAQ,26.36,-0.62,-2.29,2026-10-06 05:42
AUC,ATIF 홀딩스,주식,NASDAQ,8.45,-0.22,-2.54,2026-10-06 05:42
AUDC,오디오코드,주식,NASDAQ,10.80,-0.29,-2.62,2026-10-06 05:42
AUGC,Corgi US Equities 10% Strctrd Bffr ETF - Aug S,ETF,AMEX,25.44,-0.01,-0.03,2026-10-06 05:42
AUGM,FT Vest US Equity Max Buffer ETF - Aug,ETF,AMEX,35.51,0.03,0.07,2026-10-06 05:42
AUGO,아우라 미네랄스,주식,NASDAQ,85.17,3.22,3.93,2026-10-06 05:42
AUGP,PGIM S&P 500 Buffer 12 ETF - August,ETF,AMEX,34.25,0.13,0.38,2026-10-06 05:42
AUGT,AllianzIM US Equity Buffer10 Aug ETF,ETF,AMEX,39.54,0.16,0.41,2026-10-06 05:42
AUGU,AllianzIM US Equity Buffer15 Uncapped Aug ETF,ETF,AMEX,32.41,0.15,0.45,2026-10-06 05:42
AUGW,AllianzIM US Equity Buffer20 Aug ETF,ETF,AMEX,34.94,0.07,0.21,2026-10-06 05:42
AUGZ,TrueShares Structured Outcome (August) ETF,ETF,AMEX,46.46,0.22,0.47,2026-10-06 05:42
AUID,오스아이디,주식,NASDAQ,0.50,0.06,14.38,2026-10-06 05:42
AUMI,Themes Gold Miners ETF,ETF,NASDAQ,91.26,-0.15,-0.17,2026-10-06 05:42
AUNA,아우나,주식,NYSE,5.06,0.00,0.00,2026-10-06 05:42
AUPH,오리니아 파마슈티컬스,주식,NASDAQ,15.72,-0.11,-0.69,2026-10-06 05:42
AUR,오로라 이노베이션,주식,NASDAQ,5.75,0.08,1.41,2026-10-06 05:42
AURA,오라 바이오사이언시스,주식,NASDAQ,6.22,0.13,2.13,2026-10-06 05:42
AURE,아우렐리온,주식,NASDAQ,1.07,0.04,3.88,2026-10-06 05:42
AUSF,Global X Adaptive US Factor ETF,ETF,AMEX,49.07,0.23,0.47,2026-10-06 05:42
AUSM,Allspring Ultra Short Municipal ETF,ETF,AMEX,24.84,0.01,0.02,2026-10-06 05:42
AUST,오스틴 골드,주식,AMEX,0.98,-0.02,-1.52,2026-10-06 05:42
AUTL,오토러스 테라퓨틱스 ADR,주식,NASDAQ,1.83,0.05,2.81,2026-10-06 05:42
AUUD,아우디아,주식,NASDAQ,1.33,0.12,9.92,2026-10-06 05:42
AUXX,골드 X2 마이닝,주식,AMEX,4.48,-0.24,-5.08,2026-10-06 05:42
AV,Corgi Aerospace & Commercial Aviation ETF,ETF,AMEX,25.18,-0.11,-0.44,2026-10-06 05:42
AVA,아비스타,주식,NYSE,35.13,-0.18,-0.51,2026-10-06 05:42
AVAH,애비애나 헬스케어 홀딩스,주식,NASDAQ,12.37,-0.22,-1.75,2026-10-06 05:42
AVAL,그루포 아발 악시오네스 이 발로 ADR,주식,NYSE,4.95,0.17,3.56,2026-10-06 05:42
AVAT,애벌랜치 트레저리,주식,NASDAQ,1.88,0.05,2.73,2026-10-06 05:42
AVAV,에어로바이런먼트,주식,NASDAQ,139.30,-1.52,-1.08,2026-10-06 05:42
AVAZ,2X Avalanche ETF,ETF,AMEX,18.13,1.03,6.02,2026-10-06 05:42
AVBC,애비디아 뱅코프,주식,NYSE,21.93,-0.31,-1.39,2026-10-06 05:42
AVBH,애비드뱅크 홀딩스,주식,NASDAQ,31.34,0.08,0.26,2026-10-06 05:42
AVBP,어라이번트 바이오파마,주식,NASDAQ,28.46,0.19,0.67,2026-10-06 05:42
AVD,아메리칸 뱅가드,주식,NYSE,1.72,-0.02,-1.15,2026-10-06 05:42
AVDE,Avantis International Equity ETF,ETF,AMEX,90.36,0.03,0.03,2026-10-06 05:42
AVDS,Avantis International Small Cap Equity ETF,ETF,AMEX,78.01,-0.04,-0.05,2026-10-06 05:42
AVDV,Avantis International Small Cap Value ETF,ETF,AMEX,109.09,0.00,0.00,2026-10-06 05:42
AVEE,Avantis Emerging Markets Small Cap Equity ETF,ETF,AMEX,70.31,0.77,1.10,2026-10-06 05:42
AVEM,Avantis Emerging Markets Equity ETF,ETF,AMEX,96.66,1.25,1.31,2026-10-06 05:42
AVES,Avantis Emerging Markets Value ETF,ETF,AMEX,66.37,0.54,0.82,2026-10-06 05:42
AVEX,AEVEX,주식,NYSE,14.93,0.45,3.11,2026-10-06 05:42
AVGB,Avantis Credit ETF,ETF,NASDAQ,49.67,-0.09,-0.17,2026-10-06 05:42
AVGC,Corgi AVGO 2x Daily ETF,ETF,AMEX,22.05,0.89,4.20,2026-10-06 05:42
AVGE,Avantis All Equity Markets ETF,ETF,AMEX,99.85,0.51,0.51,2026-10-06 05:42
AVGG,Leverage Shares 2X Long AVGO Daily ETF,ETF,NASDAQ,23.40,0.94,4.19,2026-10-06 05:42
AVGO,브로드컴,주식,NASDAQ,362.51,7.37,2.08,2026-10-06 05:42
AVGU,GraniteShares 2x Long AVGO Daily ETF,ETF,NASDAQ,29.76,1.11,3.87,2026-10-06 05:42
AVGV,Avantis All Equity Markets Value ETF,ETF,AMEX,85.50,0.34,0.40,2026-10-06 05:42
AVGW,Roundhill AVGO WeeklyPay ETF,ETF,AMEX,33.02,0.80,2.47,2026-10-06 05:42
AVGX,Defiance Daily Target 2X Long AVGO ETF,ETF,NASDAQ,40.19,1.71,4.44,2026-10-06 05:42
AVIE,Avantis Inflation Focused Equity ETF,ETF,AMEX,78.42,0.67,0.86,2026-10-06 05:42
AVIG,Avantis Core Fixed Income ETF,ETF,AMEX,39.37,-0.01,-0.03,2026-10-06 05:42
AVIR,아테아 파마슈티컬스,주식,NASDAQ,5.13,0.00,0.00,2026-10-06 05:42
AVIV,Avantis International Large Cap Value ETF,ETF,AMEX,79.54,0.07,0.09,2026-10-06 05:42
AVK,Advent Convertible and Income Fund,주식,NYSE,11.54,-0.03,-0.26,2026-10-06 05:42
AVL,Direxion Daily AVGO Bull 2X ETF,ETF,NASDAQ,38.03,1.58,4.33,2026-10-06 05:42
AVLC,Avantis US Large Cap Equity ETF,ETF,AMEX,91.77,0.53,0.58,2026-10-06 05:42
AVLN,아발린 파마,주식,NASDAQ,27.03,-1.10,-3.91,2026-10-06 05:42
AVLV,Avantis US Large Cap Value ETF,ETF,AMEX,91.92,0.36,0.39,2026-10-06 05:42
AVMA,Avantis Moderate Allocation ETF,ETF,AMEX,72.38,0.21,0.30,2026-10-06 05:42
AVMC,Avantis US Mid Cap Equity ETF,ETF,AMEX,77.93,0.61,0.79,2026-10-06 05:42
AVMU,Avantis Core Municipal Fixed Income ETF,ETF,AMEX,43.02,0.18,0.42,2026-10-06 05:42
AVMV,Avantis US Mid Cap Value ETF,ETF,AMEX,77.73,0.26,0.34,2026-10-06 05:42
AVNM,Avantis All International Markets Equity ETF,ETF,AMEX,83.67,0.26,0.31,2026-10-06 05:42
AVNT,애비엔트,주식,NYSE,41.60,0.43,1.04,2026-10-06 05:42
AVNV,Avantis All International Markets Value ETF,ETF,AMEX,84.87,0.20,0.23,2026-10-06 05:42
AVNW,아비아트 네트웍스,주식,NASDAQ,20.54,-0.14,-0.68,2026-10-06 05:42
AVO,미션 프로듀스,주식,NASDAQ,12.70,-0.11,-0.86,2026-10-06 05:42
AVOS,Avos Global Equities ETF,ETF,NASDAQ,27.02,0.23,0.86,2026-10-06 05:42
AVPT,애브포인트,주식,NASDAQ,14.66,0.59,4.19,2026-10-06 05:42
AVR,안테리스 테크놀로지스 글로벌,주식,NASDAQ,7.55,-0.16,-2.08,2026-10-06 05:42
AVRE,Avantis Real Estate ETF,ETF,AMEX,43.96,-0.11,-0.25,2026-10-06 05:42
AVRY,Avory Foundational ETF,ETF,AMEX,25.27,0.30,1.19,2026-10-06 05:42
AVS,Direxion Daily AVGO Bear 1X ETF,ETF,NASDAQ,7.98,-0.17,-2.09,2026-10-06 05:42
AVSC,Avantis US Small Cap Equity ETF,ETF,AMEX,70.64,0.33,0.47,2026-10-06 05:42
AVSD,Avantis Responsible International Equity ETF,ETF,AMEX,79.55,0.00,0.00,2026-10-06 05:42
AVSE,Avantis Responsible Emerging Markets Equity ETF,ETF,AMEX,81.44,1.09,1.36,2026-10-06 05:42
AVSF,Avantis Short-Term Fixed Income ETF,ETF,AMEX,45.68,0.05,0.11,2026-10-06 05:42
AVSU,Avantis Responsible US Equity ETF,ETF,AMEX,89.27,0.36,0.41,2026-10-06 05:42
AVT,에이브이넷,주식,NASDAQ,106.19,-0.75,-0.70,2026-10-06 05:42
AVTM,Avantis Total Equity Markets ETF,ETF,AMEX,55.58,0.29,0.52,2026-10-06 05:42
AVTR,어밴터,주식,NYSE,15.81,0.47,3.06,2026-10-06 05:42
AVTX,아발로 테라퓨틱스,주식,NASDAQ,14.60,-0.39,-2.60,2026-10-06 05:42
AVUQ,Avantis US Quality ETF,ETF,NASDAQ,68.97,0.51,0.75,2026-10-06 05:42
AVUS,Avantis US Equity ETF,ETF,AMEX,130.25,0.67,0.52,2026-10-06 05:42
AVUV,Avantis US Small Cap Value ETF,ETF,AMEX,120.73,0.70,0.58,2026-10-06 05:42
AVX,AVAX 원 테크놀로지,주식,NASDAQ,6.32,0.12,1.94,2026-10-06 05:42
AVXC,Avantis Emerging Markets ex-China Equity ETF,ETF,NASDAQ,84.74,0.93,1.11,2026-10-06 05:42
AVXL,애너벡스 라이프 사이언시스,주식,NASDAQ,1.65,-0.18,-9.62,2026-10-06 05:42
AVXX,Defiance Daily Target 2X Long AVAV ETF,ETF,NASDAQ,20.25,-0.43,-2.06,2026-10-06 05:42
AVY,에이버리 데니슨,주식,NYSE,170.00,0.13,0.08,2026-10-06 05:42
AWAY,Amplify Travel Tech ETF,ETF,AMEX,16.84,0.08,0.49,2026-10-06 05:42
AWF,AllianceBernstein Global High Income Closed Fund,주식,NYSE,9.48,-0.15,-1.56,2026-10-06 05:42
AWI,암스트롱 월드 인더스트리스,주식,NYSE,163.47,0.35,0.21,2026-10-06 05:42
AWK,아메리칸 워터 웍스,주식,NYSE,127.84,-2.41,-1.85,2026-10-06 05:42
AWP,abrdn Global Premier Properties Mutual Fund,주식,NYSE,10.04,-0.14,-1.38,2026-10-06 05:42
AWR,아메리칸 스테이츠 워터,주식,NYSE,81.76,-1.06,-1.28,2026-10-06 05:42
AWRE,어웨어,주식,NASDAQ,1.08,-0.02,-1.82,2026-10-06 05:42
AWX,아발론 홀딩스,주식,AMEX,2.45,-0.03,-1.21,2026-10-06 05:42
AX,액소스 파이낸셜,주식,NYSE,88.51,-0.42,-0.47,2026-10-06 05:42
AXG,솔로윈 홀딩스,주식,NASDAQ,0.11,-0.01,-8.70,2026-10-06 05:42
AXGN,옥소젠,주식,NASDAQ,37.22,-0.17,-0.45,2026-10-06 05:42
AXIL,악실 브랜즈,주식,AMEX,6.09,-0.08,-1.30,2026-10-06 05:42
AXIN,액시엄 인텔리전스 애퀴지션 1,주식,NASDAQ,10.34,-0.01,-0.10,2026-10-06 05:42
AXINR,Axiom Intelligence Acquisition 1 Rights Exp 10 June 2030,주식,NASDAQ,0.17,0.01,6.25,2026-10-06 05:42
AXINU,Axiom Intelligence Acquisition 1 Units,주식,NASDAQ,10.60,0.00,0.00,2026-10-06 05:42
AXON,액손 엔터프라이스,주식,NASDAQ,411.81,-1.54,-0.37,2026-10-06 05:42
AXP,아메리칸 익스프레스,주식,NYSE,304.02,1.24,0.41,2026-10-06 05:42
AXR,앰렙,주식,NYSE,21.18,-0.36,-1.67,2026-10-06 05:42
AXS,액시스 캐피털 홀딩스,주식,NYSE,95.62,0.74,0.78,2026-10-06 05:42
AXSM,액섬 테라퓨틱스,주식,NASDAQ,177.08,-2.17,-1.21,2026-10-06 05:42
AXTA,엑솔타 코팅 시스템즈,주식,NYSE,32.68,0.48,1.49,2026-10-06 05:42
AXTC,Corgi AXTI 2x Daily ETF,ETF,AMEX,25.44,0.43,1.73,2026-10-06 05:42
AXTI,AXT,주식,NASDAQ,86.66,0.79,0.92,2026-10-06 05:42
AXTL,Leverage Shares 2X Long AXTI Daily ETF,ETF,AMEX,4.16,0.07,1.71,2026-10-06 05:42
AXTQ,Tradr 2X Short AXTI Daily ETF,ETF,AMEX,18.65,-0.31,-1.64,2026-10-06 05:42
AXTU,T-REX 2X Long AXTI Daily Target ETF,ETF,AMEX,57.59,0.89,1.57,2026-10-06 05:42
AXTX,Tradr 2X Long AXTI Daily ETF,ETF,AMEX,43.17,0.99,2.35,2026-10-06 05:42
AYA,아야 골드 앤 실버,주식,NASDAQ,27.03,-0.09,-0.33,2026-10-06 05:42
AYI,어큐이티,주식,NYSE,304.84,-3.92,-1.27,2026-10-06 05:42
AYTU,아이투 바이오파마,주식,NASDAQ,2.04,-0.03,-1.45,2026-10-06 05:42
AZ,A2Z 커스투메이트 솔루션스,주식,NASDAQ,6.23,0.04,0.65,2026-10-06 05:42
AZI,오토지 인터넷 테크놀로지 (글로벌),주식,NASDAQ,1.14,0.01,0.89,2026-10-06 05:42
AZIO,아지오 AI 홀딩스,주식,NASDAQ,1.17,-0.01,-0.85,2026-10-06 05:42
AZN,아스트라제네카,주식,NYSE,156.53,-0.37,-0.24,2026-10-06 05:42
AZO,오토존,주식,NYSE,2807.73,15.70,0.56,2026-10-06 05:42
AZTA,아젠타,주식,NASDAQ,42.73,3.98,10.27,2026-10-06 05:42
AZTD,Aztlan Global Stock Selection DM SMID ETF,ETF,AMEX,30.91,0.05,0.18,2026-10-06 05:42
AZTR,아지트라,주식,AMEX,0.14,0.00,3.48,2026-10-06 05:42
AZUL,아줄 ADR,주식,NYSE,7.51,0.16,2.18,2026-10-06 05:42
AZYY,GraniteShares YieldBoost AMZN ETF,ETF,NASDAQ,14.37,0.05,0.31,2026-10-06 05:42
AZZ,AZZ,주식,NYSE,139.15,-0.24,-0.17,2026-10-06 05:42
B,바릭 마이닝,주식,NYSE,40.00,-0.23,-0.57,2026-10-06 05:42
BA,보잉,주식,NYSE,192.72,-0.84,-0.43,2026-10-06 05:42
BAB,Invesco Taxable Municipal Bond ETF,ETF,AMEX,25.27,-0.01,-0.04,2026-10-06 05:42
BABA,알리바바 그룹 홀딩 ADR,주식,NYSE,110.80,4.95,4.68,2026-10-06 05:42
BABC,Corgi BABA 2x Daily ETF,ETF,AMEX,23.40,1.97,9.21,2026-10-06 05:42
BABO,YieldMax BABA Option Income Strategy ETF,ETF,AMEX,7.21,0.25,3.63,2026-10-06 05:42
BABU,Direxion Daily BABA Bull 2X ETF,ETF,NASDAQ,9.23,0.78,9.24,2026-10-06 05:42
BABW,Roundhill BABA WeeklyPay ETF,ETF,AMEX,19.67,1.03,5.55,2026-10-06 05:42
BABX,GraniteShares 2x Long BABA Daily ETF,ETF,NASDAQ,17.17,1.46,9.29,2026-10-06 05:42
BAC,뱅크오브아메리카,주식,NYSE,54.00,0.25,0.47,2026-10-06 05:42
BACC,블루 애퀴지션,주식,NASDAQ,10.48,-0.01,-0.10,2026-10-06 05:42
BACCR,Blue Acquisition Rights Exp 11 June 2030,주식,NASDAQ,0.41,0.00,0.00,2026-10-06 05:42
BACCU,Blue Acquisition Units,주식,NASDAQ,10.91,0.00,0.00,2026-10-06 05:42
BAER,브리저 에어로스페이스 그룹 홀딩스,주식,NASDAQ,0.66,-0.02,-3.09,2026-10-06 05:42
BAFE,Brown Advisory Flexible Equity ETF,ETF,NASDAQ,30.07,0.28,0.95,2026-10-06 05:42
BAFN,베이퍼스트 파이낸셜,주식,NASDAQ,7.75,-0.01,-0.13,2026-10-06 05:42
BAGX,EA Bridgeway Aggressive Investors ETF,ETF,AMEX,102.43,0.59,0.58,2026-10-06 05:42
BAGY,Amplify Bitcoin Max Income Covered Call ETF,ETF,AMEX,23.97,0.47,2.00,2026-10-06 05:42
BAH,부즈 앨런 해밀턴 홀딩,주식,NYSE,68.61,1.26,1.87,2026-10-06 05:42
BAI,iShares AI Innovation and Tech Active ETF,ETF,AMEX,49.44,0.64,1.31,2026-10-06 05:42
BAIG,Leverage Shares 2X Long BBAI Daily ETF,ETF,NASDAQ,11.40,-0.12,-1.02,2026-10-06 05:42
BAIV,Brown Advisory International Value Select ETF,ETF,NASDAQ,27.41,0.18,0.66,2026-10-06 05:42
BAK,브라스켐 ADR,주식,NYSE,1.61,0.06,3.87,2026-10-06 05:42
BALI,iShares US Large Cap Premium Income Active ETF,ETF,AMEX,34.77,0.24,0.70,2026-10-06 05:42
BALL,볼,주식,NYSE,57.11,0.74,1.31,2026-10-06 05:42
BALQ,iShares Nasdaq Premium Income Active ETF,ETF,NASDAQ,58.12,0.38,0.66,2026-10-06 05:42
BALT,Innovator Defined Wealth Shield ETF,ETF,AMEX,34.99,0.00,0.00,2026-10-06 05:42
BALY,발리스,주식,NYSE,13.79,-0.30,-2.13,2026-10-06 05:42
BAM,브룩필드 애셋 매니지먼트,주식,NYSE,44.73,-0.12,-0.27,2026-10-06 05:42
BAMA,Brookstone Active ETF,ETF,AMEX,37.01,0.20,0.54,2026-10-06 05:42
BAMB,Brookstone Intermediate Bond ETF,ETF,AMEX,24.91,-0.01,-0.02,2026-10-06 05:42
BAMD,Brookstone Dividend Stock ETF,ETF,AMEX,32.56,0.06,0.19,2026-10-06 05:42
BAMG,Brookstone Growth Stock ETF,ETF,AMEX,45.62,0.27,0.60,2026-10-06 05:42
BAMO,Brookstone Opportunities ETF,ETF,AMEX,34.88,0.10,0.30,2026-10-06 05:42
BAMU,Brookstone Ultra-Short Bond ETF,ETF,AMEX,25.24,0.00,0.00,2026-10-06 05:42
BAMV,Brookstone Value Stock ETF,ETF,AMEX,36.43,0.15,0.41,2026-10-06 05:42
BAMY,Brookstone Yield ETF,ETF,AMEX,26.55,0.03,0.11,2026-10-06 05:42
BANC,캘리포니아 은행,주식,NYSE,17.55,-0.19,-1.07,2026-10-06 05:42
BAND,밴드위스,주식,NASDAQ,62.53,-1.21,-1.90,2026-10-06 05:42
BANF,뱅크퍼스트,주식,NASDAQ,107.57,-0.51,-0.47,2026-10-06 05:42
BANFP,BFC 캐피탈 트러스트 II 우선주 7.2%,주식,NASDAQ,26.83,0.43,1.63,2026-10-06 05:42
BANL,CBL 인터내셔널,주식,NASDAQ,4.57,-0.06,-1.30,2026-10-06 05:42
BANR,배너,주식,NASDAQ,67.40,-0.48,-0.71,2026-10-06 05:42
BANX,애로우마크 파이낸셜,주식,NASDAQ,20.17,0.17,0.85,2026-10-06 05:42
BAOS,바오셩 미디어 그룹 홀딩스,주식,NASDAQ,0.24,0.00,1.02,2026-10-06 05:42
BAP,크레디코프,주식,NYSE,378.07,4.76,1.28,2026-10-06 05:42
BAPR,Innovator US Equity Buffer ETF - April,ETF,AMEX,54.95,0.14,0.25,2026-10-06 05:42
BAR,GraniteShares Gold Trust,ETF,AMEX,40.74,-0.09,-0.22,2026-10-06 05:42
BARK,바크,주식,NYSE,8.10,-0.02,-0.25,2026-10-06 05:42
BASG,Brown Advisory Sustainable Growth ETF,ETF,NASDAQ,28.99,0.44,1.53,2026-10-06 05:42
BASV,Brown Advisory Sustainable Value ETF,ETF,NASDAQ,30.25,0.19,0.65,2026-10-06 05:42
BATL,바탈리온 오일,주식,AMEX,1.05,0.02,1.94,2026-10-06 05:42
BATRA,아틀란타 브레이브스 홀딩스 Series A,주식,NASDAQ,57.74,0.12,0.21,2026-10-06 05:42
BATRK,아틀란타 브레이브스 홀딩스 Series C,주식,NASDAQ,52.17,0.14,0.27,2026-10-06 05:42
BATT,Amplify Lithium & Battery Technology ETF,ETF,AMEX,14.69,0.12,0.79,2026-10-06 05:42
BAUG,Innovator US Equity Buffer ETF - August,ETF,AMEX,55.77,0.22,0.39,2026-10-06 05:42
BAVA,Bitwise Avalanche ETF,ETF,AMEX,29.58,0.75,2.59,2026-10-06 05:42
BAX,박스터 인터내셔널,주식,NYSE,24.22,0.73,3.11,2026-10-06 05:42
BAY,Corgi Bay Area Based ETF,ETF,AMEX,30.97,0.28,0.91,2026-10-06 05:42
BB,블랙베리,주식,NYSE,9.08,-0.22,-2.37,2026-10-06 05:42
BBAG,JPMorgan BetaBuilders US Aggregate Bond ETF,ETF,AMEX,43.61,-0.03,-0.08,2026-10-06 05:42
BBAI,빅베어 AI 홀딩스,주식,NYSE,2.61,-0.04,-1.51,2026-10-06 05:42
BBAR,뱅코 BBVA 아르헨티나 ADR,주식,NYSE,13.27,0.89,7.19,2026-10-06 05:42
BBAX,JPMorgan BetaBuilders Dev Asia Pacific ex-Japan,ETF,AMEX,61.60,0.26,0.42,2026-10-06 05:42
BBB,Cyber Hornet S&P 500 & Bitcoin 75/25 Strategy ETF,ETF,NASDAQ,32.65,0.29,0.91,2026-10-06 05:42
BBBI,BondBloxx BBB Rated 5-10 Year Corporate Bond ETF,ETF,AMEX,48.52,0.05,0.10,2026-10-06 05:42
BBBL,BondBloxx BBB Rated 10+ Year Corporate Bond ETF,ETF,AMEX,43.56,-0.03,-0.06,2026-10-06 05:42
BBBS,BondBloxx BBB Rated 1-5 Year Corporate Bond ETF,ETF,AMEX,49.74,0.04,0.08,2026-10-06 05:42
BBC,Virtus Biotech Clinical Trials ETF,ETF,AMEX,44.61,0.05,0.10,2026-10-06 05:42
BBCA,JPMorgan BetaBuilders Canada ETF,ETF,AMEX,100.96,-0.01,-0.01,2026-10-06 05:42
BBCB,JPMorgan BetaBuilders USD Inv Gr Corp Bd ETF,ETF,AMEX,42.80,0.02,0.04,2026-10-06 05:42
BBCP,콘크리트 펌핑 홀딩스,주식,NASDAQ,9.83,-0.02,-0.20,2026-10-06 05:42
BBD,방쿠 브라데스쿠 우선주 ADR,주식,NYSE,4.33,0.68,18.76,2026-10-06 05:42
BBDC,베어링스 BDC,주식,NYSE,8.55,-0.08,-0.93,2026-10-06 05:42
BBDO,Banco Bradesco ADS Representing 1 Ord Shs,주식,NYSE,3.76,0.60,19.10,2026-10-06 05:42
BBEM,JPMorgan BetaBuilders Emerging Markets Equity ETF,ETF,AMEX,78.53,1.21,1.56,2026-10-06 05:42
BBEU,JPMorgan BetaBuilders Europe ETF,ETF,AMEX,75.28,-0.10,-0.13,2026-10-06 05:42
BBGI,비슬리 브로드캐스트 그룹,주식,NASDAQ,10.37,-0.71,-6.41,2026-10-06 05:42
BBH,VanEck Biotech ETF,ETF,NASDAQ,240.53,3.08,1.30,2026-10-06 05:42
BBHL,BBH Select Large Cap ETF,ETF,AMEX,17.58,0.13,0.75,2026-10-06 05:42
BBHM,BBH Select Mid Cap ETF,ETF,AMEX,11.70,0.12,1.06,2026-10-06 05:42
BBHY,JPMorgan BetaBuilders USD High Yield Corp Bd ETF,ETF,AMEX,44.22,0.06,0.12,2026-10-06 05:42
BBIB,JPMorgan BetaBuilders US Treasury Bond 3-10 Yr ETF,ETF,AMEX,93.67,0.01,0.01,2026-10-06 05:42
BBIN,JPMorgan BetaBuilders International Equity ETF,ETF,AMEX,78.07,0.03,0.04,2026-10-06 05:42
BBIO,브릿지바이오 파머,주식,NASDAQ,66.14,-1.11,-1.65,2026-10-06 05:42
BBJP,JPMorgan BetaBuilders Japan ETF,ETF,AMEX,79.99,0.34,0.43,2026-10-06 05:42
BBLB,JPMorgan BetaBuilders US Treasury Bond 20+ Yr ETF,ETF,AMEX,72.77,-0.35,-0.47,2026-10-06 05:42
BBLG,본 바이올로직스,주식,NASDAQ,0.49,0.01,2.06,2026-10-06 05:42
BBLS,Munificent Seven ETF,ETF,AMEX,24.67,-0.01,-0.03,2026-10-06 05:42
BBLU,EA Bridgeway Blue Chip ETF,ETF,AMEX,17.29,0.10,0.58,2026-10-06 05:42
BBMC,JPMorgan BetaBuilders US Mid Cap Equity ETF,ETF,AMEX,122.99,0.60,0.49,2026-10-06 05:42
BBN,BlackRock Taxable Municipal Bond Trust,주식,NYSE,14.22,-0.20,-1.39,2026-10-06 05:42
BBNX,베타 바이오닉스,주식,NASDAQ,18.95,-0.01,-0.05,2026-10-06 05:42
BBOT,브릿지바이오 온콜로지 테라퓨틱스,주식,NASDAQ,3.60,-0.29,-7.46,2026-10-06 05:42
BBP,Virtus Biotech ETF,ETF,AMEX,103.33,0.83,0.81,2026-10-06 05:42
BBRE,JPMorgan BetaBuilders MSCI US REIT ETF,ETF,AMEX,98.98,-0.48,-0.48,2026-10-06 05:42
BBSB,JPMorgan BetaBuilders US Treasury Bond 1-3 Yr ETF,ETF,AMEX,97.02,0.06,0.06,2026-10-06 05:42
BBSC,JPMorgan BetaBuilders US Small Cap Equity ETF,ETF,AMEX,86.66,0.31,0.35,2026-10-06 05:42
BBSI,바렛 비지니스 서비스,주식,NASDAQ,31.23,0.72,2.36,2026-10-06 05:42
BBT,비콘 파이낸셜,주식,NYSE,28.13,-0.21,-0.74,2026-10-06 05:42
BBUC,브룩필드 비즈니스 홀딩스,주식,NYSE,25.95,0.35,1.37,2026-10-06 05:42
BBUL,GraniteShares 2x Long BB Daily ETF,ETF,NASDAQ,13.96,-0.69,-4.74,2026-10-06 05:42
BBUS,JPMorgan BetaBuilders US Equity ETF,ETF,AMEX,140.01,1.00,0.72,2026-10-06 05:42
BBVA,방코 빌바오 비스카야 아르헨타리아 ADR,주식,NYSE,26.94,-0.04,-0.15,2026-10-06 05:42
BBW,빌드어베어 워크숍,주식,NYSE,26.00,0.44,1.72,2026-10-06 05:42
BBWI,배스 앤 바디 웍스,주식,NYSE,17.46,1.40,8.72,2026-10-06 05:42
BBY,베스트 바이,주식,NYSE,87.39,-0.58,-0.66,2026-10-06 05:42
BBYY,GraniteShares YieldBOOST BABA ETF,ETF,NASDAQ,8.72,0.09,1.05,2026-10-06 05:42
BC,브런스윅,주식,NYSE,64.83,-0.60,-0.92,2026-10-06 05:42
BCAL,캘리포니아 뱅코프,주식,NASDAQ,21.70,-0.08,-0.37,2026-10-06 05:42
BCAT,BlackRock Capital Allocation Term Closed End Fund,주식,NYSE,13.64,-0.09,-0.66,2026-10-06 05:42
BCAX,바이카라 테라퓨틱스,주식,NASDAQ,17.29,-0.34,-1.93,2026-10-06 05:42
BCBP,BCB 뱅코프,주식,NASDAQ,8.46,-0.04,-0.47,2026-10-06 05:42
BCC,보이시 캐스케이드,주식,NYSE,74.84,-0.15,-0.20,2026-10-06 05:42
BCCC,Global X Bitcoin Covered Call ETF,ETF,AMEX,13.61,0.16,1.18,2026-10-06 05:42
BCCQ,블라이크뢰더 애퀴지션 III,주식,NASDAQ,9.95,0.02,0.15,2026-10-06 05:42
BCCQU,Bleichroeder Acquisition III Units,주식,NASDAQ,10.19,-0.01,-0.08,2026-10-06 05:42
BCD,abrdn Bloomberg All Cmdty Lngr Dtd Strt K-1 Fr ETF,ETF,AMEX,38.63,0.16,0.42,2026-10-06 05:42
BCDA,바이오카디아,주식,NASDAQ,1.09,0.05,4.81,2026-10-06 05:42
BCDF,Horizon Kinetics Blockchain Development ETF,ETF,AMEX,32.21,0.22,0.69,2026-10-06 05:42
BCE,BCE,주식,NYSE,19.74,0.01,0.05,2026-10-06 05:42
BCEM,Baron Emerging Markets Select ETF,ETF,NYSE,27.51,0.61,2.25,2026-10-06 05:42
BCFN,Baron Financials ETF,ETF,NASDAQ,21.81,0.44,2.07,2026-10-06 05:42
BCG,비나 캐피털 그룹,주식,NASDAQ,1.05,0.04,3.96,2026-10-06 05:42
BCGD,Baron Global Durable Advantage ETF,ETF,NYSE,26.73,0.37,1.40,2026-10-06 05:42
BCGS,Bancreek Global Select ETF,ETF,AMEX,27.40,0.27,1.01,2026-10-06 05:42
BCH,방코 데 칠레 ADR,주식,NYSE,39.42,0.93,2.42,2026-10-06 05:42
BCHP,Principal Focused Blue Chip ETF,ETF,AMEX,38.14,0.41,1.10,2026-10-06 05:42
BCHT,버치테크,주식,AMEX,1.46,-0.04,-2.67,2026-10-06 05:42
BCI,abrdn Bloomberg All Commodity Strat K-1 Free ETF,ETF,AMEX,25.89,0.01,0.04,2026-10-06 05:42
BCIC,BCP 인베스트먼트,주식,NASDAQ,6.87,-0.02,-0.29,2026-10-06 05:42
BCIL,Bancreek International Large Cap ETF,ETF,AMEX,29.18,-0.09,-0.31,2026-10-06 05:42
BCKT,LifeX 2030 Income Bucket ETF,ETF,AMEX,38.36,0.02,0.05,2026-10-06 05:42
BCLO,iShares BBB-B CLO Active ETF,ETF,NASDAQ,49.82,-0.01,-0.02,2026-10-06 05:42
BCML,베이컴,주식,NASDAQ,31.01,-0.18,-0.58,2026-10-06 05:42
BCO,브링크스,주식,NYSE,102.76,0.96,0.94,2026-10-06 05:42
BCOR,Grayscale Bitcoin Adopters ETF,ETF,AMEX,27.87,0.36,1.30,2026-10-06 05:42
BCPC,발켐,주식,NASDAQ,166.04,-0.52,-0.31,2026-10-06 05:42
BCPL,BNY Mellon Core Plus ETF,ETF,AMEX,23.60,-0.06,-0.25,2026-10-06 05:42
BCRX,바이오크리스트 파마슈티컬스,주식,NASDAQ,8.10,-0.07,-0.86,2026-10-06 05:42
BCS,바클레이즈 ADR,주식,NYSE,23.59,-0.12,-0.51,2026-10-06 05:42
BCSF,배인 캐피털 스페셜티 파이낸스,주식,NYSE,10.90,-0.15,-1.36,2026-10-06 05:42
BCSM,Baron SMID Cap ETF,ETF,NYSE,24.91,0.41,1.67,2026-10-06 05:42
BCSS,베인 캐피털 GSS 인베스트먼트,주식,NYSE,10.27,-0.01,-0.10,2026-10-06 05:42
BCSS.U,Bain Capital GSS Investment Units,주식,NYSE,10.48,0.00,0.00,2026-10-06 05:42
BCTK,Baron Technology ETF,ETF,NASDAQ,32.30,0.50,1.57,2026-10-06 05:42
BCTX,브리아셀 테라퓨틱스,주식,NASDAQ,4.18,0.14,3.47,2026-10-06 05:42
BCUS,Bancreek U.S. Large Cap ETF,ETF,AMEX,34.68,0.38,1.12,2026-10-06 05:42
BCV,Bancroft Closed Fund,주식,AMEX,23.15,0.11,0.48,2026-10-06 05:42
BCX,BlackRock Resources And Commodities Strategy Trust,주식,NYSE,11.90,0.00,0.00,2026-10-06 05:42
BCYC,바이시클 테라퓨틱스 ADR,주식,NASDAQ,4.01,0.63,18.64,2026-10-06 05:42
BD,Russell Investments Core Plus Bond ETF,ETF,AMEX,23.74,-0.01,-0.06,2026-10-06 05:42
BDBT,Bluemonte Core Bond ETF,ETF,AMEX,24.11,0.01,0.04,2026-10-06 05:42
BDC,벨던,주식,NYSE,111.35,-1.11,-0.99,2026-10-06 05:42
BDCI,BTC 디벨롭먼트,주식,NASDAQ,10.13,-0.02,-0.15,2026-10-06 05:42
BDCIU,BTC Development Units,주식,NASDAQ,10.29,0.00,0.00,2026-10-06 05:42
BDCX,ETRACS Quarterly Pay 1.5x Leveraged MarketVector BDC Liquid Index ETN due June,ETF,AMEX,19.26,-0.22,-1.13,2026-10-06 05:42
BDCZ,UBS ETRACS Wells Fargo Bus Deve Comp  Index ETN Series B due 26 April 2041,주식,AMEX,14.67,-0.11,-0.76,2026-10-06 05:42
BDEC,Innovator US Equity Buffer ETF - December,ETF,AMEX,55.19,0.26,0.47,2026-10-06 05:42
BDGS,Bridges Capital Tactical ETF,ETF,NASDAQ,38.33,0.10,0.26,2026-10-06 05:42
BDIV,AAM Brentview Dividend Growth ETF,ETF,AMEX,24.54,0.15,0.63,2026-10-06 05:42
BDJ,BlackRock Enhanced Equity Dividend Trust,주식,NYSE,9.34,-0.07,-0.74,2026-10-06 05:42
BDL,플래니건스 엔터프라이시스,주식,AMEX,46.50,-0.01,-0.02,2026-10-06 05:42
BDMD,베어드 메디컬 인베스트먼트 홀딩스,주식,NASDAQ,0.74,-0.01,-1.09,2026-10-06 05:42
BDN,브랜디와인 리얼티 트러스트,주식,NYSE,2.73,-0.05,-1.80,2026-10-06 05:42
BDRX,바이오덱사 파마슈티컬스 ADR,주식,NASDAQ,0.61,-0.01,-0.92,2026-10-06 05:42
BDRY,Breakwave Dry Bulk Shipping ETF,ETF,AMEX,14.14,-0.06,-0.42,2026-10-06 05:42
BDSX,바이오데식스,주식,NASDAQ,29.06,1.34,4.83,2026-10-06 05:42
BDTX,블랙 다이아몬드 테라퓨틱스,주식,NASDAQ,1.94,0.05,2.65,2026-10-06 05:42
BDVG,IMGP Berkshire Dividend Growth ETF,ETF,AMEX,14.75,0.02,0.12,2026-10-06 05:42
BDVL,iShares Disciplined Volatility Equity Active ETF,ETF,NASDAQ,26.45,0.19,0.74,2026-10-06 05:42
BDX,벡톤 디킨슨 앤 코,주식,NYSE,180.67,3.87,2.19,2026-10-06 05:42
BDYN,iShares Dynamic Equity Active ETF,ETF,NASDAQ,28.15,0.14,0.49,2026-10-06 05:42
BE,블룸 에너지,주식,NYSE,286.65,-2.50,-0.86,2026-10-06 05:42
BEAG,볼드 이글 애퀴지션,주식,NASDAQ,10.69,-0.01,-0.09,2026-10-06 05:42
BEAGR,Bold Eagle Acquisition Rights,주식,NASDAQ,0.23,0.00,-0.69,2026-10-06 05:42
BEAGU,Bold Eagle Acquisition Units,주식,NASDAQ,11.22,0.00,0.00,2026-10-06 05:42
BEAM,빔 테라퓨틱스,주식,NASDAQ,25.67,1.17,4.78,2026-10-06 05:42
BEAT,하트빔,주식,NASDAQ,0.65,0.22,50.53,2026-10-06 05:42
BEBE,TGE 밸류 크리에이티브 솔루션즈,주식,NYSE,10.05,0.01,0.10,2026-10-06 05:42
BEBE.U,TGE Value Creative Solutions Units,주식,NYSE,10.65,0.11,1.00,2026-10-06 05:42
BEC,Corgi BE 2x Daily ETF,ETF,AMEX,19.11,-0.32,-1.64,2026-10-06 05:42
BEDY,BNY Mellon Enhanced Dividend and Income ETF,ETF,NASDAQ,28.72,0.16,0.57,2026-10-06 05:42
BEEM,빔 글로벌,주식,NASDAQ,1.11,-0.02,-1.77,2026-10-06 05:42
BEEP,모바일 인프라스트럭처,주식,NASDAQ,2.87,0.30,11.67,2026-10-06 05:42
BEEX,Beehive ETF,ETF,NASDAQ,27.72,0.29,1.06,2026-10-06 05:42
BEEZ,Honeytree US Equity ETF,ETF,NASDAQ,34.58,0.22,0.65,2026-10-06 05:42
BEG,Leverage Shares 2X Long BE Daily ETF,ETF,NASDAQ,53.62,-0.81,-1.48,2026-10-06 05:42
BEGS,Rareview 2X Bull Cryptocurrency & Prcs Mtls ETF,ETF,AMEX,18.50,0.34,1.89,2026-10-06 05:42
BEKE,KE 홀딩스 ADR,주식,NYSE,16.50,0.07,0.43,2026-10-06 05:42
BELFA,벨 퓨즈 Class A,주식,NASDAQ,208.71,-0.60,-0.29,2026-10-06 05:42
BELFB,벨 퓨즈 Class B,주식,NASDAQ,257.63,-0.31,-0.12,2026-10-06 05:42
BEMB,iShares JPMorgan Broad USD Emerging Mkts Bd ETF,ETF,AMEX,50.53,0.01,0.01,2026-10-06 05:42
BEMD,BNY Mellon Emerging Markets Debt ETF,ETF,AMEX,23.60,0.01,0.04,2026-10-06 05:42
BEN,프랭클린 템플턴,주식,NYSE,32.88,0.07,0.21,2026-10-06 05:42
BENF,베네피션트,주식,NASDAQ,1.31,-0.12,-8.39,2026-10-06 05:42
BENJ,Horizon Landmark ETF,ETF,AMEX,53.30,-0.02,-0.04,2026-10-06 05:42
BEP,Brookfield Renewable Partners Non Voting Units,주식,NYSE,28.22,-0.13,-0.46,2026-10-06 05:42
BEPC,Brhc 홀딩스,주식,NYSE,28.32,-0.20,-0.70,2026-10-06 05:42
BEPH,Brookfield BRP Holdings 4 625 Perpetual Subordinated Notes,주식,NYSE,14.63,0.03,0.21,2026-10-06 05:42
BEPI,Brookfield BRP Holdings Canada 4 875 Perpetual Subordinated Notes,주식,NYSE,15.59,-0.21,-1.30,2026-10-06 05:42
BEPJ,Brookfield BRP Holdings 7 250 Perpetual Subordinated Notes,주식,NYSE,22.38,-0.26,-1.15,2026-10-06 05:42
BERZ,Bank of Montreal MicroSectors FANG & Innovation 3x Inverse Leveraged ETN,ETF,AMEX,16.12,-0.18,-1.10,2026-10-06 05:42
BESF,Bastion Energy ETF,ETF,AMEX,38.29,0.47,1.25,2026-10-06 05:42
BESO,Gsr Crypto Core3 ETF,ETF,NASDAQ,37.23,0.61,1.67,2026-10-06 05:42
BESS,비머젠 에너지,주식,AMEX,1.86,-0.45,-19.48,2026-10-06 05:42
BETA,베타 테크놀로지스,주식,NYSE,20.70,-1.47,-6.63,2026-10-06 05:42
BETE,ProShares Bitcoin & Ether Equal Weight ETF,ETF,AMEX,41.77,0.66,1.60,2026-10-06 05:42
BETH,ProShares Bitcoin & Ether Market Cap Weight ETF,ETF,AMEX,47.38,0.77,1.66,2026-10-06 05:42
BETR,베터 홈 & 파이낸스 홀딩스,주식,NASDAQ,11.13,-0.66,-5.60,2026-10-06 05:42
BETZ,Roundhill Sports Betting & iGaming ETF,ETF,AMEX,16.60,0.36,2.20,2026-10-06 05:42
BEX,Tradr 2X Long BE Daily ETF,ETF,AMEX,38.62,-0.83,-2.10,2026-10-06 05:42
BEZ,Tradr 2X Short BE Daily ETF,ETF,AMEX,4.64,0.09,1.98,2026-10-06 05:42
BF.A,브라운-포맨 Class A,주식,NYSE,26.79,0.12,0.45,2026-10-06 05:42
BF.B,브라운-포맨 Class B,주식,NYSE,26.27,0.11,0.42,2026-10-06 05:42
BFAM,브라이트 호라이즌 패밀리 솔루션,주식,NYSE,64.21,-0.05,-0.08,2026-10-06 05:42
BFAP,FT Vest Bitcoin Strategy Floor15 ETF - April,ETF,AMEX,16.35,0.11,0.70,2026-10-06 05:42
BFC,뱅크 퍼스트,주식,NASDAQ,151.22,-1.38,-0.90,2026-10-06 05:42
BFEB,Innovator US Equity Buffer ETF - February,ETF,AMEX,54.50,0.20,0.37,2026-10-06 05:42
BFEW,FT Vest Laddered US Equity Equal Weight Buffer ETF,ETF,AMEX,21.47,0.09,0.40,2026-10-06 05:42
BFH,브레드 파이낸셜 홀딩스,주식,NYSE,98.90,0.85,0.87,2026-10-06 05:42
BFIX,Build Bond Innovation ETF,ETF,AMEX,24.66,0.01,0.04,2026-10-06 05:42
BFJA,FT Vest Bitcoin Strategy Floor15 ETF - January,ETF,AMEX,19.48,0.23,1.19,2026-10-06 05:42
BFJL,FT Vest Bitcoin Strategy Floor15 ETF July,ETF,AMEX,19.29,0.10,0.52,2026-10-06 05:42
BFLB,BufferLABS US Equity Dynamic Buffer ETF,ETF,AMEX,56.01,0.26,0.47,2026-10-06 05:42
BFLX,iShares Flexible Equity Active ETF,ETF,NASDAQ,26.08,0.20,0.79,2026-10-06 05:42
BFLY,버터플라이 네트워크,주식,NYSE,9.38,0.43,4.80,2026-10-06 05:42
BFOC,FT Vest Bitcoin Strategy Floor15 ETF - October,ETF,AMEX,17.09,-0.03,-0.15,2026-10-06 05:42
BFOR,Barron's 400 ETF,ETF,AMEX,23.51,0.22,0.94,2026-10-06 05:42
BFRG,불프로그 AI 홀딩스,주식,NASDAQ,0.59,-0.02,-3.81,2026-10-06 05:42
BFRI,바이오프론테라,주식,NASDAQ,0.89,-0.12,-12.23,2026-10-06 05:42
BFRZ,Innovator Equity Managed 100 Buffer ETF,ETF,AMEX,27.35,0.15,0.54,2026-10-06 05:42
BFS,솔 센터스,주식,NYSE,29.55,-0.61,-2.02,2026-10-06 05:42
BFST,비즈니스 퍼스트 뱅크셰어스,주식,NASDAQ,30.87,-0.03,-0.10,2026-10-06 05:42
BFXU,FT Vest Laddered US Equity Uncapped Acclrtr ETF,ETF,AMEX,24.00,0.17,0.69,2026-10-06 05:42
BG,번지 글로벌,주식,NYSE,107.32,0.60,0.56,2026-10-06 05:42
BGB,Blackstone Strategic Credit 2027 Term Fund,주식,NYSE,11.05,-0.08,-0.72,2026-10-06 05:42
BGC,Bgc 그룹,주식,NASDAQ,12.20,0.42,3.57,2026-10-06 05:42
BGCG,Baillie Gifford International Concentrated Growth ETF,ETF,NASDAQ,27.79,0.76,2.81,2026-10-06 05:42
BGDE,빅 디지털 에너지,주식,NASDAQ,5.34,-0.13,-2.38,2026-10-06 05:42
BGDV,Bahl & Gaynor Dividend ETF,ETF,AMEX,30.82,0.31,1.02,2026-10-06 05:42
BGEG,Baillie Gifford Emerging Markets ETF,ETF,NASDAQ,24.13,0.60,2.55,2026-10-06 05:42
BGFI,BNY Mellon Global Fixed Income ETF,ETF,AMEX,24.55,-0.02,-0.08,2026-10-06 05:42
BGGG,Baillie Gifford Long Term Global Growth ETF X,ETF,NASDAQ,35.46,0.63,1.82,2026-10-06 05:42
BGH,Barings Global Short Duration High Yield Fund,주식,NYSE,12.85,-0.28,-2.13,2026-10-06 05:42
BGIA,Baillie Gifford International Alpha ETF,ETF,NASDAQ,25.47,0.35,1.40,2026-10-06 05:42
BGIG,Bahl & Gaynor Income Growth ETF,ETF,AMEX,35.60,0.16,0.45,2026-10-06 05:42
BGIN,비긴 블록체인,주식,NASDAQ,2.45,0.13,5.60,2026-10-06 05:42
BGL,블루 골드,주식,NASDAQ,0.19,0.00,0.95,2026-10-06 05:42
BGLC,바이오넥서스 진 랩,주식,NASDAQ,1.28,0.01,0.79,2026-10-06 05:42
BGLD,FT Vest Gold Strategy Quarterly Buffer ETF,ETF,AMEX,16.36,-0.02,-0.11,2026-10-06 05:42
BGM,BGM 그룹,주식,NASDAQ,9.35,0.01,0.11,2026-10-06 05:42
BGMS,바이오 그린 메드 솔루션,주식,NASDAQ,0.87,-0.01,-1.32,2026-10-06 05:42
BGR,BlackRock Energy and Resources Closed Fund,주식,NYSE,17.13,0.08,0.47,2026-10-06 05:42
BGRN,iShares USD Green Bond ETF,ETF,NASDAQ,45.48,0.03,0.08,2026-10-06 05:42
BGRO,IShares Large Cap Growth Active ETF,ETF,NASDAQ,45.17,0.32,0.72,2026-10-06 05:42
BGS,비앤지 푸즈,주식,NYSE,2.54,-0.15,-5.58,2026-10-06 05:42
BGSF,BGSF,주식,NYSE,4.78,-0.14,-2.85,2026-10-06 05:42
BGSI,보이드 그룹 서비스,주식,NYSE,78.17,-0.26,-0.33,2026-10-06 05:42
BGT,BlackRock Floating Rate Income Closed Fund,주식,NYSE,10.27,-0.17,-1.63,2026-10-06 05:42
BGUS,Baillie Gifford US Equity Growth ETF,ETF,NASDAQ,27.53,0.53,1.95,2026-10-06 05:42
BGX,Blackstone Long Short Credit Income Fund,주식,NYSE,10.52,-0.02,-0.19,2026-10-06 05:42
BGY,BlackRock Enhanced International Dividend Closed End Fund,주식,NYSE,5.63,0.01,0.18,2026-10-06 05:42
BH,비글라리 홀딩스 Class B,주식,NYSE,364.40,0.64,0.18,2026-10-06 05:42
BH.A,비글라리 홀딩스 Class A,주식,NYSE,1821.48,1.82,0.10,2026-10-06 05:42
BHAV,바브 애퀴지션,주식,NASDAQ,10.03,-0.01,-0.10,2026-10-06 05:42
BHAVR,BHAV Acquisition Rights,주식,NASDAQ,0.13,-0.01,-7.99,2026-10-06 05:42
BHAVU,BHAV Acquisition Units,주식,NASDAQ,10.15,0.00,0.00,2026-10-06 05:42
BHB,바 하버 뱅크셰어스,주식,AMEX,39.24,-0.21,-0.53,2026-10-06 05:42
BHC,바슈 헬스 컴퍼니스,주식,NYSE,5.89,0.09,1.55,2026-10-06 05:42
BHDG,Nicholas Bitcoin Tail ETF,ETF,NASDAQ,20.60,-0.24,-1.16,2026-10-06 05:42
BHE,벤치마크 일렉트로닉스,주식,NYSE,86.11,-1.28,-1.46,2026-10-06 05:42
BHF,브라이트하우스 파이낸셜,주식,NASDAQ,49.82,-0.20,-0.40,2026-10-06 05:42
BHFAL,브라이트하우스 파이낸셜 후순위 채권 6.250% 만기 2058년,주식,NASDAQ,15.25,-0.07,-0.46,2026-10-06 05:42
BHFAM,브라이트하우스 파이낸셜 우선주 시리즈 D 4.625%,주식,NASDAQ,9.79,-0.16,-1.61,2026-10-06 05:42
BHFAN,브라이트하우스 파이낸셜 우선주 시리즈 C 5.375%,주식,NASDAQ,11.08,-0.17,-1.51,2026-10-06 05:42
BHFAO,브라이트하우스 파이낸셜 우선주 시리즈 B 6.75%,주식,NASDAQ,13.85,-0.19,-1.35,2026-10-06 05:42
BHFAP,브라이트하우스 파이낸셜 우선주 시리즈 A 6.6%,주식,NASDAQ,13.61,-0.19,-1.38,2026-10-06 05:42
BHK,BlackRock Core Bond Closed Fund,주식,NYSE,8.05,-0.12,-1.47,2026-10-06 05:42
BHM,블루락 홈즈 트러스트,주식,AMEX,8.02,0.01,0.12,2026-10-06 05:42
BHP,BHP 그룹 ADR,주식,NYSE,86.83,0.76,0.88,2026-10-06 05:42
BHR,브레이마 호텔 & 리조트,주식,NYSE,1.55,-0.11,-6.63,2026-10-06 05:42
BHRB,버크 & 허버트 파이낸셜 서비스,주식,NASDAQ,69.28,-0.58,-0.83,2026-10-06 05:42
BHST,바이오하베스트 사이언스,주식,NASDAQ,1.47,-0.01,-0.34,2026-10-06 05:42
BHV,BlackRock Virginia Municipal Bond Closed Fund,주식,NYSE,11.60,0.02,0.17,2026-10-06 05:42
BHVN,바이오헤이븐,주식,NYSE,12.97,0.10,0.78,2026-10-06 05:42
BHYB,Xtrackers USD High Yield BB-B ex Financials ETF,ETF,AMEX,52.26,0.02,0.03,2026-10-06 05:42
BHYP,Bitwise Hyperliquid ETF,ETF,AMEX,53.11,4.35,8.92,2026-10-06 05:42
BIAF,바이오어피니티 테크놀로지스,주식,NASDAQ,6.19,0.14,2.23,2026-10-06 05:42
BIB,ProShares Ultra Nasdaq Biotechnology,ETF,NASDAQ,112.06,2.25,2.05,2026-10-06 05:42
BIBL,Inspire 100 ETF,ETF,AMEX,55.72,0.34,0.61,2026-10-06 05:42
BID,트라이베카 스트래티직 애퀴지션,주식,NASDAQ,9.90,0.00,0.00,2026-10-06 05:42
BIDD,iShares International Dividend Active ETF,ETF,AMEX,30.49,0.05,0.16,2026-10-06 05:42
BIDG,Leverage Shares 2X Long BIDU Daily ETF,ETF,NASDAQ,6.03,0.35,6.24,2026-10-06 05:42
BIDU,바이두 ADR,주식,NASDAQ,86.99,2.67,3.17,2026-10-06 05:42
BIDWR,Tribeca Strategic Acquisition Rights,주식,NASDAQ,0.11,-0.01,-4.35,2026-10-06 05:42
BIDWU,Tribeca Strategic Acquisition Units,주식,NASDAQ,10.04,0.00,0.00,2026-10-06 05:42
BIGY,YieldMax Target 12 Big 50 Option Income ETF,ETF,AMEX,53.28,0.42,0.80,2026-10-06 05:42
BIIB,바이오젠,주식,NASDAQ,223.59,3.71,1.69,2026-10-06 05:42
BIII,블랙 스페이드 애퀴지션 III,주식,NYSE,10.05,0.00,0.00,2026-10-06 05:42
BIII.U,Black Spade Acquisition III Units,주식,NYSE,10.21,0.00,0.00,2026-10-06 05:42
BIL,State Street SPDR Bloomberg 1-3 Month T-Bill ETF,ETF,AMEX,91.44,0.01,0.01,2026-10-06 05:42
BILD,Nomura Global Listed Infrastructure ETF,ETF,AMEX,27.68,0.00,0.01,2026-10-06 05:42
BILI,빌리빌리 ADR,주식,NASDAQ,14.75,0.31,2.15,2026-10-06 05:42
BILL,빌닷컴 홀딩스,주식,NYSE,44.49,0.87,1.99,2026-10-06 05:42
BILS,State Street SPDR Bloomberg 3-12 Month T-Bill ETF,ETF,AMEX,99.09,0.00,0.00,2026-10-06 05:42
BILT,iShares Infrastructure Active ETF,ETF,AMEX,26.12,0.02,0.08,2026-10-06 05:42
BILZ,PIMCO Ultra Short Government Active ETF,ETF,AMEX,100.67,0.01,0.01,2026-10-06 05:42
BINC,Ishares Flexible Income Active ETF,ETF,AMEX,50.59,0.02,0.04,2026-10-06 05:42
BINT,Bluemonte Global Equity ETF,ETF,AMEX,32.87,0.17,0.52,2026-10-06 05:42
BINV,Brandes International ETF,ETF,AMEX,43.02,0.28,0.66,2026-10-06 05:42
BIO,바이오래드 래보라토리스 Class A,주식,NYSE,379.82,10.68,2.89,2026-10-06 05:42
BIO.B,바이오래드 래보라토리스 Class B,주식,NYSE,365.08,0.00,0.00,2026-10-06 05:42
BIOA,바이오에이지 랩스,주식,NASDAQ,6.36,-0.25,-3.78,2026-10-06 05:42
BIOT,렐러티비티 애퀴지션,주식,NASDAQ,0.37,0.03,10.09,2026-10-06 05:42
BIOX,바이오케레스 크랍 솔루션즈,주식,NASDAQ,0.35,0.00,1.14,2026-10-06 05:42
BIOY,Graniteshares Yieldboost Biotech ETF,ETF,NASDAQ,20.51,0.25,1.25,2026-10-06 05:42
BIP,Brookfield Infrastructure Partners Units,주식,NYSE,36.17,-0.35,-0.96,2026-10-06 05:42
BIPC,브룩필드 인프라스트럭처,주식,NYSE,36.36,-0.29,-0.79,2026-10-06 05:42
BIPH,Brookfield Infrastructure Fin Sub Notes,주식,NYSE,15.58,0.32,2.10,2026-10-06 05:42
BIPI,BIP Bermuda Holdings I 5 125 Perpetual Subordinated Notes,주식,NYSE,15.96,0.04,0.25,2026-10-06 05:42
BIPJ,Brookfield Infrastructure Finance 7 250 Subordinated Notes due 2084,주식,NYSE,22.85,-0.29,-1.25,2026-10-06 05:42
BIRD,스마트버드,주식,NASDAQ,3.41,0.05,1.34,2026-10-06 05:42
BIRK,버컨스톡 홀딩,주식,NYSE,33.77,0.44,1.32,2026-10-06 05:42
BIS,ProShares UltraShort Nasdaq Biotechnology,ETF,NASDAQ,11.48,-0.23,-2.00,2026-10-06 05:42
BIT,BlackRock Multi-Sector Income Trust,주식,NYSE,11.10,-0.22,-1.94,2026-10-06 05:42
BITA,Ishares Bitcoin Premium Income ETF,ETF,NASDAQ,63.65,0.73,1.17,2026-10-06 05:42
BITB,Bitwise Bitcoin ETF,ETF,AMEX,46.53,0.78,1.70,2026-10-06 05:42
BITC,Bitwise Trendwise Bitcoin and Treas Rot Strat ETF,ETF,AMEX,39.42,0.60,1.56,2026-10-06 05:42
BITI,ProShares Short Bitcoin ETF,ETF,AMEX,17.18,-0.28,-1.60,2026-10-06 05:42
BITO,ProShares Bitcoin ETF,ETF,AMEX,11.44,0.16,1.42,2026-10-06 05:42
BITQ,Bitwise Crypto Industry Innovators ETF,ETF,AMEX,25.51,0.25,0.99,2026-10-06 05:42
BITS,Global X Blockchain & Bitcoin Strategy ETF,ETF,NASDAQ,67.44,0.48,0.72,2026-10-06 05:42
BITU,ProShares Ultra Bitcoin ETF,ETF,AMEX,15.94,0.55,3.57,2026-10-06 05:42
BITW,Bitwise 10 Crypto Index Units Beneficial Interest,ETF,AMEX,56.19,1.00,1.81,2026-10-06 05:42
BITX,2x Bitcoin ETF,ETF,AMEX,20.57,0.65,3.26,2026-10-06 05:42
BITY,Amplify Bitcoin 2% Monthly Option Income ETF,ETF,AMEX,28.49,0.54,1.95,2026-10-06 05:42
BIV,Vanguard Intermediate-Term Bond Index Fund ETF,ETF,AMEX,72.59,-0.02,-0.03,2026-10-06 05:42
BIVI,바이오비,주식,NASDAQ,1.44,-0.02,-1.37,2026-10-06 05:42
BIXI,비트코인 인프라스트럭처 애퀴지션,주식,NASDAQ,10.08,-0.02,-0.20,2026-10-06 05:42
BIXIU,Bitcoin Infrastructure Acquisition Units,주식,NASDAQ,10.23,0.00,0.00,2026-10-06 05:42
BIYA,바이야 인터내셔널 그룹,주식,NASDAQ,1.40,-0.20,-12.50,2026-10-06 05:42
BIZD,VanEck BDC Income ETF,ETF,AMEX,12.25,-0.07,-0.57,2026-10-06 05:42
BJ,BJ's 홀세일 클럽 홀딩스,주식,NYSE,93.80,-1.16,-1.22,2026-10-06 05:42
BJAN,Innovator US Equity Buffer ETF - January,ETF,AMEX,61.07,0.26,0.43,2026-10-06 05:42
BJDX,블루제이 다이어그노스틱스,주식,NASDAQ,0.76,-0.08,-9.01,2026-10-06 05:42
BJRI,비제이스 레스토랑,주식,NASDAQ,61.66,-0.27,-0.44,2026-10-06 05:42
BJUL,Innovator US Equity Buffer ETF - July,ETF,AMEX,56.04,0.25,0.45,2026-10-06 05:42
BJUN,Innovator US Equity Buffer ETF - June,ETF,AMEX,50.16,0.27,0.54,2026-10-06 05:42
BKAG,BNY Mellon Core Bond ETF,ETF,AMEX,39.78,-0.04,-0.10,2026-10-06 05:42
BKCG,BNY Mellon Concentrated Growth ETF,ETF,AMEX,40.10,0.37,0.93,2026-10-06 05:42
BKCH,Global X Blockchain ETF,ETF,NASDAQ,70.01,0.01,0.01,2026-10-06 05:42
BKCI,BNY Mellon Concentrated International ETF,ETF,AMEX,52.00,0.06,0.11,2026-10-06 05:42
BKD,브룩데일 시니어 리빙,주식,NYSE,10.53,-0.33,-3.04,2026-10-06 05:42
BKDV,BNY Mellon Dynamic Value ETF,ETF,AMEX,34.10,0.22,0.65,2026-10-06 05:42
BKE,버클,주식,NYSE,43.45,0.55,1.28,2026-10-06 05:42
BKEM,BNY Mellon Emerging Markets Equity ETF,ETF,AMEX,31.26,0.44,1.43,2026-10-06 05:42
BKF,iShares MSCI BIC ETF,ETF,AMEX,39.71,1.11,2.88,2026-10-06 05:42
BKFI,BNY Mellon Active Core Bond ETF,ETF,AMEX,22.70,-0.02,-0.09,2026-10-06 05:42
BKGI,BNY Mellon Global Infrastructure Income ETF,ETF,AMEX,41.61,-0.14,-0.34,2026-10-06 05:42
BKH,블랙 힐스,주식,NYSE,70.48,-0.48,-0.68,2026-10-06 05:42
BKHA,블랙 호크 애퀴지션,주식,NASDAQ,12.28,-0.10,-0.81,2026-10-06 05:42
BKHAR,Black Hawk Acquisition Rights,주식,NASDAQ,1.70,-0.03,-1.73,2026-10-06 05:42
BKHAU,Black Hawk Acquisition Units,주식,NASDAQ,12.79,0.00,0.00,2026-10-06 05:42
BKHY,BNY Mellon High Yield ETF,ETF,AMEX,45.58,0.02,0.05,2026-10-06 05:42
BKIE,BNY Mellon International Equity ETF,ETF,AMEX,33.30,0.01,0.03,2026-10-06 05:42
BKKT,백트,주식,NYSE,7.57,-0.18,-2.32,2026-10-06 05:42
BKLC,BNY Mellon US Large Cap Core Equity ETF,ETF,AMEX,49.58,0.35,0.71,2026-10-06 05:42
BKLG,BNY Mellon US Large Cap Equity Growth ETF,ETF,AMEX,26.37,0.20,0.78,2026-10-06 05:42
BKLN,Invesco Senior Loan ETF,ETF,AMEX,20.49,0.01,0.05,2026-10-06 05:42
BKMC,BNY Mellon US Mid Cap Core Equity ETF,ETF,AMEX,39.37,0.28,0.72,2026-10-06 05:42
BKMI,BNY Mellon Municipal Intermediate ETF,ETF,NASDAQ,24.91,-0.06,-0.25,2026-10-06 05:42
BKMS,BNY Mellon Municipal Short Duration ETF,ETF,NASDAQ,25.00,0.01,0.02,2026-10-06 05:42
BKNG,부킹 홀딩스,주식,NASDAQ,158.33,-0.69,-0.43,2026-10-06 05:42
BKR,베이커 휴즈,주식,NASDAQ,57.38,1.38,2.46,2026-10-06 05:42
BKSE,BNY Mellon US Small Cap Core Equity ETF,ETF,AMEX,42.25,0.16,0.37,2026-10-06 05:42
BKSY,블랙스카이 테크놀로지,주식,NYSE,21.37,-0.55,-2.51,2026-10-06 05:42
BKT,BlackRock Income Trust，Inc.,주식,NYSE,9.53,-0.12,-1.24,2026-10-06 05:42
BKTI,BK 테크놀로지스,주식,AMEX,75.94,-0.03,-0.04,2026-10-06 05:42
BKU,뱅크유나이티드,주식,NYSE,43.23,-0.15,-0.35,2026-10-06 05:42
BKUI,BNY Mellon Ultra Short Income ETF,ETF,AMEX,49.50,0.03,0.06,2026-10-06 05:42
BKV,BKV,주식,NYSE,21.79,0.22,1.02,2026-10-06 05:42
BKYI,바이오키 인터내셔널,주식,NASDAQ,1.93,-0.19,-8.96,2026-10-06 05:42
BL,블랙라인,주식,NASDAQ,28.13,0.72,2.63,2026-10-06 05:42
BLBD,블루 버드,주식,NASDAQ,57.03,0.50,0.88,2026-10-06 05:42
BLCK,Corgi Crypto Infrastructure ETF,ETF,AMEX,23.33,0.03,0.14,2026-10-06 05:42
BLCO,바슈롬,주식,NYSE,17.17,0.06,0.35,2026-10-06 05:42
BLCR,iShares Large Cap Core Active ETF,ETF,NASDAQ,50.09,0.38,0.76,2026-10-06 05:42
BLCV,iShares Large Cap Value Active ETF,ETF,AMEX,41.70,0.20,0.49,2026-10-06 05:42
BLDG,Cambria Global Real Estate ETF,ETF,AMEX,24.95,-0.11,-0.42,2026-10-06 05:42
BLDP,발라드 파워 시스템즈,주식,NASDAQ,2.06,0.01,0.49,2026-10-06 05:42
BLDR,빌더스 퍼스트소스,주식,NYSE,55.63,-0.62,-1.10,2026-10-06 05:42
BLDX,Impax Global Sustainable Infrastructure ETF,ETF,AMEX,24.71,0.11,0.46,2026-10-06 05:42
BLES,Inspire Global Hope ETF,ETF,AMEX,47.90,0.24,0.50,2026-10-06 05:42
BLFS,바이오라이프 솔루션스,주식,NASDAQ,38.61,1.31,3.51,2026-10-06 05:42
BLGR,Bluemonte Large Cap Growth ETF,ETF,AMEX,33.51,0.27,0.81,2026-10-06 05:42
BLIN,브릿지라인 디지털,주식,NASDAQ,0.88,0.07,8.23,2026-10-06 05:42
BLIV,비라이브 홀딩스,주식,NASDAQ,2.30,0.00,0.00,2026-10-06 05:42
BLK,블랙록,주식,NYSE,1066.45,6.82,0.64,2026-10-06 05:42
BLKB,블랙보드,주식,NASDAQ,43.31,1.55,3.71,2026-10-06 05:42
BLLN,빌리언투원,주식,NASDAQ,109.06,3.16,2.98,2026-10-06 05:42
BLMN,블루민 브랜즈,주식,NASDAQ,8.28,-0.20,-2.36,2026-10-06 05:42
BLND,블렌드 랩스,주식,NYSE,1.04,0.01,0.97,2026-10-06 05:42
BLNE,비라인 홀딩스,주식,NASDAQ,0.78,-0.08,-9.20,2026-10-06 05:42
BLNK,블링크 차징,주식,NASDAQ,0.55,-0.01,-1.91,2026-10-06 05:42
BLOK,Amplify Blockchain Technology ETF,ETF,AMEX,61.97,0.15,0.24,2026-10-06 05:42
BLOX,Nicholas Crypto Income ETF,ETF,AMEX,13.88,0.22,1.61,2026-10-06 05:42
BLRK,블루록 애퀴지션,주식,NASDAQ,10.13,0.01,0.10,2026-10-06 05:42
BLRKU,Bluerock Acquisition Units,주식,NASDAQ,10.20,0.00,0.00,2026-10-06 05:42
BLRX,바이오라인 RX ADR,주식,NASDAQ,2.32,-0.05,-2.11,2026-10-06 05:42
BLSG,Leverage Shares 2X Long BLSH Daily ETF,ETF,NASDAQ,3.03,0.03,1.00,2026-10-06 05:42
BLSH,불리쉬,주식,NYSE,34.35,0.12,0.35,2026-10-06 05:42
BLSM,블로섬힐 테라퓨틱스,주식,NASDAQ,19.94,0.25,1.27,2026-10-06 05:42
BLST,Bluemonte Short Term Bond ETF,ETF,AMEX,24.35,0.01,0.05,2026-10-06 05:42
BLTD,Bluemonte Long Term Bond ETF,ETF,AMEX,23.38,-0.04,-0.19,2026-10-06 05:42
BLTE,비라이트 바이오 ADR,주식,NASDAQ,159.18,-0.38,-0.24,2026-10-06 05:42
BLUC,Bluemonte Large Cap Core ETF,ETF,AMEX,32.55,0.23,0.71,2026-10-06 05:42
BLUI,Bluemonte Diversified Income ETF,ETF,AMEX,24.73,0.00,0.01,2026-10-06 05:42
BLUW,블루 워터 애퀴지션 III,주식,NASDAQ,10.39,0.01,0.10,2026-10-06 05:42
BLUWU,Blue Water Acquisition III Units,주식,NASDAQ,10.50,0.00,0.00,2026-10-06 05:42
BLUX,Bluemonte Dynamic Total Market ETF,ETF,AMEX,31.87,0.18,0.57,2026-10-06 05:42
BLV,Vanguard Long-Term Bond Index Fund,ETF,AMEX,62.32,-0.15,-0.24,2026-10-06 05:42
BLW,BlackRock Limited Duration Income Trust,주식,NYSE,11.68,-0.04,-0.34,2026-10-06 05:42
BLX,블라덱스,주식,NYSE,55.02,0.24,0.44,2026-10-06 05:42
BLZE,백블레이즈,주식,NASDAQ,13.88,-0.48,-3.34,2026-10-06 05:42
BLZR,트레일블래이저 애퀴지션,주식,NASDAQ,10.25,0.00,0.00,2026-10-06 05:42
BLZRU,Trailblazer Acquisition Units,주식,NASDAQ,10.39,0.05,0.44,2026-10-06 05:42
BMA,방코 마크로 ADR,주식,NYSE,68.78,4.23,6.55,2026-10-06 05:42
BMAR,Innovator US Equity Buffer ETF - March,ETF,AMEX,59.55,0.15,0.25,2026-10-06 05:42
BMAY,Innovator US Equity Buffer ETF - May,ETF,AMEX,48.95,0.18,0.36,2026-10-06 05:42
BMBL,범블,주식,NASDAQ,2.55,0.01,0.39,2026-10-06 05:42
BME,BlackRock Health Sciences Trust,주식,NYSE,42.85,-0.49,-1.13,2026-10-06 05:42
BMEA,바이오미아 퓨전,주식,NASDAQ,1.30,0.03,2.36,2026-10-06 05:42
BMED,Ishares Health Innovation Active ETF,ETF,AMEX,34.38,0.58,1.73,2026-10-06 05:42
BMEZ,BlackRock Health Sciences Term Closed End Fund,주식,NYSE,16.54,0.07,0.43,2026-10-06 05:42
BMGL,바젤 메디컬 그룹,주식,NASDAQ,3.17,-0.11,-3.35,2026-10-06 05:42
BMHL,블루마운트 홀딩스,주식,NASDAQ,4.47,-0.03,-0.62,2026-10-06 05:42
BMI,배저 미터,주식,NYSE,124.89,-2.88,-2.25,2026-10-06 05:42
BMM,블루문 메탈스,주식,NASDAQ,4.89,-0.05,-0.91,2026-10-06 05:42
BMN,BlackRock 2037 Municipal Target Term Trust,주식,NYSE,21.77,-0.48,-2.16,2026-10-06 05:42
BMNG,Leverage Shares 2X Long BMNR Daily ETF,ETF,NASDAQ,29.00,1.02,3.63,2026-10-06 05:42
BMNP,비트마인 이머전 테크놀로지스 우선주 Series A 9.5%,주식,NYSE,99.56,0.08,0.08,2026-10-06 05:42
BMNR,비트마인 이머전 테크놀로지스,주식,NYSE,26.79,0.52,1.98,2026-10-06 05:42
BMNU,T-REX 2X Long BMNR Daily Target ETF,ETF,AMEX,21.38,0.85,4.14,2026-10-06 05:42
BMNZ,Defiance Daily Target 2X Short BMNR ETF,ETF,AMEX,4.13,-0.20,-4.62,2026-10-06 05:42
BMO,뱅크 오브 몬트리올,주식,NYSE,164.45,-1.25,-0.75,2026-10-06 05:42
BMOP,BNY Mellon Municipal Opportunities ETF,ETF,NASDAQ,23.53,-0.01,-0.02,2026-10-06 05:42
BMR,비머 이미징,주식,NASDAQ,1.44,0.18,14.29,2026-10-06 05:42
BMRA,바이오메리카,주식,NASDAQ,2.05,-0.09,-4.30,2026-10-06 05:42
BMRC,뱅크 오브 마린 뱅코프,주식,NASDAQ,27.42,-0.29,-1.05,2026-10-06 05:42
BMRN,바이오마린 파마슈티컬,주식,NASDAQ,57.54,0.36,0.63,2026-10-06 05:42
BMSI,BNY Mellon Multi-Sector Income ETF,ETF,AMEX,24.58,-0.03,-0.12,2026-10-06 05:42
BMVP,Invesco Bloomberg MVP Multi-Factor ETF,ETF,AMEX,52.30,0.26,0.51,2026-10-06 05:42
BMY,브리스톨-마이어스 스큅,주식,NYSE,58.81,-2.34,-3.83,2026-10-06 05:42
BN,브룩필드,주식,NYSE,36.83,-0.09,-0.24,2026-10-06 05:42
BNAI,브랜드 인게이지먼트 네트워크,주식,NASDAQ,5.84,-0.18,-2.99,2026-10-06 05:42
BNAV,Amplify Fairlead Tactical Bitcoin ETF,ETF,AMEX,32.80,0.39,1.22,2026-10-06 05:42
BNC,CEA 인더스트리스,주식,NASDAQ,6.07,0.22,3.76,2026-10-06 05:42
BND,Vanguard Total Bond Market Index Fund,ETF,NASDAQ,69.88,-0.06,-0.09,2026-10-06 05:42
BNDC,Northern Trust Core Bond ETF,ETF,AMEX,21.06,-0.01,-0.07,2026-10-06 05:42
BNDD,Quadratic Deflation ETF,ETF,AMEX,93.96,-0.58,-0.61,2026-10-06 05:42
BNDI,NEOS Enhanced Income Aggregate Bond ETF,ETF,AMEX,44.86,-0.01,-0.02,2026-10-06 05:42
BNDP,Vanguard Core-Plus Bond Index ETF,ETF,NASDAQ,70.70,-0.03,-0.05,2026-10-06 05:42
BNDS,Infrastructure Capital Bond Income ETF,ETF,AMEX,48.60,-0.10,-0.20,2026-10-06 05:42
BNDW,Vanguard Total World Bond ETF,ETF,NASDAQ,65.70,-0.05,-0.08,2026-10-06 05:42
BNDX,Vanguard Total International Bond Index Fund,ETF,NASDAQ,46.79,-0.07,-0.15,2026-10-06 05:42
BNDY,Horizon Core Bond ETF,ETF,AMEX,23.94,0.03,0.13,2026-10-06 05:42
BNED,반스 앤 노블 에듀케이션,주식,NYSE,11.54,-0.17,-1.45,2026-10-06 05:42
BNGE,First Trust S-Network Streaming & Gaming ETF,ETF,AMEX,30.80,0.25,0.82,2026-10-06 05:42
BNGO,바이오나노 지노믹스,주식,NASDAQ,1.45,-0.04,-2.36,2026-10-06 05:42
BNH,Brookfield Finance 4 625 Subordinated Notes due October 16 2080,주식,NYSE,14.59,0.38,2.67,2026-10-06 05:42
BNJ,Brookfield Finance I 4 50 Perpetual Subordinated Notes,주식,NYSE,14.36,0.04,0.28,2026-10-06 05:42
BNKD,MicroSectors Big Banks 3X Inverse Leveraged ETN,ETF,AMEX,36.03,0.10,0.29,2026-10-06 05:42
BNKK,봉크,주식,NASDAQ,1.53,-0.22,-12.57,2026-10-06 05:42
BNKU,MicroSectors Big Banks 3x Leveraged ETN,ETF,AMEX,32.31,0.00,0.00,2026-10-06 05:42
BNL,브로드스톤 넷 리스,주식,NYSE,18.40,-0.16,-0.86,2026-10-06 05:42
BNMC,Corgi BMNR 2x Daily ETF,ETF,AMEX,69.04,2.85,4.30,2026-10-06 05:42
BNO,United States Brent Oil Fund LP,ETF,AMEX,61.45,-1.65,-2.61,2026-10-06 05:42
BNOV,Innovator US Equity Buffer ETF - November,ETF,AMEX,49.70,0.29,0.58,2026-10-06 05:42
BNR,버닝 락 바이오테크 ADR,주식,NASDAQ,15.83,-0.43,-2.62,2026-10-06 05:42
BNS,뱅크 오브 노바 스코샤,주식,NYSE,90.28,-0.91,-1.00,2026-10-06 05:42
BNT,브룩필드 웰스 솔루션스,주식,NYSE,36.82,-0.10,-0.27,2026-10-06 05:42
BNTC,베니텍 바이오파마,주식,NASDAQ,9.23,0.25,2.78,2026-10-06 05:42
BNTX,바이오엔테크 ADR,주식,NASDAQ,97.64,0.74,0.76,2026-10-06 05:42
BNY,뉴욕멜론은행,주식,NYSE,143.75,-1.65,-1.13,2026-10-06 05:42
BOAT,SonicShares Global Shipping ETF,ETF,AMEX,52.71,0.28,0.53,2026-10-06 05:42
BOBP,CORE16 Best of Breed Premier Index ETF,ETF,AMEX,30.60,-0.03,-0.10,2026-10-06 05:42
BOBS,밥스 디스카운트 퍼니처,주식,NYSE,14.15,-0.04,-0.28,2026-10-06 05:42
BOC,보스톤 오마하,주식,NYSE,13.22,0.01,0.08,2026-10-06 05:42
BOCT,Innovator US Equity Buffer ETF - October,ETF,AMEX,55.64,0.21,0.38,2026-10-06 05:42
BODI,비치바디 컴퍼니,주식,NASDAQ,4.82,-0.10,-2.03,2026-10-06 05:42
BOE,BlackRock Enhanced Global Dividend Closed End Fund,주식,NYSE,11.67,-0.02,-0.17,2026-10-06 05:42
BOEG,Leverage Shares 2X Long BA Daily ETF,ETF,NASDAQ,10.00,-0.08,-0.79,2026-10-06 05:42
BOEU,Direxion Daily BA Bull 2X ETF,ETF,NASDAQ,25.19,-0.27,-1.06,2026-10-06 05:42
BOF,브랜치아웃 푸드,주식,NASDAQ,3.96,0.07,1.80,2026-10-06 05:42
BOH,뱅크 오브 하와이,주식,NYSE,68.03,-1.25,-1.80,2026-10-06 05:42
BOIL,ProShares Ultra Bloomberg Natural Gas ETF,ETF,AMEX,20.26,0.35,1.76,2026-10-06 05:42
BOKF,BOK 파이낸셜,주식,NASDAQ,128.23,-0.13,-0.10,2026-10-06 05:42
BOLD,바운드리스 바이오,주식,NASDAQ,2.60,-0.02,-0.76,2026-10-06 05:42
BOLT,볼트 바이오테라퓨틱스,주식,NASDAQ,3.50,0.05,1.42,2026-10-06 05:42
BON,본 내추럴 라이프,주식,NASDAQ,1.17,0.03,2.74,2026-10-06 05:42
BOND,PIMCO Active Bond Exchange-Traded Fund,ETF,NYSE,86.39,-0.15,-0.17,2026-10-06 05:42
BOOM,DMC 글로벌,주식,NASDAQ,5.84,0.04,0.69,2026-10-06 05:42
BOOT,부트 반 홀딩스,주식,NYSE,122.88,1.00,0.82,2026-10-06 05:42
BORR,보르 드릴링,주식,NYSE,4.15,0.24,6.14,2026-10-06 05:42
BOSC,B.O.S. 베터 온라인 솔루션스,주식,NASDAQ,4.64,0.01,0.22,2026-10-06 05:42
BOT,로보스트래티지,주식,NASDAQ,31.81,2.49,8.47,2026-10-06 05:42
BOTJ,뱅크 오브 더 제임스 파이낸셜,주식,NASDAQ,27.34,0.04,0.15,2026-10-06 05:42
BOTT,Themes Humanoid Robotics ETF,ETF,NASDAQ,43.56,0.36,0.83,2026-10-06 05:42
BOTZ,Global X Robotics and Artificial Intelligence ETF,ETF,NASDAQ,36.20,0.17,0.47,2026-10-06 05:42
BOUT,Capforce IBD Breakout Opportunities ETF,ETF,AMEX,43.52,0.48,1.13,2026-10-06 05:42
BOW,보우헤드 스페셜티 홀딩스,주식,NYSE,33.80,0.03,0.09,2026-10-06 05:42
BOX,박스,주식,NYSE,35.34,0.85,2.46,2026-10-06 05:42
BOXA,Alpha Architect Aggregate Bond ETF,ETF,AMEX,101.63,-0.01,-0.01,2026-10-06 05:42
BOXL,박스라잇,주식,NASDAQ,4.61,-0.13,-2.74,2026-10-06 05:42
BOXX,Alpha Architect 1-3 Month Box ETF,ETF,AMEX,118.46,0.01,0.01,2026-10-06 05:42
BP,BP ADR,주식,NYSE,44.62,-0.17,-0.38,2026-10-06 05:42
BPAC,블루포트 애퀴지션,주식,NASDAQ,10.19,0.00,0.00,2026-10-06 05:42
BPACR,Blueport Acquisition Rights Exp 13 Feb 2027,주식,NASDAQ,0.14,0.00,0.00,2026-10-06 05:42
BPACU,Blueport Acquisition Units,주식,NASDAQ,10.30,0.00,0.00,2026-10-06 05:42
BPAY,Ishares Fintech Active ETF,ETF,AMEX,24.98,0.48,1.95,2026-10-06 05:42
BPH,BP p.l.c. ADRhedged,ETF,AMEX,71.16,-0.07,-0.09,2026-10-06 05:42
BPI,Grayscale Bitcoin Premium Income ETF,ETF,AMEX,26.17,0.33,1.28,2026-10-06 05:42
BPOP,파퓰러,주식,NASDAQ,158.82,0.68,0.43,2026-10-06 05:42
BPOPM,파퓰러 캐피탈 트러스트 II 우선주 6.125%,주식,NASDAQ,25.20,-0.14,-0.55,2026-10-06 05:42
BPRE,Bluerock Private Real Estate Closed End Fund,주식,NYSE,12.73,0.04,0.32,2026-10-06 05:42
BPRN,뱅크 오브 프린스턴,주식,NASDAQ,43.44,-0.28,-0.64,2026-10-06 05:42
BPRO,Bitwise Proficio Currency Debasement ETF,ETF,AMEX,20.28,0.11,0.55,2026-10-06 05:42
BPYPM,브룩필드 프로퍼티 우선주 6.25%,주식,NASDAQ,16.08,0.20,1.26,2026-10-06 05:42
BPYPN,브룩필드 프라퍼티 파트너스 우선주 시리즈 3 5.750%,주식,NASDAQ,13.46,-0.08,-0.59,2026-10-06 05:42
BPYPO,Brookfield Ppty Partners 6 375 Cum Red Perp Pfd Unit Class A,주식,NASDAQ,14.81,-0.25,-1.69,2026-10-06 05:42
BPYPP,Brookfield Property Partners 6 50 Cumulative Redeemable Perpetual Preferred,주식,NASDAQ,15.30,0.14,0.92,2026-10-06 05:42
BQ,Boqii Holding Ltd,주식,AMEX,0.78,-0.02,-2.71,2026-10-06 05:42
BR,브로드리지 파이낸셜 솔루션스,주식,NYSE,159.08,2.15,1.37,2026-10-06 05:42
BRAG,브래그 게이밍 그룹,주식,NASDAQ,1.16,-0.04,-3.33,2026-10-06 05:42
BRAI,브레인,주식,NASDAQ,4.54,-0.09,-1.94,2026-10-06 05:42
BRAZ,Global X Brazil Active ETF,ETF,AMEX,37.12,5.33,16.75,2026-10-06 05:42
BRBI,BRBI BR 파트너스 ADR,주식,NASDAQ,13.76,2.52,22.45,2026-10-06 05:42
BRBR,벨링 브랜드,주식,NYSE,7.73,0.30,4.04,2026-10-06 05:42
BRBS,블루 리지 뱅크셰어스,주식,AMEX,3.93,0.00,0.00,2026-10-06 05:42
BRC,브래디,주식,NYSE,85.41,0.63,0.74,2026-10-06 05:42
BRCB,블랙 락 커피 바,주식,NASDAQ,6.92,-0.04,-0.57,2026-10-06 05:42
BRCC,BRC,주식,NYSE,9.45,0.40,4.42,2026-10-06 05:42
BRCE,MFS Blended Research Core Equity ETF,ETF,NYSE,30.57,0.19,0.62,2026-10-06 05:42
BREE,MFS Blended Research Emerging Markets Equity ETF,ETF,NYSE,28.09,0.43,1.54,2026-10-06 05:42
BREM,iShares Emerging Markets Bond Active ETF,ETF,NASDAQ,48.28,0.04,0.08,2026-10-06 05:42
BRES,Burney US Equity Select ETF,ETF,NASDAQ,26.77,0.12,0.45,2026-10-06 05:42
BREW,Corgi Coffee & Energy Drinks ETF,ETF,AMEX,25.37,0.13,0.53,2026-10-06 05:42
BREZ,브리즈 애퀴지션 II,주식,NASDAQ,10.06,0.00,0.00,2026-10-06 05:42
BREZR,Breeze Acquisition II Rights,주식,NASDAQ,0.29,0.01,3.57,2026-10-06 05:42
BRF,VanEck Brazil Small-Cap ETF,ETF,AMEX,19.06,2.27,13.51,2026-10-06 05:42
BRFH,바프레시 푸드 그룹,주식,NASDAQ,0.86,0.01,0.70,2026-10-06 05:42
BRHY,IShares High Yield Active ETF,ETF,NASDAQ,49.17,0.05,0.10,2026-10-06 05:42
BRIA,브릴리아,주식,AMEX,1.40,0.00,0.01,2026-10-06 05:42
BRIB,FIS Bright Portfolios Core Bond ETF,ETF,AMEX,24.13,0.03,0.12,2026-10-06 05:42
BRID,브리지포드 푸즈,주식,NASDAQ,5.34,-0.25,-4.47,2026-10-06 05:42
BRIE,MFS Blended Research International Equity ETF,ETF,NYSE,30.68,0.28,0.92,2026-10-06 05:42
BRIF,FIS Bright Portfolios Focused Equity ETF,ETF,AMEX,37.98,0.24,0.63,2026-10-06 05:42
BRK.A,버크셔 해서웨이 Class A,주식,NYSE,756376.00,1586.00,0.21,2026-10-06 05:42
BRK.B,버크셔 해서웨이 Class B,주식,NYSE,504.26,1.61,0.32,2026-10-06 05:42
BRKC,YieldMax BRK B Option Income Strategy ETF,ETF,AMEX,39.49,0.15,0.38,2026-10-06 05:42
BRKH,버테크 애퀴지션 II,주식,NASDAQ,10.01,0.00,0.00,2026-10-06 05:42
BRKHU,Burtech Acquisition II Units,주식,NASDAQ,10.12,0.00,0.00,2026-10-06 05:42
BRKL,Corgi BRKB 2x Daily ETF,ETF,AMEX,24.06,0.16,0.67,2026-10-06 05:42
BRKR,브루커,주식,NASDAQ,63.86,0.62,0.98,2026-10-06 05:42
BRKRP,브루커 우선주 Series A 6.375%,주식,NASDAQ,466.08,0.30,0.06,2026-10-06 05:42
BRKU,Direxion Daily BRKB Bull 2X ETF,ETF,NASDAQ,22.62,0.15,0.66,2026-10-06 05:42
BRKW,Roundhill BRKB WeeklyPay ETF,ETF,AMEX,38.19,0.24,0.62,2026-10-06 05:42
BRLN,Ishares Floating Rate Loan Active ETF,ETF,AMEX,50.50,-0.08,-0.16,2026-10-06 05:42
BRLS,보레알리스 푸드,주식,NASDAQ,1.22,0.01,0.41,2026-10-06 05:42
BRLT,브릴리언트 어스 그룹,주식,NASDAQ,1.40,0.01,0.72,2026-10-06 05:42
BRN,반웰 인더스트리스,주식,AMEX,0.94,-0.04,-4.53,2026-10-06 05:42
BRNX,브렌엑스,주식,NASDAQ,1.89,0.07,3.85,2026-10-06 05:42
BRNY,Burney US Factor Rotation ETF,ETF,NASDAQ,58.54,0.30,0.51,2026-10-06 05:42
BRO,브라운 & 브라운,주식,NYSE,60.93,1.02,1.70,2026-10-06 05:42
BROL,Baron Risk Optimized Large Cap ETF,ETF,NYSE,26.52,0.35,1.34,2026-10-06 05:42
BROS,더치 브로스,주식,NYSE,38.23,-0.44,-1.14,2026-10-06 05:42
BRRKU,Bluerock Acquisition II Units,주식,NASDAQ,10.06,0.04,0.40,2026-10-06 05:42
BRRR,Coinshares Bitcoin ETF,ETF,NASDAQ,24.17,0.42,1.76,2026-10-06 05:42
BRSL,브라이트스타 로터리,주식,NYSE,9.93,0.08,0.81,2026-10-06 05:42
BRSM,MFS Blended Research Small-Mid Cap ETF,ETF,AMEX,25.30,0.21,0.82,2026-10-06 05:42
BRSP,브라이트스파이어 캐피탈,주식,NYSE,3.77,-0.04,-1.05,2026-10-06 05:42
BRSV,EA Bridgeway Select Small Cap Value ETF,ETF,AMEX,43.50,0.09,0.21,2026-10-06 05:42
BRT,BRT 아파트먼트,주식,NYSE,13.29,-0.01,-0.08,2026-10-06 05:42
BRTM,B&R 테크놀로지 머저,주식,NASDAQ,9.80,0.00,0.00,2026-10-06 05:42
BRTMU,B&R Technology Merger Units,주식,NASDAQ,9.98,0.00,0.00,2026-10-06 05:42
BRTR,IShares Total Return Active ETF,ETF,NASDAQ,47.64,-0.05,-0.10,2026-10-06 05:42
BRTX,바이오리스토러티브 테라피스,주식,NASDAQ,2.24,0.10,4.67,2026-10-06 05:42
BRUN,부스트 런,주식,NASDAQ,14.33,-2.18,-13.20,2026-10-06 05:42
BRVE,브레이브하트 바이오,주식,NASDAQ,21.35,0.08,0.38,2026-10-06 05:42
BRW,Saba Capital Income & Opportunities Fund,주식,NYSE,5.96,-0.11,-1.81,2026-10-06 05:42
BRX,브릭스모어 프로퍼티 그룹,주식,NYSE,27.05,-0.34,-1.24,2026-10-06 05:42
BRZD,MicroSectors -3x Short Brazil ETNs,ETF,AMEX,21.67,-12.99,-37.47,2026-10-06 05:42
BRZE,브레이즈,주식,NASDAQ,26.61,1.19,4.68,2026-10-06 05:42
BRZL,MicroSectors 3x Long Brazil ETNs,ETF,AMEX,45.31,12.36,37.52,2026-10-06 05:42
BRZU,Direxion Daily MSCI Brazil Bull 2X ETF,ETF,AMEX,132.01,26.24,24.81,2026-10-06 05:42
BRZX,Corgi Brazil 2X Daily ETF,ETF,AMEX,34.25,6.83,24.90,2026-10-06 05:42
BSAA,베스트 스팩 I 애퀴지션,주식,NASDAQ,11.25,-0.05,-0.44,2026-10-06 05:42
BSAAR,BEST SPAC I Acquisition Rights Exp 27 May 2030,주식,NASDAQ,0.10,0.00,0.00,2026-10-06 05:42
BSAAU,Best SPAC I Acquistion Units,주식,NASDAQ,11.00,0.00,0.00,2026-10-06 05:42
BSAC,방코 산탄데르 칠레 ADR,주식,NYSE,32.70,0.71,2.22,2026-10-06 05:42
BSBK,보고타 파이낸셜,주식,NASDAQ,9.08,-0.01,-0.11,2026-10-06 05:42
BSBR,방쿠 산탄데르 브라질 ADR,주식,NYSE,5.78,0.38,7.04,2026-10-06 05:42
BSCA,Invesco BulletShares 2036 Corporate Bond ETF,ETF,NASDAQ,18.91,0.00,0.00,2026-10-06 05:42
BSCQ,Invesco BulletShares 2026 Corporate Bond ETF,ETF,NASDAQ,19.53,0.01,0.03,2026-10-06 05:42
BSCR,Invesco BulletShares 2027 Corporate Bond ETF,ETF,NASDAQ,19.57,0.01,0.05,2026-10-06 05:42
BSCS,Invesco BulletShares 2028 Corporate Bond ETF,ETF,NASDAQ,20.16,0.02,0.10,2026-10-06 05:42
BSCT,Invesco BulletShares 2029 Corporate Bond ETF,ETF,NASDAQ,18.23,0.02,0.11,2026-10-06 05:42
BSCU,Invesco BulletShares 2030 Corporate Bond ETF,ETF,NASDAQ,16.17,0.02,0.12,2026-10-06 05:42
BSCV,Invesco BulletShares 2031 Corporate Bond ETF,ETF,NASDAQ,15.80,0.02,0.13,2026-10-06 05:42
BSCW,Invesco BulletShares 2032 Corporate Bond ETF,ETF,NASDAQ,19.62,0.03,0.15,2026-10-06 05:42
BSCX,Invesco BulletShares 2033 Corporate Bond ETF,ETF,NASDAQ,20.03,0.01,0.03,2026-10-06 05:42
BSCY,Invesco BulletShares 2034 Corporate Bond ETF,ETF,NASDAQ,19.53,0.00,0.00,2026-10-06 05:42
BSCZ,Invesco BulletShares 2035 Corporate Bond ETF,ETF,NASDAQ,19.24,0.00,0.00,2026-10-06 05:42
BSEM,바이오스템 테크놀로지스,주식,NASDAQ,2.76,0.03,0.92,2026-10-06 05:42
BSEP,Innovator US Equity Buffer ETF - September,ETF,AMEX,54.59,0.22,0.41,2026-10-06 05:42
BSET,바셋 퍼니처 인더스트리스,주식,NASDAQ,20.94,0.22,1.06,2026-10-06 05:42
BSGR,Invesco BulletShares 2027 Treasury Bond ETF,ETF,NASDAQ,24.99,0.01,0.02,2026-10-06 05:42
BSGT,Invesco BulletShares 2029 Treasury Bond ETF,ETF,NASDAQ,24.62,0.00,0.00,2026-10-06 05:42
BSIN,빅 스카이 인더스트리얼,주식,NASDAQ,1.46,0.04,2.82,2026-10-06 05:42
BSJQ,Invesco BulletShares 2026 Hi Yld Corp Bd ETF,ETF,NASDAQ,22.82,-0.01,-0.02,2026-10-06 05:42
BSJR,Invesco BulletShares 2027 Hi Yld Corp Bd ETF,ETF,NASDAQ,22.18,0.03,0.14,2026-10-06 05:42
BSJS,Invesco BulletShares 2028 Hi Yld Corp Bd ETF,ETF,NASDAQ,21.46,0.00,0.00,2026-10-06 05:42
BSJT,Invesco BulletShares 2029 Hi Yld Corp Bd ETF,ETF,NASDAQ,20.68,0.02,0.09,2026-10-06 05:42
BSJU,Invesco BulletShares 2030 High Yield Corp Bd ETF,ETF,NASDAQ,24.99,0.05,0.18,2026-10-06 05:42
BSJV,Invesco BulletShares 2031 High Yield Corp Bd ETF,ETF,NASDAQ,25.12,-0.02,-0.09,2026-10-06 05:42
BSJW,Invesco BulletShares 2032 HY Corporate Bd ETF,ETF,NASDAQ,24.28,0.02,0.07,2026-10-06 05:42
BSJX,Invesco BulletShares 2033 HY Corporate Bd ETF,ETF,NASDAQ,24.05,0.02,0.06,2026-10-06 05:42
BSJY,Invesco BulletShares 2034 High Yield Corp Bond ETF,ETF,NASDAQ,23.76,0.03,0.13,2026-10-06 05:42
BSL,Blackstone Senior Floating Rate 2027 Term Fund,주식,NYSE,12.92,-0.06,-0.46,2026-10-06 05:42
BSM,Black Stone Minerals Units,주식,NYSE,14.67,0.11,0.76,2026-10-06 05:42
BSMA,Invesco Bulletshares 2036 Municipal Bond ETF,ETF,NASDAQ,24.50,-0.08,-0.31,2026-10-06 05:42
BSMC,Brandes US Small-Mid Cap Value ETF,ETF,AMEX,38.39,0.25,0.66,2026-10-06 05:42
BSMQ,Invesco BulletShares 2026 Municipal Bond ETF,ETF,NASDAQ,23.43,-0.01,-0.04,2026-10-06 05:42
BSMR,Invesco BulletShares 2027 Municipal Bond ETF,ETF,NASDAQ,23.28,-0.02,-0.08,2026-10-06 05:42
BSMS,Invesco BulletShares 2028 Municipal Bond ETF,ETF,NASDAQ,22.89,0.04,0.18,2026-10-06 05:42
BSMT,Invesco BulletShares 2029 Municipal Bond ETF,ETF,NASDAQ,22.32,0.02,0.10,2026-10-06 05:42
BSMU,Invesco BulletShares 2030 Municipal Bond ETF,ETF,NASDAQ,20.93,0.01,0.05,2026-10-06 05:42
BSMV,Invesco BulletShares 2031 Municipal Bond ETF,ETF,NASDAQ,19.99,0.00,0.00,2026-10-06 05:42
BSMW,Invesco BulletShares 2032 Municipal Bond ETF,ETF,NASDAQ,23.67,-0.08,-0.34,2026-10-06 05:42
BSMY,Invesco BulletShares 2034 Municipal Bond ETF,ETF,NASDAQ,22.91,0.02,0.10,2026-10-06 05:42
BSMZ,Invesco BulletShares 2035 Municipal Bond ETF,ETF,NASDAQ,23.67,0.07,0.30,2026-10-06 05:42
BSOL,Bitwise Solana Staking ETF,ETF,AMEX,16.60,0.32,1.97,2026-10-06 05:42
BSP,벤딩 스푼스,주식,NASDAQ,32.12,0.09,0.28,2026-10-06 05:42
BSR,Beacon Unified Catalyst ETF,ETF,AMEX,30.97,0.18,0.59,2026-10-06 05:42
BSRR,시에라 뱅코프,주식,NASDAQ,39.39,-0.37,-0.93,2026-10-06 05:42
BSSX,Invesco BulletShares 2033 Municipal Bond ETF,ETF,NASDAQ,24.13,0.03,0.11,2026-10-06 05:42
BST,BlackRock Science and Technology Trust,주식,NYSE,50.52,-0.81,-1.58,2026-10-06 05:42
BSTP,Innovator Buffer Step-Up Strategy ETF,ETF,AMEX,40.51,0.15,0.38,2026-10-06 05:42
BSTS,Invesco BulletShares 2028 Treasury Bond ETF,ETF,NASDAQ,24.80,0.02,0.08,2026-10-06 05:42
BSTU,Invesco BulletShares 2030 Treasury Bond ETF,ETF,NASDAQ,24.42,0.01,0.04,2026-10-06 05:42
BSTV,Invesco BulletShares 2031 Treasury Bond ETF,ETF,NASDAQ,24.27,0.00,0.02,2026-10-06 05:42
BSTZ,BlackRock Science and Technology Term Closed End Fund,주식,NYSE,31.00,0.12,0.39,2026-10-06 05:42
BSV,Vanguard Short-Term Bond Index Fund,ETF,AMEX,76.25,0.04,0.05,2026-10-06 05:42
BSVN,뱅크7,주식,NASDAQ,55.77,0.29,0.52,2026-10-06 05:42
BSVO,EA Bridgeway Omni Small-Cap Value ETF,ETF,NASDAQ,28.63,0.15,0.53,2026-10-06 05:42
BSX,보스턴 사이언티픽,주식,NYSE,42.40,-0.20,-0.47,2026-10-06 05:42
BSY,벤틀리 시스템즈,주식,NASDAQ,34.75,2.52,7.82,2026-10-06 05:42
BTA,Beacon Tactical Alternatives Risk ETF,ETF,AMEX,25.47,-0.07,-0.27,2026-10-06 05:42
BTAL,AGF US Market Neutral Anti Beta Fund,ETF,AMEX,11.91,-0.10,-0.83,2026-10-06 05:42
BTBD,BT 브랜즈,주식,NASDAQ,1.88,0.01,0.53,2026-10-06 05:42
BTBT,비트 디지털,주식,NASDAQ,1.54,-0.09,-5.52,2026-10-06 05:42
BTC,Grayscale Bitcoin Mini Trust ETF,ETF,AMEX,37.90,0.65,1.75,2026-10-06 05:42
BTCC,Grayscale Bitcoin Covered Call ETF,ETF,AMEX,13.68,0.09,0.66,2026-10-06 05:42
BTCI,NEOS Bitcoin High Income ETF,ETF,AMEX,34.41,0.49,1.44,2026-10-06 05:42
BTCK,7Rcc Spot Bitcoin And Carbon Credit Futures ETF,ETF,AMEX,27.50,-0.38,-1.35,2026-10-06 05:42
BTCL,T-Rex 2X Long Bitcoin Daily Target ETF,ETF,AMEX,20.98,0.65,3.20,2026-10-06 05:42
BTCO,Invesco Galaxy Bitcoin ETF,ETF,AMEX,85.30,1.51,1.80,2026-10-06 05:42
BTCS,BTCS,주식,NASDAQ,1.51,0.08,5.59,2026-10-06 05:42
BTCT,BTC 디지털,주식,NASDAQ,1.22,0.07,6.09,2026-10-06 05:42
BTCU,Direxion Daily Bitcoin Bull 2X ETF,ETF,AMEX,28.56,0.95,3.44,2026-10-06 05:42
BTCW,WisdomTree Bitcoin Fund,ETF,AMEX,90.52,1.52,1.71,2026-10-06 05:42
BTCZ,T-Rex 2X Inverse Bitcoin Daily Target ETF,ETF,AMEX,2.79,-0.10,-3.46,2026-10-06 05:42
BTDL,GraniteShares 2x Long BTDR Daily ETF,ETF,NASDAQ,14.17,-0.19,-1.30,2026-10-06 05:42
BTDR,빗디어 테크놀로지스,주식,NASDAQ,10.93,-0.09,-0.82,2026-10-06 05:42
BTE,배이텍스 에너지,주식,NYSE,4.68,0.05,1.08,2026-10-06 05:42
BTF,CoinShares Bitcoin and Ether ETF,ETF,NASDAQ,23.29,0.37,1.62,2026-10-06 05:42
BTG,B2골드,주식,AMEX,5.15,-0.05,-0.96,2026-10-06 05:42
BTGD,STKd 100% Bitcoin & 100% Gold ETF,ETF,NASDAQ,27.45,0.33,1.22,2026-10-06 05:42
BTGO,비트고 홀딩스,주식,NYSE,7.38,0.00,0.00,2026-10-06 05:42
BTI,브리티쉬 아메리칸 토바코 ADR,주식,NYSE,52.88,0.24,0.46,2026-10-06 05:42
BTLN,브라이트라인 인터랙티브,주식,NASDAQ,5.29,0.09,1.63,2026-10-06 05:42
BTMD,바이오티,주식,NASDAQ,1.12,-0.03,-2.61,2026-10-06 05:42
BTO,John Hancock Financial Opportunities Fund,주식,NYSE,36.16,0.15,0.42,2026-10-06 05:42
BTOC,암로지 홀딩,주식,NASDAQ,0.23,0.00,0.48,2026-10-06 05:42
BTOT,iShares Total USD Fixed Income Market ETF,ETF,AMEX,47.09,0.00,0.01,2026-10-06 05:42
BTQ,BTQ 테크놀로지스,주식,NASDAQ,3.15,-0.02,-0.63,2026-10-06 05:42
BTRN,Global X Bitcoin Trend Strategy ETF,ETF,AMEX,27.13,-0.01,-0.04,2026-10-06 05:42
BTSG,브라이트스프링 헬스 서비스,주식,NASDAQ,62.00,1.75,2.90,2026-10-06 05:42
BTSGU,BrightSpring Health Services Units,주식,NASDAQ,197.35,0.00,0.00,2026-10-06 05:42
BTT,BlackRock Municipal 2030 Target Term Trust,주식,NYSE,21.76,-0.18,-0.82,2026-10-06 05:42
BTTC,블랙 타이탄,주식,NASDAQ,0.63,-0.02,-3.82,2026-10-06 05:42
BTU,피바디 에너지,주식,NYSE,25.50,0.69,2.78,2026-10-06 05:42
BTX,BlackRock Technology and Private Equity Term Trust,주식,NYSE,9.38,0.16,1.74,2026-10-06 05:42
BTZ,BlackRock Credit Allocation Income Trust,주식,NYSE,9.29,-0.08,-0.85,2026-10-06 05:42
BUCK,Simplify Treasury Option Income ETF,ETF,AMEX,23.03,-0.05,-0.22,2026-10-06 05:42
BUD,안호이저부시 인베브 ADR,주식,NYSE,74.82,1.39,1.89,2026-10-06 05:42
BUDA,부다 주스,주식,AMEX,7.20,-0.51,-6.61,2026-10-06 05:42
BUFB,Innovator Laddered Allocation Buffer ETF,ETF,AMEX,40.72,0.28,0.69,2026-10-06 05:42
BUFC,AB Conservative Buffer ETF,ETF,NASDAQ,43.58,0.11,0.25,2026-10-06 05:42
BUFD,FT Vest Laddered Deep Buffer ETF,ETF,AMEX,30.57,0.07,0.23,2026-10-06 05:42
BUFE,FT Vest Laddered Emerging Markets Buffer ETF,ETF,AMEX,22.21,0.26,1.17,2026-10-06 05:42
BUFF,Innovator Laddered Allocation Power Buffer ETF,ETF,AMEX,54.25,0.15,0.28,2026-10-06 05:42
BUFG,FT Vest Buffered Allocation Growth ETF,ETF,AMEX,30.19,0.12,0.40,2026-10-06 05:42
BUFH,FT Vest Laddered Max Buffer ETF,ETF,AMEX,21.74,0.02,0.09,2026-10-06 05:42
BUFI,AB International Buffer ETF,ETF,NASDAQ,42.54,0.02,0.05,2026-10-06 05:42
BUFM,AB Moderate Buffer ETF,ETF,NASDAQ,41.06,0.12,0.28,2026-10-06 05:42
BUFP,PGIM Laddered S&P 500 Buffer 12 ETF,ETF,AMEX,33.15,0.11,0.33,2026-10-06 05:42
BUFQ,FT Vest Laddered Nasdaq Buffer ETF,ETF,AMEX,40.93,0.17,0.42,2026-10-06 05:42
BUFR,FT Vest Laddered Buffer ETF,ETF,AMEX,37.78,0.13,0.35,2026-10-06 05:42
BUFS,FT Vest Laddered Small Cap Moderate Buffer ETF,ETF,AMEX,24.95,0.10,0.40,2026-10-06 05:42
BUFT,FT Vest Buffered Allocation Defensive ETF,ETF,AMEX,26.47,0.04,0.13,2026-10-06 05:42
BUFX,FT Vest Laddered Enhance And Moderate Buffer ETF,ETF,AMEX,22.73,0.05,0.20,2026-10-06 05:42
BUFY,FT Vest Laddered International Moderate Buffer ETF,ETF,AMEX,23.75,0.05,0.21,2026-10-06 05:42
BUFZ,FT Vest Laddered Moderate Buffer ETF,ETF,AMEX,28.72,0.06,0.21,2026-10-06 05:42
BUG,Global X Cybersecurity ETF,ETF,NASDAQ,47.73,0.81,1.73,2026-10-06 05:42
BUI,BlackRock Utilities Infrastructure & Power Oppty,주식,NYSE,24.69,-0.18,-0.72,2026-10-06 05:42
BUIL,Rebuild America ETF,ETF,AMEX,26.14,0.15,0.59,2026-10-06 05:42
BUL,Pacer US Cash Cows Growth ETF,ETF,AMEX,61.35,0.31,0.50,2026-10-06 05:42
BULD,Pacer BlueStar Engineering the Future ETF,ETF,NASDAQ,38.21,0.67,1.77,2026-10-06 05:42
BULG,Leverage Shares 2X Long BULL Daily ETF,ETF,NASDAQ,35.06,0.09,0.26,2026-10-06 05:42
BULL,위불,주식,NASDAQ,7.36,0.02,0.27,2026-10-06 05:42
BULZ,Bank of Montreal MicroSectors FANG Innovation 3x Leveraged ETN,ETF,AMEX,44.91,0.58,1.31,2026-10-06 05:42
BUR,버포트 캐피털,주식,NYSE,3.55,-0.10,-2.74,2026-10-06 05:42
BURL,벌링턴 스토어스,주식,NYSE,271.81,-3.53,-1.28,2026-10-06 05:42
BURU,누부루,주식,AMEX,1.12,0.08,7.69,2026-10-06 05:42
BUSA,Brandes US Value ETF,ETF,AMEX,39.66,0.17,0.44,2026-10-06 05:42
BUSE,퍼스트 뷰지,주식,NASDAQ,29.51,-0.22,-0.74,2026-10-06 05:42
BUSEP,퍼스트 뷰지 우선주 Series B 8.25%,주식,NASDAQ,25.27,-0.06,-0.24,2026-10-06 05:42
BUSM,EA Bridgeway Ultra Small Company Market ETF,ETF,AMEX,16.20,0.04,0.22,2026-10-06 05:42
BUUU,BUUU 그룹,주식,NASDAQ,38.65,-0.55,-1.40,2026-10-06 05:42
BUXX,Strive Enhanced Income Short Maturity ETF,ETF,NYSE,20.15,0.01,0.05,2026-10-06 05:42
BUYB,Proshares S&P 500 Buyback Aristocrats ETF,ETF,AMEX,41.50,0.15,0.35,2026-10-06 05:42
BUYO,KraneShares Man Buyout Beta Index ETF,ETF,AMEX,32.83,0.36,1.11,2026-10-06 05:42
BUYW,Main BuyWrite ETF,ETF,AMEX,14.52,0.03,0.21,2026-10-06 05:42
BUYZ,Franklin Disruptive Commerce ETF,ETF,AMEX,35.11,0.64,1.85,2026-10-06 05:42
BUZZ,VanEck Social Sentiment ETF,ETF,AMEX,39.05,0.22,0.57,2026-10-06 05:42
BV,브라이트뷰 홀딩스,주식,NYSE,10.20,-0.08,-0.78,2026-10-06 05:42
BVAL,Bluemonte Large Cap Value ETF,ETF,AMEX,31.44,0.12,0.37,2026-10-06 05:42
BVC,BitVentures Ltd,주식,NASDAQ,11.32,-0.16,-1.39,2026-10-06 05:42
BVFL,Bv 파이낸셜,주식,NASDAQ,21.47,0.24,1.13,2026-10-06 05:42
BVN,미나스 부에나벤투라 ADR,주식,NYSE,31.59,0.20,0.64,2026-10-06 05:42
BVS,바이오벤투스,주식,NASDAQ,13.52,0.39,2.97,2026-10-06 05:42
BW,밥콕 앤 윌콕스 엔터프라이스,주식,NYSE,5.64,-0.06,-1.05,2026-10-06 05:42
BWA,보그워너,주식,NYSE,60.26,-0.26,-0.43,2026-10-06 05:42
BWAY,브레인스웨이 ADR,주식,NASDAQ,12.23,-0.27,-2.16,2026-10-06 05:42
BWB,브릿지워터 뱅크셰어스,주식,NASDAQ,20.43,-0.28,-1.35,2026-10-06 05:42
BWBBP,브릿지워터 뱅크셰어스 우선주 Series A 5.875%,주식,NASDAQ,19.35,-0.22,-1.10,2026-10-06 05:42
BWEN,브로드윈드 에너지,주식,NASDAQ,4.16,-0.09,-2.12,2026-10-06 05:42
BWET,Breakwave Tanker Shipping ETF,ETF,AMEX,890.00,17.00,1.95,2026-10-06 05:42
BWFG,뱅크웰 파이낸셜 그룹,주식,NASDAQ,66.15,-0.50,-0.75,2026-10-06 05:42
BWG,BrandywineGLOBAL Global Income Opptys Fd Inc,주식,NYSE,6.86,-0.03,-0.44,2026-10-06 05:42
BWIN,볼드윈 인슈어런스 그룹,주식,NASDAQ,31.90,0.13,0.41,2026-10-06 05:42
BWIV,블루 워터 애퀴지션 IV,주식,NYSE,9.99,0.02,0.20,2026-10-06 05:42
BWIV.U,Blue Water Acquisition IV Redeemable Units,주식,NYSE,10.11,0.00,0.00,2026-10-06 05:42
BWLP,BW LPG,주식,NYSE,25.94,0.30,1.17,2026-10-06 05:42
BWMN,보우만 컨설팅 그룹,주식,NASDAQ,42.76,0.16,0.38,2026-10-06 05:42
BWMX,베터웨어 데 멕시코,주식,NYSE,16.32,-0.18,-1.09,2026-10-06 05:42
BWOW,Bitwise Dogecoin ETF,ETF,AMEX,15.63,0.64,4.23,2026-10-06 05:42
BWQG,BWM Quality Growth ETF,ETF,AMEX,27.14,0.24,0.89,2026-10-06 05:42
BWTG,Brendan Wood TopGun ETF,ETF,AMEX,42.28,0.13,0.31,2026-10-06 05:42
BWX,State Street SPDR Bloomberg Intl TB ETF,ETF,AMEX,21.14,-0.01,-0.05,2026-10-06 05:42
BWXT,BWX 테크놀로지스,주식,NYSE,135.35,0.49,0.36,2026-10-06 05:42
BWZ,State Street SPDR Bbg ST Intl Treas Bd ETF,ETF,AMEX,26.64,-0.07,-0.26,2026-10-06 05:42
BX,블랙스톤,주식,NYSE,111.65,-0.10,-0.09,2026-10-06 05:42
BXBL,박서블,주식,NASDAQ,3.25,0.02,0.62,2026-10-06 05:42
BXC,블루링스 홀딩스,주식,NYSE,74.60,0.96,1.30,2026-10-06 05:42
BXDC,블랙스톤 디지털 인프라 트러스트,주식,NYSE,17.22,-0.05,-0.29,2026-10-06 05:42
BXMT,블랙스톤 모기지 트러스트,주식,NYSE,11.01,0.11,1.01,2026-10-06 05:42
BXP,BXP,주식,NYSE,59.37,-1.08,-1.79,2026-10-06 05:42
BXSL,블랙스톤 시큐어드 렌딩 펀드,주식,NYSE,23.52,-0.09,-0.38,2026-10-06 05:42
BY,바이라인 뱅코프,주식,NYSE,37.63,-0.11,-0.29,2026-10-06 05:42
BYAH,파크 하 바이오테크,주식,NASDAQ,2.30,-0.05,-2.13,2026-10-06 05:42
BYD,보이드 게이밍,주식,NYSE,68.71,1.46,2.17,2026-10-06 05:42
BYFC,브로드웨이 파이낸셜,주식,NASDAQ,11.61,0.19,1.66,2026-10-06 05:42
BYLD,iShares Yield Optimized Bond ETF,ETF,AMEX,21.46,-0.01,-0.05,2026-10-06 05:42
BYND,비욘드 미트,주식,NASDAQ,8.06,-0.19,-2.30,2026-10-06 05:42
BYRE,Principal Real Estate Active Opportunities ETF,ETF,AMEX,25.33,-0.15,-0.59,2026-10-06 05:42
BYRN,버나 테크놀로지스,주식,NASDAQ,3.63,0.15,4.31,2026-10-06 05:42
BYSI,비욘드스프링,주식,NASDAQ,0.79,0.00,-0.17,2026-10-06 05:42
BZ,칸준 ADR,주식,NASDAQ,15.10,0.27,1.82,2026-10-06 05:42
BZAI,블레이즈 홀딩스,주식,NASDAQ,0.44,-0.04,-9.19,2026-10-06 05:42
BZFD,버즈피드,주식,NASDAQ,1.16,0.05,4.50,2026-10-06 05:42
BZH,비저 홈스 USA,주식,NYSE,33.37,-0.03,-0.09,2026-10-06 05:42
BZQ,ProShares UltraShort MSCI Brazil Capped,ETF,AMEX,13.55,-4.55,-25.14,2026-10-06 05:42
BZUN,바오준 ADR,주식,NASDAQ,3.29,0.14,4.28,2026-10-06 05:42
BZZ,Corgi Drones & Urban Air Mobility ETF,ETF,AMEX,21.61,-0.28,-1.27,2026-10-06 05:42
C,씨티그룹,주식,NYSE,128.55,0.05,0.04,2026-10-06 05:42
CAAA,First Trust AAA CMBS ETF,ETF,AMEX,19.73,-0.01,-0.07,2026-10-06 05:42
CAAP,코퍼래시온 어메리카 에어포츠,주식,NYSE,25.54,1.24,5.10,2026-10-06 05:42
CAAS,중국 오토모티브 시스템,주식,NASDAQ,4.70,0.08,1.73,2026-10-06 05:42
CABA,카발레타 바이오,주식,NASDAQ,2.08,0.08,4.00,2026-10-06 05:42
CABO,케이블 원,주식,NYSE,11.25,-0.96,-7.86,2026-10-06 05:42
CABR,케어링 브랜즈,주식,NASDAQ,1.13,-0.03,-2.59,2026-10-06 05:42
CABZ,Roundhill Robotaxi  Autonomous Vehicles & Tech ETF,ETF,AMEX,20.03,0.19,0.96,2026-10-06 05:42
CAC,캠던 내셔널,주식,NASDAQ,56.98,-0.21,-0.37,2026-10-06 05:42
CACC,크레디트 억셉턴스,주식,NASDAQ,531.35,3.85,0.73,2026-10-06 05:42
CACI,CACI 인터내셔널,주식,NYSE,624.19,9.15,1.49,2026-10-06 05:42
CADL,캔델 테라퓨틱스,주식,NASDAQ,10.23,0.05,0.49,2026-10-06 05:42
CAE,CAE,주식,NASDAQ,23.71,-0.30,-1.23,2026-10-06 05:42
CAES,캔터 에퀴티 파트너스 VII,주식,NASDAQ,10.05,0.00,0.00,2026-10-06 05:42
CAF,Morgan Stanley China A Share Closed Fund,주식,NYSE,17.62,-0.07,-0.40,2026-10-06 05:42
CAFG,Pacer US Small Cap Cash Cows Growth Leaders ETF,ETF,NASDAQ,32.11,0.22,0.69,2026-10-06 05:42
CAFX,Congress Intermediate Bond ETF,ETF,AMEX,23.92,0.01,0.04,2026-10-06 05:42
CAG,콘아그라 브랜즈,주식,NYSE,13.19,-0.17,-1.27,2026-10-06 05:42
CAGE,Calamos Autocallable Growth ETF,ETF,AMEX,29.55,0.25,0.85,2026-10-06 05:42
CAH,카디널 헬스,주식,NYSE,233.12,4.82,2.11,2026-10-06 05:42
CAI,카리스 라이프 사이언시스,주식,NASDAQ,30.39,2.09,7.39,2026-10-06 05:42
CAIE,Calamos Autocallable Income ETF,ETF,AMEX,26.80,0.21,0.79,2026-10-06 05:42
CAII,콜렉티브 애퀴지션 II,주식,NASDAQ,10.01,0.00,0.00,2026-10-06 05:42
CAIIU,Collective Acquisition II Units,주식,NASDAQ,10.05,0.00,0.00,2026-10-06 05:42
CAIQ,Calamos Nasdaq Autocallable Income ETF,ETF,NASDAQ,26.16,0.06,0.23,2026-10-06 05:42
CAKE,치즈케익 팩토리,주식,NASDAQ,109.03,-0.62,-0.57,2026-10-06 05:42
CAL,컬레러스,주식,NYSE,12.25,0.03,0.25,2026-10-06 05:42
CALC,캘시메디카,주식,NASDAQ,1.54,-0.06,-3.75,2026-10-06 05:42
CALF,Pacer US Small Cap Cash Cows ETF,ETF,AMEX,54.18,0.33,0.61,2026-10-06 05:42
CALI,iShares Short-Term California Muni Active ETF,ETF,NASDAQ,49.80,0.03,0.06,2026-10-06 05:42
CALM,칼 메인 푸즈,주식,NASDAQ,64.99,-1.68,-2.52,2026-10-06 05:42
CALX,캘릭스,주식,NYSE,34.34,-0.47,-1.35,2026-10-06 05:42
CALY,캘러웨이 골프,주식,NYSE,14.28,-0.17,-1.18,2026-10-06 05:42
CAM,AB California Intermediate Municipal ETF X,ETF,AMEX,24.12,0.03,0.12,2026-10-06 05:42
CAMC,Corgi CAMT 2x Daily ETF,ETF,AMEX,19.16,-0.69,-3.46,2026-10-06 05:42
CAML,Congress Large Cap Growth ETF,ETF,AMEX,41.44,0.25,0.61,2026-10-06 05:42
CAMP,캠프4 테라퓨틱스,주식,NASDAQ,4.01,0.01,0.25,2026-10-06 05:42
CAMT,캠텍,주식,NASDAQ,162.05,-3.14,-1.90,2026-10-06 05:42
CAMX,Cambiar Aggressive Value ETF,ETF,AMEX,33.37,0.05,0.16,2026-10-06 05:42
CAN,카난 ADR,주식,NASDAQ,0.33,-0.02,-4.97,2026-10-06 05:42
CANC,Tema Oncology ETF,ETF,NASDAQ,41.35,0.36,0.88,2026-10-06 05:42
CANE,Teucrium Sugar Fund,ETF,AMEX,12.19,0.37,3.13,2026-10-06 05:42
CANF,캔 파이트 바이오파바 ADR,주식,AMEX,2.14,-0.04,-1.92,2026-10-06 05:42
CANG,캉고,주식,NYSE,2.72,0.05,1.87,2026-10-06 05:42
CANQ,Calamos Nasdaq Equity & Income ETF,ETF,NASDAQ,29.57,0.15,0.51,2026-10-06 05:42
CAOS,Alpha Architect Tail Risk ETF,ETF,AMEX,90.80,0.16,0.18,2026-10-06 05:42
CAPA,Defiance AI Capacitors Leaders ETF,ETF,AMEX,28.98,0.42,1.45,2026-10-06 05:42
CAPE,DoubleLine Shiller CAPE US Equities ETF,ETF,AMEX,30.83,0.02,0.06,2026-10-06 05:42
CAPL,CrossAmerica Partners Common Units,주식,NYSE,21.68,-0.10,-0.46,2026-10-06 05:42
CAPN,케이슨 애퀴지션,주식,NASDAQ,11.25,0.00,0.00,2026-10-06 05:42
CAPNR,Cayson Acquisition Rights,주식,NASDAQ,0.08,0.00,0.00,2026-10-06 05:42
CAPNU,Cayson Acquisition Units,주식,NASDAQ,11.37,0.00,0.00,2026-10-06 05:42
CAPR,캐프리코 테라퓨틱스,주식,NASDAQ,7.78,-1.17,-13.07,2026-10-06 05:42
CAPS,캡스톤 홀딩,주식,NASDAQ,0.14,0.00,-1.72,2026-10-06 05:42
CAQ,캠브리지 애퀴지션,주식,NASDAQ,10.00,0.00,0.00,2026-10-06 05:42
CAQUU,Cambridge Acquisition Units,주식,NASDAQ,10.07,0.00,0.00,2026-10-06 05:42
CAR,에이비스 버짓 그룹,주식,NASDAQ,107.98,-3.24,-2.91,2026-10-06 05:42
CARD,MAX Auto Industry 3X Inverse Leveraged ETN,ETF,AMEX,2.92,-0.05,-1.70,2026-10-06 05:42
CARE,카터 뱅크셰어스,주식,NASDAQ,30.55,-0.20,-0.65,2026-10-06 05:42
CARG,카구루스,주식,NASDAQ,29.35,-0.67,-2.23,2026-10-06 05:42
CARK,CastleArk Large Growth ETF,ETF,AMEX,49.51,0.37,0.76,2026-10-06 05:42
CARL,칼스메드,주식,NASDAQ,15.30,1.03,7.22,2026-10-06 05:42
CARR,캐리어 글로벌,주식,NYSE,55.73,0.61,1.11,2026-10-06 05:42
CARS,카스닷컴,주식,NYSE,9.70,-0.33,-3.29,2026-10-06 05:42
CART,메이플베어,주식,NASDAQ,45.67,1.42,3.21,2026-10-06 05:42
CARU,MAX Auto Industry 3X Leveraged ETN,ETF,AMEX,17.61,0.28,1.63,2026-10-06 05:42
CARX,Corgi CART 2x Daily ETF,ETF,AMEX,22.58,1.30,6.10,2026-10-06 05:42
CARY,Angel Oak Income ETF,ETF,NASDAQ,20.09,-0.02,-0.10,2026-10-06 05:42
CARZ,First Trust S-Network Future Vehicles & Tech ETF,ETF,NASDAQ,109.87,0.11,0.10,2026-10-06 05:42
CAS,Simplify China A Shares PLUS Income ETF,ETF,AMEX,23.50,0.20,0.85,2026-10-06 05:42
CASH,패스워드 파이낸셜,주식,NASDAQ,73.42,-0.54,-0.73,2026-10-06 05:42
CASS,캐스 인포메이션 시스템즈,주식,NASDAQ,54.15,0.09,0.17,2026-10-06 05:42
CAST,프리캐스트,주식,NASDAQ,1.17,-0.01,-0.85,2026-10-06 05:42
CASY,케이시스 제너럴 스토어스,주식,NASDAQ,617.33,-0.43,-0.07,2026-10-06 05:42
CAT,캐터필러,주식,NYSE,848.14,2.72,0.32,2026-10-06 05:42
CATF,American Century California Municipal Bond ETF,ETF,AMEX,47.49,0.14,0.29,2026-10-06 05:42
CATG,Leverage Shares 2X Long CAT Daily ETF,ETF,AMEX,11.26,0.13,1.17,2026-10-06 05:42
CATH,Global X S&P 500 Catholic Values ETF,ETF,NASDAQ,92.25,0.77,0.84,2026-10-06 05:42
CATL,캐탈리스트 애퀴지션,주식,NASDAQ,9.82,0.02,0.20,2026-10-06 05:42
CATLR,Catalyst Acquisition Rights Exp 28th July 2031,주식,NASDAQ,0.20,0.00,0.00,2026-10-06 05:42
CATLU,Catalyst Acquisition Units,주식,NASDAQ,9.96,0.00,0.00,2026-10-06 05:42
CATO,케이토,주식,NYSE,2.39,-0.01,-0.42,2026-10-06 05:42
CATX,퍼스펙티브 테라퓨틱스,주식,AMEX,2.57,-0.19,-6.88,2026-10-06 05:42
CATY,캐세이 제너럴 뱅코프,주식,NASDAQ,60.48,-0.36,-0.59,2026-10-06 05:42
CAUG,Corgi U.S. Equities 15% Strctrd Bffr ETF - Aug S,ETF,AMEX,25.50,0.08,0.33,2026-10-06 05:42
CAVA,카바 그룹,주식,NYSE,54.10,-0.31,-0.57,2026-10-06 05:42
CB,처브,주식,NYSE,330.49,-0.40,-0.12,2026-10-06 05:42
CBAN,콜로니 뱅코프,주식,NYSE,20.41,-0.04,-0.20,2026-10-06 05:42
CBAT,CBAK 에너지 테크놀러지,주식,NASDAQ,1.31,-0.08,-5.76,2026-10-06 05:42
CBC,센트럴 밴컴퍼니,주식,NASDAQ,31.93,-0.10,-0.31,2026-10-06 05:42
CBFV,CB 파이낸셜 서비스,주식,NASDAQ,37.01,0.16,0.43,2026-10-06 05:42
CBIL,Corgi 3-12 Month T-Bill ETF,ETF,AMEX,24.82,0.00,0.02,2026-10-06 05:42
CBIO,크레센트 바이오파마,주식,NASDAQ,13.94,-0.38,-2.65,2026-10-06 05:42
CBK,커머셜 뱅크그룹,주식,NASDAQ,31.28,-0.61,-1.90,2026-10-06 05:42
CBL,CBL & 어소시에이츠 프로퍼티스,주식,NYSE,54.21,-0.49,-0.90,2026-10-06 05:42
CBLL,세리벨,주식,NASDAQ,24.86,1.17,4.94,2026-10-06 05:42
CBLS,Clough Hedged Equity ETF,ETF,AMEX,32.22,0.38,1.20,2026-10-06 05:42
CBNA,체인 브리지 뱅코프,주식,NYSE,47.02,-0.25,-0.53,2026-10-06 05:42
CBNK,캐피털 뱅코프,주식,NASDAQ,40.02,-0.43,-1.06,2026-10-06 05:42
CBOA,Calamos Bitcoin Structured Alt Protection ETF April,ETF,AMEX,25.19,0.04,0.14,2026-10-06 05:42
CBOE,Cboe 글로벌 마켓,주식,AMEX,277.47,6.21,2.29,2026-10-06 05:42
CBOJ,Calamos Bitcoin Structured Alt Protectn ETF - Jan,ETF,AMEX,24.53,0.09,0.36,2026-10-06 05:42
CBOL,Calamos Laddered Bitcoin Structured Alt Protection ETF,ETF,AMEX,24.13,0.04,0.16,2026-10-06 05:42
CBON,VanEck China Bond ETF,ETF,AMEX,24.15,0.00,0.00,2026-10-06 05:42
CBOO,Calamos Bitcoin Structured Alt Pro ETF - Oct,ETF,AMEX,24.67,-0.02,-0.08,2026-10-06 05:42
CBOT,Corgi Robots & Humanoids ETF,ETF,AMEX,24.37,0.30,1.24,2026-10-06 05:42
CBOX,Calamos Tax Aware Collateral ETF,ETF,AMEX,101.81,-0.10,-0.10,2026-10-06 05:42
CBOY,Calamos Bitcoin Structured Alt Protectn ETF - July,ETF,AMEX,25.27,0.00,0.00,2026-10-06 05:42
CBRE,CBRE 그룹,주식,NYSE,129.40,-0.18,-0.14,2026-10-06 05:42
CBRG,Leverage Shares 2X Long CBRS Daily ETF,ETF,AMEX,2.76,0.41,17.45,2026-10-06 05:42
CBRL,크래커 배럴 올드 컨트리 스토어,주식,NASDAQ,56.32,0.56,1.00,2026-10-06 05:42
CBRS,세레브라스 시스템스,주식,NASDAQ,181.55,15.12,9.08,2026-10-06 05:42
CBRX,Tradr 2X Long CBRS Daily ETF,ETF,AMEX,8.29,1.26,17.92,2026-10-06 05:42
CBRZ,Tradr 2X Short CBRS Daily ETF,ETF,AMEX,9.70,-2.14,-18.07,2026-10-06 05:42
CBSE,Clough Select Equity ETF,ETF,AMEX,48.41,0.55,1.14,2026-10-06 05:42
CBSH,커머스 뱅크셰어스,주식,NASDAQ,55.14,-0.14,-0.25,2026-10-06 05:42
CBT,캐보트,주식,NYSE,77.38,0.43,0.56,2026-10-06 05:42
CBTA,Calamos Bitcoin 80 Series Structured Alt Protection ETF April,ETF,AMEX,24.95,0.23,0.91,2026-10-06 05:42
CBTJ,Calamos Bitcoin 80 Series Struc Alt Pro ETF - Jan,ETF,AMEX,21.14,0.27,1.31,2026-10-06 05:42
CBTL,Calamos Laddered Bitcoin 80 Srs Struc Alt Pro ETF,ETF,AMEX,20.09,0.16,0.80,2026-10-06 05:42
CBTO,Calamos Bitcoin 80 Series Struc Alt Pro ETF - Oct,ETF,AMEX,19.81,0.01,0.05,2026-10-06 05:42
CBTY,Calamos Bitcoin 80 Series Struc Alt Pro ETF - Jul,ETF,AMEX,22.79,0.17,0.74,2026-10-06 05:42
CBU,커뮤니티 파이낸셜 시스템,주식,NYSE,60.13,-0.56,-0.92,2026-10-06 05:42
CBUS,씨버스,주식,NASDAQ,1.68,-0.03,-1.75,2026-10-06 05:42
CBXA,Calamos Bitcoin 90 Series Structured Alt Protection ETF April,ETF,AMEX,23.97,0.12,0.50,2026-10-06 05:42
CBXJ,Calamos Bitcoin 90 Series Struc Alt Pro ETF - Jan,ETF,AMEX,22.38,0.22,0.98,2026-10-06 05:42
CBXL,Calamos Laddered Bitcoin 90 Srs Struc Alt Pro ETF,ETF,AMEX,21.62,0.11,0.50,2026-10-06 05:42
CBXO,Calamos Bitcoin 90 Series Struc Alt Pro ETF - Oct,ETF,AMEX,22.22,0.00,0.00,2026-10-06 05:42
CBXY,Calamos Bitcoin 90 Series Struc Alt Pro ETF - July,ETF,AMEX,24.24,0.10,0.43,2026-10-06 05:42
CBZ,CBIZ,주식,NYSE,54.72,0.03,0.05,2026-10-06 05:42
CC,케무어스,주식,NYSE,13.89,0.18,1.31,2026-10-06 05:42
CCAP,크레센트 캐피탈 BDC,주식,NASDAQ,9.02,0.00,0.00,2026-10-06 05:42
CCAQ,콜렉티브 애퀴지션,주식,NASDAQ,10.49,-0.20,-1.87,2026-10-06 05:42
CCAQU,Collective Acquisition Units,주식,NASDAQ,10.68,0.00,0.00,2026-10-06 05:42
CCB,코스탈 파이낸셜,주식,NASDAQ,40.95,0.78,1.94,2026-10-06 05:42
CCBG,캐피털 시티 뱅크 그룹,주식,NASDAQ,49.31,-0.35,-0.70,2026-10-06 05:42
CCC,CCC 인텔리전트,주식,NASDAQ,6.58,0.02,0.30,2026-10-06 05:42
CCCC,C4 테라퓨틱스,주식,NASDAQ,2.99,0.04,1.36,2026-10-06 05:42
CCCT,콜럼버스 서클 캐피탈 III,주식,NASDAQ,9.84,0.00,0.00,2026-10-06 05:42
CCCTU,Columbus Circle Capital III Units,주식,NASDAQ,10.03,0.00,0.00,2026-10-06 05:42
CCD,Calamos Dynamic Convertible And Income Closed Fund,주식,NASDAQ,22.90,0.08,0.35,2026-10-06 05:42
CCEC,캐피털 클린 에너지 캐리어스,주식,NASDAQ,20.70,-0.29,-1.38,2026-10-06 05:42
CCEF,Calamos CEF Income & Arbitrage ETF,ETF,AMEX,28.38,-0.16,-0.58,2026-10-06 05:42
CCEL,크라이오-셀 인터내셔널,주식,AMEX,3.71,-0.28,-7.02,2026-10-06 05:42
CCEP,코카-콜라 유로퍼시픽 파트너스,주식,NASDAQ,101.47,0.41,0.41,2026-10-06 05:42
CCFE,Concourse Capital Focused Equity ETF,ETF,NASDAQ,24.10,0.06,0.23,2026-10-06 05:42
CCG,체체 그룹,주식,NASDAQ,5.03,-0.32,-5.98,2026-10-06 05:42
CCHH,CCH 홀딩스,주식,NASDAQ,0.99,-0.03,-2.72,2026-10-06 05:42
CCI,크라운 캐슬,주식,NYSE,67.58,1.14,1.72,2026-10-06 05:42
CCID,칼라일 크레딧 인컴 우선주 Series D 7.375%,주식,NYSE,24.87,-0.02,-0.08,2026-10-06 05:42
CCIF,Carlyle Credit Income Fund,주식,NYSE,2.39,-0.06,-2.45,2026-10-06 05:42
CCII,코헨 서클 애퀴지션 II,주식,NASDAQ,10.29,-0.02,-0.19,2026-10-06 05:42
CCIIU,Cohen Circle Acquisition II Units,주식,NASDAQ,10.46,0.00,0.00,2026-10-06 05:42
CCJ,카메코,주식,NYSE,87.47,2.29,2.69,2026-10-06 05:42
CCK,크라운 홀딩스,주식,NYSE,106.58,0.53,0.50,2026-10-06 05:42
CCL,카니발,주식,NYSE,25.56,-0.20,-0.78,2026-10-06 05:42
CCLD,케어 클라우드,주식,NASDAQ,2.04,0.02,0.99,2026-10-06 05:42
CCM,콩코드 메디컬 서비스 홀딩스 ADR,주식,NYSE,3.12,-0.05,-1.58,2026-10-06 05:42
CCML,Roundhill MLCC & Electronic Components ETF,ETF,NASDAQ,28.54,0.10,0.35,2026-10-06 05:42
CCNE,CNB 파이낸셜,주식,NASDAQ,34.01,-0.09,-0.26,2026-10-06 05:42
CCNEP,CNB 파이낸셜 우선주 시리즈 A 7.125%,주식,NASDAQ,24.75,0.07,0.28,2026-10-06 05:42
CCNR,ALPS CoreCommodity Natural Resources ETF,ETF,NASDAQ,38.92,0.16,0.40,2026-10-06 05:42
CCO,클리어 채널 아웃도어 홀딩스,주식,NYSE,2.40,0.01,0.42,2026-10-06 05:42
CCOI,코젠트 커뮤니케이션스 홀딩스,주식,NASDAQ,8.88,0.42,4.96,2026-10-06 05:42
CCOM,Simplify Chinese Commodities Strategy No K-1 ETF,ETF,AMEX,23.79,-0.01,-0.02,2026-10-06 05:42
CCOR,Core Alternative ETF,ETF,AMEX,25.06,0.01,0.04,2026-10-06 05:42
CCPX,Corgi China 2X Daily ETF,ETF,AMEX,20.97,0.76,3.76,2026-10-06 05:42
CCRP,Columbia Corporate Bond ETF,ETF,AMEX,18.62,0.01,0.07,2026-10-06 05:42
CCS,센츄리 커뮤니티스,주식,NYSE,58.13,-1.74,-2.91,2026-10-06 05:42
CCSB,Carbon Collective Short Duration Green Bond ETF,ETF,NASDAQ,19.33,0.02,0.08,2026-10-06 05:42
CCSI,콘센서스 클라우드 솔루션스,주식,NASDAQ,36.38,1.02,2.88,2026-10-06 05:42
CCSO,Carbon Collective Climate Solutions US Eqty ETF,ETF,NASDAQ,25.08,0.25,1.00,2026-10-06 05:42
CCTG,CCSC 테크놀로지 인터내셔널 홀딩스,주식,NASDAQ,0.46,0.01,1.70,2026-10-06 05:42
CCU,세르베세리아스 우니다스 ADR,주식,NYSE,10.98,0.39,3.68,2026-10-06 05:42
CCUP,T-REX 2X Long CRCL Daily Target ETF,ETF,AMEX,21.51,1.38,6.84,2026-10-06 05:42
CCXI,처칠 캐피털 XI,주식,NASDAQ,12.07,0.08,0.67,2026-10-06 05:42
CCXIU,Churchill Capital XI Units,주식,NASDAQ,12.50,0.00,0.00,2026-10-06 05:42
CCZ,컴캐스트 홀딩스 후순위 채권 2% 만기 2029년 10월,주식,NYSE,62.90,0.00,0.00,2026-10-06 05:42
CD,체인스 디지털 홀딩스,주식,NASDAQ,7.51,0.77,11.42,2026-10-06 05:42
CDC,VictoryShares US EQ Income Enh Vol Wtd ETF,ETF,NASDAQ,72.01,0.15,0.21,2026-10-06 05:42
CDE,쾨르 마이닝,주식,NYSE,17.05,-0.61,-3.45,2026-10-06 05:42
CDEI,Calvert US Large-Cap Diversity  Eqty & Inc Idx ETF,ETF,AMEX,95.00,0.46,0.49,2026-10-06 05:42
CDIG,City Different Investments Global Equity ETF,ETF,NASDAQ,25.65,0.53,2.11,2026-10-06 05:42
CDIO,카디오 다이어그노스틱스,주식,NASDAQ,2.06,0.10,5.10,2026-10-06 05:42
CDL,VictoryShares US LgCp High Div Vol Wtd ETF,ETF,NASDAQ,75.14,0.16,0.21,2026-10-06 05:42
CDLR,카델러 A/S ADR,주식,NYSE,21.90,-0.28,-1.26,2026-10-06 05:42
CDLX,카들리틱스,주식,NASDAQ,2.76,0.23,9.09,2026-10-06 05:42
CDNA,케어Dx,주식,NASDAQ,69.85,2.70,4.02,2026-10-06 05:42
CDNG,Leverage Shares 2X Long CDNS Daily ETF,ETF,AMEX,11.28,0.17,1.57,2026-10-06 05:42
CDNL,카디널 인프라스트럭처 그룹,주식,NASDAQ,28.71,-2.02,-6.57,2026-10-06 05:42
CDNS,케이던스 디자인 시스템즈,주식,NASDAQ,353.48,2.13,0.61,2026-10-06 05:42
CDP,COPT 디펜스 프로퍼티스,주식,NYSE,33.36,-0.21,-0.63,2026-10-06 05:42
CDPI,Columbia Research Enhanced Core Premium Income ETF,ETF,AMEX,19.61,-0.02,-0.09,2026-10-06 05:42
CDRE,캐드리 홀딩스,주식,NYSE,25.00,0.00,0.00,2026-10-06 05:42
CDRO,코더 온라인 룩셈부르크,주식,NASDAQ,9.45,-0.05,-0.53,2026-10-06 05:42
CDT,CDT 에퀴티,주식,NASDAQ,0.92,-0.07,-7.30,2026-10-06 05:42
CDTG,CDT 인바이어런먼털 테크놀로지 인베스트먼트 홀딩스,주식,NASDAQ,1.03,-0.04,-3.74,2026-10-06 05:42
CDW,CDW,주식,NASDAQ,133.92,0.63,0.47,2026-10-06 05:42
CDX,Simplify High Yield ETF,ETF,AMEX,20.24,-0.01,-0.03,2026-10-06 05:42
CDXS,코덱시스,주식,NASDAQ,1.39,0.03,2.21,2026-10-06 05:42
CDZI,카디즈,주식,NASDAQ,3.57,-0.26,-6.79,2026-10-06 05:42
CDZIP,카디즈 우선주 8.875%,주식,NASDAQ,21.56,-0.08,-0.37,2026-10-06 05:42
CE,셀라니즈 코퍼레이션,주식,NYSE,45.53,1.34,3.03,2026-10-06 05:42
CECO,CECO 인바이런먼털,주식,NASDAQ,74.96,1.30,1.76,2026-10-06 05:42
CEE,Central and Eastern Europe Fund Inc,주식,NYSE,18.35,0.23,1.27,2026-10-06 05:42
CEF,Sprott Physical Gold and Silver Trust USD,ETF,AMEX,41.52,0.04,0.10,2026-10-06 05:42
CEFA,Global X S&P Catholic Values Developed ex-US ETF,ETF,NASDAQ,40.36,0.06,0.15,2026-10-06 05:42
CEFD,ETRACS Monthly Pay 1.5X Leveraged Closed End Fund Index ETN,ETF,AMEX,17.59,-0.28,-1.58,2026-10-06 05:42
CEFS,Saba Opportunistically Hedged Closed End Funds ETF,ETF,AMEX,24.75,-0.05,-0.20,2026-10-06 05:42
CEFZ,RiverNorth Active Income ETF,ETF,AMEX,7.92,0.00,0.03,2026-10-06 05:42
CEG,콘스텔레이션 에너지,주식,NASDAQ,267.62,10.13,3.93,2026-10-06 05:42
CEGX,Tradr 2X Long Ceg Daily ETF,ETF,AMEX,12.75,0.91,7.69,2026-10-06 05:42
CELC,셀큐이티,주식,NASDAQ,73.62,1.52,2.11,2026-10-06 05:42
CELH,셀시어스 홀딩스,주식,NASDAQ,27.52,0.77,2.88,2026-10-06 05:42
CELU,셀룰레리티,주식,NASDAQ,1.71,0.11,6.88,2026-10-06 05:42
CELZ,크리에이티브 메디컬 테크놀로지 홀딩스,주식,NASDAQ,0.92,-0.03,-2.79,2026-10-06 05:42
CEMB,iShares JP Morgan EM Corporate Bond ETF,ETF,AMEX,43.81,0.07,0.15,2026-10-06 05:42
CENN,센트로,주식,NASDAQ,3.79,0.01,0.33,2026-10-06 05:42
CENT,센트럴 가든 앤드 펫,주식,NASDAQ,39.70,-0.11,-0.28,2026-10-06 05:42
CENTA,센트럴 가든 앤드 펫 Class A,주식,NASDAQ,34.26,-0.02,-0.06,2026-10-06 05:42
CENX,센추리 알루미늄,주식,NASDAQ,36.94,1.32,3.71,2026-10-06 05:42
CEPF,캔터 에쿼티 파트너스 IV,주식,NASDAQ,10.28,0.01,0.08,2026-10-06 05:42
CEPI,REX Crypto Equity Premium Income ETF,ETF,NASDAQ,31.70,0.32,1.02,2026-10-06 05:42
CEPL,캡스톤 에너지+,주식,NASDAQ,4.15,-0.35,-7.68,2026-10-06 05:42
CEPO,칸토 에퀴티 파트너스 I,주식,NASDAQ,10.76,0.01,0.05,2026-10-06 05:42
CEPS,캔터 에퀴티 파트너스 Vi,주식,NASDAQ,10.27,-0.01,-0.10,2026-10-06 05:42
CEPU,센트럴 푸에르토 ADR,주식,NYSE,12.43,0.75,6.42,2026-10-06 05:42
CEPV,칸토르 에퀴티 파트너스 V,주식,NASDAQ,10.27,-0.02,-0.19,2026-10-06 05:42
CERS,세러스,주식,NASDAQ,2.34,0.06,2.63,2026-10-06 05:42
CERT,서타라,주식,NASDAQ,10.07,0.71,7.59,2026-10-06 05:42
CERY,State Street SPDR Bbg En Rll Yld Cm Str No K-1 ETF,ETF,AMEX,39.57,0.22,0.56,2026-10-06 05:42
CET,Central Securities Closed Fund,주식,AMEX,56.24,0.05,0.09,2026-10-06 05:42
CETX,셈트렉스,주식,NASDAQ,1.95,-0.09,-4.41,2026-10-06 05:42
CETY,클린 에너지 테크놀로지스,주식,NASDAQ,0.96,-0.02,-1.54,2026-10-06 05:42
CEV,Eaton Vance California Municipal Income Closed Fund,주식,AMEX,10.27,-0.11,-1.06,2026-10-06 05:42
CEVA,세바,주식,NASDAQ,36.66,-0.44,-1.19,2026-10-06 05:42
CEW,WisdomTree Emerging Currency Strategy Fund,ETF,AMEX,19.65,0.12,0.59,2026-10-06 05:42
CF,CF 인더스트리스 홀딩스,주식,NYSE,116.02,1.01,0.88,2026-10-06 05:42
CFA,VictoryShares US 500 Volatility Wtd ETF,ETF,NASDAQ,97.12,0.59,0.61,2026-10-06 05:42
CFBK,CF 뱅크셰어스,주식,NASDAQ,34.55,0.13,0.38,2026-10-06 05:42
CFFI,C&F 파이낸셜,주식,NASDAQ,99.46,1.16,1.18,2026-10-06 05:42
CFFN,캐피톨 페더럴 파이낸셜,주식,NASDAQ,8.55,-0.03,-0.35,2026-10-06 05:42
CFG,시티즌스 파이낸셜 그룹,주식,NYSE,64.31,-0.02,-0.03,2026-10-06 05:42
CFIT,Cambria Fixed Income Trend ETF,ETF,AMEX,25.20,-0.02,-0.07,2026-10-06 05:42
CFND,C1 펀드,주식,NYSE,2.99,-0.06,-1.96,2026-10-06 05:42
CFO,VictoryShares US 500 Enhanced Volatility Wtd ETF,ETF,NASDAQ,78.74,0.49,0.62,2026-10-06 05:42
CFR,컬런/프로스트 뱅커스,주식,NYSE,153.83,-1.21,-0.78,2026-10-06 05:42
CG,칼라일 그룹,주식,NASDAQ,39.32,-0.50,-1.26,2026-10-06 05:42
CGABL,Carlyle Group 4 625 Subordinated Notes due 2061,주식,NASDAQ,15.41,-0.01,-0.03,2026-10-06 05:42
CGAU,센테라 골드,주식,NYSE,21.56,0.13,0.61,2026-10-06 05:42
CGBD,칼라일 시큐어드 렌딩,주식,NASDAQ,10.56,-0.09,-0.85,2026-10-06 05:42
CGBL,Capital Group Core Balanced ETF,ETF,AMEX,37.12,0.19,0.51,2026-10-06 05:42
CGC,캐노피 그로스,주식,NASDAQ,0.88,0.01,1.04,2026-10-06 05:42
CGCB,Capital Group Core Bond ETF,ETF,AMEX,24.92,-0.02,-0.08,2026-10-06 05:42
CGCF,카르테시안 그로스 IV,주식,NASDAQ,9.81,-0.01,-0.05,2026-10-06 05:42
CGCFU,Cartesian Growth IV Units,주식,NASDAQ,9.95,0.04,0.44,2026-10-06 05:42
CGCP,Capital Group Core Plus Income ETF,ETF,AMEX,21.15,-0.03,-0.14,2026-10-06 05:42
CGCV,Capital Group Conservative Equity ETF,ETF,AMEX,32.48,0.17,0.53,2026-10-06 05:42
CGDG,Capital Group Dividend Growers ETF,ETF,AMEX,37.22,0.13,0.35,2026-10-06 05:42
CGDV,Capital Group Dividend Value ETF,ETF,AMEX,49.56,0.36,0.73,2026-10-06 05:42
CGEM,컬리넌 테라퓨틱스,주식,NASDAQ,16.04,0.53,3.42,2026-10-06 05:42
CGEN,컴퓨젠,주식,NASDAQ,2.31,0.00,0.00,2026-10-06 05:42
CGFS,CG Flagship Equity ETF,ETF,AMEX,25.54,0.15,0.58,2026-10-06 05:42
CGGE,Capital Group Global Equity ETF,ETF,AMEX,35.28,0.18,0.51,2026-10-06 05:42
CGGG,Capital Group US Large Growth ETF,ETF,AMEX,29.43,0.37,1.27,2026-10-06 05:42
CGGO,Capital Group Global Growth Equity ETF,ETF,AMEX,40.19,0.24,0.60,2026-10-06 05:42
CGGR,Capital Group Growth ETF,ETF,AMEX,48.33,0.52,1.09,2026-10-06 05:42
CGHM,Capital Group Municipal High Income ETF,ETF,AMEX,24.12,0.04,0.17,2026-10-06 05:42
CGHY,Capital Group High Yield Bond ETF,ETF,AMEX,24.43,0.02,0.08,2026-10-06 05:42
CGIB,Capital Group International Bond ETF USD Hedged,ETF,AMEX,24.94,0.00,0.00,2026-10-06 05:42
CGIC,Capital Group International Core Equity ETF,ETF,AMEX,36.36,0.28,0.76,2026-10-06 05:42
CGIE,Capital Group International Equity ETF,ETF,AMEX,36.81,0.09,0.25,2026-10-06 05:42
CGMM,Capital Group US Small and Mid Cap ETF,ETF,AMEX,31.65,0.26,0.83,2026-10-06 05:42
CGMS,Capital Group US Multi-Sector Inc. ETF,ETF,AMEX,26.25,0.01,0.04,2026-10-06 05:42
CGMU,Capital Group Municipal Income ETF,ETF,AMEX,26.01,0.00,0.00,2026-10-06 05:42
CGNG,Capital Group New Geography Equity ETF,ETF,AMEX,37.57,0.69,1.87,2026-10-06 05:42
CGNT,코그나이트 소프트웨어,주식,NASDAQ,8.77,0.03,0.34,2026-10-06 05:42
CGNX,코그넥스,주식,NASDAQ,64.37,-0.60,-0.92,2026-10-06 05:42
CGO,Calamos Global Total Return Closed Fund,주식,NASDAQ,12.68,-0.01,-0.04,2026-10-06 05:42
CGON,CG 온콜로지,주식,NASDAQ,68.71,1.33,1.97,2026-10-06 05:42
CGOV,Corgi 0-3 Month T-Bill ETF,ETF,AMEX,25.03,0.01,0.04,2026-10-06 05:42
CGPT,VegaShares AI Inference ETF,ETF,NASDAQ,20.06,0.35,1.75,2026-10-06 05:42
CGRO,CoreValues Alpha Greater China Growth ETF,ETF,AMEX,16.33,0.30,1.90,2026-10-06 05:42
CGSD,Capital Group Short Duration Inc. ETF,ETF,AMEX,25.29,0.01,0.04,2026-10-06 05:42
CGSM,Capital Group Short Duration Municipal Income ETF,ETF,AMEX,25.76,-0.02,-0.08,2026-10-06 05:42
CGTL,크리에이티브 글로벌 테크놀로지 홀딩스,주식,NASDAQ,3.75,-0.01,-0.27,2026-10-06 05:42
CGTX,코그니션 테라퓨틱스,주식,NASDAQ,0.94,0.01,1.41,2026-10-06 05:42
CGUI,Capital Group Ultra Short Income ETF,ETF,AMEX,25.23,0.02,0.08,2026-10-06 05:42
CGUS,Capital Group Core Equity ETF,ETF,AMEX,45.29,0.35,0.78,2026-10-06 05:42
CGV,Conductor Global Equity Value ETF,ETF,NYSE,15.82,0.13,0.80,2026-10-06 05:42
CGVV,Capital Group US Large Value ETF,ETF,AMEX,31.25,0.16,0.51,2026-10-06 05:42
CGW,Invesco S&P Global Water Index ETF,ETF,AMEX,63.70,0.92,1.46,2026-10-06 05:42
CGXU,Capital Group International Focus Equity ETF,ETF,AMEX,34.99,0.28,0.81,2026-10-06 05:42
CHA,차지 홀딩스 ADR,주식,NASDAQ,11.19,0.21,1.91,2026-10-06 05:42
CHAD,데피 디벨롭먼트 우선주 Series C,주식,NASDAQ,9.46,0.37,4.02,2026-10-06 05:42
CHAI,코어 AI 홀딩스,주식,NASDAQ,0.28,0.00,-0.42,2026-10-06 05:42
CHAR,찰톤 아리아 애퀴지션,주식,NASDAQ,10.97,0.00,0.00,2026-10-06 05:42
CHARR,Charlton Aria Acquisition Rights,주식,NASDAQ,0.10,0.00,0.00,2026-10-06 05:42
CHARU,Charlton Aria Acquisition Units,주식,NASDAQ,10.93,0.00,0.00,2026-10-06 05:42
CHAT,Roundhill Generative AI & Technology ETF,ETF,AMEX,95.30,0.07,0.07,2026-10-06 05:42
CHAU,Direxion Daily CSI 300 China A Share Bull 2X ETF,ETF,AMEX,19.33,0.14,0.73,2026-10-06 05:42
CHCI,컴스톡 홀딩,주식,NASDAQ,19.17,0.40,2.13,2026-10-06 05:42
CHCO,시티 홀딩,주식,NASDAQ,141.77,-1.05,-0.74,2026-10-06 05:42
CHCT,커뮤니티 헬스케어 트러스트,주식,NYSE,13.36,-0.26,-1.91,2026-10-06 05:42
CHD,처치 & 드와이트,주식,NYSE,95.66,1.35,1.43,2026-10-06 05:42
CHDG,Calamos Active Hedged Equity ETF,ETF,AMEX,25.33,0.09,0.36,2026-10-06 05:42
CHDN,처칠 다운스,주식,NASDAQ,77.57,1.52,2.00,2026-10-06 05:42
CHE,케미드,주식,NYSE,511.30,3.80,0.75,2026-10-06 05:42
CHEC,청허 애퀴지션 III,주식,NASDAQ,10.29,0.00,0.00,2026-10-06 05:42
CHECU,Chenghe Acquisition III Units,주식,NASDAQ,10.49,0.24,2.34,2026-10-06 05:42
CHEF,셰프스 웨어하우스,주식,NASDAQ,111.07,-5.35,-4.60,2026-10-06 05:42
CHGA,체인지 에이전츠,주식,NASDAQ,2.29,-0.22,-8.76,2026-10-06 05:42
CHGG,체그,주식,NYSE,0.72,-0.02,-2.38,2026-10-06 05:42
CHGX,Stance Sustainable Beta ETF,ETF,NASDAQ,33.54,0.21,0.62,2026-10-06 05:42
CHH,초이스 호텔스 인터내셔널,주식,NYSE,99.58,-2.92,-2.85,2026-10-06 05:42
CHI,Calamos Convertible Opportunities and Income Closed Fund,주식,NASDAQ,11.53,-0.05,-0.39,2026-10-06 05:42
CHIP,REX AI Chipmaking ETF,ETF,NASDAQ,28.04,0.00,-0.01,2026-10-06 05:42
CHIQ,Global X MSCI China Consumer Discretionary ETF,ETF,AMEX,15.79,0.24,1.54,2026-10-06 05:42
CHKP,체크 포인트 소프트웨어 테크놀로지,주식,NASDAQ,129.58,-0.77,-0.59,2026-10-06 05:42
CHMG,셔멍 파이낸셜,주식,NASDAQ,81.91,-0.02,-0.02,2026-10-06 05:42
CHMI,체리힐 모기지 인베스트먼트,주식,NYSE,2.60,-0.04,-1.52,2026-10-06 05:42
CHNL,Chainlink ETF,ETF,AMEX,32.05,0.68,2.18,2026-10-06 05:42
CHNR,차이나 내츄럴 리소스,주식,NASDAQ,3.87,0.01,0.26,2026-10-06 05:42
CHNU,2x Chainlink ETF,ETF,AMEX,38.93,1.76,4.73,2026-10-06 05:42
CHOW,차우차우 클라우드 인터내셔널 홀딩스,주식,AMEX,0.55,-0.01,-2.09,2026-10-06 05:42
CHPG,챔피언스게이트 애퀴지션,주식,NASDAQ,10.52,0.04,0.38,2026-10-06 05:42
CHPGR,ChampionsGate Acquisition Rights Exp 14th May 2030,주식,NASDAQ,0.12,-0.01,-4.64,2026-10-06 05:42
CHPGU,Championsgate Acquisition Units,주식,NASDAQ,10.48,0.00,0.00,2026-10-06 05:42
CHPS,Xtrackers Semiconductor Select Equity ETF,ETF,NASDAQ,94.28,0.37,0.39,2026-10-06 05:42
CHPT,차지포인트 홀딩스,주식,NYSE,8.93,-0.36,-3.88,2026-10-06 05:42
CHPX,Global X AI Semiconductor & Quantum ETF,ETF,NASDAQ,104.48,0.33,0.32,2026-10-06 05:42
CHPY,YieldMax Semiconductor Portfolio Option Income ETF,ETF,AMEX,71.65,0.11,0.15,2026-10-06 05:42
CHR,치어 홀딩,주식,NASDAQ,1.55,-0.10,-6.06,2026-10-06 05:42
CHRD,코드 에너지,주식,NASDAQ,139.11,2.10,1.53,2026-10-06 05:42
CHRI,Global X S&P 500 Christian Values,ETF,NASDAQ,92.39,0.68,0.74,2026-10-06 05:42
CHRN,크로노스케일,주식,NASDAQ,18.60,-0.61,-3.18,2026-10-06 05:42
CHRS,코히러스 온콜로지,주식,NASDAQ,1.12,-0.04,-3.45,2026-10-06 05:42
CHRW,CH 로빈슨 월드와이드,주식,NASDAQ,140.61,-17.11,-10.85,2026-10-06 05:42
CHSCL,CHS 클래스 B 우선주 시리즈 4 7.5%,주식,NASDAQ,25.11,0.02,0.08,2026-10-06 05:42
CHSCM,CHS 클래스 B 우선주 시리즈 3,주식,NASDAQ,23.75,-0.11,-0.46,2026-10-06 05:42
CHSCN,CHS 클래스 B 우선주 시리즈 2,주식,NASDAQ,24.35,-0.04,-0.16,2026-10-06 05:42
CHSCO,CHS 우선주 클래스 B 7.875%,주식,NASDAQ,25.65,-0.03,-0.12,2026-10-06 05:42
CHSCP,CHS 우선주 8%,주식,NASDAQ,26.09,-0.11,-0.42,2026-10-06 05:42
CHSN,샹송 인터내셔널 홀딩,주식,NASDAQ,1.06,-0.02,-1.85,2026-10-06 05:42
CHT,중화 텔레콤 ADR,주식,NYSE,46.15,-0.01,-0.02,2026-10-06 05:42
CHTR,차터 커뮤니케이션,주식,NASDAQ,107.77,-1.52,-1.39,2026-10-06 05:42
CHTRP,차터 커뮤니케이션스 우선주 Series A,주식,NASDAQ,22.16,-0.02,-0.10,2026-10-06 05:42
CHW,Calamos Global Dynamic Income Closed Fund,주식,NASDAQ,8.02,0.02,0.25,2026-10-06 05:42
CHWY,츄이,주식,NYSE,18.22,0.05,0.28,2026-10-06 05:42
CHY,Calamos Convertible and High Income Closed Fund,주식,NASDAQ,11.66,-0.06,-0.51,2026-10-06 05:42
CHYG,Corgi 0-5 Year High Yield Corporate Bond ETF,ETF,AMEX,24.45,0.00,0.00,2026-10-06 05:42
CHYM,차임 파이낸셜,주식,NASDAQ,28.29,1.04,3.82,2026-10-06 05:42
CI,시그나,주식,NYSE,271.29,0.76,0.28,2026-10-06 05:42
CIA,시티즌스,주식,NYSE,3.56,0.02,0.57,2026-10-06 05:42
CIB,그루포 시베스트 ADR,주식,NYSE,96.06,4.15,4.52,2026-10-06 05:42
CIBR,First Trust NASDAQ Cybersecurity ETF,ETF,NASDAQ,106.01,1.31,1.25,2026-10-06 05:42
CICB,CION Investment 7 50 Notes due 2029,주식,NYSE,24.47,-0.01,-0.04,2026-10-06 05:42
CICC,CION Investment 7 50 Notes due 2031,주식,NYSE,24.67,0.05,0.20,2026-10-06 05:42
CIEG,Leverage Shares 2X Long CIEN Daily ETF,ETF,AMEX,4.96,-0.06,-1.10,2026-10-06 05:42
CIEI,Corgi 3-7 Year Treasury Bond ETF,ETF,AMEX,24.21,0.00,0.00,2026-10-06 05:42
CIEN,시에나,주식,NYSE,389.69,-1.65,-0.42,2026-10-06 05:42
CIEX,Tradr 2X Long CIEN Daily ETF,ETF,AMEX,13.10,-0.34,-2.54,2026-10-06 05:42
CIFC,Corgi CIFR 2x Daily ETF,ETF,AMEX,6.27,-0.18,-2.84,2026-10-06 05:42
CIFG,Leverage Shares 2X Long CIFR Daily ETF,ETF,NASDAQ,3.42,-0.11,-3.17,2026-10-06 05:42
CIFR,사이퍼 디지털,주식,NASDAQ,15.48,-0.23,-1.46,2026-10-06 05:42
CIFU,T-REX 2X Long CIFR Daily Target ETF,ETF,AMEX,8.42,-0.23,-2.66,2026-10-06 05:42
CIG,이네르제치카 지 미나스 제라이스 우선주 ADR,주식,NYSE,2.38,0.23,10.70,2026-10-06 05:42
CIG.C,이네르제치카 지 미나스 제라이스 ADR,주식,NYSE,3.61,0.40,12.60,2026-10-06 05:42
CIGI,콜리어스 인터내셔널 그룹,주식,NASDAQ,89.04,-0.74,-0.82,2026-10-06 05:42
CIGL,콩코드 인터내셔널 그룹,주식,NASDAQ,0.37,0.00,-1.12,2026-10-06 05:42
CII,BlackRock Enhanced Large Cap Core Closed End Fund,주식,NYSE,24.06,-0.07,-0.29,2026-10-06 05:42
CIIT,티안시 인터내셔널,주식,NASDAQ,2.58,0.10,4.03,2026-10-06 05:42
CIK,Credit Suisse Asset Management Income Closed Fund,주식,AMEX,2.30,-0.02,-0.86,2026-10-06 05:42
CIM,키메라 인베스트먼트,주식,NYSE,9.18,-0.08,-0.86,2026-10-06 05:42
CIMN,키메라 인베스트먼트 선순위 채권 9.0% 만기 2029년 5월,주식,NYSE,25.07,-0.08,-0.32,2026-10-06 05:42
CIMO,키메라 인베스트먼트 선순위 채권 9.250% 만기 29년 8월,주식,NYSE,25.17,-0.12,-0.47,2026-10-06 05:42
CIMP,키메라 인베스트먼트 선순위채권 8.875% 만기 30년 8월,주식,NYSE,24.91,-0.13,-0.52,2026-10-06 05:42
CINF,신시내티 파이낸셜,주식,NASDAQ,162.14,0.19,0.12,2026-10-06 05:42
CING,싱귤레이트,주식,NASDAQ,4.75,-0.01,-0.21,2026-10-06 05:42
CINT,CI&T,주식,NYSE,3.18,-0.03,-0.93,2026-10-06 05:42
CION,사이온 인베스트먼트,주식,NYSE,6.93,-0.07,-1.00,2026-10-06 05:42
CIR,Corgi CRCL 2x Daily ETF,ETF,AMEX,30.19,1.79,6.29,2026-10-06 05:42
CIRC,서클8 그룹,주식,NASDAQ,0.54,0.03,5.45,2026-10-06 05:42
CISO,세르베러스 사이버 센티넬,주식,NASDAQ,0.20,-0.01,-2.98,2026-10-06 05:42
CISS,C3is,주식,NASDAQ,0.86,0.03,3.85,2026-10-06 05:42
CITR,시트로테크,주식,AMEX,2.85,-0.10,-3.39,2026-10-06 05:42
CIVB,시비스타 뱅크셰어스,주식,NASDAQ,26.82,-0.16,-0.59,2026-10-06 05:42
CIVG,Corgi 1-5 Year Investment Grade Corporate Bond ETF,ETF,AMEX,24.48,0.02,0.07,2026-10-06 05:42
CIX,콤프엑스 인터내셔널,주식,AMEX,38.23,0.83,2.22,2026-10-06 05:42
CJMB,캘런 JMB,주식,NASDAQ,2.40,-0.04,-1.64,2026-10-06 05:42
CJUL,Corgi US Equities 15% Structured Bffr ETF - July S,ETF,AMEX,25.84,0.10,0.40,2026-10-06 05:42
CJUN,Corgi U.S. Equities 15% Structured Bffr ETF-June S,ETF,AMEX,25.62,0.09,0.36,2026-10-06 05:42
CKX,CKX 랜드,주식,AMEX,10.32,-0.31,-2.92,2026-10-06 05:42
CL,콜게이트-팜올리브,주식,NYSE,86.19,1.93,2.29,2026-10-06 05:42
CLAR,클라루스,주식,NASDAQ,3.45,0.00,0.00,2026-10-06 05:42
CLB,코어 래보라토리스,주식,NYSE,10.51,0.59,5.95,2026-10-06 05:42
CLBK,콜롬비아 파이낸셜,주식,NASDAQ,11.33,-0.08,-0.70,2026-10-06 05:42
CLBR,콜롬비어 애퀴지션 III,주식,NYSE,10.18,-0.02,-0.19,2026-10-06 05:42
CLBR.U,Colombier Acquisition III Units,주식,NYSE,10.57,0.00,0.00,2026-10-06 05:42
CLBT,셀레브라이트,주식,NASDAQ,11.20,0.13,1.17,2026-10-06 05:42
CLCG,Crossmark Large Cap Growth ETF,ETF,AMEX,29.69,0.30,1.02,2026-10-06 05:42
CLCV,Crossmark Large Cap Value ETF,ETF,AMEX,30.72,0.12,0.39,2026-10-06 05:42
CLDI,칼리디 바이오테라퓨틱스,주식,AMEX,1.05,-0.03,-2.78,2026-10-06 05:42
CLDT,채텀 로징 트러스트,주식,NYSE,13.72,0.04,0.29,2026-10-06 05:42
CLDX,셀덱스 테라퓨틱스,주식,NASDAQ,32.59,0.94,2.97,2026-10-06 05:42
CLF,클리블랜드-클리프스,주식,NYSE,12.20,0.88,7.77,2026-10-06 05:42
CLFD,클리어필드,주식,NASDAQ,33.16,-0.32,-0.96,2026-10-06 05:42
CLGN,Collplant Biotechnologies Ltd,주식,NASDAQ,3.41,-0.05,-1.45,2026-10-06 05:42
CLH,클린 하버스,주식,NYSE,322.37,3.86,1.21,2026-10-06 05:42
CLIK,클릭 홀딩스,주식,NASDAQ,1.09,0.03,2.83,2026-10-06 05:42
CLIM,Climate Global - Climate Resilient REIT Index ETF,ETF,AMEX,24.14,-0.12,-0.51,2026-10-06 05:42
CLIP,Global X 1-3 Month T-Bill ETF,ETF,AMEX,100.09,0.01,0.01,2026-10-06 05:42
CLIR,클리어사인 테크놀로지스,주식,NASDAQ,3.30,-0.21,-5.98,2026-10-06 05:42
CLIX,ProShares Long Online/Short Stores ETF,ETF,AMEX,57.05,0.92,1.64,2026-10-06 05:42
CLLS,셀렉티스 ADR,주식,NASDAQ,1.41,-0.02,-1.40,2026-10-06 05:42
CLM,Cornerstone Strategic Investment Fund，Inc.,주식,AMEX,6.41,0.03,0.47,2026-10-06 05:42
CLMB,클라임 글로벌 솔루션스,주식,NASDAQ,33.73,0.93,2.84,2026-10-06 05:42
CLMT,칼루멧,주식,NASDAQ,56.03,0.75,1.36,2026-10-06 05:42
CLNE,클린 에너지 퓨얼스,주식,NASDAQ,1.56,0.00,0.00,2026-10-06 05:42
CLNK,Bitwise Chainlink ETF,ETF,AMEX,25.33,0.69,2.80,2026-10-06 05:42
CLNN,클렌,주식,NASDAQ,3.91,-0.17,-4.17,2026-10-06 05:42
CLOA,IShares AAA CLO Active ETF,ETF,NASDAQ,51.79,0.00,0.00,2026-10-06 05:42
CLOB,VanEck AA-BB CLO ETF,ETF,AMEX,50.25,-0.01,-0.02,2026-10-06 05:42
CLOC,AAM Crescent CLO ETF,ETF,AMEX,25.05,0.01,0.04,2026-10-06 05:42
CLOD,Themes Cloud Computing ETF,ETF,NASDAQ,36.09,0.37,1.04,2026-10-06 05:42
CLOI,VanEck CLO ETF,ETF,AMEX,52.79,0.01,0.01,2026-10-06 05:42
CLOO,NYLIM Investment Grade CLO ETF,ETF,AMEX,25.13,0.01,0.02,2026-10-06 05:42
CLOU,Global X Cloud Computing ETF,ETF,NASDAQ,29.20,0.39,1.35,2026-10-06 05:42
CLOV,클로버 헬스 인베스트먼츠,주식,NASDAQ,4.68,0.30,6.85,2026-10-06 05:42
CLOX,Eldridge AAA CLO ETF,ETF,AMEX,25.56,0.04,0.16,2026-10-06 05:42
CLOZ,Eldridge BBB-B CLO ETF,ETF,AMEX,26.25,0.07,0.27,2026-10-06 05:42
CLPR,클리퍼 리얼티,주식,NYSE,3.14,0.00,0.00,2026-10-06 05:42
CLPS,CLPS,주식,NASDAQ,1.02,-0.01,-0.97,2026-10-06 05:42
CLPT,클리어포인트 뉴로,주식,NASDAQ,11.52,0.63,5.74,2026-10-06 05:42
CLRB,셀렉타 바이오사이언시스,주식,NASDAQ,1.67,-0.11,-6.18,2026-10-06 05:42
CLRO,클리어원,주식,NASDAQ,3.94,-0.14,-3.43,2026-10-06 05:42
CLS,셀레스티카,주식,NYSE,382.69,-4.63,-1.20,2026-10-06 05:42
CLSE,Convergence Long Short Equity ETF,ETF,AMEX,34.42,0.17,0.50,2026-10-06 05:42
CLSK,클린스파크,주식,NASDAQ,12.48,-0.26,-2.04,2026-10-06 05:42
CLSM,ETC Cabana Target Leading Sector Moderate ETF,ETF,NASDAQ,28.16,0.16,0.57,2026-10-06 05:42
CLST,카탈리스트 뱅코프,주식,NASDAQ,16.75,0.45,2.76,2026-10-06 05:42
CLSX,Tradr 2X Long CLSK Daily ETF,ETF,AMEX,11.60,-0.55,-4.53,2026-10-06 05:42
CLUB,Billionaires Club ETF,ETF,AMEX,26.06,0.16,0.62,2026-10-06 05:42
CLVT,클래리베이트,주식,NYSE,1.45,-0.03,-2.03,2026-10-06 05:42
CLW,클린워터 페이퍼,주식,NYSE,20.14,0.33,1.67,2026-10-06 05:42
CLWT,유로 테크 홀딩스 컴퍼니,주식,NASDAQ,1.33,-0.02,-1.12,2026-10-06 05:42
CLX,크로락스,주식,NYSE,82.01,1.60,1.99,2026-10-06 05:42
CLYM,클라임 바이오,주식,NASDAQ,11.05,0.11,1.01,2026-10-06 05:42
CM,캐내디언 임페리얼 뱅크 오브 커머스,주식,NYSE,110.32,-0.70,-0.63,2026-10-06 05:42
CMAG,Corgi Mag 7 ETF,ETF,AMEX,27.43,0.27,0.98,2026-10-06 05:42
CMAY,Corgi U.S. Equities 15% Structured Buffr ETF-May S,ETF,AMEX,26.10,0.07,0.27,2026-10-06 05:42
CMBO,Wayfinder Dynamic US Interest Rate ETF,ETF,NASDAQ,101.84,0.01,0.00,2026-10-06 05:42
CMBS,iShares CMBS ETF,ETF,AMEX,47.19,-0.11,-0.22,2026-10-06 05:42
CMBT,CMB.테크,주식,NYSE,19.99,0.14,0.71,2026-10-06 05:42
CMC,커머셜 메탈스,주식,NYSE,65.51,1.93,3.04,2026-10-06 05:42
CMCI,VanEck CMCI Commodity Strategy ETF,ETF,AMEX,31.58,0.19,0.60,2026-10-06 05:42
CMCL,칼레도니아 마이닝,주식,AMEX,24.34,0.33,1.37,2026-10-06 05:42
CMCM,치타 모바일 ADR,주식,NYSE,2.62,-0.08,-2.96,2026-10-06 05:42
CMCO,컬럼버스 매키넌,주식,NASDAQ,16.92,0.19,1.11,2026-10-06 05:42
CMCSA,컴캐스트,주식,NASDAQ,21.57,0.00,0.00,2026-10-06 05:42
CMCT,크리에이티브 미디어 & 커뮤니티 트러스트,주식,NASDAQ,4.66,0.86,22.63,2026-10-06 05:42
CMDB,코스타마레 벌커스 홀딩스,주식,NYSE,22.27,-0.10,-0.45,2026-10-06 05:42
CMDT,PIMCO Commodity Strategy Active ETF,ETF,AMEX,32.35,0.73,2.31,2026-10-06 05:42
CMDY,iShares Bloomberg Roll Select Commodity Strategy,ETF,AMEX,63.52,-0.05,-0.08,2026-10-06 05:42
CME,CME 그룹,주식,NASDAQ,270.03,6.89,2.62,2026-10-06 05:42
CMF,iShares California Muni Bond ETF,ETF,AMEX,54.14,0.11,0.20,2026-10-06 05:42
CMG,치폴레 멕시칸 그릴,주식,NYSE,30.85,-1.51,-4.67,2026-10-06 05:42
CMI,커민스,주식,NYSE,523.37,-4.95,-0.94,2026-10-06 05:42
CMMB,키모맵 테라퓨틱스 ADR,주식,NASDAQ,1.41,-0.02,-1.40,2026-10-06 05:42
CMND,클리어마인드 메디슨,주식,NASDAQ,6.00,0.28,4.90,2026-10-06 05:42
CMP,컴퍼스 미네랄스 인터내셔널,주식,NYSE,22.66,0.46,2.07,2026-10-06 05:42
CMPR,심프레스,주식,NASDAQ,76.35,1.31,1.75,2026-10-06 05:42
CMPS,컴퍼스패스웨이스 ADR,주식,NASDAQ,11.60,-0.30,-2.52,2026-10-06 05:42
CMPX,컴퍼스 테라퓨틱스,주식,NASDAQ,0.96,0.10,12.13,2026-10-06 05:42
CMRC,커머스닷컴 Series 1,주식,NASDAQ,3.21,-0.04,-1.23,2026-10-06 05:42
CMRE,코스타마레,주식,NYSE,15.39,-0.05,-0.32,2026-10-06 05:42
CMS,CMS 에너지,주식,NYSE,64.03,0.29,0.46,2026-10-06 05:42
CMSA,CMS Energy 5.625 Junior Subordinated Notes Exp 2078,주식,NYSE,19.48,0.05,0.26,2026-10-06 05:42
CMSC,CMS Energy 5 875 Junior Subordinated Notes due 15 Oct 2078,주식,NYSE,20.27,0.03,0.15,2026-10-06 05:42
CMSD,CMS Energy 5.875 Junior Subordinated Notes Exp 1 March 2079,주식,NYSE,20.43,0.00,0.00,2026-10-06 05:42
CMT,코어 몰딩 테크놀로지스,주식,AMEX,23.50,0.48,2.09,2026-10-06 05:42
CMTG,클라로스 모기지 트러스트,주식,NYSE,1.18,-0.05,-4.07,2026-10-06 05:42
CMTL,컴테크 텔레커뮤니케이션스,주식,NASDAQ,1.25,-0.07,-5.30,2026-10-06 05:42
CMTV,커뮤니티 뱅코프,주식,NASDAQ,42.06,0.26,0.62,2026-10-06 05:42
CNA,CNA 파이낸셜,주식,NYSE,46.21,-0.13,-0.28,2026-10-06 05:42
CNAV,Mohr Company Nav ETF,ETF,AMEX,42.48,0.51,1.21,2026-10-06 05:42
CNBS,Amplify Seymour Cannabis ETF,ETF,AMEX,25.53,-0.60,-2.31,2026-10-06 05:42
CNC,센틴,주식,NYSE,64.30,1.31,2.08,2026-10-06 05:42
CNCK,코인체크 그룹,주식,NASDAQ,1.42,0.00,0.00,2026-10-06 05:42
CNDT,컨듀언트,주식,NASDAQ,1.64,-0.01,-0.61,2026-10-06 05:42
CNEQ,Alger Concentrated Equity ETF,ETF,AMEX,41.54,0.53,1.29,2026-10-06 05:42
CNET,ZW 데이터 액션 테크놀로지스,주식,NASDAQ,1.58,-0.02,-1.25,2026-10-06 05:42
CNEY,CN 에너지 그룹,주식,NASDAQ,0.55,0.01,1.37,2026-10-06 05:42
CNF,CN파이낸스 홀딩스 ADR,주식,NYSE,1.91,-0.02,-1.04,2026-10-06 05:42
CNH,CNH 인더스트리얼,주식,NYSE,13.30,-0.17,-1.26,2026-10-06 05:42
CNI,커네디언 내셔널 레일웨이,주식,NYSE,119.32,-0.45,-0.38,2026-10-06 05:42
CNK,시네마크 홀딩스,주식,NYSE,35.97,-0.08,-0.22,2026-10-06 05:42
CNL,콜렉티브 마이닝,주식,NASDAQ,12.11,-0.02,-0.16,2026-10-06 05:42
CNM,코어 & 메인,주식,NYSE,41.82,0.47,1.14,2026-10-06 05:42
CNMD,콘메드,주식,NYSE,47.33,1.01,2.18,2026-10-06 05:42
CNNE,칸네 홀딩스,주식,NYSE,15.59,0.05,0.32,2026-10-06 05:42
CNO,CNO 파이낸셜 그룹,주식,NYSE,54.03,0.17,0.32,2026-10-06 05:42
CNOB,커넥트원 뱅코프,주식,NASDAQ,30.52,-0.26,-0.84,2026-10-06 05:42
CNOBP,커넥트원 뱅코프 우선주 시리즈 A 5.25%,주식,NASDAQ,25.26,0.01,0.04,2026-10-06 05:42
CNP,센터포인트 에너지,주식,NYSE,37.75,-0.04,-0.11,2026-10-06 05:42
CNQ,캐나다 내추럴 리소시스,주식,NYSE,48.31,-0.13,-0.27,2026-10-06 05:42
CNQQ,Rayliant-ChinaAMC Transformative China Tech ETF,ETF,NASDAQ,21.62,0.36,1.67,2026-10-06 05:42
CNR,코어 내추럴 리소시스,주식,NYSE,91.01,2.05,2.30,2026-10-06 05:42
CNRG,State Street SPDR S&P Kensho Clean Power ETF,ETF,AMEX,85.58,0.32,0.38,2026-10-06 05:42
CNS,코헨 & 스티어스,주식,NYSE,73.02,0.02,0.03,2026-10-06 05:42
CNSP,CNS 파마슈티컬스,주식,NASDAQ,5.30,-0.02,-0.47,2026-10-06 05:42
CNSY,세리노움,주식,NASDAQ,1.56,-0.04,-2.50,2026-10-06 05:42
CNTB,Connect Biopharma Holdings Ltd,주식,NASDAQ,0.90,-0.03,-3.14,2026-10-06 05:42
CNTN,칸톤 스트래티직 홀딩스,주식,NASDAQ,2.33,0.08,3.56,2026-10-06 05:42
CNTX,콘텍스트 테라퓨틱스,주식,NASDAQ,0.34,0.03,8.65,2026-10-06 05:42
CNTY,센추리 카지노스,주식,NASDAQ,1.03,-0.01,-0.96,2026-10-06 05:42
CNVS,시네버스,주식,NASDAQ,1.94,0.04,1.84,2026-10-06 05:42
CNX,CNX 리소스,주식,NYSE,32.24,0.74,2.35,2026-10-06 05:42
CNXC,콘센트릭스,주식,NASDAQ,25.87,0.96,3.85,2026-10-06 05:42
CNXN,PC 커넥션,주식,NASDAQ,92.40,0.02,0.02,2026-10-06 05:42
CNXT,VanEck ChiNext Innovators ETF,ETF,AMEX,44.99,0.53,1.19,2026-10-06 05:42
CNXU,코넥스유 사이언시스,주식,NASDAQ,3.12,0.02,0.65,2026-10-06 05:42
CNYA,Ishares Msci China A Etf,ETF,AMEX,33.68,0.16,0.49,2026-10-06 05:42
COAG,헤맙 테라퓨틱스 홀딩스,주식,NASDAQ,30.59,-0.52,-1.67,2026-10-06 05:42
COAL,Range Global Coal Index ETF,ETF,AMEX,24.49,0.29,1.20,2026-10-06 05:42
COCH,엔보이 메디컬,주식,NASDAQ,0.65,-0.03,-3.98,2026-10-06 05:42
COCO,비타 코코 컴퍼니,주식,NASDAQ,55.32,-0.65,-1.16,2026-10-06 05:42
COCP,코크리스털 파마,주식,NASDAQ,1.11,-0.04,-3.06,2026-10-06 05:42
CODA,코다 옥토퍼스 그룹,주식,NASDAQ,10.88,-0.26,-2.33,2026-10-06 05:42
CODI,컴퍼스 다이버시파이드 홀딩스,주식,NYSE,11.06,0.13,1.19,2026-10-06 05:42
CODX,코 다이어그노틱스,주식,NASDAQ,1.10,0.02,1.85,2026-10-06 05:42
COE,51토크 온라인 에듀케이션 그룹 ADR,주식,AMEX,10.94,0.36,3.40,2026-10-06 05:42
COF,캐피털 원 파이낸셜,주식,NYSE,195.14,0.42,0.22,2026-10-06 05:42
COFS,초이스원 파이낸셜 서비스,주식,NASDAQ,33.05,-0.06,-0.18,2026-10-06 05:42
COGT,코젠트 바이오사이언시스,주식,NASDAQ,30.87,-0.15,-0.48,2026-10-06 05:42
COHC,Corgi COHR 2x Daily ETF,ETF,AMEX,18.59,-0.38,-2.01,2026-10-06 05:42
COHH,Leverage Shares 2X Long COHR Daily ETF,ETF,AMEX,7.34,-0.16,-2.13,2026-10-06 05:42
COHN,코헨 앤 컴퍼니,주식,AMEX,9.90,0.12,1.23,2026-10-06 05:42
COHQ,Tradr 2X Short COHR Daily ETF,ETF,AMEX,21.29,0.39,1.87,2026-10-06 05:42
COHR,코히런트,주식,NYSE,333.64,-3.40,-1.01,2026-10-06 05:42
COHU,코후,주식,NASDAQ,73.73,0.25,0.34,2026-10-06 05:42
COHX,Tradr 2X Long COHR Daily ETF,ETF,AMEX,29.63,-0.72,-2.37,2026-10-06 05:42
COIA,ProShares Ultra COIN ETF,ETF,AMEX,8.73,0.45,5.43,2026-10-06 05:42
COIG,Leverage Shares 2X Long COIN Daily ETF,ETF,NASDAQ,5.69,0.35,6.64,2026-10-06 05:42
COIN,코인베이스 글로벌,주식,NASDAQ,188.22,5.22,2.85,2026-10-06 05:42
COIW,Roundhill COIN WeeklyPay ETF,ETF,AMEX,8.80,0.29,3.42,2026-10-06 05:42
COIX,Corgi COIN 2x Daily ETF,ETF,AMEX,36.22,1.91,5.58,2026-10-06 05:42
COKE,코카콜라 콘솔리데이티드,주식,NASDAQ,194.26,2.22,1.16,2026-10-06 05:42
COLAR,Columbus Acquisition Rights,주식,NASDAQ,0.40,0.09,29.00,2026-10-06 05:42
COLAU,Columbus Acquisition Units,주식,NASDAQ,3.78,-5.82,-60.63,2026-10-06 05:42
COLB,컬럼비아 뱅킹 시스템,주식,NASDAQ,28.84,-0.08,-0.28,2026-10-06 05:42
COLD,아메리콜드 리얼티 트러스트,주식,NYSE,14.05,0.08,0.57,2026-10-06 05:42
COLL,콜레지움 파마슈티컬,주식,NASDAQ,21.87,-0.15,-0.68,2026-10-06 05:42
COLM,컬럼비아 스포츠웨어,주식,NASDAQ,56.93,-0.34,-0.59,2026-10-06 05:42
COLO,Global X MSCI Colombia ETF,ETF,AMEX,49.13,2.07,4.40,2026-10-06 05:42
COM,Direxion Auspice Broad Commodity Strategy ETF,ETF,AMEX,35.09,0.24,0.69,2026-10-06 05:42
COMB,GraniteShares Bloomberg Commodity Broad Str No K-1,ETF,AMEX,27.92,0.00,-0.02,2026-10-06 05:42
COMD,Global X Commodity Strategy ETF,ETF,AMEX,29.93,0.02,0.05,2026-10-06 05:42
COMP,컴퍼스,주식,NYSE,9.29,0.07,0.76,2026-10-06 05:42
COMT,iShares GSCI Commodity Dynamic Roll Strategy ETF,ETF,NASDAQ,36.76,-0.26,-0.69,2026-10-06 05:42
CON,콘센트라 그룹 홀딩스,주식,NYSE,36.21,0.56,1.57,2026-10-06 05:42
CONI,GraniteShares 2x Short COIN Daily ETF,ETF,NASDAQ,23.50,-1.45,-5.81,2026-10-06 05:42
CONL,GraniteShares 2x Long COIN Daily ETF,ETF,NASDAQ,5.81,0.29,5.25,2026-10-06 05:42
CONX,Direxion Daily COIN Bull 2X ETF,ETF,NASDAQ,7.08,0.37,5.56,2026-10-06 05:42
CONY,YieldMax COIN Option Income Strategy ETF,ETF,AMEX,19.99,0.47,2.41,2026-10-06 05:42
COO,쿠퍼 컴퍼니스,주식,NASDAQ,56.77,-0.14,-0.25,2026-10-06 05:42
COOK,트래저,주식,NYSE,53.44,0.34,0.64,2026-10-06 05:42
COOL,VegaShares AI Thermal  Cooling & Power Mngment ETF,ETF,NASDAQ,22.43,0.21,0.94,2026-10-06 05:42
COOT,오스트레일리안 오일시드 홀딩스,주식,NASDAQ,0.45,0.00,-0.82,2026-10-06 05:42
COP,코노코필립스,주식,NYSE,128.40,1.65,1.30,2026-10-06 05:42
COPA,Themes Copper Miners ETF,ETF,AMEX,53.36,0.30,0.57,2026-10-06 05:42
COPJ,Sprott Junior Copper Miners ETF,ETF,NASDAQ,44.22,0.25,0.57,2026-10-06 05:42
COPL,코플리 애퀴지션,주식,NYSE,10.58,-0.01,-0.05,2026-10-06 05:42
COPL.U,Copley Acquisition Units,주식,NYSE,10.57,0.00,0.00,2026-10-06 05:42
COPP,Sprott Copper Miners ETF,ETF,NASDAQ,42.80,0.21,0.49,2026-10-06 05:42
COPR,아이다호 코퍼,주식,AMEX,3.27,0.07,2.19,2026-10-06 05:42
COPX,Global X Copper Miners ETF,ETF,AMEX,86.33,0.42,0.49,2026-10-06 05:42
COPY,Tweedy  Browne Insider + Value ETF,ETF,AMEX,15.27,0.00,0.00,2026-10-06 05:42
COPZ,Defiance Daily Target 2X Long Copper Miners ETF,ETF,AMEX,15.87,0.17,1.09,2026-10-06 05:42
COR,센코라,주식,NYSE,314.93,5.88,1.90,2026-10-06 05:42
CORB,AB Core Bond ETF,ETF,AMEX,27.96,-0.04,-0.14,2026-10-06 05:42
CORD,T-Rex 2X Inverse CRWV Daily Target ETF,ETF,AMEX,2.90,0.14,4.89,2026-10-06 05:42
CORN,Teucrium Corn Fund,ETF,AMEX,18.90,0.05,0.27,2026-10-06 05:42
CORO,iShares International Country Rotation Active ETF,ETF,NASDAQ,36.74,0.18,0.49,2026-10-06 05:42
CORP,PIMCO Investment Grade Corporate Bond Index ETF,ETF,AMEX,91.46,0.01,0.01,2026-10-06 05:42
CORT,코셉트 테라퓨틱스,주식,NASDAQ,122.03,5.80,4.99,2026-10-06 05:42
CORZ,코어 사이언티픽,주식,NASDAQ,16.60,0.15,0.91,2026-10-06 05:42
COSM,코스모스 헬스,주식,NASDAQ,0.35,-0.03,-9.03,2026-10-06 05:42
COSO,코스탈사우스 뱅크셰어스,주식,NYSE,26.95,-0.03,-0.11,2026-10-06 05:42
COST,코스트코 홀세일,주식,NASDAQ,923.52,2.87,0.31,2026-10-06 05:42
COSW,Roundhill COST WeeklyPay ETF,ETF,AMEX,36.93,0.17,0.47,2026-10-06 05:42
COTG,Leverage Shares 2X Long COST Daily ETF,ETF,NASDAQ,11.91,0.05,0.46,2026-10-06 05:42
COTY,코티,주식,NYSE,2.72,0.06,2.26,2026-10-06 05:42
COUR,코세라,주식,NYSE,5.18,0.16,3.19,2026-10-06 05:42
COWG,Pacer US Large Cap Cash Cows Growth Leaders ETF,ETF,NASDAQ,40.86,0.44,1.09,2026-10-06 05:42
COWS,Amplify Cash Flow Dividend Leaders ETF,ETF,NASDAQ,36.96,0.22,0.61,2026-10-06 05:42
COWZ,Pacer US Cash Cows 100 ETF,ETF,AMEX,67.67,0.17,0.25,2026-10-06 05:42
COYA,코야 테라퓨틱스,주식,NASDAQ,4.85,0.04,0.83,2026-10-06 05:42
COYY,GraniteShares YieldBOOST COIN ETF,ETF,NASDAQ,14.45,0.12,0.84,2026-10-06 05:42
COZX,Tradr 2X Long CORZ Daily ETF,ETF,AMEX,7.40,0.12,1.65,2026-10-06 05:42
CP,캐나디안 퍼시픽 캔자스 시티,주식,NYSE,85.80,-0.14,-0.16,2026-10-06 05:42
CPA,코파 홀딩스,주식,NYSE,135.51,3.03,2.29,2026-10-06 05:42
CPAC,세멘토스 파카스마요 ADR,주식,NYSE,12.21,-0.11,-0.89,2026-10-06 05:42
CPAG,F/m Compoundr U.S. Aggregate Bond ETF,ETF,NASDAQ,98.65,-0.11,-0.11,2026-10-06 05:42
CPAI,Counterpoint Quantitative Equity ETF,ETF,NYSE,53.48,0.79,1.50,2026-10-06 05:42
CPAY,콜페이,주식,NYSE,401.72,7.12,1.80,2026-10-06 05:42
CPB,캠벨스,주식,NASDAQ,19.30,-0.32,-1.63,2026-10-06 05:42
CPBI,센트럴 플레인스 뱅크셰어스,주식,NASDAQ,19.75,-0.33,-1.62,2026-10-06 05:42
CPER,United States Copper Index Fund,ETF,AMEX,39.86,0.34,0.86,2026-10-06 05:42
CPF,센트럴 퍼시픽 파이낸셜,주식,NYSE,36.34,-0.08,-0.22,2026-10-06 05:42
CPHC,캔터베리 파크 홀딩,주식,NASDAQ,15.60,-0.15,-0.95,2026-10-06 05:42
CPHI,차이나 파마 홀딩스,주식,AMEX,0.65,0.00,-0.61,2026-10-06 05:42
CPHY,F/m Compoundr High Yield Bond ETF,ETF,NASDAQ,50.55,0.07,0.13,2026-10-06 05:42
CPII,American Beacon Ionic Inflation Protection ETF,ETF,AMEX,19.13,0.02,0.08,2026-10-06 05:42
CPIX,컴벌랜드 파마슈티컬스,주식,NASDAQ,7.09,-0.30,-4.06,2026-10-06 05:42
CPK,체사피크 유틸리티스,주식,NYSE,126.27,-1.11,-0.87,2026-10-06 05:42
CPLB,NYLIM MacKay Core Plus Bond ETF,ETF,AMEX,19.97,0.00,-0.02,2026-10-06 05:42
CPLS,AB Core Plus Bond ETF,ETF,NASDAQ,33.30,-0.01,-0.03,2026-10-06 05:42
CPNG,쿠팡,주식,NYSE,14.20,0.42,3.05,2026-10-06 05:42
CPNJ,Calamos Nasdaq-100 Structured Alt Prot ETF - June,ETF,AMEX,27.95,0.04,0.16,2026-10-06 05:42
CPNM,Calamos Nasdaq-100 Structured Alt Prtcn ETF - Mar,ETF,AMEX,27.20,0.02,0.07,2026-10-06 05:42
CPNQ,Calamos Nasdaq-100 Structured Alt Prot ETF - Dec,ETF,AMEX,27.94,0.02,0.06,2026-10-06 05:42
CPNS,Calamos Nasdaq-100 Structured Alt Prot ETF - Sept,ETF,AMEX,28.65,0.04,0.12,2026-10-06 05:42
CPNX,Tradr 2X Long CPNG Daily ETF,ETF,AMEX,10.02,0.57,6.00,2026-10-06 05:42
CPOP,팝 컬처 그룹,주식,NASDAQ,3.28,0.08,2.50,2026-10-06 05:42
CPRA,Calamos Russell 2000 Strctrd Alt Prot ETF - Apr,ETF,AMEX,27.87,0.03,0.11,2026-10-06 05:42
CPRI,카프리홀딩스,주식,NYSE,14.49,0.05,0.35,2026-10-06 05:42
CPRJ,Calamos Russell 2000 Strctrd Alt Prot ETF - July,ETF,AMEX,27.44,0.00,0.01,2026-10-06 05:42
CPRO,Calamos Russell 2000 Structured Alt Protection ETF,ETF,AMEX,28.73,0.03,0.11,2026-10-06 05:42
CPRT,코파트,주식,NASDAQ,27.65,0.43,1.58,2026-10-06 05:42
CPRY,Calamos Russell 2000 Structured Alt Protection ETF,ETF,AMEX,28.30,0.03,0.11,2026-10-06 05:42
CPS,쿠퍼-스탠더드 홀딩스,주식,NYSE,22.03,0.20,0.92,2026-10-06 05:42
CPSA,Calamos S&P 500 Structured Alt Prtctn ETF - August,ETF,AMEX,28.19,0.01,0.05,2026-10-06 05:42
CPSD,Calamos S&P 500 Structured Alt Prtctn ETF - Dec,ETF,AMEX,27.20,0.02,0.07,2026-10-06 05:42
CPSF,Calamos S&P 500 Structured Alt Prtctn ETF - Feb,ETF,AMEX,26.67,0.02,0.06,2026-10-06 05:42
CPSH,CPS 테크놀러지,주식,NASDAQ,3.63,-0.21,-5.47,2026-10-06 05:42
CPSJ,Calamos S&P 500 Structured Alt Prtctn ETF - July,ETF,AMEX,28.07,0.05,0.16,2026-10-06 05:42
CPSL,Calamos Laddered S&P 500 Structured Alt Protection ETF,ETF,AMEX,28.37,0.03,0.11,2026-10-06 05:42
CPSM,Calamos S&P 500 Structured Alt Prtctn ETF - May,ETF,AMEX,29.64,0.01,0.02,2026-10-06 05:42
CPSN,Calamos S&P 500 Structured Alt Prtctn ETF - Nov,ETF,AMEX,28.28,0.03,0.10,2026-10-06 05:42
CPSO,Calamos S&P 500 Structured Alt Protection ETF,ETF,AMEX,28.45,0.03,0.12,2026-10-06 05:42
CPSP,Calamos S&P 500 Structured Alt Prtctn ETF - Apr,ETF,AMEX,27.30,0.02,0.07,2026-10-06 05:42
CPSR,Calamos S&P 500 Structured Alt Protection ETF,ETF,AMEX,26.25,0.06,0.22,2026-10-06 05:42
CPSS,컨슈머 포트폴리오 서비스,주식,NASDAQ,9.01,-0.08,-0.88,2026-10-06 05:42
CPST,Calamos S&P 500 Structured Alt Prtctn ETF - Sept,ETF,AMEX,28.19,0.02,0.06,2026-10-06 05:42
CPSU,Calamos S&P 500 Structured Alt Protection June ETF,ETF,AMEX,28.01,0.03,0.11,2026-10-06 05:42
CPSY,Calamos S And P 500 Structured Alt Protection ETF,ETF,AMEX,26.20,0.04,0.15,2026-10-06 05:42
CPT,캠든 프로퍼티 트러스트,주식,NYSE,97.37,1.41,1.47,2026-10-06 05:42
CPTL,Global X Morningstar Capital Allocation Leaders ETF,ETF,NASDAQ,49.33,0.29,0.60,2026-10-06 05:42
CPXR,USCF Daily Target 2X Copper Index ETF,ETF,AMEX,31.84,0.59,1.87,2026-10-06 05:42
CPZ,Calamos Long Short Equity Dynamic Income Trust Closed Fund,주식,NASDAQ,12.55,0.00,0.00,2026-10-06 05:42
CQP,Cheniere Energy Partners Units,주식,NYSE,63.26,1.95,3.18,2026-10-06 05:42
CQQQ,Invesco China Technology ETF,ETF,AMEX,45.05,1.08,2.46,2026-10-06 05:42
CQTM,Corgi Quantum Computing ETF,ETF,AMEX,23.19,-0.18,-0.77,2026-10-06 05:42
CR,크레인 홀딩스,주식,NYSE,209.61,1.41,0.68,2026-10-06 05:42
CRAC,크라운 리저브 애퀴지션 I,주식,NASDAQ,10.25,0.00,0.00,2026-10-06 05:42
CRACR,Crown Reserve Acquisition I Rights Exp 06 Oct 2030,주식,NASDAQ,0.12,0.00,0.00,2026-10-06 05:42
CRACU,Crown Reserve Acquisition I Units,주식,NASDAQ,10.34,0.00,0.00,2026-10-06 05:42
CRAI,CRA 인터내셔널,주식,NASDAQ,171.29,0.91,0.53,2026-10-06 05:42
CRAK,VanEck Oil Refiners ETF,ETF,AMEX,65.05,0.81,1.26,2026-10-06 05:42
CRAM,Defiance China Memory ETF,ETF,NASDAQ,23.70,0.15,0.65,2026-10-06 05:42
CRAN,크레인 하버 애퀴지션 II,주식,NASDAQ,10.10,0.00,0.00,2026-10-06 05:42
CRANR,Crane Harbor Acquisition II Rights Exp 09 Dec 2030,주식,NASDAQ,0.20,0.03,17.53,2026-10-06 05:42
CRANU,Crane Harbor Acquisition II Units,주식,NASDAQ,10.31,0.00,0.00,2026-10-06 05:42
CRAQ,칼 레드우드 애퀴지션,주식,NASDAQ,10.41,0.00,0.00,2026-10-06 05:42
CRAQR,Cal Redwood Acquisition Right Exp 15th May 2030,주식,NASDAQ,0.15,0.00,0.00,2026-10-06 05:42
CRAQU,Cal Redwood Acquisition Units,주식,NASDAQ,10.74,0.00,0.00,2026-10-06 05:42
CRBD,Corebridge Financial 6 375 Junior Subordinated Notes due 2064,주식,NYSE,21.12,0.30,1.44,2026-10-06 05:42
CRBG,코어브릿지 파이낸셜,주식,NYSE,34.84,0.81,2.38,2026-10-06 05:42
CRBN,iShares Low Carbon Optimized MSCI ACWI ETF,ETF,AMEX,259.93,2.14,0.83,2026-10-06 05:42
CRBP,코버스 파마슈티컬스 홀딩스,주식,NASDAQ,5.85,-0.28,-4.57,2026-10-06 05:42
CRBU,카리부 바이오사이언시스,주식,NASDAQ,1.19,-0.03,-2.46,2026-10-06 05:42
CRC,캘리포니아 리소시스,주식,NYSE,53.01,0.58,1.11,2026-10-06 05:42
CRCA,ProShares Ultra CRCL ETF,ETF,AMEX,17.78,0.78,4.59,2026-10-06 05:42
CRCD,T-Rex 2X Inverse CRCL Daily Target ETF,ETF,AMEX,2.20,-0.11,-4.76,2026-10-06 05:42
CRCG,Leverage Shares 2X Long CRCL Daily ETF,ETF,NASDAQ,12.15,0.61,5.29,2026-10-06 05:42
CRCL,써클 인터넷 그룹,주식,NYSE,83.30,2.05,2.52,2026-10-06 05:42
CRCO,YieldMax CRCL Option Income Strategy ETF,ETF,AMEX,13.30,0.47,3.66,2026-10-06 05:42
CRCT,크리컷,주식,NASDAQ,6.47,-0.05,-0.77,2026-10-06 05:42
CRD,Corgi CRDO 2x Daily ETF,ETF,AMEX,15.36,-0.86,-5.31,2026-10-06 05:42
CRD.A,크로포드 앤 코 Class A,주식,NYSE,12.71,0.04,0.32,2026-10-06 05:42
CRD.B,크로포드 앤 코 Class B,주식,NYSE,12.16,0.12,1.00,2026-10-06 05:42
CRDD,Cardano ETF,ETF,AMEX,20.17,1.97,10.80,2026-10-06 05:42
CRDF,카디프 온콜로지,주식,NASDAQ,1.14,0.02,1.79,2026-10-06 05:42
CRDL,카디올 테라퓨틱스,주식,NASDAQ,1.32,-0.09,-6.38,2026-10-06 05:42
CRDO,크레도 테크놀로지 그룹 홀딩,주식,NASDAQ,212.48,-6.16,-2.82,2026-10-06 05:42
CRDT,Simplify Opportunistic Income ETF,ETF,AMEX,20.68,-0.13,-0.61,2026-10-06 05:42
CRDU,Tradr 2X Long CRDO Daily ETF,ETF,AMEX,10.68,-0.62,-5.49,2026-10-06 05:42
CRDX,2x Cardano ETF,ETF,AMEX,15.68,2.79,21.61,2026-10-06 05:42
CRE,Cre8 엔터프라이즈,주식,NASDAQ,2.67,-0.03,-1.11,2026-10-06 05:42
CRESY,크레수드 ADR,주식,NASDAQ,11.88,0.54,4.76,2026-10-06 05:42
CREX,크리에이티브 리얼리티스,주식,NASDAQ,2.48,-0.02,-0.80,2026-10-06 05:42
CRF,Cornerstone Total Return Closed Fund,주식,AMEX,6.15,0.03,0.49,2026-10-06 05:42
CRGO,프레이토스,주식,NASDAQ,0.91,-0.06,-6.36,2026-10-06 05:42
CRGY,크레센트 에너지,주식,NYSE,13.56,0.17,1.27,2026-10-06 05:42
CRH,CRH,주식,NYSE,82.65,0.71,0.87,2026-10-06 05:42
CRI,카터스,주식,NYSE,32.32,0.73,2.31,2026-10-06 05:42
CRIB,Russell Investments Global Real Estate ETF,ETF,AMEX,23.26,-0.07,-0.28,2026-10-06 05:42
CRIS,큐리스,주식,NASDAQ,0.79,-0.01,-1.79,2026-10-06 05:42
CRK,캄스톡 리소시즈,주식,NYSE,13.06,0.28,2.19,2026-10-06 05:42
CRL,찰스 리버 래보라토리스 인터내셔널,주식,NYSE,310.77,20.58,7.09,2026-10-06 05:42
CRM,세일즈포스,주식,NYSE,229.79,-4.90,-2.09,2026-10-06 05:42
CRMD,코메딕스,주식,NASDAQ,7.26,0.07,0.97,2026-10-06 05:42
CRMG,Leverage Shares 2X Long CRM Daily ETF,ETF,NASDAQ,7.87,-0.35,-4.26,2026-10-06 05:42
CRML,크리티컬 메탈스,주식,NASDAQ,7.51,0.48,6.83,2026-10-06 05:42
CRMT,아메리카스 카-마트,주식,NASDAQ,0.98,-0.07,-6.35,2026-10-06 05:42
CRMU,Leverage Shares 2X Long CRML Daily ETF,ETF,NASDAQ,2.15,0.26,13.76,2026-10-06 05:42
CRMX,Tradr 2X Long CRML Daily ETF,ETF,AMEX,20.21,2.45,13.79,2026-10-06 05:42
CRNC,세렌스,주식,NASDAQ,8.00,-0.09,-1.11,2026-10-06 05:42
CRNT,세라콘 네트웍스,주식,NASDAQ,2.14,-0.04,-1.83,2026-10-06 05:42
CROB,Defiance China Robotics ETF,ETF,NASDAQ,21.11,0.07,0.34,2026-10-06 05:42
CRON,크로노스 그룹,주식,NASDAQ,3.25,0.03,0.78,2026-10-06 05:42
CROX,크록스,주식,NASDAQ,118.19,0.10,0.08,2026-10-06 05:42
CRPT,First Trust SkyBridge Crypto Ind and Digi Econ ETF,ETF,AMEX,15.97,-0.57,-3.45,2026-10-06 05:42
CRS,카펜터 테크놀로지,주식,NYSE,392.20,3.73,0.96,2026-10-06 05:42
CRSH,YieldMax Short TSLA Option Income Strategy ETF,ETF,AMEX,18.79,-0.25,-1.32,2026-10-06 05:42
CRSP,크리스퍼 테라퓨틱스,주식,NASDAQ,57.34,1.91,3.45,2026-10-06 05:42
CRSR,커세어 게이밍,주식,NASDAQ,13.53,-0.26,-1.89,2026-10-06 05:42
CRT,Cross Timbers Royalty Units,주식,NYSE,11.52,-0.25,-2.12,2026-10-06 05:42
CRTC,Xtrackers US National Critical Technologies ETF,ETF,AMEX,42.04,0.34,0.82,2026-10-06 05:42
CRTO,크리테오,주식,NASDAQ,14.50,-0.23,-1.56,2026-10-06 05:42
CRUC,Corgi CRUS 2x Daily ETF,ETF,AMEX,13.82,0.03,0.20,2026-10-06 05:42
CRUS,시러스 로직,주식,NASDAQ,121.35,0.18,0.15,2026-10-06 05:42
CRUX,Columbia Core Bond ETF,ETF,AMEX,28.43,-0.06,-0.21,2026-10-06 05:42
CRVL,코벨,주식,NASDAQ,76.00,0.53,0.70,2026-10-06 05:42
CRVO,세르보메드,주식,NASDAQ,3.31,0.29,9.60,2026-10-06 05:42
CRVS,코버스 파마슈티컬스,주식,NASDAQ,10.74,-0.16,-1.47,2026-10-06 05:42
CRWC,Corgi CRWD 2x Daily ETF,ETF,AMEX,45.99,0.63,1.38,2026-10-06 05:42
CRWD,크라우드 스트라이크 홀딩스,주식,NASDAQ,272.67,2.63,0.97,2026-10-06 05:42
CRWG,Leverage Shares 2X Long CRWV Daily ETF,ETF,NASDAQ,18.29,-0.92,-4.79,2026-10-06 05:42
CRWL,GraniteShares 2x Long CRWD Daily ETF,ETF,NASDAQ,110.82,2.45,2.26,2026-10-06 05:42
CRWS,크라운 크래프츠,주식,NASDAQ,2.46,-0.02,-0.81,2026-10-06 05:42
CRWU,T-REX 2X Long CRWV Daily Target ETF,ETF,AMEX,35.46,-1.72,-4.63,2026-10-06 05:42
CRWV,코어위브,주식,NASDAQ,87.39,-2.23,-2.49,2026-10-06 05:42
CRWX,Corgi CRWV 2x Daily ETF,ETF,AMEX,19.70,-1.16,-5.55,2026-10-06 05:42
CRXP,Columbia Core Plus Bond ETF,ETF,AMEX,18.71,-0.02,-0.11,2026-10-06 05:42
CRY,Graniteshares Yieldboost CRCL ETF,ETF,NASDAQ,15.73,0.30,1.94,2026-10-06 05:42
CSAI,클라우다스트럭쳐,주식,NASDAQ,2.65,-0.03,-1.12,2026-10-06 05:42
CSB,VictoryShares US SmCp High Div Vol Wtd ETF,ETF,NASDAQ,62.13,-0.04,-0.06,2026-10-06 05:42
CSBR,챔피언스 온콜로지,주식,NASDAQ,4.97,0.03,0.61,2026-10-06 05:42
CSCL,Direxion Daily CSCO Bull 2X ETF,ETF,NASDAQ,54.38,0.53,0.98,2026-10-06 05:42
CSCO,시스코 시스템즈,주식,NASDAQ,112.82,0.62,0.55,2026-10-06 05:42
CSCS,Direxion Daily CSCO Bear 1X ETF,ETF,NASDAQ,13.42,-0.04,-0.33,2026-10-06 05:42
CSD,Invesco S&P Spin-Off ETF,ETF,AMEX,129.94,1.34,1.04,2026-10-06 05:42
CSEN,Cohen & Steers Future of Energy Active ETF,ETF,NASDAQ,25.45,0.11,0.41,2026-10-06 05:42
CSEP,Corgi U.S. Equities 15% Srtctrd Bffr ETF-Sep S,ETF,AMEX,25.38,0.08,0.31,2026-10-06 05:42
CSEX,Tradr 2X Long CLS Daily ETF,ETF,AMEX,17.21,-0.38,-2.16,2026-10-06 05:42
CSGP,코스타 그룹,주식,NASDAQ,27.66,0.28,1.02,2026-10-06 05:42
CSHI,NEOS Enhanced Income 1-3 Month T-Bill ETF,ETF,AMEX,49.76,0.03,0.06,2026-10-06 05:42
CSHP,iShares Dynamic Short-Term Active ETF,ETF,AMEX,99.43,0.00,0.00,2026-10-06 05:42
CSHR,코인셰어스,주식,NASDAQ,4.84,-0.11,-2.22,2026-10-06 05:42
CSIO,Cohen & Steers Infrastructure Opportunities Active,ETF,AMEX,27.17,0.07,0.25,2026-10-06 05:42
CSIQ,캐나디안 솔라,주식,NASDAQ,11.19,0.01,0.04,2026-10-06 05:42
CSL,칼라일,주식,NYSE,330.98,1.64,0.50,2026-10-06 05:42
CSM,ProShares Large Cap Core Plus,ETF,AMEX,88.01,0.50,0.57,2026-10-06 05:42
CSMD,Congress SMid Growth ETF,ETF,AMEX,34.76,0.16,0.46,2026-10-06 05:42
CSNR,Cohen & Steers Natural Resources Active ETF,ETF,AMEX,36.64,0.22,0.59,2026-10-06 05:42
CSPF,Cohen & Steers Preferred & Income Opptys Actv ETF,ETF,AMEX,25.12,-0.04,-0.14,2026-10-06 05:42
CSPI,CSP,주식,NASDAQ,7.54,-0.03,-0.40,2026-10-06 05:42
CSQ,Calamos Strategic Total Return Closed Fund,주식,NASDAQ,20.36,-0.11,-0.54,2026-10-06 05:42
CSQR,씨스퀘어,주식,NYSE,17.65,0.24,1.38,2026-10-06 05:42
CSR,센터스페이스,주식,NYSE,55.18,0.68,1.25,2026-10-06 05:42
CSRA,Cohen & Steers Real Assets Active ETF,ETF,AMEX,24.50,0.04,0.17,2026-10-06 05:42
CSRE,Cohen & Steers Real Estate Active ETF,ETF,AMEX,26.61,-0.10,-0.37,2026-10-06 05:42
CSSD,Cohen & Steers Sh Duration Preferred & Income ETF,ETF,AMEX,24.52,-0.02,-0.08,2026-10-06 05:42
CSTE,시저스톤,주식,NASDAQ,2.91,0.04,1.39,2026-10-06 05:42
CSTK,Invesco Comstock Contrarian Equity ETF,ETF,AMEX,32.80,0.12,0.35,2026-10-06 05:42
CSTL,캐슬 바이오사이언스,주식,NASDAQ,36.65,1.09,3.07,2026-10-06 05:42
CSTM,콘스텔리움,주식,NYSE,25.29,0.89,3.65,2026-10-06 05:42
CSV,캐리지 서비스,주식,NYSE,32.28,0.11,0.34,2026-10-06 05:42
CSW,CSW 인더스트리얼즈,주식,NYSE,301.99,-0.70,-0.23,2026-10-06 05:42
CSWC,캐피탈 사우스웨스트,주식,NASDAQ,23.57,0.05,0.21,2026-10-06 05:42
CSX,CSX,주식,NASDAQ,47.43,0.00,0.00,2026-10-06 05:42
CTA,Simplify Managed Futures Strategy ETF,ETF,AMEX,28.83,-0.32,-1.10,2026-10-06 05:42
CTAA,클리어씽크 1 애퀴지션,주식,NASDAQ,9.95,0.00,0.00,2026-10-06 05:42
CTAAR,ClearThink 1 Acquisition Rights,주식,NASDAQ,0.18,0.00,0.00,2026-10-06 05:42
CTAAU,ClearThink 1 Acquisition Units,주식,NASDAQ,10.07,0.00,0.00,2026-10-06 05:42
CTAG,Calamos Timpani Active SMID Growth ETF,ETF,AMEX,18.37,0.28,1.55,2026-10-06 05:42
CTAP,Simplify US Equity PLUS Managed Futures Strategy ETF,ETF,AMEX,29.81,-0.16,-0.53,2026-10-06 05:42
CTAS,신타스,주식,NASDAQ,195.40,2.38,1.23,2026-10-06 05:42
CTAU,Corgi US Equities 30 Strctrd Buffer ETF - Aug S,ETF,AMEX,25.33,-0.03,-0.12,2026-10-06 05:42
CTBI,커뮤니티 트러스트 뱅코프,주식,NASDAQ,76.08,-0.13,-0.17,2026-10-06 05:42
CTEC,Global X Climatetech ETF,ETF,NASDAQ,56.54,-0.56,-0.98,2026-10-06 05:42
CTEF,Castellan Targeted Equity ETF,ETF,AMEX,88.59,1.19,1.36,2026-10-06 05:42
CTEV,클라리텝,주식,NYSE,24.68,0.96,4.05,2026-10-06 05:42
CTEX,ProShares S&P Kensho Cleantech ETF,ETF,AMEX,31.18,-0.12,-0.39,2026-10-06 05:42
CTGG,퀘스트 선순위채권 6.500% 만기 2051년,주식,NYSE,15.20,-0.40,-2.56,2026-10-06 05:42
CTGO,콘탱고 실버 앤 골드,주식,AMEX,16.78,0.10,0.60,2026-10-06 05:42
CTHH,퀘스트 선순위채권 6.750% 만기 2052년,주식,NYSE,15.60,-0.25,-1.58,2026-10-06 05:42
CTIF,Castellan Targeted Income ETF,ETF,AMEX,52.11,0.10,0.20,2026-10-06 05:42
CTJL,Corgi U.S. Equities 30% Structured Bffr ETF-July S,ETF,AMEX,25.74,0.08,0.32,2026-10-06 05:42
CTJN,Corgi U.S. Equities 30% Structured Bffr ETF-June S,ETF,AMEX,25.50,0.10,0.39,2026-10-06 05:42
CTKB,사이텍 바이오사이언시스,주식,NASDAQ,6.09,0.22,3.75,2026-10-06 05:42
CTM,카스텔럼,주식,AMEX,0.62,-0.01,-0.89,2026-10-06 05:42
CTMA,Corgi US Equities 30% Structured Bffr ETF - May S,ETF,AMEX,25.91,0.08,0.30,2026-10-06 05:42
CTMX,사이톰엑스 테라퓨틱스,주식,NASDAQ,2.58,0.02,0.78,2026-10-06 05:42
CTNM,콘티네움 테라퓨틱스,주식,NASDAQ,12.72,-0.40,-3.05,2026-10-06 05:42
CTNT,치타 넷 서플라이 체인 서비스,주식,NASDAQ,3.13,0.51,19.47,2026-10-06 05:42
CTO,CTO 리얼티 그로스,주식,NYSE,20.29,-0.25,-1.22,2026-10-06 05:42
CTOR,시티우스 온콜로지,주식,NASDAQ,0.87,-0.08,-8.05,2026-10-06 05:42
CTOS,커스텀 트럭 원 소스,주식,NYSE,9.88,0.10,1.02,2026-10-06 05:42
CTRE,케어트러스트 리츠 (REIT),주식,NYSE,36.20,-0.10,-0.28,2026-10-06 05:42
CTRI,센추리 홀딩스,주식,NYSE,20.72,-0.19,-0.91,2026-10-06 05:42
CTRM,캐스터 마리타임,주식,NASDAQ,1.97,-0.03,-1.50,2026-10-06 05:42
CTRN,시티 트렌즈,주식,NASDAQ,47.86,-0.05,-0.10,2026-10-06 05:42
CTS,CTS,주식,NYSE,61.61,0.01,0.02,2026-10-06 05:42
CTSE,Corgi U.S. Equities 30% Srtctrd Bffr ETF-Sep S,ETF,AMEX,25.40,0.10,0.40,2026-10-06 05:42
CTSH,코그니전트 테크놀로지 솔루션,주식,NASDAQ,58.17,-0.34,-0.58,2026-10-06 05:42
CTSO,사이토소벤츠,주식,NASDAQ,3.97,-0.09,-2.10,2026-10-06 05:42
CTVA,코르테바,주식,NYSE,12.39,0.47,3.94,2026-10-06 05:42
CTW,CTW,주식,NASDAQ,2.03,0.00,0.00,2026-10-06 05:42
CTWO,Cotwo Advisors Physical Eur Carbon Allowance Trust,ETF,AMEX,18.60,-0.13,-0.67,2026-10-06 05:42
CTXR,시티우스 파마슈티컬스,주식,NASDAQ,0.52,-0.01,-2.18,2026-10-06 05:42
CUB,라이온하트 홀딩스,주식,NASDAQ,10.89,-0.02,-0.18,2026-10-06 05:42
CUBB,Customers Bancorp 5.375% Subordinated Notes Exp 2034,주식,NYSE,20.73,-0.06,-0.26,2026-10-06 05:42
CUBE,큐브스마트,주식,NYSE,37.19,-0.33,-0.88,2026-10-06 05:42
CUBI,커스터머스 뱅코프,주식,NYSE,75.03,-0.44,-0.58,2026-10-06 05:42
CUBWU,Lionheart Holdings Units,주식,NASDAQ,11.02,0.00,0.00,2026-10-06 05:42
CUE,큐 바이오파마,주식,NASDAQ,24.36,-1.21,-4.73,2026-10-06 05:42
CULP,컬프,주식,NASDAQ,3.78,-0.11,-2.83,2026-10-06 05:42
CUPR,커프리나 홀딩스 (Cayman),주식,NASDAQ,2.25,-0.17,-7.02,2026-10-06 05:42
CURB,커브라인 프로퍼티스,주식,NYSE,27.86,-0.41,-1.45,2026-10-06 05:42
CURE,Direxion Daily Healthcare Bull 3X ETF,ETF,AMEX,126.65,2.63,2.12,2026-10-06 05:42
CURI,큐리어시티스트림,주식,NASDAQ,2.92,0.01,0.34,2026-10-06 05:42
CURR,커렌크 그룹,주식,NASDAQ,2.95,-0.15,-4.84,2026-10-06 05:42
CURV,토리드 홀딩스,주식,NYSE,2.46,-0.04,-1.60,2026-10-06 05:42
CURX,큐라넥스 파마슈티컬스,주식,NASDAQ,4.96,0.24,5.08,2026-10-06 05:42
CUST,Corgi 1-3 Year Treasury Bond ETF,ETF,AMEX,24.77,-0.01,-0.06,2026-10-06 05:42
CUT,Invesco MSCI Global Timber ETF,ETF,AMEX,27.47,-0.14,-0.51,2026-10-06 05:42
CUVL,클리누벨 파마슈티컬스 ADR,주식,NASDAQ,5.74,-0.29,-4.81,2026-10-06 05:42
CUZ,커즌스 프로퍼티스,주식,NYSE,27.33,-0.36,-1.30,2026-10-06 05:42
CV,캡소비전,주식,NASDAQ,6.59,0.42,6.73,2026-10-06 05:42
CVAR,Cultivar ETF,ETF,AMEX,30.28,0.26,0.87,2026-10-06 05:42
CVBF,CVB 파이낸셜,주식,NASDAQ,22.12,-0.16,-0.72,2026-10-06 05:42
CVCO,카브코 인더스트리스,주식,NASDAQ,576.27,-8.86,-1.51,2026-10-06 05:42
CVE,세노버스 에너지,주식,NYSE,31.47,-0.93,-2.87,2026-10-06 05:42
CVEO,시비오,주식,NYSE,32.49,-0.68,-2.05,2026-10-06 05:42
CVGD,CresAlta Global Dividend ETF,ETF,AMEX,25.21,0.08,0.32,2026-10-06 05:42
CVGI,커머셜 비히클 그룹,주식,NASDAQ,3.00,0.04,1.35,2026-10-06 05:42
CVI,CVR 에너지,주식,NYSE,56.94,2.11,3.85,2026-10-06 05:42
CVIE,Calvert International Responsible Index ETF,ETF,AMEX,84.13,0.26,0.31,2026-10-06 05:42
CVKD,커드리널 테라퓨틱스,주식,NASDAQ,0.95,0.01,0.60,2026-10-06 05:42
CVLC,Calvert US Large-Cap Core Responsible Index ETF,ETF,AMEX,96.08,0.49,0.51,2026-10-06 05:42
CVLG,코버넌트 로지스틱스 그룹,주식,NYSE,33.19,-0.57,-1.69,2026-10-06 05:42
CVLT,컴볼트 시스템즈,주식,NASDAQ,153.73,3.45,2.30,2026-10-06 05:42
CVM,셀 사이,주식,AMEX,2.42,0.11,4.76,2026-10-06 05:42
CVMC,Calvert US Mid-Cap Core Responsible Index ETF,ETF,AMEX,74.33,0.45,0.61,2026-10-06 05:42
CVNA,카바나,주식,NYSE,63.72,-0.05,-0.08,2026-10-06 05:42
CVNY,YieldMax CVNA Option Income Strategy ETF,ETF,AMEX,17.70,-0.16,-0.90,2026-10-06 05:42
CVR,시카고 리벳 & 머신,주식,AMEX,10.51,-0.69,-6.16,2026-10-06 05:42
CVRD,Madison Covered Call ETF,ETF,AMEX,18.08,0.13,0.74,2026-10-06 05:42
CVRT,Calamos Convertible Equity Alternative ETF,ETF,AMEX,47.33,0.01,0.02,2026-10-06 05:42
CVRX,CVR엑스,주식,NASDAQ,1.56,0.01,0.65,2026-10-06 05:42
CVS,CVS 헬스,주식,NYSE,87.01,0.55,0.64,2026-10-06 05:42
CVSA,코비스타,주식,NYSE,125.39,-0.09,-0.07,2026-10-06 05:42
CVSB,Calvert Ultra-Short Investment Grade ETF,ETF,AMEX,50.47,0.02,0.04,2026-10-06 05:42
CVSM,CresAlta Small and Mid-Cap ETF,ETF,AMEX,24.81,0.00,-0.01,2026-10-06 05:42
CVU,CPI 에어로스트럭처스,주식,AMEX,5.10,-0.07,-1.35,2026-10-06 05:42
CVV,CVD 이큅먼트,주식,NASDAQ,4.28,-0.05,-1.15,2026-10-06 05:42
CVX,셰브론,주식,NYSE,206.47,-0.22,-0.11,2026-10-06 05:42
CVY,Invesco Zacks Multi-Asset Income ETF,ETF,AMEX,28.75,0.16,0.56,2026-10-06 05:42
CW,커티스 라이트,주식,NYSE,540.79,-4.85,-0.89,2026-10-06 05:42
CWB,State Street SPDR Bloomberg Convertible Sec ETF,ETF,AMEX,101.96,-0.09,-0.09,2026-10-06 05:42
CWBC,커뮤니티 웨스트 뱅크셰어스,주식,NASDAQ,26.58,0.05,0.19,2026-10-06 05:42
CWCO,콘솔리데이티드 워터,주식,NASDAQ,30.32,0.17,0.56,2026-10-06 05:42
CWD,캘리버코스,주식,NASDAQ,0.55,-0.02,-3.45,2026-10-06 05:42
CWEB,Direxion Daily CSI China Internet Idx Bull 2X ETF,ETF,AMEX,18.43,1.04,5.98,2026-10-06 05:42
CWEN,클리어웨이 에너지 Class C,주식,NYSE,29.52,0.18,0.61,2026-10-06 05:42
CWH,캠핑 월드 홀딩스,주식,NYSE,4.55,-0.48,-9.54,2026-10-06 05:42
CWI,State Street SPDR MSCI ACWI ex-US ETF,ETF,AMEX,40.85,0.21,0.52,2026-10-06 05:42
CWK,쿠쉬맨 앤 웨이크필드,주식,NYSE,11.85,-0.07,-0.59,2026-10-06 05:42
CWS,AdvisorShares Focused Equity ETF,ETF,AMEX,67.72,0.51,0.76,2026-10-06 05:42
CWST,카셀라 웨이스트 시스템즈,주식,NASDAQ,83.42,0.65,0.79,2026-10-06 05:42
CWT,캘리포니아 워터 서비스 그룹,주식,NYSE,45.84,-0.12,-0.26,2026-10-06 05:42
CWVX,Tradr 2X Long Crwv Daily ETF,ETF,AMEX,15.22,-0.84,-5.23,2026-10-06 05:42
CWY,Graniteshares Yieldboost CRWV ETF,ETF,NASDAQ,15.34,0.01,0.03,2026-10-06 05:42
CX,시멕스 ADR,주식,NYSE,9.54,0.01,0.10,2026-10-06 05:42
CXAI,CX앱,주식,NASDAQ,2.09,-0.24,-10.30,2026-10-06 05:42
CXDO,크렉센도,주식,NASDAQ,6.02,0.10,1.69,2026-10-06 05:42
CXII,처칠 캐피탈 XII,주식,NASDAQ,10.75,-0.05,-0.46,2026-10-06 05:42
CXIIU,Churchill Capital XII Units,주식,NASDAQ,10.95,-0.16,-1.44,2026-10-06 05:42
CXM,스프링클러,주식,NYSE,5.23,0.03,0.58,2026-10-06 05:42
CXRN,Teucrium 2x Daily Corn ETF,ETF,AMEX,18.85,0.01,0.06,2026-10-06 05:42
CXSE,WisdomTree China ex-State-Owned Enterprises Fund,ETF,NASDAQ,35.10,0.57,1.66,2026-10-06 05:42
CXT,크레인 NXT,주식,NYSE,49.16,0.38,0.78,2026-10-06 05:42
CXW,코어시빅,주식,NYSE,33.73,0.30,0.90,2026-10-06 05:42
CYAB,사이브라,주식,NASDAQ,0.21,0.01,3.38,2026-10-06 05:42
CYCU,싸이큐리온,주식,NASDAQ,3.68,-0.14,-3.66,2026-10-06 05:42
CYD,차이나 유차이 인터내셔널,주식,NYSE,31.87,-0.08,-0.25,2026-10-06 05:42
CYH,커뮤니티 헬스 시스템즈,주식,NYSE,2.76,0.04,1.47,2026-10-06 05:42
CYN,신젠,주식,NASDAQ,0.64,-0.04,-5.88,2026-10-06 05:42
CYPH,사이퍼펑크 테크놀로지스,주식,NASDAQ,3.17,0.14,4.62,2026-10-06 05:42
CYRX,크라이오포트,주식,NASDAQ,18.14,0.71,4.07,2026-10-06 05:42
CYTK,사이토키네틱스,주식,NASDAQ,62.70,-2.90,-4.42,2026-10-06 05:42
CZA,Invesco Zacks Mid-Cap ETF,ETF,AMEX,119.26,0.47,0.40,2026-10-06 05:42
CZFS,시티즌스 파이낸셜 서비시스,주식,NASDAQ,79.52,-1.38,-1.71,2026-10-06 05:42
CZNC,시티즌스 & 노던,주식,NASDAQ,25.50,-0.13,-0.51,2026-10-06 05:42
CZR,시저스 엔터테인먼트,주식,NASDAQ,29.65,0.00,0.00,2026-10-06 05:42
CZWI,시티즌스 커뮤니티 뱅코프,주식,NASDAQ,21.31,0.01,0.05,2026-10-06 05:42
D,도미니언 에너지,주식,NYSE,61.02,-0.29,-0.47,2026-10-06 05:42
DAAQ,디지털 애셋 애퀴지션,주식,NASDAQ,10.44,-0.03,-0.29,2026-10-06 05:42
DAAQU,Digital Asset Acquisition Units,주식,NASDAQ,10.51,0.00,0.00,2026-10-06 05:42
DABS,DoubleLine Asset-Backed Securities ETF,ETF,AMEX,49.60,0.02,0.03,2026-10-06 05:42
DAC,다나오스,주식,NYSE,165.82,0.67,0.41,2026-10-06 05:42
DACL,REX Defensive Autocallable Income ETF,ETF,AMEX,25.03,0.02,0.06,2026-10-06 05:42
DADS,Digital Asset Debt Strategy ETF,ETF,NASDAQ,19.56,0.02,0.08,2026-10-06 05:42
DAIC,CID 홀드,주식,NASDAQ,2.59,-0.20,-7.17,2026-10-06 05:42
DAIO,데이터 I/O,주식,NASDAQ,2.89,-0.09,-3.02,2026-10-06 05:42
DAK,Dakota Active Equity ETF,ETF,NASDAQ,30.05,0.12,0.40,2026-10-06 05:42
DAKT,닥트로닉스,주식,NASDAQ,17.80,-0.16,-0.89,2026-10-06 05:42
DAL,델타 에어라인스,주식,NYSE,83.08,-1.01,-1.20,2026-10-06 05:42
DALI,First Trust Dorsey Wright DALI Equity ETF,ETF,NASDAQ,28.47,0.08,0.27,2026-10-06 05:42
DAMD,Defiance Daily Target 2X Short AMD ETF,ETF,AMEX,8.33,0.05,0.60,2026-10-06 05:42
DAN,다나,주식,NYSE,28.10,0.22,0.79,2026-10-06 05:42
DANA,Dana Limited Volatility ETF,ETF,AMEX,24.92,0.01,0.02,2026-10-06 05:42
DAO,유다오 ADR,주식,NYSE,15.63,0.48,3.17,2026-10-06 05:42
DAPP,VanEck Digital Transformation ETF,ETF,NASDAQ,19.11,0.00,0.00,2026-10-06 05:42
DAPR,FT Vest US Equity Deep Buffer ETF - April,ETF,AMEX,41.98,0.16,0.37,2026-10-06 05:42
DAR,달링 인그리디언츠,주식,NYSE,62.70,-0.24,-0.38,2026-10-06 05:42
DARE,데어 바이오사이언스,주식,NASDAQ,0.84,0.00,0.04,2026-10-06 05:42
DARP,Grizzle Growth ETF,ETF,AMEX,60.01,0.44,0.75,2026-10-06 05:42
DASH,도어대시,주식,NASDAQ,191.77,2.62,1.39,2026-10-06 05:42
DAT,ProShares Big Data Refiners ETF,ETF,AMEX,52.23,0.47,0.91,2026-10-06 05:42
DAUG,FT Vest US Equity Deep Buffer ETF - August,ETF,AMEX,47.88,0.12,0.24,2026-10-06 05:42
DAVA,엔다바 ADR,주식,NYSE,1.91,-0.01,-0.52,2026-10-06 05:42
DAVE,데이브,주식,NASDAQ,368.94,22.37,6.45,2026-10-06 05:42
DAX,Global X DAX Germany ETF,ETF,NASDAQ,43.93,-0.09,-0.21,2026-10-06 05:42
DB,도이치은행,주식,NYSE,34.97,0.00,0.00,2026-10-06 05:42
DBA,Invesco DB Agriculture Fund,ETF,AMEX,28.46,0.25,0.89,2026-10-06 05:42
DBAW,Xtrackers MSCI All Wld x US Hdg Eqty ETF,ETF,AMEX,48.48,0.32,0.65,2026-10-06 05:42
DBB,Invesco DB Base Metals Fund,ETF,AMEX,25.08,0.19,0.76,2026-10-06 05:42
DBC,Invesco DB Commodity Index Tracking Fund,ETF,AMEX,32.39,-0.15,-0.46,2026-10-06 05:42
DBCA,D 보랄 애퀴지션 I,주식,NASDAQ,10.04,0.03,0.25,2026-10-06 05:42
DBCAU,D Boral Acquisition I Units,주식,NASDAQ,10.38,0.00,0.00,2026-10-06 05:42
DBD,다이볼드 닉스도르프,주식,NYSE,65.63,1.86,2.92,2026-10-06 05:42
DBE,Invesco DB Energy Fund,ETF,AMEX,36.56,-0.61,-1.64,2026-10-06 05:42
DBEF,Xtrackers MSCI EAFE Hedged Equity ETF,ETF,AMEX,55.21,0.19,0.35,2026-10-06 05:42
DBEM,Xtrackers MSCI Em Mkts Hdg Eqty ETF,ETF,AMEX,39.94,0.37,0.93,2026-10-06 05:42
DBEU,Xtrackers MSCI Europe Hedged Equity ETF,ETF,AMEX,53.36,0.12,0.22,2026-10-06 05:42
DBEZ,Xtrackers MSCI Eurozone Hedged Eqty ETF,ETF,AMEX,61.83,0.00,0.00,2026-10-06 05:42
DBGI,디지털 브랜즈 그룹,주식,NASDAQ,4.65,-0.22,-4.52,2026-10-06 05:42
DBI,디자이너 브랜즈,주식,NYSE,5.97,-0.09,-1.49,2026-10-06 05:42
DBJP,Xtrackers MSCI Japan Hedged Equity ETF,ETF,AMEX,119.64,0.66,0.55,2026-10-06 05:42
DBL,DoubleLine Opportunistic Credit Fund,주식,NYSE,13.17,-0.51,-3.73,2026-10-06 05:42
DBMF,iMGP DBi Managed Futures Strategy ETF,ETF,AMEX,33.13,0.22,0.67,2026-10-06 05:42
DBND,DoubleLine Opportunistic Core Bond ETF,ETF,AMEX,43.29,-0.04,-0.08,2026-10-06 05:42
DBO,Invesco DB Oil Fund,ETF,AMEX,23.46,-0.54,-2.25,2026-10-06 05:42
DBP,Invesco DB Precious Metals Fund,ETF,AMEX,95.40,0.50,0.52,2026-10-06 05:42
DBVT,DBV 테크놀로지스 ADR,주식,NASDAQ,10.44,-0.11,-1.04,2026-10-06 05:42
DBX,드랍박스,주식,NASDAQ,34.37,0.47,1.39,2026-10-06 05:42
DC,다코타 골드,주식,AMEX,5.93,0.01,0.17,2026-10-06 05:42
DCAP,T-Strive Digital Credit Preferred Income ETF,ETF,AMEX,25.21,0.03,0.10,2026-10-06 05:42
DCBG,Dime Community Bancshares 9 000 Junior Subordinated Notes,주식,NYSE,25.64,-0.23,-0.89,2026-10-06 05:42
DCBO,도세보,주식,NASDAQ,23.68,0.35,1.50,2026-10-06 05:42
DCGO,독고,주식,NASDAQ,0.37,0.00,-1.22,2026-10-06 05:42
DCH,다우치,주식,NYSE,5.65,0.05,0.89,2026-10-06 05:42
DCI,도널드슨,주식,NYSE,89.19,0.54,0.61,2026-10-06 05:42
DCMT,Doubleline Commodity Strategy ETF,ETF,AMEX,37.29,-0.25,-0.68,2026-10-06 05:42
DCO,듀코먼,주식,NYSE,172.85,-2.54,-1.45,2026-10-06 05:42
DCOM,다임 커뮤니티 뱅크셰어스,주식,NYSE,39.51,-0.37,-0.93,2026-10-06 05:42
DCOR,Dimensional US Core Equity 1 ETF,ETF,AMEX,84.17,0.58,0.69,2026-10-06 05:42
DCOY,셀러리어스 파머슈티컬스,주식,NASDAQ,1.67,-0.10,-5.65,2026-10-06 05:42
DCRE,DoubleLine Commercial Real Estate Debt ETF,ETF,AMEX,50.81,0.03,0.06,2026-10-06 05:42
DCTH,델캐스 시스템즈,주식,NASDAQ,15.87,0.74,4.89,2026-10-06 05:42
DCX,디지털 커런시 X 테크놀로지,주식,NASDAQ,3.38,-0.50,-12.89,2026-10-06 05:42
DD,듀폰,주식,NYSE,130.69,0.71,0.55,2026-10-06 05:42
DDC,DDC 엔터프라이즈,주식,AMEX,0.22,0.00,2.00,2026-10-06 05:42
DDD,쓰리디 시스템즈,주식,NYSE,3.56,-0.22,-5.82,2026-10-06 05:42
DDDD,YieldMax US Stocks Target Double Distribution ETF,ETF,AMEX,31.73,-0.03,-0.08,2026-10-06 05:42
DDEC,FT Vest US Equity Deep Buffer ETF - December,ETF,AMEX,48.87,0.11,0.23,2026-10-06 05:42
DDFA,Innovator Eq Dual Directional 15 Buffer ETF - Apr,ETF,AMEX,20.66,0.03,0.15,2026-10-06 05:42
DDFD,Innovator Equity Dual Directional 15 Buf ETF - Dec,ETF,AMEX,20.44,0.01,0.07,2026-10-06 05:42
DDFF,Innovator Equity Dual Directional 15 Buf ETF - Feb,ETF,AMEX,20.41,0.05,0.25,2026-10-06 05:42
DDFG,Innovator Equity Dual Drctnl 15 Buffer ETF - Aug,ETF,AMEX,19.55,0.04,0.18,2026-10-06 05:42
DDFJ,Innovator Equity Dual Directional 15 Buf ETF - Jan,ETF,AMEX,20.16,0.02,0.10,2026-10-06 05:42
DDFL,Innovator Equity Dual Directional 15 B ETF - July,ETF,AMEX,21.70,0.05,0.23,2026-10-06 05:42
DDFM,Innovator Equity Dual Directional 15 Bff ETF - Mar,ETF,AMEX,20.19,0.02,0.11,2026-10-06 05:42
DDFN,Innovator Equity Dual Directional 15 Buf ETF - Nov,ETF,AMEX,20.57,0.00,0.02,2026-10-06 05:42
DDFO,Innovator Equity Dual Directional 15 Buf ETF - Oct,ETF,AMEX,23.07,0.05,0.22,2026-10-06 05:42
DDFS,Innovator Equity Dual Directional 15 Bff ETF - Sep,ETF,AMEX,22.42,0.04,0.17,2026-10-06 05:42
DDFY,Innovator Eq Dual Directional 15 Buffer ETF - May,ETF,AMEX,20.56,0.04,0.20,2026-10-06 05:42
DDFZ,Innovator Equity Dual Directional 15 Buffr ETF-Jun,ETF,AMEX,19.87,0.07,0.36,2026-10-06 05:42
DDI,더블다운 인터랙티브 ADR,주식,NASDAQ,13.24,-0.07,-0.53,2026-10-06 05:42
DDIV,First Trust Dorsey Wright Momentum & Dividend ETF,ETF,NASDAQ,44.72,0.12,0.26,2026-10-06 05:42
DDL,딩동 (케이먼) ADR,주식,NYSE,2.10,-0.05,-2.33,2026-10-06 05:42
DDLS,WisdomTree Dynamic International SmallCap Eq Fund,ETF,AMEX,45.05,-0.08,-0.18,2026-10-06 05:42
DDM,ProShares Ultra Dow30,ETF,AMEX,62.03,0.20,0.32,2026-10-06 05:42
DDNQ,Innovator Growth-100 Dual Direc 5 Bfr ETF - Qtly,ETF,AMEX,21.00,0.09,0.43,2026-10-06 05:42
DDOG,데이터도그,주식,NASDAQ,276.42,-0.81,-0.29,2026-10-06 05:42
DDS,딜라즈,주식,NYSE,695.35,41.24,6.30,2026-10-06 05:42
DDSQ,Innovator Equity Dual Directional 5 Bfr ETF - Qtly,ETF,AMEX,21.59,0.09,0.42,2026-10-06 05:42
DDT,딜라드 캐피탈 트러스트 I,주식,NYSE,26.43,0.05,0.19,2026-10-06 05:42
DDTA,Innovator Eq Dual Directional 10 Buffer ETF - Apr,ETF,AMEX,21.03,0.03,0.15,2026-10-06 05:42
DDTD,Innovator Equity Dual Directional 10 Buf ETF - Dec,ETF,AMEX,20.98,0.06,0.30,2026-10-06 05:42
DDTF,Innovator Equity Dual Directional 10 Buf ETF - Feb,ETF,AMEX,20.85,0.05,0.24,2026-10-06 05:42
DDTG,Innovator Equity Dual Drctnl 10 Buffer ETF - Aug,ETF,AMEX,19.65,0.05,0.27,2026-10-06 05:42
DDTJ,Innovator Equity Dual Directional 10 Bfr ETF - Jan,ETF,AMEX,20.70,0.06,0.27,2026-10-06 05:42
DDTL,Innovator Equity Dual Directional 10 B ETF - Jul,ETF,AMEX,22.66,0.10,0.42,2026-10-06 05:42
DDTM,Innovator Equity Dual Directional 10 Bff ETF - Mar,ETF,AMEX,20.64,0.05,0.24,2026-10-06 05:42
DDTN,Innovator Equity Dual Directional 10 Buf ETF - Nov,ETF,AMEX,21.13,0.07,0.35,2026-10-06 05:42
DDTO,Innovator Equity Dual Directional 10 Buf ETF - Oct,ETF,AMEX,23.87,0.07,0.29,2026-10-06 05:42
DDTS,Innovator Eqt Dual Directional 10 Bfr ETF - Sept,ETF,AMEX,23.11,0.06,0.25,2026-10-06 05:42
DDTY,Innovator Eq Dual Directional 10 Buffer ETF - May,ETF,AMEX,20.84,0.06,0.31,2026-10-06 05:42
DDTZ,Innovator Equity Dual Directional 10 Buffr ETF-Jun,ETF,AMEX,19.97,0.04,0.22,2026-10-06 05:42
DDV,Defined Duration 5 ETF,ETF,AMEX,24.98,0.02,0.08,2026-10-06 05:42
DDWM,WisdomTree Dynamic International Equity Fund,ETF,AMEX,45.84,0.08,0.16,2026-10-06 05:42
DDX,Defined Duration 10 ETF,ETF,AMEX,24.82,0.04,0.16,2026-10-06 05:42
DDXX,Defined Duration 20 ETF,ETF,AMEX,28.10,0.14,0.50,2026-10-06 05:42
DE,디어,주식,NYSE,682.20,-4.80,-0.70,2026-10-06 05:42
DEA,이스털리 거번먼트 프로퍼티스,주식,NYSE,22.95,-0.45,-1.92,2026-10-06 05:42
DEC,다이버시파이드 에너지,주식,NYSE,13.61,0.19,1.42,2026-10-06 05:42
DECK,덱커 아웃도어,주식,NYSE,80.21,1.09,1.38,2026-10-06 05:42
DECM,FT Vest US Equity Max Buffer ETF - December,ETF,AMEX,34.35,0.03,0.09,2026-10-06 05:42
DECO,State Street Galaxy Digital Asset Ecosystem ETF,ETF,NASDAQ,73.31,-0.65,-0.88,2026-10-06 05:42
DECP,PGIM S&P 500 Buffer 12 ETF - December,ETF,AMEX,33.69,0.11,0.33,2026-10-06 05:42
DECT,AllianzIM US Equity Buffer10 Dec ETF,ETF,AMEX,40.74,0.17,0.41,2026-10-06 05:42
DECU,AllianzIM US Equity Buffer15 Uncapped Dec ETF,ETF,AMEX,29.91,0.16,0.55,2026-10-06 05:42
DECW,AllianzIM US Equity Buffer20 Dec ETF,ETF,AMEX,36.72,0.12,0.31,2026-10-06 05:42
DECZ,TrueShares Structured Outcome (December) ETF,ETF,AMEX,44.39,0.24,0.54,2026-10-06 05:42
DEED,First Trust Securitized Plus ETF,ETF,AMEX,20.26,0.02,0.10,2026-10-06 05:42
DEEF,Xtrackers FTSE Developed ex US Multifactor ETF,ETF,AMEX,38.89,-0.06,-0.14,2026-10-06 05:42
DEEP,Acquirers Small And Micro Deep Value ETF,ETF,AMEX,41.77,0.32,0.77,2026-10-06 05:42
DEFR,Aptus Deferred Income ETF,ETF,AMEX,26.01,-0.05,-0.19,2026-10-06 05:42
DEFT,디파이 테크놀로지스,주식,NASDAQ,0.52,-0.01,-2.13,2026-10-06 05:42
DEHP,DFA Dimensional Emerging Mkts High Proftblty ETF,ETF,AMEX,42.36,0.51,1.22,2026-10-06 05:42
DEI,더글러스 에밋,주식,NYSE,9.64,-0.18,-1.83,2026-10-06 05:42
DELL,델테크놀로지,주식,NYSE,552.29,-10.23,-1.82,2026-10-06 05:42
DEM,WisdomTree Emerging Markets High Dividend Fund,ETF,AMEX,55.83,0.41,0.74,2026-10-06 05:42
DEMZ,Democratic Large Cap Core ETF,ETF,NASDAQ,49.43,0.24,0.48,2026-10-06 05:42
DEO,디아지오 ADR,주식,NYSE,83.97,-0.78,-0.92,2026-10-06 05:42
DEPW,Google DeepMind AI Lab Ecosystem ETF,ETF,AMEX,25.27,0.00,0.00,2026-10-06 05:42
DERM,저니 메디컬,주식,NASDAQ,6.69,0.08,1.21,2026-10-06 05:42
DES,WisdomTree US SmallCap Dividend Fund,ETF,AMEX,38.68,0.03,0.08,2026-10-06 05:42
DESK,VanEck Office and Commercial REIT ETF,ETF,AMEX,36.86,-0.31,-0.83,2026-10-06 05:42
DETX,리버티 디펜스 홀딩스,주식,NASDAQ,2.05,-0.06,-2.84,2026-10-06 05:42
DEUS,Xtrackers Russell US Multifactor ETF,ETF,AMEX,64.46,0.35,0.55,2026-10-06 05:42
DEW,WisdomTree Global High Dividend Fund,ETF,AMEX,68.74,0.01,0.01,2026-10-06 05:42
DEXC,Dimensional Emerging Markets ex China Cr Eqty ETF,ETF,AMEX,82.48,0.80,0.98,2026-10-06 05:42
DFAC,Dimensional U S Core Equity 2 ETF,ETF,AMEX,45.27,0.30,0.67,2026-10-06 05:42
DFAE,DFA Dimensional Emerging Core Equity Market ETF,ETF,AMEX,40.40,0.54,1.35,2026-10-06 05:42
DFAI,DFA Dimensional International Core Equity Market,ETF,AMEX,41.53,0.01,0.02,2026-10-06 05:42
DFAL,Dimensional US Large Cap Core Equity Market ETF,ETF,AMEX,52.17,0.33,0.63,2026-10-06 05:42
DFAR,DFA Dimensional US Real Estate ETF,ETF,AMEX,24.06,-0.09,-0.37,2026-10-06 05:42
DFAS,Dimensional U S Small Cap ETF,ETF,AMEX,79.07,0.34,0.43,2026-10-06 05:42
DFAT,Dimensional U S Targeted Value ETF,ETF,AMEX,67.99,0.23,0.34,2026-10-06 05:42
DFAU,DFA Dimensional US Core Equity Market ETF,ETF,AMEX,53.27,0.39,0.74,2026-10-06 05:42
DFAW,Dimensional World Equity ETF,ETF,AMEX,84.18,0.43,0.51,2026-10-06 05:42
DFAX,Dimensional World ex U S Core Equity 2 ETF,ETF,AMEX,37.45,0.17,0.46,2026-10-06 05:42
DFCA,DFA Dimensional California Municipal Bond ETF,ETF,AMEX,47.80,0.06,0.13,2026-10-06 05:42
DFCF,DFA Dimensional Core Fixed Income ETF,ETF,AMEX,40.10,-0.01,-0.02,2026-10-06 05:42
DFDV,디파이 디벨롭먼트,주식,NASDAQ,5.47,0.22,4.19,2026-10-06 05:42
DFE,WisdomTree Europe SmallCap Dividend Fund,ETF,AMEX,73.53,-0.30,-0.41,2026-10-06 05:42
DFEB,FT Vest US Equity Deep Buffer ETF - February,ETF,AMEX,51.91,0.11,0.21,2026-10-06 05:42
DFEM,DFA Dimensional Emerging Markets Core Equity 2 ETF,ETF,AMEX,40.80,0.49,1.22,2026-10-06 05:42
DFEN,Direxion Daily Aerospace & Defense Bull 3X ETF,ETF,AMEX,46.87,-0.57,-1.20,2026-10-06 05:42
DFEV,DFA Dimensional Emerging Markets Value ETF,ETF,AMEX,43.32,0.26,0.60,2026-10-06 05:42
DFGP,Dimensional Global Core Plus Fixed Income ETF,ETF,NASDAQ,51.98,-0.02,-0.04,2026-10-06 05:42
DFGR,DFA Dimensional Global Real Estate ETF,ETF,AMEX,26.81,-0.10,-0.37,2026-10-06 05:42
DFGX,Dimensional International Core Fixed Income ETF,ETF,NASDAQ,51.29,0.03,0.07,2026-10-06 05:42
DFH,드림 파인더스 홈즈,주식,NYSE,9.88,-0.87,-8.09,2026-10-06 05:42
DFIC,DFA Dimensional International Core Equity 2 ETF,ETF,AMEX,37.71,0.04,0.11,2026-10-06 05:42
DFII,FT Vest Bitcoin Strategy & Target Income ETF,ETF,AMEX,14.38,0.23,1.62,2026-10-06 05:42
DFIN,도넬리 파이낸셜 솔루션스,주식,NYSE,48.28,1.72,3.69,2026-10-06 05:42
DFIP,DFA Dimensional Inflation-Protected Securities ETF,ETF,AMEX,39.04,-0.04,-0.10,2026-10-06 05:42
DFIS,DFA Dimensional International Small Cap ETF,ETF,AMEX,36.16,-0.04,-0.11,2026-10-06 05:42
DFIV,Dimensional International Value ETF,ETF,AMEX,55.72,0.13,0.23,2026-10-06 05:42
DFJ,WisdomTree Japan SmallCap Dividend Fund,ETF,AMEX,116.37,0.21,0.18,2026-10-06 05:42
DFLI,드래곤플라이 에너지 홀딩스,주식,NASDAQ,0.71,-0.14,-16.59,2026-10-06 05:42
DFLV,DFA Dimensional US Large Cap Value ETF,ETF,AMEX,40.63,0.16,0.40,2026-10-06 05:42
DFMC,U S Micro Cap Portfolio Class Shares ETF,ETF,AMEX,58.39,0.26,0.44,2026-10-06 05:42
DFNL,Davis Select Financial ETF,ETF,AMEX,48.40,0.07,0.14,2026-10-06 05:42
DFNM,DFA Dimensional National Municipal Bond ETF,ETF,AMEX,46.20,-0.06,-0.13,2026-10-06 05:42
DFNS,T3 디펜스,주식,NASDAQ,6.78,-0.56,-7.63,2026-10-06 05:42
DFP,Flaherty & Crumrine Dynamic Pfd and Inc Fd,주식,NYSE,18.74,-0.36,-1.88,2026-10-06 05:42
DFSB,DFA Dimensional Glbl Sustainability Fx Inc ETF,ETF,AMEX,49.62,0.04,0.07,2026-10-06 05:42
DFSC,DEFSEC 테크놀로지스,주식,NASDAQ,1.01,-0.10,-9.01,2026-10-06 05:42
DFSD,DFA Dimensional Short-Duration Fixed Income ETF,ETF,AMEX,46.54,0.03,0.06,2026-10-06 05:42
DFSE,Dimensional Emg Mkts Sustainability Core 1 ETF,ETF,AMEX,49.62,0.71,1.46,2026-10-06 05:42
DFSI,Dimensional Intl Sustainability Core 1 ETF,ETF,AMEX,45.16,0.02,0.04,2026-10-06 05:42
DFSU,Dimensional US Sustainability Core 1 ETF,ETF,AMEX,47.93,0.34,0.71,2026-10-06 05:42
DFSV,DFA Dimensional US Small Cap Value ETF,ETF,AMEX,38.39,0.22,0.58,2026-10-06 05:42
DFTT,DF Tactical 30 ETF,ETF,AMEX,31.44,-0.01,-0.04,2026-10-06 05:42
DFTX,데피니움 테라퓨틱스,주식,NASDAQ,36.23,-1.17,-3.13,2026-10-06 05:42
DFUS,DFA Dimensional US Equity Market ETF,ETF,AMEX,84.49,0.58,0.69,2026-10-06 05:42
DFUV,DFA Dimensional US Marketwide Value ETF,ETF,AMEX,55.67,0.19,0.34,2026-10-06 05:42
DFVE,Doubleline Fortune 500 Equal Weight ETF,ETF,AMEX,35.33,0.15,0.42,2026-10-06 05:42
DFVX,Dimensional US Large Cap Vector ETF,ETF,AMEX,84.39,0.32,0.38,2026-10-06 05:42
DG,달러 제너럴,주식,NYSE,119.32,0.38,0.32,2026-10-06 05:42
DGAC,디서플린드 그로스 애퀴지션,주식,NYSE,10.00,0.00,0.00,2026-10-06 05:42
DGAC.U,Disciplined Growth Acquisition Units,주식,NYSE,10.07,0.00,0.00,2026-10-06 05:42
DGAP,FT Vest US Equity Bfr & Digital Return ETF - April,ETF,AMEX,31.26,0.04,0.11,2026-10-06 05:42
DGCB,Dimensional Global Credit ETF,ETF,NASDAQ,51.96,0.02,0.04,2026-10-06 05:42
DGICA,도니골 그룹 Class A,주식,NASDAQ,18.24,-0.03,-0.16,2026-10-06 05:42
DGICB,도니골 그룹 Class B,주식,NASDAQ,17.49,0.84,5.05,2026-10-06 05:42
DGII,디지 인터내셔널,주식,NASDAQ,74.56,-1.05,-1.39,2026-10-06 05:42
DGIN,VanEck Digital India ETF,ETF,AMEX,34.52,0.31,0.91,2026-10-06 05:42
DGJA,FT Vest US Equity Buffer & Digital Ret ETF - Jan,ETF,AMEX,32.29,0.00,0.00,2026-10-06 05:42
DGJL,FT Vest U.S. Equity Buffer & Digital Rtrn ETF-July,ETF,AMEX,30.51,0.04,0.15,2026-10-06 05:42
DGLO,First Trust RBA Deglobalization ETF,ETF,NASDAQ,22.97,0.15,0.67,2026-10-06 05:42
DGNX,디지넥스,주식,NASDAQ,1.28,0.00,0.00,2026-10-06 05:42
DGOC,FT Vest US Equity Buffer & Digital Ret ETF - Oct,ETF,AMEX,33.00,0.01,0.02,2026-10-06 05:42
DGP,DB Gold Double Long ETN Exp 15 Feb 2038,주식,AMEX,146.65,-0.72,-0.49,2026-10-06 05:42
DGRE,WisdomTree Emerging Markets Quality Dividend Gro,ETF,NASDAQ,41.84,0.69,1.67,2026-10-06 05:42
DGRO,iShares Core Dividend Growth ETF,ETF,AMEX,76.06,0.29,0.38,2026-10-06 05:42
DGRS,WisdomTree US SmallCap Quality Dividend Growth,ETF,NASDAQ,57.16,0.14,0.25,2026-10-06 05:42
DGRW,WisdomTree US Quality Dividend Growth Fund,ETF,NASDAQ,98.79,0.63,0.64,2026-10-06 05:42
DGS,WisdomTree Emerging Markets SmallCap Dividend Fund,ETF,AMEX,64.05,0.74,1.17,2026-10-06 05:42
DGT,State Street SPDR Global Dow ETF,ETF,AMEX,186.63,0.57,0.31,2026-10-06 05:42
DGX,퀘스트 다이아그노스틱스,주식,NYSE,232.22,-1.11,-0.48,2026-10-06 05:42
DGXX,디지 파워 X,주식,NASDAQ,3.73,-0.11,-2.86,2026-10-06 05:42
DGZ,DB Gold Short ETN Exp 15 Feb 2038,주식,AMEX,5.57,0.11,2.04,2026-10-06 05:42
DH,데피니티브 헬스케어,주식,NASDAQ,0.99,0.05,5.67,2026-10-06 05:42
DHC,다이버시파이드 헬스케어,주식,NASDAQ,7.54,-0.19,-2.46,2026-10-06 05:42
DHCNI,Diversified Healthcare 5 625 Senior Notes Exp 01 Aug 2042,주식,NASDAQ,16.35,-0.05,-0.30,2026-10-06 05:42
DHCNL,Diversified Healthcare 6 25 Senior Notes Exp 2046,주식,NASDAQ,17.28,0.13,0.73,2026-10-06 05:42
DHDG,FT Vest US Equity Quarterly 2.5 to 15 Buffer ETF,ETF,AMEX,38.07,0.16,0.42,2026-10-06 05:42
DHF,BNY Mellon High Yield Strategies Fund,주식,NYSE,2.23,0.00,0.00,2026-10-06 05:42
DHI,D.R. 호튼,주식,NYSE,133.23,-1.77,-1.31,2026-10-06 05:42
DHLX,Diamond Hill Large Cap Concentrated ETF,ETF,AMEX,13.50,0.11,0.79,2026-10-06 05:42
DHR,다나허,주식,NYSE,221.21,7.15,3.34,2026-10-06 05:42
DHS,WisdomTree US High Dividend Fund,ETF,AMEX,112.31,-0.27,-0.24,2026-10-06 05:42
DHSB,Day Hagan Smart Buffer ETF,ETF,AMEX,27.84,0.17,0.60,2026-10-06 05:42
DHT,DHT 홀딩스,주식,NYSE,23.82,0.14,0.59,2026-10-06 05:42
DHX,DHI 그룹,주식,NYSE,4.81,0.00,0.00,2026-10-06 05:42
DHY,Credit Suisse High Yield Credit Fund,주식,AMEX,15.95,-0.12,-0.75,2026-10-06 05:42
DIA,State Street SPDR Dow Jones Indust Avg ETF Trust,ETF,AMEX,512.11,1.01,0.20,2026-10-06 05:42
DIAL,Columbia Diversified Fixed Income Allocation ETF,ETF,AMEX,17.17,0.03,0.18,2026-10-06 05:42
DIBS,퍼스트딥스닷컴,주식,NASDAQ,4.03,0.01,0.25,2026-10-06 05:42
DICE,Tema Trading & Prediction Markets ETF,ETF,AMEX,24.38,0.30,1.25,2026-10-06 05:42
DIEM,Franklin Emerging Market Core Dividend Tilt Ix ETF,ETF,AMEX,44.00,0.72,1.66,2026-10-06 05:42
DIG,ProShares Ultra Energy,ETF,AMEX,68.67,1.18,1.75,2026-10-06 05:42
DIHP,DFA Dimensional Internatl High Profitability ETF,ETF,AMEX,33.89,-0.06,-0.18,2026-10-06 05:42
DIM,WisdomTree International MidCap Dividend Fund,ETF,AMEX,85.87,0.03,0.03,2026-10-06 05:42
DIME,CoinShares Altcoins ETF,ETF,NASDAQ,12.29,0.69,5.95,2026-10-06 05:42
DIN,다인브랜드글로벌,주식,NYSE,29.86,-0.06,-0.20,2026-10-06 05:42
DINE,Simplify Tax Aware Diversified Income Strategy ETF,ETF,NASDAQ,24.56,0.07,0.27,2026-10-06 05:42
DINO,HF 싱클레어,주식,NYSE,115.22,1.86,1.64,2026-10-06 05:42
DINT,Davis Select International ETF,ETF,AMEX,28.18,0.26,0.93,2026-10-06 05:42
DIOD,다이오즈,주식,NASDAQ,103.53,-0.31,-0.30,2026-10-06 05:42
DIPR,Corgi Space & Satellite Communications ETF,ETF,AMEX,23.01,0.04,0.18,2026-10-06 05:42
DIPS,YieldMax Short NVDA Option Income Strategy ETF,ETF,AMEX,30.22,-0.56,-1.82,2026-10-06 05:42
DIS,월트 디즈니,주식,NYSE,103.61,1.42,1.39,2026-10-06 05:42
DISK,Tema Memory ETF,ETF,AMEX,39.50,0.01,0.03,2026-10-06 05:42
DISV,DFA Dimensional International Small Cap Value ETF,ETF,AMEX,42.97,0.06,0.14,2026-10-06 05:42
DIT,암콘 디스트리뷰팅,주식,AMEX,67.73,0.17,0.25,2026-10-06 05:42
DIV,Global X SuperDividend US ETF,ETF,AMEX,18.95,0.06,0.30,2026-10-06 05:42
DIVB,iShares Core Dividend ETF,ETF,AMEX,65.05,0.07,0.11,2026-10-06 05:42
DIVD,Altrius Global Dividend ETF,ETF,NASDAQ,42.59,0.08,0.18,2026-10-06 05:42
DIVE,Dana Concentrated Dividend ETF,ETF,AMEX,26.89,0.09,0.35,2026-10-06 05:42
DIVG,Invesco S&P 500 High Dividend Growers ETF,ETF,AMEX,36.04,0.04,0.12,2026-10-06 05:42
DIVH,Integrity Dividend Harvest ETF,ETF,AMEX,24.17,-0.02,-0.08,2026-10-06 05:42
DIVI,Franklin International Core Dividend Tilt Idx ETF,ETF,AMEX,42.62,-0.01,-0.02,2026-10-06 05:42
DIVL,Madison Dividend Value ETF,ETF,AMEX,24.48,0.08,0.35,2026-10-06 05:42
DIVN,Horizon Dividend Income ETF,ETF,AMEX,29.57,0.10,0.34,2026-10-06 05:42
DIVO,Amplify CWP Enhanced Dividend Income ETF,ETF,AMEX,46.99,0.25,0.53,2026-10-06 05:42
DIVP,Cullen Enhanced Equity Income ETF,ETF,AMEX,25.94,-0.05,-0.21,2026-10-06 05:42
DIVS,Guinness Atkinson Dividend Builder ETF,ETF,AMEX,33.41,0.07,0.22,2026-10-06 05:42
DIVY,Sound Equity Dividend Income ETF,ETF,NYSE,29.31,0.02,0.06,2026-10-06 05:42
DIVZ,Polen Dividend Income ETF,ETF,AMEX,36.75,0.10,0.28,2026-10-06 05:42
DJAN,FT Vest US Equity Deep Buffer ETF - January,ETF,AMEX,46.91,0.13,0.29,2026-10-06 05:42
DJCO,데일리 저널,주식,NASDAQ,651.44,-5.00,-0.76,2026-10-06 05:42
DJD,Invesco Dow Jones Industrial Average Div ETF,ETF,AMEX,62.56,-0.01,-0.02,2026-10-06 05:42
DJIA,Global X Dow 30 Covered Call ETF,ETF,AMEX,22.26,-0.04,-0.18,2026-10-06 05:42
DJP,Barclays Bank iPath Bloomberg Commodity Index Total Return ETN Exp 12 June 2036,주식,AMEX,51.61,0.06,0.12,2026-10-06 05:42
DJT,트럼프 미디어 & 테크놀로지 그룹,주식,NASDAQ,8.63,-0.28,-3.14,2026-10-06 05:42
DJTU,T-Rex 2X Long DJT Daily Target ETF,ETF,AMEX,10.16,-0.68,-6.27,2026-10-06 05:42
DJUL,FT Vest US Equity Deep Buffer ETF - July,ETF,AMEX,51.56,0.13,0.25,2026-10-06 05:42
DJUN,FT Vest US Equity Deep Buffer ETF - June,ETF,AMEX,50.43,0.20,0.41,2026-10-06 05:42
DK,델렉 유에스 홀딩스,주식,NYSE,75.40,1.21,1.63,2026-10-06 05:42
DKI,다크아이리스,주식,NASDAQ,1.50,0.12,8.70,2026-10-06 05:42
DKL,Delek Logistics Partners Common Units,주식,NYSE,55.30,0.37,0.67,2026-10-06 05:42
DKNG,드래프트킹즈 홀딩스,주식,NASDAQ,19.60,1.01,5.43,2026-10-06 05:42
DKS,딕스 스포팅 굿즈,주식,NYSE,137.13,1.05,0.77,2026-10-06 05:42
DLAG,First Trust Vest US Equity Dual Directional Buff ETF August,ETF,AMEX,33.95,0.10,0.30,2026-10-06 05:42
DLB,돌비 래보라토리스,주식,NYSE,59.36,0.47,0.80,2026-10-06 05:42
DLCU,U S Large Company Portfolio Class Shares ETF,ETF,NASDAQ,50.24,0.32,0.63,2026-10-06 05:42
DLFE,FT Vest US Equity Dual Directional Buff ETF - Feb,ETF,AMEX,32.64,0.06,0.19,2026-10-06 05:42
DLHC,DLH 홀딩스,주식,NASDAQ,4.08,0.03,0.74,2026-10-06 05:42
DLLL,GraniteShares 2x Long DELL Daily ETF,ETF,NASDAQ,34.22,-1.20,-3.39,2026-10-06 05:42
DLMY,FT Vest US Equity Dual Directional Buff ETF May,ETF,AMEX,30.77,0.09,0.29,2026-10-06 05:42
DLN,WisdomTree US LargeCap Dividend Fund,ETF,AMEX,98.16,0.38,0.39,2026-10-06 05:42
DLNG,Dynagas LNG Partners Common Units,주식,NYSE,3.76,-0.01,-0.27,2026-10-06 05:42
DLNV,FT Vest US Equity Dual Directional Buff ETF - Nov,ETF,AMEX,33.92,0.07,0.19,2026-10-06 05:42
DLO,디로컬,주식,NASDAQ,14.52,0.78,5.64,2026-10-06 05:42
DLPN,돌핀 엔터테인먼트,주식,NASDAQ,1.10,0.07,7.08,2026-10-06 05:42
DLR,디지털 리얼티 트러스트,주식,NYSE,179.87,1.32,0.74,2026-10-06 05:42
DLS,WisdomTree International SmallCap Dividend Fund,ETF,AMEX,86.55,-0.13,-0.15,2026-10-06 05:42
DLTH,덜루스 홀딩스,주식,NASDAQ,4.10,0.17,4.33,2026-10-06 05:42
DLTR,달러 트리,주식,NASDAQ,113.19,1.03,0.92,2026-10-06 05:42
DLUX,Doubleline Ultrashort Income ETF,ETF,AMEX,49.85,0.03,0.06,2026-10-06 05:42
DLX,딜럭스,주식,NYSE,22.67,0.06,0.27,2026-10-06 05:42
DLXY,델릭시 홀딩스,주식,NASDAQ,1.97,-0.05,-2.24,2026-10-06 05:42
DLY,DoubleLine Yield Opportunities Fund,주식,NYSE,13.22,-0.22,-1.64,2026-10-06 05:42
DMA,Destra Multi-Alternative Fund,주식,NYSE,7.48,0.04,0.54,2026-10-06 05:42
DMAA,드러그스 메이드 인 아메리카 애퀴지션,주식,NASDAQ,10.89,0.00,0.00,2026-10-06 05:42
DMAAR,Drugs Made In America Acquisition Rights Exp 09th Dec 2029,주식,NASDAQ,0.13,0.00,0.00,2026-10-06 05:42
DMAAU,Drugs Made In America Acquisition Units,주식,NASDAQ,10.99,0.00,0.00,2026-10-06 05:42
DMAC,다이아메디카 테라퓨틱스,주식,NASDAQ,8.42,0.19,2.31,2026-10-06 05:42
DMAR,FT Vest US Equity Deep Buffer ETF - March,ETF,AMEX,45.90,0.08,0.17,2026-10-06 05:42
DMAX,iShares Large Cap Max Buffer Dec ETF,ETF,AMEX,27.85,0.00,0.00,2026-10-06 05:42
DMAY,FT Vest US Equity Deep Buffer ETF - May,ETF,AMEX,48.29,0.10,0.22,2026-10-06 05:42
DMB,BNY Mellon Municipal Bond Infrastructure Fund In,주식,NYSE,9.40,-0.08,-0.84,2026-10-06 05:42
DMBS,DoubleLine Mortgage ETF,ETF,AMEX,46.01,-0.07,-0.15,2026-10-06 05:42
DMC,델몬트,주식,NYSE,29.90,0.23,0.78,2026-10-06 05:42
DMII,드러그스 메이드 인 아메리카 애퀴지션 II,주식,NASDAQ,10.19,0.00,0.00,2026-10-06 05:42
DMIIR,Drugs Made In America Acquisition II Rights Exp 16 Sep 2030,주식,NASDAQ,0.06,0.00,0.00,2026-10-06 05:42
DMIIU,Drugs Made In America Acquisition II Units,주식,NASDAQ,10.20,0.00,0.00,2026-10-06 05:42
DMLP,Dorchester Minerals Units,주식,NASDAQ,28.99,0.35,1.22,2026-10-06 05:42
DMO,Western Asset Mortgage Opportunity Fund,주식,NYSE,9.36,-0.17,-1.73,2026-10-06 05:42
DMRA,다모라 테라퓨틱스,주식,NASDAQ,20.22,-0.43,-2.08,2026-10-06 05:42
DMRC,디지마크,주식,NASDAQ,6.10,-0.26,-4.09,2026-10-06 05:42
DMX,DoubleLine Multi-Sector Income ETF,ETF,AMEX,48.71,-0.05,-0.10,2026-10-06 05:42
DMXF,iShares ESG Advanced MSCI EAFE ETF,ETF,NASDAQ,85.24,-0.06,-0.07,2026-10-06 05:42
DMXU,Xtrackers Bloomberg Dev Markets ex US Equity ETF,ETF,AMEX,37.90,0.00,0.01,2026-10-06 05:42
DNA,깅코 바이오웍스 홀딩스,주식,NYSE,14.98,2.63,21.30,2026-10-06 05:42
DNL,WisdomTree Global ex-US Quality Growth Fund,ETF,AMEX,45.51,0.28,0.61,2026-10-06 05:42
DNLI,디날리 테라퓨틱스,주식,NASDAQ,19.91,-0.09,-0.45,2026-10-06 05:42
DNMX,다이나믹스 III,주식,NASDAQ,10.07,-0.01,-0.10,2026-10-06 05:42
DNMXU,Dynamix III Units,주식,NASDAQ,10.15,0.00,0.00,2026-10-06 05:42
DNN,데니슨 마인스,주식,AMEX,2.63,0.06,2.33,2026-10-06 05:42
DNOV,FT Vest US Equity Deep Buffer ETF - November,ETF,AMEX,52.91,0.09,0.17,2026-10-06 05:42
DNOW,디나우,주식,NYSE,15.90,0.14,0.89,2026-10-06 05:42
DNP,DNP Select Income Fund Inc,주식,NYSE,9.48,-0.09,-0.94,2026-10-06 05:42
DNTH,다이안서스 테라퓨틱스,주식,NASDAQ,88.04,-0.17,-0.19,2026-10-06 05:42
DNUT,크리스피 크림,주식,NASDAQ,2.89,0.00,0.00,2026-10-06 05:42
DOC,헬스피크 프로퍼티스,주식,NYSE,18.84,-0.65,-3.34,2026-10-06 05:42
DOCK,Corgi Ports  Rail & Freight ETF,ETF,AMEX,25.43,-0.11,-0.43,2026-10-06 05:42
DOCN,디지털오션 홀딩스,주식,NYSE,137.23,-2.84,-2.03,2026-10-06 05:42
DOCS,독시미티,주식,NYSE,28.58,0.65,2.33,2026-10-06 05:42
DOCT,FT Vest US Equity Deep Buffer ETF - October,ETF,AMEX,48.18,0.04,0.07,2026-10-06 05:42
DOCU,도큐사인,주식,NASDAQ,70.03,1.02,1.48,2026-10-06 05:42
DOG,ProShares Short Dow30,ETF,AMEX,22.14,-0.04,-0.18,2026-10-06 05:42
DOGG,FT Vest DJIA Dogs 10 Target Income ETF,ETF,AMEX,20.75,0.02,0.12,2026-10-06 05:42
DOGZ,도그니스 인터네셔널,주식,NASDAQ,0.88,-0.01,-1.12,2026-10-06 05:42
DOJE,REX Osprey DOGE ETF,ETF,AMEX,8.79,0.35,4.15,2026-10-06 05:42
DOL,WisdomTree True Developed International Fund,ETF,AMEX,74.60,0.19,0.26,2026-10-06 05:42
DOLE,돌,주식,NYSE,12.80,0.05,0.39,2026-10-06 05:42
DOMH,도미나리 홀딩스,주식,NASDAQ,2.10,-0.14,-6.25,2026-10-06 05:42
DON,WisdomTree US MidCap Dividend Fund,ETF,AMEX,54.79,0.21,0.38,2026-10-06 05:42
DOO,BRP,주식,NASDAQ,55.00,-1.01,-1.79,2026-10-06 05:42
DORM,도먼 프로덕츠,주식,NASDAQ,123.44,0.38,0.31,2026-10-06 05:42
DOUG,더글라스 엘리먼,주식,NYSE,1.56,0.01,0.65,2026-10-06 05:42
DOV,도버,주식,NYSE,191.30,1.61,0.85,2026-10-06 05:42
DOW,다우,주식,NYSE,28.51,0.54,1.93,2026-10-06 05:42
DOX,암독스,주식,NASDAQ,58.46,0.34,0.59,2026-10-06 05:42
DOYU,도유 인터내셔널 홀딩스 ADR,주식,NASDAQ,4.37,-0.08,-1.80,2026-10-06 05:42
DPC,DPC 홀딩스,주식,NYSE,41.26,-0.09,-0.22,2026-10-06 05:42
DPG,Duff & Phelps Utility and Infrastructure Fund Inc,주식,NYSE,12.84,0.01,0.08,2026-10-06 05:42
DPRE,Virtus Duff & Phelps Real Estate Income ETF,ETF,AMEX,24.43,-0.08,-0.33,2026-10-06 05:42
DPRO,드라간플라이,주식,NASDAQ,4.90,-0.39,-7.28,2026-10-06 05:42
DPST,Direxion Daily Regional Banks Bull 3X ETF,ETF,AMEX,113.78,-2.03,-1.75,2026-10-06 05:42
DPU,탑 킹윈,주식,NASDAQ,1.41,-0.14,-9.10,2026-10-06 05:42
DPZ,도미노피자,주식,NASDAQ,297.27,-0.35,-0.12,2026-10-06 05:42
DQ,다초 뉴 에너지 ADR,주식,NYSE,11.04,0.04,0.36,2026-10-06 05:42
DQJN,FT Vest Nasdaq-100 Dual Directional Buff ETF -June,ETF,AMEX,30.58,0.17,0.55,2026-10-06 05:42
DQSE,FT Vest Nasdaq-100 Dual Directional Bffr ETF-Sept,ETF,AMEX,31.02,0.08,0.27,2026-10-06 05:42
DRAI,Draco Evolution AI ETF,ETF,AMEX,32.91,0.07,0.20,2026-10-06 05:42
DRAL,Defiance Daily Target 2X Long DRAM ETF,ETF,AMEX,11.92,-0.06,-0.50,2026-10-06 05:42
DRAM,Roundhill Memory ETF,ETF,AMEX,61.67,-0.11,-0.18,2026-10-06 05:42
DRAY,YieldMax DKNG Option Income Strategy ETF,ETF,AMEX,11.51,0.60,5.54,2026-10-06 05:42
DRCT,다이렉트 디지털 홀딩스,주식,NASDAQ,0.91,-0.60,-39.74,2026-10-06 05:42
DRD,DRD골드 ADR,주식,NYSE,24.17,-0.13,-0.54,2026-10-06 05:42
DRDB,로만 DBDR 애퀴지션 II,주식,NASDAQ,10.72,-0.01,-0.09,2026-10-06 05:42
DRDBU,Roman DBDR Acquisition II Units,주식,NASDAQ,10.72,0.00,0.00,2026-10-06 05:42
DRES,GMO Domestic Resilience ETF,ETF,AMEX,28.70,0.02,0.08,2026-10-06 05:42
DRGN,Themes China Generative AI ETF,ETF,AMEX,31.87,0.37,1.18,2026-10-06 05:42
DRH,다이아몬드락 하스피탈리티,주식,NASDAQ,12.42,-0.15,-1.19,2026-10-06 05:42
DRI,다든 레스토랑,주식,NYSE,199.72,-0.61,-0.30,2026-10-06 05:42
DRIO,다리오헬스,주식,NASDAQ,5.80,-0.66,-10.22,2026-10-06 05:42
DRIP,Direxion Daily S&P Oil & Gas Exp & Prod Br 2X ETF,ETF,AMEX,34.38,-0.89,-2.52,2026-10-06 05:42
DRIV,Global X Autonomous & Electric Vehicles ETF,ETF,NASDAQ,33.72,0.19,0.57,2026-10-06 05:42
DRK,다크호스 테크놀로지스,주식,NASDAQ,2.69,0.05,1.89,2026-10-06 05:42
DRKY,VistaShares Target 15 DRUKMacro Distribution ETF,ETF,AMEX,22.49,0.32,1.44,2026-10-06 05:42
DRLL,Strive US Energy ETF,ETF,NYSE,41.28,0.33,0.81,2026-10-06 05:42
DRMA,더마타 테라퓨틱스,주식,NASDAQ,1.11,0.01,0.45,2026-10-06 05:42
DRMP,Tuttle Capital Memory Stack Income Blast ETF,ETF,AMEX,23.16,0.00,0.02,2026-10-06 05:42
DRMY,Xfunds Memory Income ETF,ETF,AMEX,50.89,-0.06,-0.11,2026-10-06 05:42
DRN,Direxion Daily Real Estate Bull 3X ETF,ETF,AMEX,8.11,-0.10,-1.22,2026-10-06 05:42
DRNZ,REX Drone ETF,ETF,NASDAQ,19.79,-0.06,-0.30,2026-10-06 05:42
DRS,레오나르도 DRS,주식,NASDAQ,36.60,-0.20,-0.54,2026-10-06 05:42
DRSK,Aptus Defined Risk ETF,ETF,AMEX,27.23,0.10,0.37,2026-10-06 05:42
DRTS,알파 타우 메디컬,주식,NASDAQ,14.89,0.12,0.81,2026-10-06 05:42
DRUG,브라이트 마인즈 바이오사이언시스,주식,NASDAQ,49.79,-0.90,-1.78,2026-10-06 05:42
DRUP,GraniteShares Nasdaq Select Disruptors ETF,ETF,AMEX,71.81,0.77,1.08,2026-10-06 05:42
DRV,Direxion Daily Real Estate Bear 3X ETF,ETF,AMEX,23.80,0.30,1.28,2026-10-06 05:42
DRVN,드리븐 브랜즈 홀딩스,주식,NASDAQ,11.65,-0.03,-0.26,2026-10-06 05:42
DRVR,Amplify S and P 500 Dividend Drivers ETF,ETF,AMEX,23.99,0.03,0.14,2026-10-06 05:42
DSAC,다이달로스 스페셜 애퀴지션,주식,NASDAQ,10.12,-0.02,-0.20,2026-10-06 05:42
DSACU,Daedalus Special Acquisition Units,주식,NASDAQ,10.30,0.00,0.00,2026-10-06 05:42
DSC,DPC 홀딩스 ADR,주식,NASDAQ,5.86,-0.16,-2.66,2026-10-06 05:42
DSCO,DoubleLine Securitized Credit ETF,ETF,AMEX,24.30,0.01,0.04,2026-10-06 05:42
DSEP,FT Vest US Equity Deep Buffer ETF - September,ETF,AMEX,49.12,0.02,0.04,2026-10-06 05:42
DSGN,디자인 테라퓨틱스,주식,NASDAQ,12.42,0.08,0.65,2026-10-06 05:42
DSGR,디스트리뷰션 솔루션스 그룹,주식,NASDAQ,35.02,0.04,0.11,2026-10-06 05:42
DSGX,데카르트 시스템즈 그룹,주식,NASDAQ,80.67,0.59,0.74,2026-10-06 05:42
DSI,iShares ESG MSCI KLD 400 ETF,ETF,AMEX,149.46,1.37,0.93,2026-10-06 05:42
DSL,DoubleLine Income Solutions Fd,주식,NYSE,9.82,-0.14,-1.41,2026-10-06 05:42
DSM,BNY Mellon Strategic Municipal Bond Fund Inc,주식,NYSE,5.15,-0.03,-0.58,2026-10-06 05:42
DSMC,Distillate Small/Mid Cash Flow ETF,ETF,NYSE,42.49,0.39,0.93,2026-10-06 05:42
DSP,바이안트 테크놀로지,주식,NASDAQ,12.14,-0.10,-0.82,2026-10-06 05:42
DSPC,Leverage Shares 1X Short SPCX Daily ETF,ETF,AMEX,11.97,-0.94,-7.28,2026-10-06 05:42
DSPY,Tema S&P 500 Historical Weight ETF Strategy,ETF,AMEX,66.77,0.40,0.60,2026-10-06 05:42
DSS,DSS,주식,AMEX,0.61,-0.02,-3.64,2026-10-06 05:42
DSTL,Distillate US Fundamental Stability & Value ETF,ETF,AMEX,64.69,0.42,0.65,2026-10-06 05:42
DSTX,Distillate International Fundmntl Stblty & Val ETF,ETF,NYSE,33.91,0.16,0.48,2026-10-06 05:42
DSU,BlackRock Debt Strategies Fund，Inc.,주식,NYSE,8.80,-0.13,-1.46,2026-10-06 05:42
DSWL,데스웰 인더스트리,주식,NASDAQ,3.01,-0.06,-1.95,2026-10-06 05:42
DSX,다이애나 쉬핑,주식,NYSE,2.86,0.00,0.00,2026-10-06 05:42
DSY,빅 트리 클라우드 홀딩스,주식,NASDAQ,3.53,-0.03,-0.84,2026-10-06 05:42
DT,다이나트레이스,주식,NYSE,60.21,0.89,1.50,2026-10-06 05:42
DTAN,Sparkline International Intangible Value ETF,ETF,AMEX,32.46,0.12,0.38,2026-10-06 05:42
DTB,DTE 에너지 후순위 채권 시리즈 G 4.375% 만기 2080년,주식,NYSE,14.81,-0.03,-0.20,2026-10-06 05:42
DTCR,Global X Data Center & Digital Infrastructure,ETF,NASDAQ,27.40,0.13,0.48,2026-10-06 05:42
DTCX,데이타센트렉스,주식,NASDAQ,1.84,0.01,0.55,2026-10-06 05:42
DTD,WisdomTree US Total Dividend Fund,ETF,AMEX,94.30,0.30,0.32,2026-10-06 05:42
DTE,DTE 에너지,주식,NYSE,125.04,0.59,0.47,2026-10-06 05:42
DTEC,ALPS Disruptive Technologies ETF,ETF,AMEX,51.85,0.60,1.18,2026-10-06 05:42
DTF,DTF Tax-Free Income 2028 Term Fund Inc.,주식,NYSE,11.22,-0.03,-0.27,2026-10-06 05:42
DTG,DTE 에너지 후순위 채권 시리즈 E 4.375% 만기 2081년,주식,NYSE,15.41,-0.01,-0.04,2026-10-06 05:42
DTH,WisdomTree International High Dividend,ETF,AMEX,55.34,0.02,0.03,2026-10-06 05:42
DTI,드릴링 툴스 인터내셔널,주식,NASDAQ,2.36,0.07,3.06,2026-10-06 05:42
DTIL,프리사이젼 바이오사이언스,주식,NASDAQ,6.31,0.00,0.00,2026-10-06 05:42
DTK,DTE 에너지 후순위채권 6.25% 만기 85년 10월,주식,NYSE,20.97,0.10,0.48,2026-10-06 05:42
DTM,DT 미드스트림,주식,NYSE,122.12,1.12,0.93,2026-10-06 05:42
DTRE,First Trust Alerian Disruptive Technology Real Est,ETF,AMEX,39.72,0.10,0.26,2026-10-06 05:42
DTSQ,DT 클라우드 스타 애퀴지션,주식,NASDAQ,11.58,0.00,0.00,2026-10-06 05:42
DTSQR,DT Cloud Star Acquisition Rights,주식,NASDAQ,0.12,0.00,0.00,2026-10-06 05:42
DTSQU,DT Cloud Star Acquisition Units,주식,NASDAQ,11.89,0.00,0.00,2026-10-06 05:42
DTSS,데이터씨 인텔리전트 테크,주식,NASDAQ,0.68,-0.16,-19.03,2026-10-06 05:42
DTST,데이터 스토리지,주식,NASDAQ,3.39,0.07,2.11,2026-10-06 05:42
DTW,DTE 에너지 후순위 채권 시리즈 E 5.250% 만기 2077년,주식,NYSE,18.64,0.06,0.32,2026-10-06 05:42
DUBS,Aptus Large Cap Enhanced Yield ETF,ETF,AMEX,43.46,0.26,0.60,2026-10-06 05:42
DUG,ProShares UltraShort Energy ETF,ETF,AMEX,14.59,-0.28,-1.88,2026-10-06 05:42
DUHP,DFA Dimensional US High Profitability ETF,ETF,AMEX,42.55,0.24,0.57,2026-10-06 05:42
DUK,듀크 에너지,주식,NYSE,113.84,-0.29,-0.25,2026-10-06 05:42
DUKB,듀크 에너지 후순위 채권 5.625% 만기 2078년 9월,주식,NYSE,20.12,-0.12,-0.59,2026-10-06 05:42
DUKH,Ocean Park High Income ETF,ETF,NASDAQ,23.19,0.00,-0.02,2026-10-06 05:42
DUKQ,Ocean Park Domestic ETF,ETF,AMEX,31.76,0.20,0.62,2026-10-06 05:42
DUKR,듀크 로보틱스,주식,NASDAQ,5.22,-0.10,-1.88,2026-10-06 05:42
DUKU,DUKE ENERGY Units,주식,NYSE,48.22,0.06,0.12,2026-10-06 05:42
DUKX,Ocean Park International ETF,ETF,NASDAQ,28.89,0.31,1.07,2026-10-06 05:42
DUKZ,Ocean Park Diversified Income ETF,ETF,AMEX,24.70,-0.01,-0.05,2026-10-06 05:42
DULL,MicroSectors Gold 3X Inverse Leveraged ETN due January 29 2043,ETF,AMEX,65.38,0.26,0.40,2026-10-06 05:42
DUNK,Dana Unconstrained Equity ETF,ETF,AMEX,28.74,0.35,1.22,2026-10-06 05:42
DUO,Fangdd Network Group Ltd,주식,NASDAQ,0.62,-0.03,-3.90,2026-10-06 05:42
DUOG,Leverage Shares 2X Long DUOL Daily ETF,ETF,NASDAQ,55.01,2.08,3.93,2026-10-06 05:42
DUOL,듀오링고,주식,NASDAQ,147.10,2.83,1.96,2026-10-06 05:42
DUOT,듀오스 테크놀로지 그룹,주식,NASDAQ,9.19,0.08,0.88,2026-10-06 05:42
DURA,VanEck Durable High Dividend ETF,ETF,AMEX,37.87,-0.02,-0.04,2026-10-06 05:42
DUSA,Davis Select US Equity ETF,ETF,AMEX,55.32,0.17,0.31,2026-10-06 05:42
DUSB,Dimensional Ultrashort Fixed Income ETF,ETF,AMEX,50.55,0.02,0.03,2026-10-06 05:42
DUSG,DFA US Small Cap Growth Portfolio,ETF,NASDAQ,50.33,0.31,0.61,2026-10-06 05:42
DUSL,Direxion Daily Industrials Bull 3X ETF,ETF,AMEX,78.25,0.33,0.43,2026-10-06 05:42
DUST,Direxion Daily Gold Miners Index Bear 2X ETF,ETF,AMEX,40.26,0.34,0.85,2026-10-06 05:42
DUTY,US Defense ETF,ETF,AMEX,26.97,0.10,0.38,2026-10-06 05:42
DV,더블베리파이 홀딩스,주식,NYSE,13.44,-0.05,-0.37,2026-10-06 05:42
DVA,다비타,주식,NYSE,178.72,0.03,0.02,2026-10-06 05:42
DVAL,BrandywineGLOBAL-Dynamic US Large Cap Value ETF,ETF,NASDAQ,15.28,0.05,0.31,2026-10-06 05:42
DVDN,Kingsbarn Dividend Opportunity ETF,ETF,AMEX,13.49,-0.21,-1.50,2026-10-06 05:42
DVGR,DAC 3D Dividend Growth ETF,ETF,NASDAQ,25.93,0.17,0.67,2026-10-06 05:42
DVLT,데이터볼트 AI,주식,NASDAQ,0.16,0.01,3.83,2026-10-06 05:42
DVLU,First Trust Dorsey Wright Momentum & Value ETF,ETF,NASDAQ,39.45,0.08,0.21,2026-10-06 05:42
DVN,데번 에너지,주식,NYSE,47.98,0.33,0.69,2026-10-06 05:42
DVND,Touchstone Dividend Select ETF,ETF,AMEX,38.41,0.11,0.29,2026-10-06 05:42
DVOL,First Trust Dorsey Wright Momentum & Low Vol ETF,ETF,NASDAQ,35.54,0.02,0.07,2026-10-06 05:42
DVQQ,WEBs QQQ Defined Volatility ETF,ETF,NASDAQ,34.26,0.41,1.20,2026-10-06 05:42
DVSP,WEBs SPY Defined Volatility ETF,ETF,NASDAQ,30.37,0.35,1.15,2026-10-06 05:42
DVVY,Invesco Diversified Dividend Opportunities ETF,ETF,AMEX,26.73,0.15,0.55,2026-10-06 05:42
DVY,iShares Select Dividend ETF,ETF,NASDAQ,153.10,0.05,0.03,2026-10-06 05:42
DVYA,iShares Asia/Pacific Dividend ETF,ETF,AMEX,49.60,0.12,0.25,2026-10-06 05:42
DVYE,iShares Emerging Markets Dividend ETF,ETF,AMEX,35.01,0.96,2.82,2026-10-06 05:42
DWAS,Invesco Dorsey Wright SmallCap Momentum ETF,ETF,NASDAQ,109.98,0.87,0.80,2026-10-06 05:42
DWAW,AdvisorShares Dorsey Wright FSM All Cap World ETF,ETF,NASDAQ,49.89,0.00,0.00,2026-10-06 05:42
DWLD,Davis Select Worldwide ETF,ETF,AMEX,45.06,0.50,1.12,2026-10-06 05:42
DWM,WisdomTree International Equity Fund,ETF,AMEX,73.55,0.07,0.09,2026-10-06 05:42
DWMF,WisdomTree International Multifactor Fund,ETF,AMEX,33.22,0.06,0.17,2026-10-06 05:42
DWSH,AdvisorShares Dorsey Wright Short ETF,ETF,NASDAQ,6.00,-0.07,-1.23,2026-10-06 05:42
DWSN,도슨 지오피지컬,주식,NASDAQ,2.77,0.01,0.36,2026-10-06 05:42
DWTX,도그우드 테라퓨틱스,주식,NASDAQ,1.52,0.06,4.11,2026-10-06 05:42
DWUS,AdvisorShares Dorsey Wright FSM US Core ETF,ETF,NASDAQ,59.46,0.18,0.31,2026-10-06 05:42
DWWN,Principal Long Duration ETF,ETF,AMEX,22.01,-0.17,-0.75,2026-10-06 05:42
DWX,State Street SPDR S&P International Dividend ETF,ETF,AMEX,45.42,-0.20,-0.44,2026-10-06 05:42
DX,다이넥스 캐피털,주식,NYSE,10.83,-0.19,-1.72,2026-10-06 05:42
DXC,DXC 테크놀러지 컴퍼니,주식,NYSE,11.66,0.56,5.05,2026-10-06 05:42
DXCM,덱스컴,주식,NASDAQ,86.90,1.54,1.80,2026-10-06 05:42
DXD,ProShares UltraShort Dow30,ETF,AMEX,17.91,-0.06,-0.33,2026-10-06 05:42
DXF,이슨 테크놀로지 ADR,주식,AMEX,0.46,0.00,0.04,2026-10-06 05:42
DXIV,Dimensional International Vector Equity ETF,ETF,AMEX,71.92,0.30,0.42,2026-10-06 05:42
DXJ,WisdomTree Japan Hedged Equity Fund,ETF,AMEX,183.48,1.45,0.80,2026-10-06 05:42
DXLG,데스티네이션 XL 그룹,주식,NASDAQ,0.40,-0.04,-8.13,2026-10-06 05:42
DXPE,DXP 엔터프라이지스,주식,NASDAQ,195.80,1.82,0.94,2026-10-06 05:42
DXR,닥소,주식,NASDAQ,10.63,0.01,0.09,2026-10-06 05:42
DXST,디센트 홀딩,주식,NASDAQ,2.12,-0.30,-12.40,2026-10-06 05:42
DXUV,Dimensional US Vector Equity ETF,ETF,AMEX,68.21,0.28,0.41,2026-10-06 05:42
DXYZ,Destiny Tech100 Closed End Fund,주식,NYSE,32.55,-0.25,-0.76,2026-10-06 05:42
DY,다이콤 인더스트리스,주식,NYSE,274.41,0.66,0.24,2026-10-06 05:42
DYAI,다이아딕 인터내셔널,주식,NASDAQ,0.45,0.00,-0.39,2026-10-06 05:42
DYFI,IDX Dynamic Fixed Income ETF,ETF,NASDAQ,22.19,-0.01,-0.05,2026-10-06 05:42
DYLD,LeaderShares Dynamic Yield ETF,ETF,AMEX,22.06,0.06,0.27,2026-10-06 05:42
DYLG,Global X Dow 30 Covered Call & Growth ETF,ETF,AMEX,27.78,0.04,0.15,2026-10-06 05:42
DYN,다인 테라퓨틱스,주식,NASDAQ,15.44,0.24,1.58,2026-10-06 05:42
DYNB,Hartford Dynamic Bond ETF,ETF,NASDAQ,37.67,-0.01,-0.03,2026-10-06 05:42
DYNC,다이나믹스,주식,NASDAQ,10.91,0.00,0.00,2026-10-06 05:42
DYNCU,Dynamix Units,주식,NASDAQ,10.95,0.00,0.00,2026-10-06 05:42
DYNF,Ishares US Equity Factor Rotation Active ETF,ETF,AMEX,70.37,0.40,0.57,2026-10-06 05:42
DYOR,인사이트 디지털 파트너스 II,주식,NASDAQ,10.15,0.00,0.00,2026-10-06 05:42
DYORU,Insight Digital Partners II Units,주식,NASDAQ,10.22,0.00,0.00,2026-10-06 05:42
DYTA,SGI Dynamic Tactical ETF,ETF,NASDAQ,31.95,0.07,0.21,2026-10-06 05:42
DZZ,DB Gold Double Short ETN Exp 15 Feb 2038,주식,AMEX,1.78,0.04,2.56,2026-10-06 05:42
E,에니 ADR,주식,NYSE,54.64,-0.09,-0.16,2026-10-06 05:42
EAD,Allspring Income Opportunities Mutual Fund,주식,AMEX,5.96,-0.07,-1.16,2026-10-06 05:42
EAF,그래프테크 인터내셔널,주식,NYSE,8.82,-0.62,-6.57,2026-10-06 05:42
EAFG,Pacer Developed Markets Cash Cows Growth Ldrs ETF,ETF,AMEX,25.31,0.03,0.11,2026-10-06 05:42
EAGG,iShares ESG Aware US Aggregate Bond ETF,ETF,AMEX,45.07,-0.05,-0.11,2026-10-06 05:42
EAGL,Eagle Capital Select Equity ETF,ETF,AMEX,34.68,0.64,1.87,2026-10-06 05:42
EAI,엔터지 아칸소 선순위 담보채권 4.875% 만기 2066년 9월,주식,NYSE,18.80,0.02,0.11,2026-10-06 05:42
EALT,Innovator US Equity 5 to 15 Buffer ETF - Quarterly,ETF,AMEX,36.83,0.07,0.19,2026-10-06 05:42
EAPR,Innovator Emerging Markets Power Buffer ETF - Apr,ETF,AMEX,34.35,0.35,1.03,2026-10-06 05:42
EARN,Ellington Credit Closed End Fund,주식,NYSE,3.66,-0.37,-9.18,2026-10-06 05:42
EART,Global X Rare Earth & Critical Materials ETF,ETF,NASDAQ,28.14,0.27,0.96,2026-10-06 05:42
EASY,Liberty One Defensive Dividend Growth ETF,ETF,NASDAQ,25.84,0.08,0.31,2026-10-06 05:42
EAT,브링커 인터내셔널,주식,NYSE,194.16,-7.84,-3.88,2026-10-06 05:42
EBAY,이베이,주식,NASDAQ,107.14,0.74,0.70,2026-10-06 05:42
EBC,이스턴 뱅크셰어스,주식,NASDAQ,21.24,-0.23,-1.05,2026-10-06 05:42
EBF,에니스,주식,NYSE,22.58,0.02,0.09,2026-10-06 05:42
EBI,Longview Advantage ETF,ETF,NASDAQ,66.54,0.31,0.46,2026-10-06 05:42
EBIT,Harbor AlphaEdge Small Cap Earners ETF,ETF,AMEX,38.37,0.26,0.68,2026-10-06 05:42
EBIZ,Global X E-commerce ETF,ETF,NASDAQ,28.22,0.52,1.86,2026-10-06 05:42
EBMT,이글 뱅코프 몬태나,주식,NASDAQ,20.91,-0.34,-1.60,2026-10-06 05:42
EBND,State Street SPDR Bloomberg EM Local Bond ETF,ETF,AMEX,20.60,0.08,0.39,2026-10-06 05:42
EBON,이방 인터내셔널 홀딩스,주식,NASDAQ,2.02,-0.07,-3.12,2026-10-06 05:42
EBS,이머전트 바이오솔루션스,주식,NYSE,7.24,0.91,14.38,2026-10-06 05:42
EBUF,Innovator Emerging Mkts 10 Buffer ETF - Quarterly,ETF,AMEX,32.10,0.25,0.80,2026-10-06 05:42
EC,에코페트롤 ADR,주식,NYSE,17.25,0.65,3.92,2026-10-06 05:42
ECAT,BlackRock ESG Capital Allocation Term Closed End Fund,주식,NYSE,13.89,-0.10,-0.71,2026-10-06 05:42
ECBK,ECB 뱅코프,주식,NASDAQ,20.95,0.52,2.55,2026-10-06 05:42
ECC,Eagle Point Credit Company Inc,주식,NYSE,3.41,-0.05,-1.45,2026-10-06 05:42
ECCC,이글 포인트 크레디트 우선주 Series C 6.5% 만기 2031년,주식,NYSE,24.72,-0.03,-0.11,2026-10-06 05:42
ECCU,Eagle Point Credit Company 7 75% Notes due 2030,주식,NYSE,24.90,-0.13,-0.50,2026-10-06 05:42
ECCV,Eagle Point Credit Company 5 375 Notes due 2029,주식,NYSE,24.07,-0.06,-0.25,2026-10-06 05:42
ECF,Ellsworth Growth and Income Fund Ltd.,주식,AMEX,11.85,0.00,0.00,2026-10-06 05:42
ECG,에베루스 컨스트럭션 그룹,주식,NYSE,126.17,2.82,2.29,2026-10-06 05:42
ECH,iShares MSCI Chile ETF,ETF,AMEX,38.00,0.90,2.43,2026-10-06 05:42
ECHO,에코스타,주식,NASDAQ,98.21,3.96,4.20,2026-10-06 05:42
ECHX,Leverage Shares 2X Long ECHO Daily ETF,ETF,NASDAQ,9.41,0.71,8.22,2026-10-06 05:42
ECL,이콜랩,주식,NYSE,277.07,3.37,1.23,2026-10-06 05:42
ECML,Euclidean Fundamental Value ETF,ETF,AMEX,40.15,0.25,0.64,2026-10-06 05:42
ECNS,iShares MSCI China Small-Cap ETF,ETF,AMEX,27.32,0.22,0.83,2026-10-06 05:42
ECO,오케아니스 에코 탱커스,주식,NYSE,88.60,1.32,1.51,2026-10-06 05:42
ECON,Columbia Research Enhanced Emerging Economies ETF,ETF,AMEX,36.34,0.52,1.44,2026-10-06 05:42
ECOR,일렉트로코어,주식,NASDAQ,10.13,-0.01,-0.10,2026-10-06 05:42
ECOW,Pacer Emerging Markets Cash Cows 100 ETF,ETF,NASDAQ,26.73,0.61,2.32,2026-10-06 05:42
ECPG,앙코어 캐피털 그룹,주식,NASDAQ,97.92,2.00,2.09,2026-10-06 05:42
ECVT,에코비스트,주식,NYSE,10.37,0.25,2.47,2026-10-06 05:42
ECX,이카엑스 홀딩스,주식,NASDAQ,0.83,-0.03,-3.01,2026-10-06 05:42
ED,콘솔리데이티드 에디슨,주식,NYSE,103.38,-0.01,-0.01,2026-10-06 05:42
EDBL,에더블 가든,주식,NASDAQ,1.13,-0.01,-0.88,2026-10-06 05:42
EDC,Direxion Daily MSCI Emerging Markets Bull 3X ETF,ETF,AMEX,83.40,3.83,4.81,2026-10-06 05:42
EDD,Morgan Stanley Emerging Mrkt Domestic Debt Fd Inc,주식,NYSE,5.24,-0.10,-1.87,2026-10-06 05:42
EDEN,Ishares Msci Denmark ETF,ETF,AMEX,108.62,-0.09,-0.08,2026-10-06 05:42
EDF,Virtus Stone Harbor Emerging Markets Income Fund,주식,NYSE,4.68,-0.26,-5.26,2026-10-06 05:42
EDGE,MRBL Enhanced Equity ETF,ETF,AMEX,52.57,0.26,0.49,2026-10-06 05:42
EDGF,3EDGE Dynamic Fixed Income ETF,ETF,AMEX,24.30,-0.02,-0.08,2026-10-06 05:42
EDGH,3EDGE Dynamic Hard Assets ETF,ETF,AMEX,33.60,0.00,0.00,2026-10-06 05:42
EDGI,3EDGE Dynamic International Equity ETF,ETF,AMEX,31.73,0.18,0.57,2026-10-06 05:42
EDGQ,Global X Nasdaq-100 Income Edge ETF,ETF,AMEX,28.40,0.18,0.64,2026-10-06 05:42
EDGU,3EDGE Dynamic US Equity ETF,ETF,AMEX,31.92,0.20,0.65,2026-10-06 05:42
EDGX,Global X US 500 Income Edge ETF,ETF,AMEX,27.01,0.12,0.45,2026-10-06 05:42
EDHL,에버브라이트 디지털 홀딩,주식,NASDAQ,5.08,-0.15,-2.87,2026-10-06 05:42
EDIT,에디타스 메디신,주식,NASDAQ,2.79,0.17,6.49,2026-10-06 05:42
EDIV,State Street SPDR S&P Emerging Markets Div ETF,ETF,AMEX,40.08,0.17,0.43,2026-10-06 05:42
EDN,엠프레사 디스트리부이도라 ADR,주식,NYSE,20.83,0.89,4.46,2026-10-06 05:42
EDOG,ALPS Emerging Sector Dividend Dogs ETF,ETF,AMEX,24.00,0.30,1.27,2026-10-06 05:42
EDOW,First Trust Dow 30 Equal Weight ETF,ETF,AMEX,44.44,0.02,0.05,2026-10-06 05:42
EDRY,유로드라이,주식,NASDAQ,58.47,2.59,4.63,2026-10-06 05:42
EDSA,에데사 바이오테크,주식,NASDAQ,3.91,0.05,1.30,2026-10-06 05:42
EDTK,스킬풀 크래프트맨 에듀케이션 테크놀로지,주식,NASDAQ,1.02,0.02,2.00,2026-10-06 05:42
EDU,뉴 오리엔탈 에듀케이션 & 테크놀로지 ADR,주식,NYSE,56.31,0.87,1.57,2026-10-06 05:42
EDUC,에듀케이셔널 디벨롭먼트,주식,NASDAQ,1.30,0.00,0.00,2026-10-06 05:42
EDV,Vanguard Extended Duration Treasury Index Fd,ETF,AMEX,54.22,-0.42,-0.77,2026-10-06 05:42
EDVA,엔도비아 헬스 사이언시스,주식,AMEX,0.17,0.01,4.08,2026-10-06 05:42
EDZ,Direxion Daily MSCI Emerging Markets Bear 3X ETF,ETF,AMEX,13.31,-0.65,-4.66,2026-10-06 05:42
EE,엑셀러레이트 에너지,주식,NYSE,34.13,1.59,4.89,2026-10-06 05:42
EEA,The European Equity Fund Inc,주식,NYSE,10.30,-0.06,-0.58,2026-10-06 05:42
EEE,Cyber Hornet S&P 500 and Ethereum 75/25 Strat ETF,ETF,NASDAQ,23.40,0.24,1.04,2026-10-06 05:42
EEFT,유로넷 월드와이드,주식,NASDAQ,64.25,0.75,1.17,2026-10-06 05:42
EEIQ,에픽퀘스트 에듀케이션 그룹 인터내셔널,주식,NASDAQ,5.07,-0.02,-0.30,2026-10-06 05:42
EELV,Invesco S&P Emerging Markets Low Volatility ETF,ETF,AMEX,28.08,0.33,1.19,2026-10-06 05:42
EEM,iShares MSCI Emerging Markets ETF,ETF,AMEX,68.73,1.06,1.57,2026-10-06 05:42
EEMA,iShares MSCI Emerging Markets Asia ETF,ETF,NASDAQ,118.57,1.28,1.09,2026-10-06 05:42
EEMO,Invesco S&P Emerging Markets Momentum ETF,ETF,AMEX,23.68,0.42,1.80,2026-10-06 05:42
EEMS,iShares MSCI Emerging Markets Small-Cap ETF,ETF,AMEX,77.08,0.62,0.81,2026-10-06 05:42
EEMV,iShares MSCI Emerging Markets Min Vol Factor ETF,ETF,AMEX,75.37,0.54,0.72,2026-10-06 05:42
EEMX,State Street SPDR MSCI EM Fossil Fuel Res Fr ETF,ETF,AMEX,54.41,0.87,1.63,2026-10-06 05:42
EES,WisdomTree US SmallCap Fund,ETF,AMEX,66.08,0.48,0.73,2026-10-06 05:42
EET,ProShares Ultra MSCI Emg Mkts,ETF,AMEX,114.18,3.45,3.12,2026-10-06 05:42
EETH,ProShares Ether ETF,ETF,AMEX,32.60,0.49,1.53,2026-10-06 05:42
EEV,ProShares UltraShort MSCI Emerging Markets,ETF,AMEX,10.01,-0.33,-3.20,2026-10-06 05:42
EFA,iShares MSCI EAFE ETF,ETF,AMEX,104.03,0.07,0.07,2026-10-06 05:42
EFAA,Invesco MSCI EAFE Income Advantage ETF,ETF,AMEX,54.94,0.04,0.07,2026-10-06 05:42
EFAD,ProShares MSCI EAFE Dividend Growers ETF,ETF,AMEX,42.82,-0.15,-0.35,2026-10-06 05:42
EFAS,Global X MSCI SuperDividend EAFE ETF,ETF,NASDAQ,21.36,0.04,0.17,2026-10-06 05:42
EFAV,iShares MSCI EAFE Min Vol Factor ETF,ETF,AMEX,91.00,0.04,0.04,2026-10-06 05:42
EFAX,State Street SPDR MSCI EAFE Fossil Fuel Res Fr ETF,ETF,AMEX,53.69,0.04,0.07,2026-10-06 05:42
EFC,엘링턴 파이낸셜,주식,NYSE,11.50,-0.09,-0.78,2026-10-06 05:42
EFFE,Harbor Osmosis EM Resource Efficient ETF,ETF,AMEX,28.22,0.40,1.44,2026-10-06 05:42
EFFI,Harbor Osmosis Intl Resource Efficient ETF,ETF,AMEX,26.01,0.00,0.00,2026-10-06 05:42
EFG,iShares MSCI EAFE Growth ETF,ETF,AMEX,120.98,-0.10,-0.08,2026-10-06 05:42
EFIV,State Street SPDR S&P 500 ESG ETF,ETF,AMEX,75.36,0.62,0.83,2026-10-06 05:42
EFNL,Ishares Msci Finland Etf,ETF,AMEX,52.92,-0.43,-0.81,2026-10-06 05:42
EFO,ProShares Ultra MSCI EAFE,ETF,AMEX,71.50,0.08,0.12,2026-10-06 05:42
EFOI,에너지 포커스,주식,NASDAQ,3.05,0.07,2.18,2026-10-06 05:42
EFOR,에버포스,주식,NYSE,36.14,1.89,5.52,2026-10-06 05:42
EFR,Eaton Vance Senior Floating Rate Closed Fund,주식,NYSE,10.19,-0.17,-1.64,2026-10-06 05:42
EFRA,iShares Environmental Infra and Indus ETF,ETF,NASDAQ,34.71,0.38,1.12,2026-10-06 05:42
EFSC,엔터프라이즈 파이낸셜 서비스,주식,NASDAQ,59.82,-0.26,-0.43,2026-10-06 05:42
EFSCP,엔터프라이즈 파이낸셜 서비시스 우선주 시리즈 A 5%,주식,NASDAQ,16.02,-0.45,-2.73,2026-10-06 05:42
EFSI,이글 파이낸셜 서비스,주식,NASDAQ,45.55,0.04,0.09,2026-10-06 05:42
EFT,Eaton Vance Floating Rate Income Closed Fund,주식,NYSE,10.52,-0.09,-0.85,2026-10-06 05:42
EFTY,에투알 캐피털 그룹,주식,NASDAQ,15.02,0.00,0.00,2026-10-06 05:42
EFU,ProShares UltraShort MSCI EAFE ETF,ETF,AMEX,7.27,0.01,0.09,2026-10-06 05:42
EFV,iShares MSCI EAFE Value ETF,ETF,AMEX,78.56,0.07,0.09,2026-10-06 05:42
EFX,에퀴팩스,주식,NYSE,142.60,2.60,1.86,2026-10-06 05:42
EFXT,에너플렉스,주식,NYSE,25.02,0.43,1.75,2026-10-06 05:42
EFZ,ProShares Short MSCI EAFE,ETF,AMEX,22.95,-0.04,-0.16,2026-10-06 05:42
EG,에베레스트 그룹,주식,NYSE,366.81,-1.46,-0.40,2026-10-06 05:42
EGAN,이게인,주식,NASDAQ,5.97,0.10,1.70,2026-10-06 05:42
EGBN,이글 뱅코프,주식,NASDAQ,28.32,-0.06,-0.21,2026-10-06 05:42
EGG,에니그매티그,주식,AMEX,5.08,-0.29,-5.40,2026-10-06 05:42
EGGQ,Nestyield Visionary ETF,ETF,NASDAQ,56.36,0.59,1.06,2026-10-06 05:42
EGGS,NestYield Total Return Guard ETF,ETF,AMEX,37.85,0.26,0.70,2026-10-06 05:42
EGGY,NestYield Dynamic Income ETF,ETF,AMEX,35.71,0.45,1.28,2026-10-06 05:42
EGHA,EGH 애퀴지션,주식,NASDAQ,10.43,0.00,0.00,2026-10-06 05:42
EGHAR,EGH Acquisition Rights Exp 08th May 2025,주식,NASDAQ,0.25,0.00,-0.04,2026-10-06 05:42
EGHAU,EGH Acquisition Units,주식,NASDAQ,10.66,0.00,0.00,2026-10-06 05:42
EGHT,8x8,주식,NASDAQ,2.24,-0.04,-1.75,2026-10-06 05:42
EGLE,Global X S&P 500 US Revenue Leaders ETF,ETF,AMEX,32.30,0.19,0.60,2026-10-06 05:42
EGO,엘도라도 골드,주식,NYSE,37.90,-0.22,-0.58,2026-10-06 05:42
EGP,이스트그룹 프로퍼티스,주식,NYSE,195.84,0.06,0.03,2026-10-06 05:42
EGUS,iShares ESG Aware MSCI USA Growth ETF,ETF,AMEX,60.36,0.53,0.89,2026-10-06 05:42
EGY,발코 에너지,주식,NYSE,5.79,0.06,1.05,2026-10-06 05:42
EH,이항 홀딩스 ADR,주식,NASDAQ,4.03,-0.11,-2.66,2026-10-06 05:42
EHC,인컴퍼스 헬스,주식,NYSE,120.97,1.17,0.98,2026-10-06 05:42
EHCC,Global X Ethereum Covered Call ETF,ETF,AMEX,24.16,0.29,1.19,2026-10-06 05:42
EHGO,이쉘고,주식,NASDAQ,0.68,0.04,6.02,2026-10-06 05:42
EHI,Western Asset Global High Income Fund,주식,NYSE,5.40,-0.05,-0.92,2026-10-06 05:42
EHLD,유로홀딩스,주식,NASDAQ,13.92,2.08,17.57,2026-10-06 05:42
EHLS,Even Herd Long Short ETF,ETF,NASDAQ,25.96,-0.01,-0.06,2026-10-06 05:42
EHTH,이헬스,주식,NASDAQ,0.68,0.01,1.69,2026-10-06 05:42
EHY,Amplify Ethereum Max Income Covered Call ETF,ETF,AMEX,8.31,0.16,2.02,2026-10-06 05:42
EIC,Eagle Point Income Company Closed End Fund,주식,NYSE,9.08,-0.13,-1.41,2026-10-06 05:42
EICA,이글 포인트 인컴 우선주 Series A 5%,주식,NYSE,25.00,0.03,0.12,2026-10-06 05:42
EIDO,iShares MSCI Indonesia ETF,ETF,AMEX,11.92,0.24,2.05,2026-10-06 05:42
EIG,임플로이어스 홀딩스,주식,NYSE,48.79,-0.34,-0.69,2026-10-06 05:42
EIIA,이글 포인트 인스티튜셔널 인컴 펀드 우선주 Series A 8.125%,주식,NYSE,25.14,0.08,0.32,2026-10-06 05:42
EIKN,아이콘 테라퓨틱스,주식,NASDAQ,7.54,0.21,2.86,2026-10-06 05:42
EIM,Eaton Vance Municipal Bond Closed Fund,주식,AMEX,8.82,-0.22,-2.43,2026-10-06 05:42
EINC,VanEck Energy Income ETF,ETF,AMEX,115.22,0.89,0.78,2026-10-06 05:42
EIPI,FT Energy Income Partners Enhanced Income ETF,ETF,AMEX,21.76,0.15,0.69,2026-10-06 05:42
EIPX,FT Energy Income Partners Strategy ETF,ETF,AMEX,31.98,0.23,0.72,2026-10-06 05:42
EIRL,Ishares Msci Ireland ETF,ETF,AMEX,80.60,0.34,0.43,2026-10-06 05:42
EIS,Ishares Msci Israel ETF,ETF,AMEX,121.81,-0.73,-0.60,2026-10-06 05:42
EIX,에디슨 인터내셔널,주식,NYSE,54.24,0.35,0.65,2026-10-06 05:42
EJAN,Innovator Emerging Markets Power Buffer ETF - Jan,ETF,AMEX,37.40,0.13,0.35,2026-10-06 05:42
EJH,E-홈 하우스홀드 서비스 홀딩스,주식,NASDAQ,1.24,-0.25,-16.78,2026-10-06 05:42
EJUL,Innovator Emerging Markets Power Buffer ETF - Jul,ETF,AMEX,31.85,0.33,1.04,2026-10-06 05:42
EKG,First Trust Nasdaq Lux Digi Health Solutions ETF,ETF,NASDAQ,24.24,0.90,3.85,2026-10-06 05:42
EL,에스티 로더,주식,NYSE,93.30,1.33,1.45,2026-10-06 05:42
ELA,엔벨라,주식,AMEX,12.05,-0.11,-0.90,2026-10-06 05:42
ELAB,PMGC 홀딩스,주식,NASDAQ,3.27,-0.09,-2.68,2026-10-06 05:42
ELAN,엘란코 애니멀 헬스,주식,NYSE,22.51,0.37,1.67,2026-10-06 05:42
ELBM,일렉트라 배터리 머티리얼스,주식,NASDAQ,0.51,0.01,2.14,2026-10-06 05:42
ELC,엔터지 루이지애나 선순위 담보채권 4.875% 만기 2066년,주식,NYSE,18.77,-0.06,-0.32,2026-10-06 05:42
ELCV,Eventide High Dividend ETF,ETF,AMEX,30.68,0.04,0.13,2026-10-06 05:42
ELD,WisdomTree Emerging Markets Local Debt Fund,ETF,AMEX,27.95,0.14,0.49,2026-10-06 05:42
ELDN,엘레돈 파마슈티컬스,주식,NASDAQ,2.50,0.01,0.40,2026-10-06 05:42
ELE,엘리멘탈 로열티 코퍼레이션,주식,NASDAQ,18.08,-0.09,-0.50,2026-10-06 05:42
ELF,엘프 뷰티,주식,NYSE,103.75,-0.93,-0.89,2026-10-06 05:42
ELFY,ALPS Electrification Infrastructure ETF,ETF,NASDAQ,39.55,0.07,0.17,2026-10-06 05:42
ELIL,Direxion Daily LLY Bull 2X ETF,ETF,NASDAQ,26.95,-0.04,-0.14,2026-10-06 05:42
ELLA,Ellington Credit 8 50 Notes due 2031,주식,NYSE,25.08,0.02,0.06,2026-10-06 05:42
ELLO,엘로메이 캐피털,주식,AMEX,21.80,0.99,4.76,2026-10-06 05:42
ELM,Elm Market Navigator ETF,ETF,AMEX,29.48,0.17,0.58,2026-10-06 05:42
ELMD,일렉트로메드,주식,AMEX,28.32,0.22,0.78,2026-10-06 05:42
ELME,엘름 커뮤니티스,주식,NYSE,1.75,-0.01,-0.57,2026-10-06 05:42
ELMT,엘멧 그룹,주식,NASDAQ,21.29,-0.84,-3.80,2026-10-06 05:42
ELOG,이스턴 인터내셔널,주식,NASDAQ,0.53,0.03,5.67,2026-10-06 05:42
ELOL,Leverage Shares 100% TSLA and 100% SPCX Daily ETF,ETF,NASDAQ,27.70,2.44,9.68,2026-10-06 05:42
ELOX,엘록스 파마슈티컬스,주식,NASDAQ,15.41,-0.10,-0.64,2026-10-06 05:42
ELPC,파라나인스 데 에네르히아 ADR,주식,NYSE,13.92,1.06,8.24,2026-10-06 05:42
ELPW,이롱 파워 홀딩,주식,NASDAQ,2.93,-0.04,-1.35,2026-10-06 05:42
ELS,에퀴티 라이프스타일 프로퍼티스,주식,NYSE,58.49,0.24,0.41,2026-10-06 05:42
ELTK,엘텍,주식,NASDAQ,7.78,-0.19,-2.43,2026-10-06 05:42
ELTX,엘리시오 테라퓨틱스,주식,NASDAQ,1.92,0.00,0.00,2026-10-06 05:42
ELUT,엘루시아,주식,NASDAQ,0.82,0.04,5.51,2026-10-06 05:42
ELV,엘레반스 헬스,주식,NYSE,394.51,8.08,2.09,2026-10-06 05:42
ELVA,일렉트로바야,주식,NASDAQ,6.36,-0.27,-4.07,2026-10-06 05:42
ELVN,인라이븐 테라퓨틱스,주식,NASDAQ,45.47,-1.50,-3.19,2026-10-06 05:42
ELVR,엘레브라 리튬,주식,NASDAQ,37.79,0.71,1.91,2026-10-06 05:42
ELWT,엘러윗 커넥션,주식,NASDAQ,6.12,-0.23,-3.62,2026-10-06 05:42
EMA,에메라,주식,NYSE,47.88,-0.15,-0.31,2026-10-06 05:42
EMAT,에볼루션 메탈스 & 테크놀로지스,주식,NASDAQ,2.06,0.02,0.74,2026-10-06 05:42
EMAU,Corgi EM Mkts Eqtys 15% Strctrd Bffr ETF - Aug S,ETF,AMEX,25.81,0.24,0.93,2026-10-06 05:42
EMB,iShares JPMorgan USD Emerging Markets Bond ETF,ETF,NASDAQ,90.34,0.20,0.22,2026-10-06 05:42
EMBC,엠백타,주식,NASDAQ,5.88,0.23,4.07,2026-10-06 05:42
EMBD,Global X Emerging Markets Bond ETF,ETF,AMEX,22.56,0.08,0.33,2026-10-06 05:42
EMBJ,임브라에르 ADR,주식,NYSE,75.27,0.06,0.08,2026-10-06 05:42
EMBX,VanEck Emerging Markets Bond ETF,ETF,AMEX,49.38,0.26,0.53,2026-10-06 05:42
EMC,Global X Emerging Markets Great Consumer ETF,ETF,AMEX,38.38,0.71,1.89,2026-10-06 05:42
EMCB,WisdomTree Emerging Markets Corporate Bond Fund,ETF,NASDAQ,63.97,-0.01,-0.02,2026-10-06 05:42
EMCR,Xtrackers Emg Mkt Carbon Reduction and Cl Imp ETF,ETF,AMEX,44.26,0.66,1.52,2026-10-06 05:42
EMCS,Xtrackers MSCI Emerging Markets Select ETF,ETF,AMEX,47.97,0.69,1.45,2026-10-06 05:42
EMD,Western Asset Emerging Markets Debt Fund,주식,NYSE,9.18,-0.10,-1.08,2026-10-06 05:42
EMDM,First Trust Bloomberg Emerging Mkt Democracies ETF,ETF,AMEX,43.24,0.99,2.35,2026-10-06 05:42
EMDV,ProShares MSCI Emerging Markets Dividend Grwrs ETF,ETF,AMEX,46.51,0.61,1.34,2026-10-06 05:42
EME,엠코 그룹,주식,NYSE,779.20,-7.41,-0.94,2026-10-06 05:42
EMEM,Sophus Capital Emerging Market ETF,ETF,NASDAQ,25.48,0.13,0.51,2026-10-06 05:42
EMEQ,Nomura Focused Emerging Markets Equity ETF,ETF,NASDAQ,68.41,1.21,1.80,2026-10-06 05:42
EMES,Harbor Emerging Markets Select ETF,ETF,AMEX,28.80,0.62,2.21,2026-10-06 05:42
EMET,VanEck Copper and Electrification Metals ETF,ETF,AMEX,41.85,0.21,0.50,2026-10-06 05:42
EMF,Templeton Emerging Markets Closed Fund,주식,NYSE,22.78,0.31,1.38,2026-10-06 05:42
EMFI,Pictet Emerging Markets Debt ETF,ETF,AMEX,47.50,0.09,0.19,2026-10-06 05:42
EMGF,iShares Emerging Markets Equity Factor ETF,ETF,AMEX,73.29,1.00,1.38,2026-10-06 05:42
EMHC,State Street SPDR Bloomberg Emerg Mkts USD Bd ETF,ETF,AMEX,23.73,0.07,0.29,2026-10-06 05:42
EMHY,iShares JP Morgan EM High Yield Bond ETF,ETF,AMEX,38.49,0.11,0.29,2026-10-06 05:42
EMIF,iShares Emerg Markets Infrastructure ETF,ETF,NASDAQ,27.32,0.99,3.77,2026-10-06 05:42
EMIS,에미스 애퀴지션,주식,NASDAQ,10.27,0.00,0.00,2026-10-06 05:42
EMISR,Emmis Acquisition Rights Exp 12th Sep 2030,주식,NASDAQ,0.09,0.01,15.38,2026-10-06 05:42
EMJL,Corgi EM Equities 15% Structured Bffrd ETF-July S,ETF,AMEX,24.94,0.24,0.97,2026-10-06 05:42
EMJN,Corgi EM Equities 15% Structured Bffrd ETF-June S,ETF,AMEX,23.47,0.21,0.91,2026-10-06 05:42
EMKT,Lazard Emerging Markets Opportunities ETF,ETF,AMEX,32.22,0.56,1.76,2026-10-06 05:42
EML,이스턴,주식,NASDAQ,24.79,0.18,0.73,2026-10-06 05:42
EMLC,VanEck JP Morgan EM Local Currency Bond ETF,ETF,AMEX,24.69,0.07,0.28,2026-10-06 05:42
EMLP,First Trust North American Energy Infrastructure,ETF,AMEX,41.74,0.20,0.48,2026-10-06 05:42
EMM,Global X Emerging Markets ex-China ETF,ETF,AMEX,46.09,0.91,2.01,2026-10-06 05:42
EMMF,WisdomTree Emerging Markets Multifactor Fund,ETF,AMEX,38.80,0.68,1.77,2026-10-06 05:42
EMMY,Corgi EM Equities 15% Structured Bffrd ETF-May S,ETF,AMEX,24.90,0.29,1.19,2026-10-06 05:42
EMN,이스트만 케미컬,주식,NYSE,64.94,0.07,0.11,2026-10-06 05:42
EMNT,PIMCO Enhanced Short Maturity Active ESG Exch Tr,ETF,AMEX,98.39,0.00,0.00,2026-10-06 05:42
EMO,ClearBridge Energy Midstream Opportunity Closed End Fund,주식,NYSE,50.29,-0.02,-0.04,2026-10-06 05:42
EMOP,AB Emerging Markets Opportunities ETF X,ETF,AMEX,52.43,1.10,2.15,2026-10-06 05:42
EMOT,First Trust S&P 500 Economic Moat Index ETF,ETF,AMEX,26.01,0.18,0.69,2026-10-06 05:42
EMP,엔터지 미시시피 선순위 담보채권 4.900% 만기 2066년,주식,NYSE,18.71,0.04,0.19,2026-10-06 05:42
EMPB,Efficient Market Portfolio Plus ETF,ETF,AMEX,35.50,0.28,0.80,2026-10-06 05:42
EMPD,엠페리 디지털,주식,NASDAQ,3.09,-0.04,-1.28,2026-10-06 05:42
EMQQ,EMQQ The Emerging Markets Internet ETF,ETF,AMEX,31.70,1.20,3.92,2026-10-06 05:42
EMR,에머슨 일렉트릭,주식,NYSE,162.33,0.72,0.45,2026-10-06 05:42
EMSC,Sophus Capital Emerging Market Small Cap ETF,ETF,NASDAQ,25.05,-0.04,-0.14,2026-10-06 05:42
EMSE,Corgi EM Mkts Eqtys 15% Strctrd Bffr ETF - Sep S,ETF,AMEX,25.10,0.10,0.41,2026-10-06 05:42
EMSF,Matthews Emerging Markets Sustainable Ftr Actv ETF,ETF,AMEX,40.64,0.74,1.86,2026-10-06 05:42
EMTY,Proshares Decline Of The Retail Store ETF,ETF,AMEX,24.74,-0.06,-0.23,2026-10-06 05:42
EMXC,iShares MSCI Emerging Markets ex China ETF,ETF,NASDAQ,102.75,1.46,1.44,2026-10-06 05:42
EMXF,iShares ESG Advanced MSCI EM ETF,ETF,NASDAQ,58.45,0.81,1.40,2026-10-06 05:42
EMXX,Corgi Emerging Markets 2X Daily ETF,ETF,AMEX,23.64,0.81,3.54,2026-10-06 05:42
ENB,엔브리지,주식,NYSE,46.04,0.07,0.15,2026-10-06 05:42
ENDW,Cambria Endowment Style ETF,ETF,NASDAQ,34.36,0.20,0.58,2026-10-06 05:42
ENFR,ALPS Alerian Energy Infrastructure ETF,ETF,AMEX,37.83,0.42,1.12,2026-10-06 05:42
ENGN,엔진 테라퓨틱스,주식,NASDAQ,1.87,-0.07,-3.61,2026-10-06 05:42
ENGS,에너지스 그룹,주식,NASDAQ,3.07,0.02,0.66,2026-10-06 05:42
ENHA,A 패러다이스 애퀴지션,주식,NYSE,1.45,-0.02,-1.36,2026-10-06 05:42
ENHI,iShares Enhanced International Active ETF,ETF,NASDAQ,26.74,-0.01,-0.04,2026-10-06 05:42
ENHU,iShares Enhanced Large Cap Core Active ETF,ETF,NASDAQ,28.91,0.19,0.67,2026-10-06 05:42
ENIC,에넬 칠레 ADR,주식,NYSE,4.31,0.14,3.36,2026-10-06 05:42
ENJ,엔터지 뉴올리언스 선순위 담보채권 5.000% 만기 2052년,주식,NYSE,18.95,-0.09,-0.47,2026-10-06 05:42
ENLT,엔라이트 리뉴어블 에너지,주식,NASDAQ,65.94,-0.64,-0.96,2026-10-06 05:42
ENLV,엔라이벡스,주식,NASDAQ,0.36,-0.03,-6.53,2026-10-06 05:42
ENO,엔터지 뉴올리언스 선순위 담보채권 5.500% 만기 2066년,주식,NYSE,19.74,-0.26,-1.30,2026-10-06 05:42
ENOR,Ishares Msci Norway Etf,ETF,AMEX,35.23,-0.07,-0.20,2026-10-06 05:42
ENOV,이노비스,주식,NYSE,18.69,0.92,5.18,2026-10-06 05:42
ENPH,인페이즈 에너지,주식,NASDAQ,33.45,-0.02,-0.06,2026-10-06 05:42
ENR,에너자이저 홀딩스,주식,NYSE,21.20,-0.91,-4.12,2026-10-06 05:42
ENRD,아인라이드 ADR,주식,NASDAQ,3.19,-0.14,-4.20,2026-10-06 05:42
ENRG,Ninepoint North American Energy Independence ETF,ETF,AMEX,19.42,0.17,0.87,2026-10-06 05:42
ENS,에너시스,주식,NYSE,193.02,-3.28,-1.67,2026-10-06 05:42
ENSC,엔시스 바이오사이언시스,주식,NASDAQ,0.42,0.02,6.08,2026-10-06 05:42
ENSG,엔사인 그룹,주식,NASDAQ,172.89,1.11,0.65,2026-10-06 05:42
ENTA,에난타 파마슈티컬스,주식,NASDAQ,12.60,-0.36,-2.78,2026-10-06 05:42
ENTG,인테그리스,주식,NASDAQ,166.92,0.45,0.27,2026-10-06 05:42
ENTL,Leverage Shares 2X Long ENTG Daily ETF,ETF,AMEX,9.84,-0.01,-0.10,2026-10-06 05:42
ENTX,엔테라 바이오,주식,NASDAQ,2.62,-0.24,-8.39,2026-10-06 05:42
ENVA,이노바 인터내셔널,주식,NYSE,178.00,5.11,2.96,2026-10-06 05:42
ENVB,엔버릭 바이오사이언시스,주식,NASDAQ,1.51,0.03,2.03,2026-10-06 05:42
ENVX,이노빅스,주식,NASDAQ,2.67,-0.13,-4.64,2026-10-06 05:42
ENZL,Ishares Msci New Zealand Etf,ETF,NASDAQ,44.57,-0.41,-0.91,2026-10-06 05:42
EO,Corgi EOSE 2x Daily ETF,ETF,AMEX,5.47,0.26,4.94,2026-10-06 05:42
EOCN,에오센,주식,NASDAQ,3.45,-0.16,-4.43,2026-10-06 05:42
EOCT,Innovator Emerging Markets Power Buffer ETF - Oct,ETF,AMEX,35.81,0.23,0.63,2026-10-06 05:42
EOD,Allspring Global Dividend Opportunity Mutual Fund,주식,NYSE,6.35,0.03,0.47,2026-10-06 05:42
EOG,EOG 리소시스,주식,NYSE,144.08,2.70,1.91,2026-10-06 05:42
EOI,Eaton Vance Enhanced Equity Income Closed Fund,주식,NYSE,19.76,-0.09,-0.45,2026-10-06 05:42
EOLS,에볼러스,주식,NASDAQ,7.47,0.33,4.62,2026-10-06 05:42
EONR,EON 리소시스,주식,AMEX,0.48,0.00,-0.58,2026-10-06 05:42
EOS,Eaton Vance Enhanced Equity Income II Closed Fund,주식,NYSE,21.26,-0.08,-0.37,2026-10-06 05:42
EOSE,이오스 에너지 엔터프라이시스,주식,NASDAQ,3.27,0.06,1.87,2026-10-06 05:42
EOSU,T-REX 2X Long EOSE Daily Target ETF,ETF,AMEX,5.09,0.21,4.30,2026-10-06 05:42
EOT,Eaton Vance National Municipal Opportunities Closed Fund,주식,NYSE,15.24,-0.29,-1.87,2026-10-06 05:42
EP,엠파이어 페트롤리움,주식,AMEX,2.68,0.07,2.68,2026-10-06 05:42
EPAC,에너팩 툴 그룹,주식,NYSE,36.02,0.38,1.07,2026-10-06 05:42
EPAI,Harbor AI Inflection Strategy ETF,ETF,AMEX,28.83,0.06,0.21,2026-10-06 05:42
EPAM,이팸 시스템즈,주식,NYSE,109.95,1.66,1.53,2026-10-06 05:42
EPC,에지웰 퍼스널 케어,주식,NYSE,26.75,-0.22,-0.82,2026-10-06 05:42
EPD,Enterprise Products Partners Units,주식,NYSE,36.80,0.62,1.71,2026-10-06 05:42
EPEM,Harbor Emerging Markets Equity ETF,ETF,AMEX,31.24,0.80,2.64,2026-10-06 05:42
EPHE,iShares MSCI Philippines ETF,ETF,AMEX,23.00,0.36,1.59,2026-10-06 05:42
EPI,WisdomTree India Earnings Fund,ETF,AMEX,40.51,-0.02,-0.05,2026-10-06 05:42
EPIN,Harbor International Equity ETF,ETF,AMEX,28.66,0.26,0.91,2026-10-06 05:42
EPM,에볼루션 페트롤리엄,주식,AMEX,3.56,-0.02,-0.56,2026-10-06 05:42
EPMB,Harbor Mid Cap Core ETF,ETF,AMEX,26.32,0.06,0.25,2026-10-06 05:42
EPMV,Harbor Mid Cap Value ETF,ETF,AMEX,25.76,0.14,0.54,2026-10-06 05:42
EPOL,Ishares Msci Poland ETF,ETF,AMEX,43.51,0.48,1.12,2026-10-06 05:42
EPOW,E-파워,주식,NASDAQ,3.77,-0.45,-10.66,2026-10-06 05:42
EPP,iShares MSCI Pacific ex Japan ETF,ETF,AMEX,55.00,0.29,0.53,2026-10-06 05:42
EPR,EPR 프로퍼티스,주식,NYSE,55.59,-0.86,-1.52,2026-10-06 05:42
EPRF,Innovator S&P Investment Grade Preferred ETF,ETF,AMEX,15.69,-0.10,-0.61,2026-10-06 05:42
EPRT,에센셜 프로퍼티 리얼티,주식,NYSE,25.64,-0.26,-1.00,2026-10-06 05:42
EPRX,유프락시아 파마슈티컬스,주식,NASDAQ,7.75,0.51,6.98,2026-10-06 05:42
EPS,WisdomTree US LargeCap Fund,ETF,AMEX,81.09,0.50,0.62,2026-10-06 05:42
EPSB,Harbor SMID Cap Core ETF,ETF,AMEX,26.76,0.15,0.56,2026-10-06 05:42
EPSM,엡시움 엔터프라이즈,주식,NASDAQ,1.21,-0.04,-3.20,2026-10-06 05:42
EPSN,엡실론 에너지,주식,NASDAQ,6.06,0.32,5.57,2026-10-06 05:42
EPSV,Harbor SMID Cap Value ETF,ETF,AMEX,29.54,-0.08,-0.26,2026-10-06 05:42
EPU,iShares MSCI Peru and Global Exposure ETF,ETF,AMEX,90.69,1.13,1.26,2026-10-06 05:42
EPV,ProShares UltraShort FTSE Europe ETF,ETF,AMEX,19.04,0.04,0.21,2026-10-06 05:42
EQ,이퀼리움,주식,NASDAQ,1.45,0.04,2.84,2026-10-06 05:42
EQAL,Invesco Russell 1000 Equal Weight ETF,ETF,AMEX,58.31,0.31,0.53,2026-10-06 05:42
EQBK,애퀴티 뱅크셰어스,주식,NYSE,47.54,-0.19,-0.40,2026-10-06 05:42
EQH,에퀴터블 홀딩스,주식,NYSE,54.00,1.36,2.58,2026-10-06 05:42
EQIN,Columbia US Equity Income ETF,ETF,AMEX,51.50,0.14,0.27,2026-10-06 05:42
EQIX,이퀴닉스,주식,NASDAQ,1023.44,-2.28,-0.22,2026-10-06 05:42
EQL,ALPS Equal Sector Weight ETF,ETF,AMEX,50.74,0.31,0.61,2026-10-06 05:42
EQLT,iShares MSCI Emerging Markets Quality Factor ETF,ETF,AMEX,39.02,0.88,2.30,2026-10-06 05:42
EQNR,에퀴노르 ADR,주식,NYSE,42.35,-0.21,-0.49,2026-10-06 05:42
EQPT,이큅먼트쉐어 닷컴,주식,NASDAQ,18.90,0.40,2.16,2026-10-06 05:42
EQQQ,ProShares Ultra QQQ Equal Weight,ETF,NASDAQ,42.19,0.60,1.45,2026-10-06 05:42
EQRR,ProShares Equities for Rising Rates ETF,ETF,NASDAQ,86.11,0.68,0.79,2026-10-06 05:42
EQS,에쿠스 토탈 리턴,주식,NYSE,0.79,-0.09,-10.60,2026-10-06 05:42
EQT,EQT,주식,NYSE,51.12,0.95,1.89,2026-10-06 05:42
EQTY,Kovitz Core Equity ETF,ETF,AMEX,29.33,0.26,0.89,2026-10-06 05:42
EQWL,Invesco S and P 100 Equal Weight ETF,ETF,AMEX,130.05,0.37,0.29,2026-10-06 05:42
EQX,이퀴녹스 골드,주식,AMEX,11.23,0.12,1.08,2026-10-06 05:42
ERAS,이래스카,주식,NASDAQ,14.72,-0.02,-0.14,2026-10-06 05:42
ERC,Allspring Multi-Sector Income Fund,주식,AMEX,8.43,-0.05,-0.59,2026-10-06 05:42
ERET,iShares Environmentally Aware Real Estate ETF,ETF,NASDAQ,26.73,-0.10,-0.36,2026-10-06 05:42
ERH,Allspring Utilities And High Income Mutual Fund,주식,AMEX,10.17,-0.10,-0.97,2026-10-06 05:42
ERIC,텔레폰악티에볼라예트 에릭슨 ADR,주식,NASDAQ,9.22,-0.07,-0.75,2026-10-06 05:42
ERIE,이리 인뎀니티,주식,NASDAQ,221.46,1.83,0.83,2026-10-06 05:42
ERII,에너지 리커버리,주식,NASDAQ,6.83,0.06,0.89,2026-10-06 05:42
ERNA,어넥사 테라퓨틱스,주식,NASDAQ,2.70,-0.26,-8.78,2026-10-06 05:42
ERO,에로 코퍼,주식,NYSE,38.44,0.53,1.40,2026-10-06 05:42
EROC,이록,주식,NYSE,12.39,-0.26,-2.06,2026-10-06 05:42
EROK,이글락 랜드,주식,NYSE,21.59,0.22,1.03,2026-10-06 05:42
ERTH,Invesco MSCI Sustainable Future ETF,ETF,AMEX,42.32,-0.01,-0.02,2026-10-06 05:42
ERX,Direxion Daily Energy Bull 2X ETF,ETF,AMEX,106.66,2.08,1.99,2026-10-06 05:42
ERY,Direxion Daily Energy Bear 2X ETF,ETF,AMEX,8.92,-0.17,-1.87,2026-10-06 05:42
ES,에버소스 에너지,주식,NYSE,64.69,0.19,0.29,2026-10-06 05:42
ESAB,ESAB,주식,NYSE,71.46,1.56,2.23,2026-10-06 05:42
ESBA,Empire State Realty Operating Partnership Units Series ES,주식,AMEX,4.30,0.45,11.69,2026-10-06 05:42
ESBG,First Trust Enhanced Stocks  Bonds & Gold ETF,ETF,AMEX,20.65,0.06,0.29,2026-10-06 05:42
ESCA,에스칼라드,주식,NASDAQ,19.00,-0.26,-1.35,2026-10-06 05:42
ESE,에스코 테크놀로지스,주식,NYSE,271.92,-3.03,-1.10,2026-10-06 05:42
ESEA,유로시스,주식,NASDAQ,73.05,0.63,0.87,2026-10-06 05:42
ESG,Northern Trust STOXX US ESG Select ETF,ETF,AMEX,181.09,0.78,0.43,2026-10-06 05:42
ESGD,iShares ESG Aware MSCI EAFE ETF,ETF,NASDAQ,103.15,0.00,0.00,2026-10-06 05:42
ESGE,iShares ESG Aware MSCI EM ETF,ETF,NASDAQ,55.75,0.82,1.49,2026-10-06 05:42
ESGG,Northern Trust STOXX Global ESG Select ETF,ETF,AMEX,239.54,0.61,0.26,2026-10-06 05:42
ESGU,iShares ESG Aware MSCI USA ETF,ETF,NASDAQ,169.59,1.13,0.67,2026-10-06 05:42
ESGV,Vanguard ESG US Stock ETF,ETF,AMEX,137.80,1.05,0.77,2026-10-06 05:42
ESI,엘리먼트 솔루션즈,주식,NYSE,37.54,-0.39,-1.03,2026-10-06 05:42
ESIM,Eventide International ETF,ETF,AMEX,28.86,-0.04,-0.14,2026-10-06 05:42
ESLA,에스트렐라 이뮤노파르마,주식,NASDAQ,0.44,-0.03,-5.98,2026-10-06 05:42
ESLG,Eventide Large Cap Growth ETF,ETF,AMEX,28.89,0.23,0.80,2026-10-06 05:42
ESLT,엘빗 시스템즈,주식,NASDAQ,709.37,13.14,1.89,2026-10-06 05:42
ESLV,Eventide Large Cap Value ETF,ETF,AMEX,27.93,0.07,0.26,2026-10-06 05:42
ESML,iShares ESG Aware MSCI USA Small-Cap ETF,ETF,AMEX,53.15,0.30,0.57,2026-10-06 05:42
ESMV,IShares ESG Optimized MSCI USA Min Vol Factor ETF,ETF,NASDAQ,31.21,0.26,0.82,2026-10-06 05:42
ESN,Essential 40 Stock ETF,ETF,NASDAQ,20.44,0.05,0.24,2026-10-06 05:42
ESNT,이센트 그룹,주식,NYSE,61.09,0.87,1.44,2026-10-06 05:42
ESOA,에너지 서비시스 오브 아메리카,주식,NASDAQ,11.00,-0.01,-0.09,2026-10-06 05:42
ESP,에스페이 MFG & 일렉트로닉스,주식,AMEX,61.91,-1.32,-2.09,2026-10-06 05:42
ESPO,VanEck Video Gaming and eSports ETF,ETF,NASDAQ,98.22,0.67,0.69,2026-10-06 05:42
ESQ,에스콰이어 파이낸셜 홀딩스,주식,NASDAQ,118.02,-1.90,-1.58,2026-10-06 05:42
ESRT,엠파이어 스테이트 리얼티 트러스트,주식,NYSE,4.23,0.06,1.44,2026-10-06 05:42
ESS,에섹스 프로퍼티 트러스트,주식,NYSE,271.93,3.28,1.22,2026-10-06 05:42
ESSC,Eventide Small Cap ETF,ETF,AMEX,29.17,0.16,0.56,2026-10-06 05:42
ESTA,에스타블리쉬먼트 랩스 홀딩스,주식,NASDAQ,66.47,2.41,3.76,2026-10-06 05:42
ESTC,엘라스틱,주식,NYSE,94.91,0.97,1.03,2026-10-06 05:42
ESUM,Eventide US Market ETF,ETF,AMEX,30.80,0.19,0.62,2026-10-06 05:42
ESYN,에너신 글로벌,주식,NASDAQ,2.12,-0.06,-2.75,2026-10-06 05:42
ET,Energy Transfer Units,주식,NYSE,20.72,0.25,1.22,2026-10-06 05:42
ETB,Eaton Vance Tax Managed Buy Write Income Closed Fund,주식,NYSE,15.39,0.01,0.07,2026-10-06 05:42
ETCO,Grayscale Ethereum Covered Call ETF,ETF,AMEX,9.06,0.10,1.06,2026-10-06 05:42
ETD,이튼 알렌 인테리어스,주식,NYSE,21.08,0.02,0.10,2026-10-06 05:42
ETEC,iShares Breakthrough Environmental Solutions ETF,ETF,NASDAQ,24.65,-0.04,-0.16,2026-10-06 05:42
ETFT,Fundsmith Equity ETF,ETF,AMEX,9.97,0.13,1.31,2026-10-06 05:42
ETG,Eaton Vance Tax Advantaged Global Dividend Income Closed Fund,주식,NYSE,23.00,-0.05,-0.22,2026-10-06 05:42
ETH,Grayscale Ethereum Staking Mini ETF,ETF,AMEX,25.83,0.41,1.62,2026-10-06 05:42
ETHA,iShares Ethereum Trust ETF,ETF,NASDAQ,20.43,0.32,1.59,2026-10-06 05:42
ETHB,iShares Staked Ethereum Trust ETF,ETF,NASDAQ,34.89,0.57,1.66,2026-10-06 05:42
ETHD,ProShares UltraShort Ether ETF,ETF,AMEX,24.06,-0.75,-3.02,2026-10-06 05:42
ETHE,Grayscale Ethereum Staking ETF,ETF,AMEX,21.73,0.33,1.55,2026-10-06 05:42
ETHO,Amplify Etho Climate Leadership US ETF,ETF,AMEX,81.48,0.43,0.53,2026-10-06 05:42
ETHT,ProShares Ultra Ether ETF,ETF,AMEX,19.74,0.58,3.03,2026-10-06 05:42
ETHU,2X Ether ETF,ETF,AMEX,30.72,0.91,3.05,2026-10-06 05:42
ETHV,VanEck Ethereum ETF,ETF,AMEX,39.59,0.64,1.63,2026-10-06 05:42
ETHW,Bitwise Ethereum ETF,ETF,AMEX,19.36,0.28,1.47,2026-10-06 05:42
ETJ,Eaton Vance Risk Managed Diversified Equity Income Closed Fund,주식,NYSE,8.14,0.01,0.12,2026-10-06 05:42
ETN,이튼,주식,NYSE,432.60,-3.51,-0.80,2026-10-06 05:42
ETNG,Leverage Shares 2X Long ETN Daily ETF,ETF,AMEX,13.93,-0.16,-1.14,2026-10-06 05:42
ETO,Eaton Vance Tax Advantaged Global Dividend Opportunities Closed Fund,주식,NYSE,30.31,0.24,0.80,2026-10-06 05:42
ETON,이튼 파마슈티컬즈,주식,NASDAQ,55.62,0.26,0.47,2026-10-06 05:42
ETOR,이토로 그룹,주식,NASDAQ,25.69,0.27,1.06,2026-10-06 05:42
ETR,엔터지,주식,NYSE,100.82,-0.09,-0.09,2026-10-06 05:42
ETRA,엘렉트라 테라퓨틱스,주식,NASDAQ,9.74,-0.63,-6.08,2026-10-06 05:42
ETS,엘리트 익스프레스 홀딩,주식,NASDAQ,1.66,0.05,3.11,2026-10-06 05:42
ETSS,에너지 트랜지션 스페셜 오퍼튜니티스,주식,NYSE,9.96,0.00,0.00,2026-10-06 05:42
ETSS.U,Energy Transition Special Opportunities Redeemable Units,주식,NYSE,10.07,0.00,0.00,2026-10-06 05:42
ETSY,ETSY,주식,NYSE,70.89,-1.88,-2.58,2026-10-06 05:42
ETTY,Amplify Ethereum 3 Monthly Option Income ETF,ETF,AMEX,9.88,0.18,1.86,2026-10-06 05:42
ETU,T Rex 2X Long Ether Daily Target ETF,ETF,AMEX,8.17,0.28,3.55,2026-10-06 05:42
ETV,Eaton Vance Tax Managed Buy Write Opportunities Closed Fund,주식,NYSE,14.86,-0.08,-0.54,2026-10-06 05:42
ETW,Eaton Vance Tax Managed Global Buy Write Opportunities Closed Fund,주식,NYSE,9.49,0.00,0.00,2026-10-06 05:42
ETX,Eaton Vance Municipal Income 2028 Term Trust,주식,NYSE,17.16,-0.33,-1.89,2026-10-06 05:42
ETY,Eaton Vance Tax Managed Diversified Equity Income Closed Fund,주식,NYSE,14.18,0.00,0.00,2026-10-06 05:42
EU,엔코어 에너지,주식,NASDAQ,1.07,0.05,4.90,2026-10-06 05:42
EUAD,Select STOXX Europe Aerospace & Defense ETF,ETF,AMEX,41.70,0.05,0.12,2026-10-06 05:42
EUDA,8i 애퀴지션 2,주식,NASDAQ,17.30,0.06,0.37,2026-10-06 05:42
EUDG,WisdomTree Europe Quality Dividend Growth Fund,ETF,AMEX,37.24,-0.11,-0.30,2026-10-06 05:42
EUDV,ProShares MSCI Europe Dividend Growers ETF,ETF,AMEX,51.36,-0.42,-0.81,2026-10-06 05:42
EUFN,iShares MSCI Europe Financials ETF,ETF,NASDAQ,39.16,0.18,0.46,2026-10-06 05:42
EUHY,iShares Euro High Yield Corp Bd USD Hedged ETF,ETF,AMEX,51.83,-0.07,-0.13,2026-10-06 05:42
EUIG,iShares Euro Investment Grade Corporate Bd USD ETF,ETF,AMEX,48.82,-0.04,-0.07,2026-10-06 05:42
EUM,ProShares Short MSCI Emerging Markets ETF,ETF,AMEX,15.27,-0.23,-1.48,2026-10-06 05:42
EUO,ProShares UltraShort Euro,ETF,AMEX,32.26,0.24,0.75,2026-10-06 05:42
EURK,유레카 애퀴지션,주식,NASDAQ,11.55,0.00,0.00,2026-10-06 05:42
EURKR,Eureka Acquisition Right Exp 3rd Jul 2027,주식,NASDAQ,0.27,0.00,0.00,2026-10-06 05:42
EURKU,Eureka Acquisition Units,주식,NASDAQ,11.72,0.00,0.00,2026-10-06 05:42
EURL,Direxion Daily FTSE Europe Bull 3X ETF,ETF,AMEX,41.26,-0.22,-0.53,2026-10-06 05:42
EUSA,iShares MSCI USA Equal Weighted ETF,ETF,AMEX,113.31,0.80,0.71,2026-10-06 05:42
EUSB,iShares ESG Advanced Universal USD Bond Market ETF,ETF,AMEX,41.42,-0.04,-0.10,2026-10-06 05:42
EUV,Corgi Lithography & Semiconductor Photonics ETF,ETF,AMEX,26.89,-0.03,-0.11,2026-10-06 05:42
EUVX,Corgi Lithography & Semicndctr Photonics 2x Dl ETF,ETF,AMEX,17.34,-0.02,-0.11,2026-10-06 05:42
EVAC,EQV 벤처스 애퀴지션 II,주식,NYSE,10.32,0.01,0.10,2026-10-06 05:42
EVAC.U,EQV Ventures Acquisition II Units,주식,NYSE,10.47,0.03,0.29,2026-10-06 05:42
EVAX,에바종 ADR,주식,NASDAQ,3.15,-0.05,-1.56,2026-10-06 05:42
EVC,엔트라비전 커뮤니케이션즈,주식,NYSE,7.12,-0.26,-3.52,2026-10-06 05:42
EVCM,에버커머스,주식,NASDAQ,9.07,0.13,1.45,2026-10-06 05:42
EVER,에버쿼트,주식,NASDAQ,19.41,-0.09,-0.46,2026-10-06 05:42
EVEX,이브 홀딩,주식,NYSE,1.70,-0.04,-2.30,2026-10-06 05:42
EVF,Eaton Vance Senior Income Closed Fund,주식,NYSE,4.84,-0.02,-0.31,2026-10-06 05:42
EVG,Eaton Vance Short Duration Diversified Income Closed Fund,주식,NYSE,9.98,-0.06,-0.60,2026-10-06 05:42
EVGN,에보젠,주식,NASDAQ,0.40,-0.02,-4.99,2026-10-06 05:42
EVGO,EV고,주식,NASDAQ,1.35,-0.03,-2.17,2026-10-06 05:42
EVH,에볼런트 헬스,주식,NYSE,3.61,0.15,4.34,2026-10-06 05:42
EVHY,Eaton Vance High Yield ETF,ETF,AMEX,50.60,0.04,0.09,2026-10-06 05:42
EVI,EVI 인더스트리,주식,AMEX,19.15,-0.14,-0.73,2026-10-06 05:42
EVIM,Eaton Vance Intermediate Municipal Income ETF,ETF,AMEX,50.44,0.15,0.30,2026-10-06 05:42
EVLN,Eaton Vance Floating-Rate ETF,ETF,AMEX,48.33,-0.02,-0.04,2026-10-06 05:42
EVLU,iShares MSCI Emerging Markets Value Factor ETF,ETF,AMEX,41.90,0.21,0.51,2026-10-06 05:42
EVLV,이볼브 테크놀로지스 홀딩스,주식,NASDAQ,4.48,-0.09,-1.97,2026-10-06 05:42
EVMN,에보뮨,주식,NYSE,6.65,-0.27,-3.90,2026-10-06 05:42
EVMO,Eaton Vance Mortgage Opportunities ETF,ETF,AMEX,48.11,-0.04,-0.08,2026-10-06 05:42
EVMT,Invesco Electric Vhcl Mtls Cmd Str No K-1 ETF,ETF,NASDAQ,17.33,0.10,0.55,2026-10-06 05:42
EVMU,Direxion Daily Ether Bull 2X ETF,ETF,AMEX,36.19,1.09,3.12,2026-10-06 05:42
EVN,Eaton Vance Municipal Income Trust,주식,NYSE,9.07,-0.21,-2.26,2026-10-06 05:42
EVNT,AltShares Event-Driven ETF,ETF,AMEX,12.29,0.01,0.08,2026-10-06 05:42
EVO,에보텍 ADR,주식,NASDAQ,1.66,0.06,3.75,2026-10-06 05:42
EVOX,에볼루션 글로벌 애퀴지션,주식,NASDAQ,10.13,0.00,0.00,2026-10-06 05:42
EVOXU,Evolution Global Acquisition Units,주식,NASDAQ,10.28,0.00,0.00,2026-10-06 05:42
EVPF,Eaton Vance Preferred Securities And Income ETF,ETF,NASDAQ,48.26,0.03,0.06,2026-10-06 05:42
EVR,에버코어,주식,NYSE,265.35,3.67,1.40,2026-10-06 05:42
EVRG,에버지,주식,NASDAQ,79.09,-0.08,-0.10,2026-10-06 05:42
EVSB,Eaton Vance Ultra-Short Income ETF,ETF,AMEX,50.63,0.02,0.04,2026-10-06 05:42
EVSD,Eaton Vance Short Duration Income ETF,ETF,NASDAQ,49.88,0.03,0.06,2026-10-06 05:42
EVSM,Eaton Vance Short Duration Municipal Income ETF,ETF,AMEX,49.25,0.03,0.06,2026-10-06 05:42
EVT,Eaton Vance Tax Advantaged Dividend Income Closed Fund,주식,NYSE,27.38,-0.40,-1.44,2026-10-06 05:42
EVTC,에버테크,주식,NYSE,29.12,1.89,6.94,2026-10-06 05:42
EVTL,버티컬 에어로스페이스,주식,NYSE,0.54,-0.05,-8.74,2026-10-06 05:42
EVTR,Eaton Vance Total Return Bond ETF,ETF,NYSE,48.14,-0.03,-0.06,2026-10-06 05:42
EVUS,iShares ESG Aware MSCI USA Value ETF,ETF,AMEX,36.64,0.17,0.47,2026-10-06 05:42
EVV,Eaton Vance Limited Duration Income Closed Fund,주식,AMEX,8.34,-0.09,-1.07,2026-10-06 05:42
EVX,VanEck Environmental Services ETF,ETF,AMEX,39.41,0.37,0.94,2026-10-06 05:42
EVYM,Eaton Vance High Income Municipal ETF,ETF,NASDAQ,46.96,0.19,0.40,2026-10-06 05:42
EW,에드워즈 라이프사이언시스,주식,NYSE,87.23,2.08,2.44,2026-10-06 05:42
EWA,iShares MSCI Australia ETF,ETF,AMEX,28.43,0.11,0.39,2026-10-06 05:42
EWAV,이스트 웨스트 애비뉴 애퀴지션,주식,NASDAQ,9.94,0.00,0.00,2026-10-06 05:42
EWAVR,East West Ave Acquisition Rights Exp 14th July 2031,주식,NASDAQ,0.12,-0.01,-10.91,2026-10-06 05:42
EWAVU,East West Ave Acquisition Units,주식,NASDAQ,10.05,0.00,0.00,2026-10-06 05:42
EWBC,이스트 웨스트 뱅코프,주식,NASDAQ,126.84,0.63,0.50,2026-10-06 05:42
EWC,iShares MSCI Canada ETF,ETF,AMEX,58.78,0.06,0.10,2026-10-06 05:42
EWD,Ishares Msci Sweden Etf,ETF,AMEX,50.06,0.01,0.02,2026-10-06 05:42
EWG,iShares MSCI Germany ETF,ETF,AMEX,41.25,-0.05,-0.12,2026-10-06 05:42
EWH,iShares MSCI Hong Kong ETF,ETF,AMEX,21.77,0.20,0.93,2026-10-06 05:42
EWI,Ishares Msci Italy ETF,ETF,AMEX,57.49,0.09,0.16,2026-10-06 05:42
EWJ,iShares MSCI Japan ETF,ETF,AMEX,99.30,0.38,0.38,2026-10-06 05:42
EWJV,iShares MSCI Japan Value ETF,ETF,NASDAQ,48.72,0.24,0.50,2026-10-06 05:42
EWK,Ishares Msci Belgium ETF,ETF,AMEX,25.18,-0.18,-0.71,2026-10-06 05:42
EWL,Ishares Msci Switzerland ETF,ETF,AMEX,59.26,0.03,0.05,2026-10-06 05:42
EWM,iShares MSCI Malaysia ETF,ETF,AMEX,27.12,0.06,0.22,2026-10-06 05:42
EWN,iShares MSCI Netherlands ETF,ETF,AMEX,67.71,-0.17,-0.25,2026-10-06 05:42
EWO,Ishares Msci Austria ETF,ETF,AMEX,41.79,0.03,0.07,2026-10-06 05:42
EWP,Ishares Msci Spain ETF,ETF,AMEX,58.57,0.26,0.45,2026-10-06 05:42
EWQ,iShares MSCI France ETF,ETF,AMEX,41.79,-0.44,-1.04,2026-10-06 05:42
EWS,Ishares Msci Singapore Etf,ETF,AMEX,33.26,0.30,0.91,2026-10-06 05:42
EWT,Ishares Msci Taiwan ETF,ETF,AMEX,118.00,1.67,1.44,2026-10-06 05:42
EWTX,엣지와이즈 테라퓨틱스,주식,NASDAQ,40.30,-1.10,-2.66,2026-10-06 05:42
EWU,iShares MSCI United Kingdom ETF,ETF,AMEX,46.19,0.01,0.02,2026-10-06 05:42
EWUS,iShares MSCI United Kingdom Small-Cap ETF,ETF,AMEX,42.93,-0.16,-0.38,2026-10-06 05:42
EWV,ProShares UltraShort MSCI Japan ETF,ETF,AMEX,15.30,-0.11,-0.73,2026-10-06 05:42
EWW,iShares MSCI Mexico ETF,ETF,AMEX,71.87,0.78,1.10,2026-10-06 05:42
EWX,State Street SPDR S&P Emerging Mkts Small Cap ETF,ETF,AMEX,71.84,0.49,0.69,2026-10-06 05:42
EWY,Ishares Msci South Korea ETF,ETF,AMEX,191.46,-0.42,-0.22,2026-10-06 05:42
EWZ,Ishares Msci Brazil ETF,ETF,AMEX,42.98,4.79,12.54,2026-10-06 05:42
EWZS,iShares MSCI Brazil Small-Cap ETF,ETF,NASDAQ,15.73,2.03,14.84,2026-10-06 05:42
EXC,엑셀론,주식,NASDAQ,40.82,0.09,0.22,2026-10-06 05:42
EXE,익스팬드 에너지,주식,NASDAQ,86.43,0.91,1.06,2026-10-06 05:42
EXEL,엑셀리시스,주식,NASDAQ,58.85,0.46,0.79,2026-10-06 05:42
EXEQ,Wedbush ReturnOnLeadership US Large-Cap ETF,ETF,AMEX,26.90,0.06,0.23,2026-10-06 05:42
EXFY,익스펜시파이,주식,NASDAQ,2.35,0.10,4.44,2026-10-06 05:42
EXG,Eaton Vance Tax-Managed Global Diversified Equity Income Closed Fund,주식,NYSE,9.34,-0.08,-0.85,2026-10-06 05:42
EXI,iShares Global Industrials ETF,ETF,AMEX,191.98,-0.49,-0.25,2026-10-06 05:42
EXK,엔데버 실버,주식,NYSE,8.60,0.00,0.00,2026-10-06 05:42
EXLS,엑슬서비스 홀딩스,주식,NASDAQ,35.90,0.15,0.42,2026-10-06 05:42
EXOD,엑소더스 무브먼트,주식,AMEX,6.85,-0.48,-6.55,2026-10-06 05:42
EXOZ,엑소자임스,주식,NASDAQ,5.52,-0.25,-4.33,2026-10-06 05:42
EXP,이글 머티리얼스,주식,NYSE,169.82,-1.54,-0.90,2026-10-06 05:42
EXPD,익스페디터스 인터내셔널 오브 워싱턴,주식,NYSE,194.12,1.65,0.86,2026-10-06 05:42
EXPE,익스피디아그룹,주식,NASDAQ,260.17,-4.83,-1.82,2026-10-06 05:42
EXPN,Horizon Expansion Leaders ETF,ETF,AMEX,25.53,0.22,0.86,2026-10-06 05:42
EXPO,엑스포넌트,주식,NASDAQ,68.75,1.45,2.15,2026-10-06 05:42
EXR,엑스트라 스페이스 스토리지,주식,NYSE,132.91,-0.34,-0.26,2026-10-06 05:42
EXTR,익스트림 네트웍스,주식,NASDAQ,23.33,0.21,0.91,2026-10-06 05:42
EXUS,Nomura Focused International Core ETF,ETF,NASDAQ,28.44,0.29,1.03,2026-10-06 05:42
EXYN,엑신 테크놀로지스,주식,NASDAQ,2.65,0.31,13.25,2026-10-06 05:42
EYE,내셔널 비전 홀딩스,주식,NASDAQ,16.52,0.12,0.73,2026-10-06 05:42
EYEG,AB Corporate Bond ETF,ETF,NASDAQ,33.27,0.00,0.00,2026-10-06 05:42
EYES,Corgi Data & Surveillance ETF,ETF,AMEX,29.36,0.16,0.54,2026-10-06 05:42
EYLD,Cambria Emerging Shareholder Yield Etf,ETF,AMEX,48.52,0.46,0.96,2026-10-06 05:42
EYPT,아이포인트,주식,NASDAQ,3.15,-0.10,-3.08,2026-10-06 05:42
EZA,iShares MSCI South Africa ETF,ETF,AMEX,63.17,-0.02,-0.03,2026-10-06 05:42
EZBC,Franklin Bitcoin ETF,ETF,AMEX,49.55,0.85,1.75,2026-10-06 05:42
EZET,Franklin Ethereum ETF,ETF,AMEX,20.53,0.33,1.63,2026-10-06 05:42
EZGO,이지고 테크놀로지스,주식,NASDAQ,0.92,0.07,7.94,2026-10-06 05:42
EZJ,ProShares Ultra MSCI Japan,ETF,AMEX,71.43,0.50,0.70,2026-10-06 05:42
EZM,WisdomTree US MidCap Fund,ETF,AMEX,73.19,0.36,0.49,2026-10-06 05:42
EZMO,AlphaDroid Broad Markets Momentum ETF,ETF,NASDAQ,27.34,0.27,1.00,2026-10-06 05:42
EZPW,이즈코프,주식,NASDAQ,30.50,0.30,0.99,2026-10-06 05:42
EZPZ,Franklin Crypto Index ETF,ETF,AMEX,21.73,0.40,1.86,2026-10-06 05:42
EZRA,릴라이언스 글로벌 그룹,주식,NASDAQ,2.39,0.19,8.64,2026-10-06 05:42
EZRO,AlphaDroid Defensive Sector Rotation ETF,ETF,NASDAQ,25.94,0.26,1.02,2026-10-06 05:42
EZU,iShares MSCI Eurozone ETF,ETF,AMEX,66.79,-0.24,-0.36,2026-10-06 05:42
F,포드 모터,주식,NYSE,12.15,0.05,0.41,2026-10-06 05:42
FA,퍼스트 어드밴티지,주식,NASDAQ,18.37,0.28,1.55,2026-10-06 05:42
FAAA,Fidelity AAA CLO ETF,ETF,NASDAQ,50.26,-0.01,-0.02,2026-10-06 05:42
FAAR,First Trust Alternative Absolute Return Strat ETF,ETF,NASDAQ,31.91,-0.24,-0.75,2026-10-06 05:42
FAB,First Trust Multi Cap Value AlphaDEX Fund,ETF,NASDAQ,100.11,0.57,0.57,2026-10-06 05:42
FABC,패브릭 AI,주식,NASDAQ,2.31,-0.03,-1.28,2026-10-06 05:42
FAC,팩토리얼 에너지,주식,NASDAQ,5.47,-0.53,-8.83,2026-10-06 05:42
FACT,팩트 II 애퀴지션,주식,NASDAQ,10.72,0.00,0.00,2026-10-06 05:42
FACTU,Fact II Acquisition Units,주식,NASDAQ,10.83,0.00,0.00,2026-10-06 05:42
FAD,First Trust Multi Cap Growth AlphaDEX Fund,ETF,NASDAQ,185.36,0.96,0.52,2026-10-06 05:42
FAF,퍼스트 아메리칸 파이낸셜,주식,NYSE,61.97,-0.52,-0.83,2026-10-06 05:42
FAI,First Trust Bloomberg Artificial Intelligence ETF,ETF,AMEX,58.30,0.44,0.76,2026-10-06 05:42
FALN,iShares Fallen Angels USD Bond ETF,ETF,NASDAQ,25.79,0.04,0.16,2026-10-06 05:42
FAMI,파르미,주식,NASDAQ,0.12,-0.01,-4.20,2026-10-06 05:42
FAN,First Trust Global Wind Energy ETF,ETF,AMEX,22.47,-0.34,-1.51,2026-10-06 05:42
FANG,다이아몬드백 에너지,주식,NASDAQ,184.08,-0.63,-0.34,2026-10-06 05:42
FAPR,FT Vest US Equity Buffer ETF - April,ETF,AMEX,48.17,0.11,0.23,2026-10-06 05:42
FARX,Frontier Asset Absolute Return ETF,ETF,AMEX,30.06,0.09,0.30,2026-10-06 05:42
FAS,Direxion Daily Financial Bull 3X ETF,ETF,AMEX,144.17,3.28,2.33,2026-10-06 05:42
FAST,패스널,주식,NASDAQ,50.69,-0.06,-0.12,2026-10-06 05:42
FATE,페이트 테라퓨틱스,주식,NASDAQ,2.43,0.11,4.74,2026-10-06 05:42
FATN,팻파이프,주식,NASDAQ,5.48,-0.10,-1.79,2026-10-06 05:42
FAUG,FT Vest US Equity Buffer ETF - August,ETF,AMEX,58.12,0.19,0.33,2026-10-06 05:42
FAX,Abrdn Asia Pacific Income Closed End Fund,주식,AMEX,12.67,-0.23,-1.78,2026-10-06 05:42
FAZ,Direxion Daily Financial Bear 3X ETF,ETF,AMEX,38.58,-0.84,-2.13,2026-10-06 05:42
FB,ProShares S&P 500 Dynamic Buffer ETF,ETF,AMEX,45.81,0.16,0.35,2026-10-06 05:42
FBCG,Fidelity Blue Chip Growth ETF,ETF,AMEX,64.61,0.64,1.00,2026-10-06 05:42
FBCV,Fidelity Blue Chip Value ETF,ETF,AMEX,41.27,0.12,0.29,2026-10-06 05:42
FBDC,FT Confluence BDC And Specialty Finance Income ETF,ETF,AMEX,16.68,-0.13,-0.77,2026-10-06 05:42
FBDT,퍼스트 브리치,주식,NASDAQ,1.00,-0.05,-4.76,2026-10-06 05:42
FBGL,FBS 글로벌,주식,NASDAQ,3.55,-0.26,-6.82,2026-10-06 05:42
FBIN,포춘 브랜즈 이노베이션스,주식,NYSE,38.66,0.10,0.26,2026-10-06 05:42
FBIO,포트리스 바이오텍,주식,NASDAQ,2.09,0.06,2.96,2026-10-06 05:42
FBIOP,포트리스 바이오텍 우선주 시리즈 A 9.375%,주식,NASDAQ,18.10,1.24,7.35,2026-10-06 05:42
FBIZ,퍼스트 비즈니스 파이낸셜 서비스,주식,NASDAQ,70.64,-0.29,-0.41,2026-10-06 05:42
FBK,FB 파이낸셜 그룹,주식,NYSE,52.58,-0.84,-1.57,2026-10-06 05:42
FBL,GraniteShares 2x Long META Daily ETF,ETF,NASDAQ,33.20,1.20,3.75,2026-10-06 05:42
FBLA,FB 뱅코프,주식,NASDAQ,17.07,0.11,0.65,2026-10-06 05:42
FBLG,파이브로바이올로직스,주식,NASDAQ,1.18,-0.06,-4.84,2026-10-06 05:42
FBNC,퍼스트 뱅코프(노스 캐롤라이나),주식,NASDAQ,61.79,-0.54,-0.87,2026-10-06 05:42
FBND,Fidelity Total Bond ETF,ETF,AMEX,43.26,-0.02,-0.05,2026-10-06 05:42
FBOT,Fidelity Disruptive Automation ETF,ETF,NASDAQ,40.08,0.45,1.14,2026-10-06 05:42
FBP,퍼스트 뱅코프 푸에르토 리코,주식,NYSE,27.10,0.06,0.22,2026-10-06 05:42
FBRT,프랭클린 BSP 리얼티 트러스트,주식,NYSE,6.17,-0.10,-1.59,2026-10-06 05:42
FBT,First Trust NYSE Arca Biotechnology Index Fund,ETF,AMEX,270.93,4.49,1.69,2026-10-06 05:42
FBTC,Fidelity Wise Origin Bitcoin Fund,ETF,AMEX,74.55,1.22,1.66,2026-10-06 05:42
FBUF,Fidelity Dynamic Buffered Equity ETF,ETF,AMEX,33.71,0.16,0.47,2026-10-06 05:42
FBX,Corgi META 2x Daily ETF,ETF,AMEX,42.31,1.51,3.70,2026-10-06 05:42
FBY,YieldMax META Option Income Strategy ETF,ETF,AMEX,9.66,0.15,1.58,2026-10-06 05:42
FBYD,팔콘스 비욘드 글로벌,주식,NASDAQ,8.15,-0.42,-4.85,2026-10-06 05:42
FBYDP,팔콘스 비욘드 우선주 Series B,주식,NASDAQ,0.00,0.00,0.00,2026-10-06 05:42
FBYY,GraniteShares YieldBOOST META ETF,ETF,NASDAQ,10.67,0.04,0.34,2026-10-06 05:42
FC,프랭클린 커비,주식,NYSE,17.35,0.02,0.12,2026-10-06 05:42
FCA,First Trust China AlphaDEX Fund,ETF,NASDAQ,25.67,0.17,0.67,2026-10-06 05:42
FCAL,First Trust California Municipal High Income ETF,ETF,NASDAQ,46.35,-0.10,-0.22,2026-10-06 05:42
FCAP,퍼스트 캐피탈,주식,NASDAQ,63.74,0.84,1.34,2026-10-06 05:42
FCBC,퍼스트 커뮤니티 뱅크셰어스,주식,NASDAQ,47.88,-0.12,-0.25,2026-10-06 05:42
FCBD,Frontier Asset Core Bond ETF,ETF,AMEX,24.56,-0.02,-0.08,2026-10-06 05:42
FCBM,퍼스트 캐롤리나 파이낸셜 서비스,주식,NYSE,12.60,-0.06,-0.47,2026-10-06 05:42
FCCO,퍼스트 커뮤니티,주식,NASDAQ,32.58,-0.09,-0.28,2026-10-06 05:42
FCEF,First Trust Income Opportunities ETF,ETF,NASDAQ,22.68,-0.11,-0.49,2026-10-06 05:42
FCEL,퓨얼셀 에너지,주식,NASDAQ,18.07,-0.40,-2.17,2026-10-06 05:42
FCF,퍼스트 커먼웰스 파이낸셜,주식,NYSE,20.38,-0.18,-0.88,2026-10-06 05:42
FCFS,퍼스트캐쉬 홀딩스,주식,NASDAQ,211.33,0.97,0.46,2026-10-06 05:42
FCFY,First Trust S&P 500 Diversified Free Cash Flow ETF,ETF,AMEX,29.15,0.06,0.20,2026-10-06 05:42
FCG,First Trust Natural Gas ETF,ETF,AMEX,29.47,0.29,0.99,2026-10-06 05:42
FCHL,피트니스 챔스 홀딩스,주식,NASDAQ,0.93,0.00,0.27,2026-10-06 05:42
FCLD,Fidelity Cloud Computing ETF,ETF,AMEX,45.52,0.46,1.02,2026-10-06 05:42
FCLO,Fidelity CLO ETF,ETF,NASDAQ,50.40,0.00,0.00,2026-10-06 05:42
FCN,FTI 컨설팅,주식,NYSE,138.02,1.62,1.19,2026-10-06 05:42
FCNCA,퍼스트 시티즌스 뱅크셰어스,주식,NASDAQ,2091.07,17.61,0.85,2026-10-06 05:42
FCNCN,퍼스트 시티즌스 우선주 Series E,주식,NASDAQ,22.76,-0.61,-2.61,2026-10-06 05:42
FCNCO,퍼스트 시티즌스 뱅크셰어스 우선주 시리즈 C 5.625%,주식,NASDAQ,18.98,-0.07,-0.37,2026-10-06 05:42
FCNCP,퍼스트 시티즌스 뱅크셰어스 우선주 시리즈 A 5.375%,주식,NASDAQ,18.03,-0.18,-0.98,2026-10-06 05:42
FCOM,Fidelity MSCI Communication Services Index ETF,ETF,AMEX,72.80,1.01,1.41,2026-10-06 05:42
FCOR,Fidelity Corporate Bond ETF,ETF,AMEX,44.66,0.00,0.00,2026-10-06 05:42
FCPI,Fidelity Stocks for Inflation ETF,ETF,AMEX,57.00,0.38,0.67,2026-10-06 05:42
FCPT,포 코너스 프로퍼티 트러스트,주식,NYSE,21.23,-0.32,-1.48,2026-10-06 05:42
FCRS,퓨처크레스트 애퀴지션,주식,NYSE,10.24,-0.02,-0.15,2026-10-06 05:42
FCRS.U,FutureCrest Acquisition Units,주식,NYSE,10.43,0.00,0.00,2026-10-06 05:42
FCSH,Federated Hermes Short Duration Corporate ETF,ETF,AMEX,23.64,0.02,0.06,2026-10-06 05:42
FCTE,SMI 3Fourteen Full-Cycle Trend ETF,ETF,NASDAQ,29.67,0.19,0.64,2026-10-06 05:42
FCTR,First Trust Lunt US Factor Rotation ETF,ETF,AMEX,37.97,0.29,0.77,2026-10-06 05:42
FCUS,Pinnacle Focused Opportunities ETF,ETF,AMEX,44.34,0.48,1.09,2026-10-06 05:42
FCUV,포커스 유니버설,주식,NASDAQ,4.32,-0.07,-1.48,2026-10-06 05:42
FCVT,First Trust SSI Strategic Convertible Sec ETF,ETF,NASDAQ,49.76,-0.05,-0.10,2026-10-06 05:42
FCX,프리포트 맥모란,주식,NYSE,72.60,0.56,0.78,2026-10-06 05:42
FCXG,Leverage Shares 2x Long FCX Daily ETF,ETF,NASDAQ,15.90,0.31,1.98,2026-10-06 05:42
FDAT,Tactical Advantage ETF,ETF,AMEX,22.37,0.05,0.24,2026-10-06 05:42
FDBC,피델리티 D&D 뱅코프,주식,NASDAQ,55.10,-0.22,-0.39,2026-10-06 05:42
FDCF,Fidelity Disruptive Communications ETF,ETF,NASDAQ,52.69,0.92,1.77,2026-10-06 05:42
FDD,First Trust STOXX European Select Dividend Idx Fd,ETF,AMEX,18.81,-0.03,-0.16,2026-10-06 05:42
FDEC,FT Vest US Equity Buffer ETF - December,ETF,AMEX,56.39,0.16,0.29,2026-10-06 05:42
FDEM,Fidelity Emerging Markets Multifactor ETF,ETF,AMEX,36.28,0.41,1.13,2026-10-06 05:42
FDEV,Fidelity International Multifactor ETF,ETF,AMEX,35.98,-0.07,-0.19,2026-10-06 05:42
FDFF,Fidelity Disruptive Finance ETF,ETF,NASDAQ,34.97,0.61,1.77,2026-10-06 05:42
FDG,American Century Focused Dynamic Growth ETF,ETF,AMEX,137.79,0.87,0.64,2026-10-06 05:42
FDHY,Fidelity Enhanced High Yield ETF,ETF,AMEX,47.62,0.10,0.21,2026-10-06 05:42
FDIF,Fidelity Disruptors ETF,ETF,NASDAQ,42.74,0.70,1.67,2026-10-06 05:42
FDIG,Fidelity Crypto Industry and Digital Payments ETF,ETF,NASDAQ,42.21,0.15,0.35,2026-10-06 05:42
FDIQ,Invesco Bloomberg Financial Data Providers ETF,ETF,NASDAQ,68.28,1.01,1.50,2026-10-06 05:42
FDIS,Fidelity MSCI Consumer Discretionary Index ETF,ETF,AMEX,96.36,0.44,0.46,2026-10-06 05:42
FDIV,MarketDesk Focused US Dividend ETF,ETF,NASDAQ,26.23,0.09,0.35,2026-10-06 05:42
FDL,First Tr Morningstar Dividend Leaders Index Fund,ETF,AMEX,49.11,-0.07,-0.14,2026-10-06 05:42
FDLO,Fidelity Low Volatility Factor ETF,ETF,AMEX,71.64,0.44,0.62,2026-10-06 05:42
FDLS,Inspire Fidelis Multi Factor ETF,ETF,AMEX,42.26,0.12,0.28,2026-10-06 05:42
FDM,First Trust Dow Jones Select MicroCap Index Fund,ETF,AMEX,88.74,0.07,0.08,2026-10-06 05:42
FDMM,프리덤 메탈스 애퀴지션,주식,NASDAQ,9.82,0.00,0.00,2026-10-06 05:42
FDMMU,Freedom Metals Acquisition Units,주식,NASDAQ,9.98,0.00,0.00,2026-10-06 05:42
FDMO,Fidelity Momentum Factor ETF,ETF,AMEX,96.91,0.45,0.47,2026-10-06 05:42
FDMT,4D 몰레큘러 테라퓨틱스,주식,NASDAQ,12.92,-0.75,-5.49,2026-10-06 05:42
FDN,First Trust Dow Jones Internet Index Fund,ETF,AMEX,293.83,2.08,0.71,2026-10-06 05:42
FDND,FT Vest Dow Jones Internet & Target Income ETF,ETF,AMEX,22.73,0.14,0.63,2026-10-06 05:42
FDNI,First Trust Dow Jones International Internet ETF,ETF,NASDAQ,26.09,0.62,2.42,2026-10-06 05:42
FDRR,Fidelity Dividend ETF for Rising Rates,ETF,AMEX,68.77,0.04,0.06,2026-10-06 05:42
FDRS,Founder-Led ETF,ETF,NASDAQ,26.45,0.28,1.07,2026-10-06 05:42
FDRV,Fidelity Electric Vehicles and Future Transpo ETF,ETF,AMEX,16.44,0.08,0.47,2026-10-06 05:42
FDRX,Founder-Led 2x Daily ETF,ETF,NASDAQ,25.97,0.64,2.51,2026-10-06 05:42
FDS,팩트셋 리서치 시스템즈,주식,NYSE,276.44,10.44,3.92,2026-10-06 05:42
FDSB,피프스 디스트릭트 뱅코프,주식,NASDAQ,17.33,-0.07,-0.40,2026-10-06 05:42
FDT,First Trust Developed Markets ex-US AlphaDEX Fund,ETF,NASDAQ,94.71,-0.13,-0.14,2026-10-06 05:42
FDTS,First Trust Developed Markets ex-US SC AlphaDEX Fd,ETF,NASDAQ,71.98,0.08,0.11,2026-10-06 05:42
FDTX,Fidelity Disruptive Technology ETF,ETF,NASDAQ,60.95,0.82,1.36,2026-10-06 05:42
FDUS,파이더스 인베스트먼트,주식,NASDAQ,19.13,-0.13,-0.68,2026-10-06 05:42
FDV,Federated Hermes US Strategic Dividend ETF,ETF,AMEX,31.51,0.04,0.13,2026-10-06 05:42
FDVV,Fidelity High Dividend ETF,ETF,AMEX,61.02,0.10,0.16,2026-10-06 05:42
FDX,페덱스,주식,NYSE,289.13,-1.23,-0.42,2026-10-06 05:42
FDXF,페덱스 프레이트 홀딩 컴퍼니,주식,NYSE,111.58,-1.31,-1.16,2026-10-06 05:42
FE,퍼스트에너지,주식,NYSE,43.64,0.30,0.69,2026-10-06 05:42
FEAC,Fidelity Enhanced US All-Cap Equity ETF,ETF,AMEX,33.42,0.26,0.79,2026-10-06 05:42
FEAM,5E 어드밴스드 머터리얼즈,주식,NASDAQ,3.92,0.04,1.03,2026-10-06 05:42
FEBM,FT Vest US Equity Max Buffer ETF - February,ETF,AMEX,31.78,0.02,0.06,2026-10-06 05:42
FEBO,펜보 홀딩스,주식,NASDAQ,0.72,0.09,13.40,2026-10-06 05:42
FEBP,PGIM S&P 500 Buffer 12 ETF - February,ETF,AMEX,35.18,0.10,0.30,2026-10-06 05:42
FEBT,AllianzIM US Equity Buffer10 Feb ETF,ETF,AMEX,42.57,0.19,0.45,2026-10-06 05:42
FEBU,AllianzIM US Equity Buffer15 Uncapped Feb ETF,ETF,AMEX,30.37,0.15,0.51,2026-10-06 05:42
FEBW,AllianzIM US Equity Buffer20 Feb ETF,ETF,AMEX,36.53,0.07,0.19,2026-10-06 05:42
FEBZ,TrueShares Structured Outcome (February) ETF,ETF,AMEX,41.29,0.20,0.49,2026-10-06 05:42
FECM,First Eagle Core Municipal ETF,ETF,AMEX,23.81,0.08,0.33,2026-10-06 05:42
FEDM,Northern Trust ESG & Climate Dev Mkt exUS Core ETF,ETF,AMEX,63.70,-0.10,-0.15,2026-10-06 05:42
FEDU,포시즌스 에듀케이션 케이먼 ADR,주식,NYSE,9.88,0.53,5.67,2026-10-06 05:42
FEGE,First Eagle Global Equity ETF,ETF,NYSE,50.65,0.47,0.94,2026-10-06 05:42
FEIG,Northern Trust ESG & Climate Inv Gr Corp Core ETF,ETF,AMEX,38.53,0.02,0.05,2026-10-06 05:42
FEIM,프리컨시 일렉트로닉스,주식,NASDAQ,85.46,-0.57,-0.66,2026-10-06 05:42
FELC,Fidelity Enhanced Large Cap Core ETF,ETF,AMEX,44.00,0.31,0.71,2026-10-06 05:42
FELE,프랭클린 일렉트릭,주식,NASDAQ,99.04,0.39,0.40,2026-10-06 05:42
FELG,Fidelity Enhanced Large Cap Growth ETF,ETF,AMEX,46.15,0.42,0.92,2026-10-06 05:42
FELV,Fidelity Enhanced Large Cap Value ETF,ETF,AMEX,41.79,0.19,0.46,2026-10-06 05:42
FEM,First Trust Emerging Markets AlphaDEX Fund,ETF,NASDAQ,33.31,0.60,1.82,2026-10-06 05:42
FEMB,First Trust Emerging Markets Local Currency Bd ETF,ETF,NASDAQ,28.59,0.26,0.93,2026-10-06 05:42
FEMD,First Eagle Mid Cap Equity ETF,ETF,AMEX,34.56,0.14,0.42,2026-10-06 05:42
FEMG,Fidelity Enhanced Mid Cap Growth ETF,ETF,AMEX,26.81,0.19,0.73,2026-10-06 05:42
FEMR,Fidelity Enhanced Emerging Markets ETF,ETF,AMEX,42.26,0.53,1.27,2026-10-06 05:42
FEMS,First Trust Emerging Markets Sm Cap AlphaDEX Fund,ETF,NASDAQ,46.06,1.27,2.84,2026-10-06 05:42
FEMV,Fidelity Enhanced Mid Cap Value ETF,ETF,AMEX,26.79,0.20,0.75,2026-10-06 05:42
FEMY,피메이시스,주식,NASDAQ,2.02,-0.03,-1.46,2026-10-06 05:42
FENC,페넥 파머수티컬스,주식,NASDAQ,10.62,0.42,4.12,2026-10-06 05:42
FENG,피닉스 뉴 미디어 ADR,주식,NYSE,1.43,0.03,2.14,2026-10-06 05:42
FENI,Fidelity Enhanced International ETF,ETF,AMEX,40.06,0.06,0.15,2026-10-06 05:42
FENY,Fidelity MSCI Energy Index ETF,ETF,AMEX,35.01,0.37,1.07,2026-10-06 05:42
FEOE,First Eagle Overseas Equity ETF,ETF,NYSE,54.05,0.24,0.45,2026-10-06 05:42
FEP,First Trust Europe AlphaDEX Fund,ETF,NASDAQ,55.90,-0.14,-0.25,2026-10-06 05:42
FEPI,Rex Fang & Innovation Equity Premium Income ETF,ETF,NASDAQ,43.45,0.24,0.56,2026-10-06 05:42
FER,페로비알,주식,NASDAQ,51.84,-1.80,-3.36,2026-10-06 05:42
FERA,피프스 에라 애퀴지션 I,주식,NASDAQ,10.56,0.01,0.09,2026-10-06 05:42
FERAR,Fifth Era Acquisition I Rights,주식,NASDAQ,0.28,-0.01,-3.45,2026-10-06 05:42
FERAU,Fifth Era Acquisition I Units,주식,NASDAQ,10.74,0.00,0.00,2026-10-06 05:42
FERG,퍼거슨 엔터프라이즈,주식,NYSE,222.93,-0.40,-0.18,2026-10-06 05:42
FESC,First Eagle Small Cap Equity ETF,ETF,AMEX,23.27,0.13,0.57,2026-10-06 05:42
FESM,Fidelity Enhanced Small Cap Core ETF,ETF,AMEX,46.00,0.37,0.81,2026-10-06 05:42
FET,포럼 에너지 테크놀로지스,주식,NYSE,87.37,4.23,5.09,2026-10-06 05:42
FETH,Fidelity Ethereum Fund,ETF,AMEX,26.98,0.43,1.62,2026-10-06 05:42
FEUS,Northern Trust ESG & Climate US Large Cap Core ETF,ETF,AMEX,84.00,0.44,0.52,2026-10-06 05:42
FEUZ,First Trust Eurozone AlphaDEX ETF,ETF,NASDAQ,63.33,-0.33,-0.52,2026-10-06 05:42
FEX,First Trust Large Cap Core AlphaDEX Fund,ETF,NASDAQ,134.88,0.63,0.47,2026-10-06 05:42
FEZ,State Street SPDR EURO STOXX 50 ETF,ETF,AMEX,66.74,-0.26,-0.39,2026-10-06 05:42
FF,퓨처퓨얼,주식,NYSE,5.10,-0.06,-1.16,2026-10-06 05:42
FFA,First Trust Enhanced Equity Income Closed Fund,주식,NYSE,22.11,-0.10,-0.45,2026-10-06 05:42
FFAI,패러데이 퓨처 인텔리전트 일렉트릭,주식,NASDAQ,1.17,-0.06,-4.88,2026-10-06 05:42
FFBC,퍼스트 파이낸셜 뱅코프,주식,NASDAQ,31.51,-0.36,-1.13,2026-10-06 05:42
FFC,Flaherty Crumrine Preferred and Income Securities Mutual Fund  Incorporated,주식,NYSE,14.72,-0.22,-1.47,2026-10-06 05:42
FFDI,Fidelity Fundamental Developed International ETF,ETF,AMEX,32.06,-0.02,-0.05,2026-10-06 05:42
FFEB,FT Vest US Equity Buffer ETF - February,ETF,AMEX,63.01,0.17,0.28,2026-10-06 05:42
FFEM,Fidelity Fundamental Emerging Markets ETF,ETF,AMEX,43.08,0.65,1.53,2026-10-06 05:42
FFF,Founders 100 ETF,ETF,AMEX,27.62,0.26,0.94,2026-10-06 05:42
FFGX,Fidelity Fundamental Global ex-US ETF,ETF,AMEX,34.33,0.19,0.57,2026-10-06 05:42
FFIN,퍼스트 파이낸셜 뱅크셰어스,주식,NASDAQ,32.03,-0.12,-0.37,2026-10-06 05:42
FFIU,UVA Unconstrained Medium-Term Fixed Income ETF,ETF,AMEX,20.44,-0.02,-0.11,2026-10-06 05:42
FFIV,F5,주식,NASDAQ,458.53,4.49,0.99,2026-10-06 05:42
FFLC,Fidelity Fundamental Large Cap Core ETF,ETF,AMEX,59.88,0.61,1.03,2026-10-06 05:42
FFLG,Fidelity Fundamental Large Cap Growth ETF,ETF,AMEX,34.86,0.38,1.10,2026-10-06 05:42
FFLS,Future Fund Long/Short ETF,ETF,AMEX,23.56,0.13,0.55,2026-10-06 05:42
FFLV,Fidelity Fundamental Large Cap Value ETF,ETF,AMEX,27.84,0.10,0.35,2026-10-06 05:42
FFLX,First Trust Flexible Income ETF,ETF,AMEX,9.37,-0.01,-0.05,2026-10-06 05:42
FFND,One Global ETF,ETF,AMEX,32.41,0.18,0.57,2026-10-06 05:42
FFOG,Franklin Focused Dynamic Growth ETF,ETF,AMEX,53.40,0.54,1.02,2026-10-06 05:42
FFOX,FundX Future Fund Opportunities ETF,ETF,AMEX,29.05,0.26,0.92,2026-10-06 05:42
FFSM,Fidelity Fundamental Small-Mid Cap ETF,ETF,AMEX,34.56,0.07,0.20,2026-10-06 05:42
FFTY,Capforce IBD 50 ETF,ETF,AMEX,35.84,0.44,1.26,2026-10-06 05:42
FFUT,Fidelity Managed Futures ETF,ETF,NASDAQ,64.09,-0.24,-0.37,2026-10-06 05:42
FG,F&G 어뉴어티 앤 라이프,주식,NYSE,22.01,0.09,0.41,2026-10-06 05:42
FGBI,퍼스트 개런티 뱅크셰어스,주식,NASDAQ,8.70,0.39,4.69,2026-10-06 05:42
FGBIP,퍼스트 개런티 뱅그셰어스 우선주 시리즈 A 6.75%,주식,NASDAQ,17.18,-0.04,-0.24,2026-10-06 05:42
FGC,FG 넥서스,주식,NASDAQ,6.88,-0.07,-0.94,2026-10-06 05:42
FGCPP,FG 커뮤니티즈 홀딩스 우선주 8.00%,주식,NASDAQ,24.50,0.27,1.11,2026-10-06 05:42
FGD,First Trust Dow Jones Global Select Dividend Ix Fd,ETF,AMEX,32.82,-0.03,-0.09,2026-10-06 05:42
FGDL,Franklin Responsibly Sourced Gold ETF,ETF,AMEX,55.13,-0.02,-0.03,2026-10-06 05:42
FGI,FGI 인더스트리스,주식,NASDAQ,7.58,-0.19,-2.38,2026-10-06 05:42
FGII,FG 임페리얼 애퀴지션,주식,NASDAQ,10.03,0.01,0.10,2026-10-06 05:42
FGIIU,Fg Imperii Acquisition Units,주식,NASDAQ,10.09,0.00,0.00,2026-10-06 05:42
FGL,파운더 그룹,주식,NASDAQ,4.14,-0.22,-5.05,2026-10-06 05:42
FGM,First Trust Germany AlphaDEX Fund,ETF,NASDAQ,58.17,-0.24,-0.42,2026-10-06 05:42
FGN,F&G 어뉴어티 앤 라이프 선순위 채권 7.95% 만기 2053년 12월 15일,주식,NYSE,23.84,0.09,0.38,2026-10-06 05:42
FGRU,T-REX 2X Long FIGR Daily Target ETF,ETF,AMEX,7.01,-0.31,-4.17,2026-10-06 05:42
FGSI,FT Vest Growth Strength And Target Income ETF,ETF,NASDAQ,20.50,0.15,0.71,2026-10-06 05:42
FGSM,Frontier Asset Global Small Cap Equity ETF,ETF,AMEX,34.54,0.11,0.32,2026-10-06 05:42
FGSN,F&G Annuities And Life 7 300 Junior Subordinated Notes Due 2065,주식,NYSE,19.00,-0.29,-1.50,2026-10-06 05:42
FHB,퍼스트 하와이안,주식,NASDAQ,25.04,-0.22,-0.87,2026-10-06 05:42
FHDG,FT Vest US Equity Quarterly Dynamic Buffer ETF,ETF,AMEX,37.45,0.10,0.25,2026-10-06 05:42
FHEQ,Fidelity Hedged Equity ETF,ETF,AMEX,34.00,0.23,0.67,2026-10-06 05:42
FHI,페더레이티드 헤르메스,주식,NYSE,56.50,0.43,0.77,2026-10-06 05:42
FHIL,Federated Hermes International Leaders ETF,ETF,AMEX,24.16,0.01,0.05,2026-10-06 05:42
FHLC,Fidelity MSCI Health Care Index ETF,ETF,AMEX,81.29,0.69,0.86,2026-10-06 05:42
FHN,퍼스트 호라이즌,주식,NYSE,23.36,-0.06,-0.26,2026-10-06 05:42
FHTX,포그혼 테라퓨틱스,주식,NASDAQ,2.00,-0.02,-0.99,2026-10-06 05:42
FHYS,Federated Hermes Short Duration High Yield ETF,ETF,AMEX,22.53,0.02,0.10,2026-10-06 05:42
FIAT,YieldMax Short COIN Option Income Strategy ETF,ETF,AMEX,15.19,-0.41,-2.63,2026-10-06 05:42
FIAX,Nicholas Fixed Income Alternative ETF,ETF,AMEX,17.05,0.01,0.06,2026-10-06 05:42
FIBK,퍼스트 인터스테이트 뱅크시스템,주식,NASDAQ,35.62,-0.38,-1.06,2026-10-06 05:42
FICO,페어 아이작,주식,NYSE,689.61,28.36,4.29,2026-10-06 05:42
FICS,First Trust International Dev Capital Strength ETF,ETF,NASDAQ,39.82,-0.12,-0.29,2026-10-06 05:42
FID,First Trust S&P International Div Aristocrats ETF,ETF,NASDAQ,22.25,0.01,0.05,2026-10-06 05:42
FIDI,Fidelity International High Dividend ETF,ETF,AMEX,27.58,-0.01,-0.04,2026-10-06 05:42
FIDU,Fidelity MSCI Industrials Index ETF,ETF,AMEX,90.37,0.09,0.10,2026-10-06 05:42
FIEE,FiEE,주식,NASDAQ,3.69,0.02,0.55,2026-10-06 05:42
FIG,피그마,주식,NYSE,22.01,0.65,3.04,2026-10-06 05:42
FIGB,Fidelity Investment Grade Bond ETF,ETF,AMEX,40.73,-0.04,-0.10,2026-10-06 05:42
FIGG,Leverage Shares 2X Long FIG Daily ETF,ETF,NASDAQ,16.72,0.97,6.15,2026-10-06 05:42
FIGR,피규어 테크놀로지 솔루션스,주식,NASDAQ,27.94,-0.59,-2.07,2026-10-06 05:42
FIGS,피그스,주식,NYSE,13.63,0.11,0.81,2026-10-06 05:42
FIGX,FIGX 캐피털 애퀴지션,주식,NASDAQ,10.32,0.00,0.00,2026-10-06 05:42
FIGXU,FIGX Capital Acquisition Units,주식,NASDAQ,10.36,0.00,0.00,2026-10-06 05:42
FIIG,First Trust Intermediate Duration Invt Gr ETF,ETF,AMEX,19.62,0.00,0.00,2026-10-06 05:42
FIMU,Fidelity Intermediate Municipal Income Fund,ETF,NASDAQ,19.12,0.08,0.41,2026-10-06 05:42
FINA,Fidelity MSCI North American Subset Index ETF,ETF,AMEX,25.94,0.19,0.72,2026-10-06 05:42
FINS,Angel Oak Financial Strategies Income Term Trust,주식,NYSE,11.94,-0.02,-0.17,2026-10-06 05:42
FINT,Frontier Asset Total International Equity ETF,ETF,AMEX,36.45,0.19,0.52,2026-10-06 05:42
FINV,핀볼루션 그룹 ADR,주식,NYSE,2.92,0.02,0.69,2026-10-06 05:42
FINW,핀와이즈 뱅코프,주식,NASDAQ,11.02,-0.15,-1.34,2026-10-06 05:42
FINX,Global X FinTech ETF,ETF,NASDAQ,24.95,0.61,2.51,2026-10-06 05:42
FINY,Graniteshares Yieldboost Financials ETF,ETF,NASDAQ,24.63,0.19,0.79,2026-10-06 05:42
FIP,FTAI 인프라스트럭처,주식,NASDAQ,2.71,0.03,0.93,2026-10-06 05:42
FIRY,파이어리,주식,NYSE,12.57,0.10,0.80,2026-10-06 05:42
FIS,피델리티 내셔널 인포메이션 서비스,주식,NYSE,33.58,1.14,3.51,2026-10-06 05:42
FISI,파이낸셜 인스티튜션스,주식,NASDAQ,39.63,-0.35,-0.88,2026-10-06 05:42
FISK,Empire State Realty Operating Partnership Units Series 250,주식,AMEX,3.84,0.00,0.00,2026-10-06 05:42
FISN,딥 피션,주식,NASDAQ,5.38,-0.20,-3.50,2026-10-06 05:42
FISR,State Street SPDR SSGA Fixed Income Sctr Rtn ETF,ETF,AMEX,24.37,0.00,0.00,2026-10-06 05:42
FISV,파이서브,주식,NASDAQ,46.14,1.78,4.01,2026-10-06 05:42
FITB,피프스 서드 뱅코프,주식,NYSE,50.80,-0.07,-0.14,2026-10-06 05:42
FITE,State Street SPDR S&P Kensho Future Security ETF,ETF,AMEX,113.05,0.49,0.44,2026-10-06 05:42
FITZ,Fitz-Gerald Must Have Portfolio ETF,ETF,AMEX,26.10,0.16,0.62,2026-10-06 05:42
FIVA,Fidelity International Value Factor ETF,ETF,AMEX,37.88,-0.05,-0.13,2026-10-06 05:42
FIVE,파이브 빌로우,주식,NASDAQ,215.93,-5.26,-2.38,2026-10-06 05:42
FIVN,파이브나인,주식,NASDAQ,34.37,0.01,0.03,2026-10-06 05:42
FIW,First Trust Water ETF,ETF,AMEX,105.68,1.20,1.15,2026-10-06 05:42
FIX,컴포트 시스템즈 USA,주식,NYSE,1713.07,-14.94,-0.86,2026-10-06 05:42
FIXD,First Trust Smith Opportunistic Fixed Income ETF,ETF,NASDAQ,41.27,-0.01,-0.01,2026-10-06 05:42
FIXP,FolioBeyond Enhanced Fixed Income Premium ETF,ETF,AMEX,19.08,-0.02,-0.09,2026-10-06 05:42
FIXT,TCW Core Plus Bond ETF,ETF,NYSE,35.78,-0.05,-0.13,2026-10-06 05:42
FIXX,Leverage Shares 2X Long FIX Daily ETF,ETF,AMEX,13.92,-0.30,-2.10,2026-10-06 05:42
FIYY,Graniteshares Yieldboost 20Y Treasuries ETF,ETF,NASDAQ,23.61,0.07,0.32,2026-10-06 05:42
FIZY,Fitz-Gerald Must Have Portfl & Opts Overlay ETF,ETF,AMEX,26.29,0.18,0.69,2026-10-06 05:42
FIZZ,내셔널 베버리지,주식,NASDAQ,29.84,-0.48,-1.58,2026-10-06 05:42
FJAN,FT Vest US Equity Buffer ETF - January,ETF,AMEX,56.98,0.11,0.19,2026-10-06 05:42
FJDI,ARC 그룹 시큐리티즈 애퀴지션 I,주식,NASDAQ,9.87,0.00,0.00,2026-10-06 05:42
FJDIR,ARC Group Securities Acquisition I Rights Expiry date 05th August 2027,주식,NASDAQ,0.15,0.00,0.00,2026-10-06 05:42
FJDIU,ARC Group Securities Acquisition I Units,주식,NASDAQ,10.03,0.00,0.00,2026-10-06 05:42
FJET,스타파이터스 스페이스,주식,AMEX,1.62,-0.10,-5.81,2026-10-06 05:42
FJP,First Trust Japan AlphaDEX Fund,ETF,NASDAQ,79.58,0.08,0.09,2026-10-06 05:42
FJUL,FT Vest US Equity Buffer ETF - July,ETF,AMEX,61.75,0.19,0.31,2026-10-06 05:42
FJUN,FT Vest US Equity Buffer ETF - June,ETF,AMEX,61.75,0.24,0.39,2026-10-06 05:42
FKU,First Trust United Kingdom AlphaDEX Fund,ETF,NASDAQ,53.64,-0.19,-0.36,2026-10-06 05:42
FKWL,프랭클린 와이어리스,주식,NASDAQ,2.31,-0.08,-3.35,2026-10-06 05:42
FLAG,Global X S&P 500 US Market Leaders Top 50 ETF,ETF,AMEX,27.52,0.13,0.47,2026-10-06 05:42
FLAO,AllianzIM US Equity 6 Month Floor5 Apr/Oct ETF,ETF,AMEX,28.91,0.07,0.23,2026-10-06 05:42
FLAU,Franklin FTSE Australia ETF,ETF,AMEX,33.88,0.08,0.25,2026-10-06 05:42
FLAX,Franklin FTSE Asia ex Japan ETF,ETF,AMEX,37.47,0.47,1.28,2026-10-06 05:42
FLBL,Franklin Senior Loan ETF,ETF,AMEX,22.80,-0.01,-0.04,2026-10-06 05:42
FLBR,Franklin FTSE Brazil ETF,ETF,AMEX,26.91,2.98,12.45,2026-10-06 05:42
FLC,Flaherty Crumrine Total Return Mutual Fund  Incorporated,주식,NYSE,15.40,-0.30,-1.91,2026-10-06 05:42
FLCA,Franklin FTSE Canada ETF,ETF,AMEX,52.44,-0.05,-0.10,2026-10-06 05:42
FLCB,Franklin US Core Bond ETF,ETF,AMEX,20.32,-0.01,-0.05,2026-10-06 05:42
FLCC,Federated Hermes MDT Large Cap Core ETF,ETF,AMEX,36.89,0.28,0.76,2026-10-06 05:42
FLCE,Frontier Asset US Large Cap Equity ETF,ETF,AMEX,32.05,0.21,0.67,2026-10-06 05:42
FLCG,Federated Hermes MDT Large Cap Growth ETF,ETF,AMEX,36.42,0.37,1.03,2026-10-06 05:42
FLCH,Franklin FTSE China ETF,ETF,AMEX,20.70,0.44,2.17,2026-10-06 05:42
FLCO,Franklin Investment Grade Corporate ETF,ETF,AMEX,20.24,-0.01,-0.02,2026-10-06 05:42
FLCV,Federated Hermes MDT Large Cap Value ETF,ETF,AMEX,36.35,0.14,0.39,2026-10-06 05:42
FLD,폴드 홀딩스,주식,NASDAQ,0.56,0.02,3.86,2026-10-06 05:42
FLDB,Fidelity Low Duration Bond ETF,ETF,NASDAQ,50.13,0.03,0.05,2026-10-06 05:42
FLDR,Fidelity Low Duration Bond Factor ETF,ETF,AMEX,49.76,-0.01,-0.01,2026-10-06 05:42
FLDZ,TrueShares Patriot Defense ETF,ETF,AMEX,27.74,-0.15,-0.54,2026-10-06 05:42
FLEE,Franklin FTSE Europe ETF,ETF,AMEX,37.62,-0.04,-0.11,2026-10-06 05:42
FLEL,Leverage Shares 2X Long FLEX Daily ETF,ETF,AMEX,13.34,-0.03,-0.22,2026-10-06 05:42
FLEU,Franklin FTSE Eurozone ETF,ETF,AMEX,34.39,-0.17,-0.50,2026-10-06 05:42
FLEX,플렉스,주식,NASDAQ,116.76,0.15,0.13,2026-10-06 05:42
FLG,플래그스타 파이낸셜,주식,NYSE,11.57,-0.13,-1.11,2026-10-06 05:42
FLGB,Franklin FTSE United Kingdom ETF,ETF,AMEX,35.56,-0.01,-0.03,2026-10-06 05:42
FLGR,Franklin FTSE Germany ETF,ETF,AMEX,32.07,-0.05,-0.16,2026-10-06 05:42
FLGT,펄젠트 제네틱스,주식,NASDAQ,22.45,0.97,4.52,2026-10-06 05:42
FLGV,Franklin US Treasury Bond ETF,ETF,AMEX,19.37,-0.02,-0.10,2026-10-06 05:42
FLHY,Franklin High Yield Corporate ETF,ETF,AMEX,23.33,0.03,0.13,2026-10-06 05:42
FLIA,Franklin International Aggregate Bond ETF,ETF,AMEX,19.99,-0.02,-0.09,2026-10-06 05:42
FLIN,Franklin FTSE India ETF,ETF,AMEX,33.47,0.01,0.03,2026-10-06 05:42
FLJH,Franklin FTSE Japan Hedged ETF,ETF,AMEX,47.19,0.23,0.49,2026-10-06 05:42
FLJJ,AllianzIM US Equity 6 Month Floor5 Jan/Jul ETF,ETF,AMEX,34.65,0.10,0.29,2026-10-06 05:42
FLJP,Franklin FTSE Japan ETF,ETF,AMEX,42.15,0.15,0.36,2026-10-06 05:42
FLKR,Franklin FTSE South Korea ETF,ETF,AMEX,62.68,-0.37,-0.59,2026-10-06 05:42
FLL,풀 하우스 리조트,주식,NASDAQ,1.37,-0.02,-1.44,2026-10-06 05:42
FLLA,Franklin FTSE Latin America ETF,ETF,AMEX,29.94,2.28,8.24,2026-10-06 05:42
FLMB,Franklin Municipal Green Bond ETF,ETF,AMEX,21.92,0.02,0.09,2026-10-06 05:42
FLMI,Franklin Dynamic Municipal Bond ETF,ETF,AMEX,23.30,-0.01,-0.04,2026-10-06 05:42
FLMX,Franklin FTSE Mexico ETF,ETF,AMEX,34.85,0.44,1.29,2026-10-06 05:42
FLN,First Trust Latin America AlphaDEX Fund,ETF,NASDAQ,27.42,1.65,6.39,2026-10-06 05:42
FLNA,필라나 테라퓨틱스,주식,NASDAQ,0.87,-0.06,-6.56,2026-10-06 05:42
FLNC,플루언스 에너지,주식,NASDAQ,7.65,0.04,0.53,2026-10-06 05:42
FLNG,플렉스 LNG,주식,NYSE,31.41,0.17,0.54,2026-10-06 05:42
FLNT,플루언트,주식,NASDAQ,2.84,-0.14,-4.70,2026-10-06 05:42
FLO,플라워스 푸드,주식,NYSE,5.60,0.03,0.54,2026-10-06 05:42
FLOC,플로우코 홀딩스,주식,NYSE,18.49,0.03,0.16,2026-10-06 05:42
FLOT,iShares Floating Rate Bond ETF,ETF,AMEX,50.87,-0.02,-0.04,2026-10-06 05:42
FLOW,Global X US Cash Flow Kings 100 ETF,ETF,AMEX,42.07,0.20,0.49,2026-10-06 05:42
FLQL,Franklin US Large Cap Multifactor Index ETF,ETF,AMEX,79.85,0.42,0.53,2026-10-06 05:42
FLQM,Franklin US Mid Cap Multifactor Index ETF,ETF,AMEX,58.16,0.28,0.48,2026-10-06 05:42
FLQS,Franklin US Small Cap Multifactor Index ETF,ETF,AMEX,47.56,0.15,0.32,2026-10-06 05:42
FLR,플루오르,주식,NYSE,50.61,0.71,1.42,2026-10-06 05:42
FLRG,Fidelity U.S. Multifactor ETF,ETF,AMEX,41.86,0.20,0.48,2026-10-06 05:42
FLRN,State Street SPDR Bloomberg Invstmt Gr Fltg Rt ETF,ETF,AMEX,30.74,0.00,0.00,2026-10-06 05:42
FLRT,Pacer Aristotle Pacific Fltng Rate High Income ETF,ETF,AMEX,46.51,0.01,0.02,2026-10-06 05:42
FLS,플로우서브,주식,NYSE,74.30,-0.07,-0.09,2026-10-06 05:42
FLSA,Franklin FTSE Saudi Arabia ETF,ETF,AMEX,31.67,0.28,0.89,2026-10-06 05:42
FLSP,Franklin Systematic Style Premia ETF,ETF,AMEX,28.62,-0.08,-0.27,2026-10-06 05:42
FLSW,Franklin FTSE Switzerland ETF,ETF,AMEX,40.93,0.07,0.17,2026-10-06 05:42
FLTB,Fidelity Limited Term Bond ETF,ETF,AMEX,49.07,0.03,0.06,2026-10-06 05:42
FLTR,VanEck IG Floating Rate ETF,ETF,AMEX,25.52,0.01,0.04,2026-10-06 05:42
FLTW,Franklin FTSE Taiwan ETF,ETF,AMEX,114.08,1.71,1.52,2026-10-06 05:42
FLUD,Franklin Ultra Short Bond ETF,ETF,AMEX,24.90,0.03,0.12,2026-10-06 05:42
FLUT,플러터 엔터테인먼트,주식,NYSE,75.73,0.92,1.23,2026-10-06 05:42
FLUX,플럭스 파워 홀딩스,주식,NASDAQ,0.52,-0.13,-19.53,2026-10-06 05:42
FLV,American Century Focused Large Cap Value ETF,ETF,AMEX,83.00,0.30,0.37,2026-10-06 05:42
FLWS,1-800 플라워스닷컴,주식,NASDAQ,2.54,-0.02,-0.78,2026-10-06 05:42
FLX,빙엑스 ADR,주식,NASDAQ,1.52,0.11,7.80,2026-10-06 05:42
FLXI,Invesco Flexible Income ETF,ETF,AMEX,47.19,-0.08,-0.17,2026-10-06 05:42
FLXN,Horizon Flexible Income ETF,ETF,AMEX,24.11,0.06,0.25,2026-10-06 05:42
FLXR,TCW Flexible Income ETF,ETF,NYSE,37.73,-0.03,-0.08,2026-10-06 05:42
FLXS,플렉스스틸 인더스트리스,주식,NASDAQ,88.05,-0.77,-0.87,2026-10-06 05:42
FLY,파이어플라이 에어로스페이스,주식,NASDAQ,22.59,-0.73,-3.13,2026-10-06 05:42
FLYD,MicroSectors Travel 3X Inverse Leveraged ETN,ETF,AMEX,55.49,0.55,1.00,2026-10-06 05:42
FLYE,플라이-이 그룹,주식,NASDAQ,1.32,-0.07,-4.69,2026-10-06 05:42
FLYT,Tradr 2X Long FLY Daily ETF,ETF,AMEX,5.16,-0.38,-6.93,2026-10-06 05:42
FLYU,MicroSectors Travel 3X Leveraged ETN,ETF,AMEX,34.18,-0.38,-1.10,2026-10-06 05:42
FLYW,플라이와이어,주식,NASDAQ,18.17,0.59,3.36,2026-10-06 05:42
FLYX,플라익스클루시브,주식,AMEX,1.23,-0.02,-1.60,2026-10-06 05:42
FMAC,퓨처 머니 애퀴지션,주식,NASDAQ,10.10,0.00,0.00,2026-10-06 05:42
FMACR,Future Money Acquisition Rights,주식,NASDAQ,0.15,0.00,0.00,2026-10-06 05:42
FMACU,Future Money Acquisition Units,주식,NASDAQ,10.16,0.00,0.00,2026-10-06 05:42
FMAG,Fidelity Magellan ETF,ETF,AMEX,36.80,0.37,1.01,2026-10-06 05:42
FMAO,파머스 & 머천츠 뱅코프,주식,NASDAQ,35.37,-0.12,-0.34,2026-10-06 05:42
FMAR,FT Vest US Equity Buffer ETF - March,ETF,AMEX,53.89,0.13,0.23,2026-10-06 05:42
FMAT,Fidelity MSCI Materials Index ETF,ETF,AMEX,56.68,0.51,0.91,2026-10-06 05:42
FMAY,FT Vest US Equity Buffer ETF - May,ETF,AMEX,57.92,0.22,0.38,2026-10-06 05:42
FMB,First Trust Managed Municipal Etf,ETF,NASDAQ,48.10,0.04,0.08,2026-10-06 05:42
FMBH,퍼스트미드 뱅크셰어스,주식,NASDAQ,49.67,-0.31,-0.62,2026-10-06 05:42
FMC,FMC,주식,NYSE,9.00,0.56,6.64,2026-10-06 05:42
FMCE,FM Compounders Equity ETF,ETF,AMEX,28.68,0.09,0.32,2026-10-06 05:42
FMCX,FM Focus Equity ETF,ETF,AMEX,36.42,0.06,0.15,2026-10-06 05:42
FMDE,Fidelity Enhanced Mid Cap Core ETF,ETF,AMEX,41.33,0.34,0.83,2026-10-06 05:42
FMED,Fidelity Disruptive Medicine ETF,ETF,NASDAQ,32.63,0.81,2.56,2026-10-06 05:42
FMET,Fidelity Metaverse ETF,ETF,NASDAQ,39.86,0.61,1.57,2026-10-06 05:42
FMF,First Trust Managed Futures Strategy Fund,ETF,AMEX,52.16,0.10,0.19,2026-10-06 05:42
FMFC,캔달 M 벤처,주식,NASDAQ,0.16,-0.01,-7.46,2026-10-06 05:42
FMHI,First Trust Municipal High Income ETF,ETF,NASDAQ,44.90,0.04,0.09,2026-10-06 05:42
FMKT,Free Markets ETF,ETF,AMEX,21.96,0.07,0.34,2026-10-06 05:42
FMN,Federated Hermes Premier Municipal Income Closed End Fund,주식,NYSE,9.97,0.01,0.10,2026-10-06 05:42
FMNB,파머스 내셔널 은행,주식,NASDAQ,15.28,-0.06,-0.39,2026-10-06 05:42
FMNY,First Trust New York Municipal High Income ETF,ETF,AMEX,24.93,0.08,0.32,2026-10-06 05:42
FMQQ,FMQQ The Next Frontier Internet ETF,ETF,AMEX,12.38,0.55,4.63,2026-10-06 05:42
FMS,프레제니우스 메디칼 케어 ADR,주식,NYSE,22.65,0.40,1.80,2026-10-06 05:42
FMST,포모스트 클린 에너지,주식,NASDAQ,0.54,-0.04,-7.41,2026-10-06 05:42
FMTL,First Trust Indxx Critical Metals ETF,ETF,AMEX,35.21,0.23,0.66,2026-10-06 05:42
FMTM,MarketDesk Focused US Momentum ETF,ETF,NASDAQ,40.18,0.70,1.77,2026-10-06 05:42
FMUB,Fidelity Municipal Bond Opportunities ETF,ETF,NASDAQ,48.45,0.05,0.10,2026-10-06 05:42
FMUN,Fidelity Systematic Municipal Bond Index ETF,ETF,NASDAQ,47.16,0.19,0.40,2026-10-06 05:42
FMX,포멘토 에코노미코 멕시카노 ADR,주식,NYSE,116.92,1.24,1.07,2026-10-06 05:42
FMY,First Trust Mortgage Income Fund,주식,NYSE,10.80,-0.27,-2.44,2026-10-06 05:42
FN,패브리넷,주식,NYSE,453.84,-9.85,-2.12,2026-10-06 05:42
FNB,FNB,주식,NYSE,17.40,-0.05,-0.29,2026-10-06 05:42
FNCL,Fidelity MSCI Financials Index ETF,ETF,AMEX,76.54,0.60,0.79,2026-10-06 05:42
FND,플로어 & 데코 홀딩스,주식,NYSE,46.55,1.06,2.33,2026-10-06 05:42
FNDA,Schwab Fundamental US Small Company ETF,ETF,AMEX,35.85,0.19,0.53,2026-10-06 05:42
FNDB,Schwab Fundamental US Broad Market ETF,ETF,AMEX,31.01,0.16,0.52,2026-10-06 05:42
FNDC,Schwab Fundamental Intl Small Equity ETF,ETF,AMEX,49.89,0.02,0.04,2026-10-06 05:42
FNDE,Schwab Fundamental EM Equity ETF,ETF,AMEX,42.94,1.03,2.46,2026-10-06 05:42
FNDF,Schwab Fundamental Intl Equity ETF,ETF,AMEX,53.90,0.06,0.11,2026-10-06 05:42
FNDX,Schwab Fundamental US Large Company ETF,ETF,AMEX,31.85,0.15,0.47,2026-10-06 05:42
FNF,피델리티 내셔널 파이낸셜,주식,NYSE,39.00,-0.26,-0.66,2026-10-06 05:42
FNG,Leverage Shares 2X Long FN Daily ETF,ETF,AMEX,5.97,-0.26,-4.17,2026-10-06 05:42
FNGD,Bank of Montreal MicroSectors FANG Index 3X Inverse Leveraged ETN Exp 8 Jan 2038,주식,AMEX,23.68,-0.59,-2.43,2026-10-06 05:42
FNGG,Direxion Daily NYSE FANG Bull 2X ETF,ETF,AMEX,281.98,4.26,1.53,2026-10-06 05:42
FNGO,Bank of Montreal MicroSectors FANG Index 2X Leveraged ETN Exp 8 Jan 2038,주식,AMEX,161.72,2.23,1.40,2026-10-06 05:42
FNGR,핑거모션,주식,NASDAQ,0.27,0.02,8.87,2026-10-06 05:42
FNGS,Bank of Montreal MicroSectors FANG ETN Exp 8 Jan 2038,ETF,AMEX,83.50,0.82,0.99,2026-10-06 05:42
FNGU,MicroSectors FANG 3X Leveraged ETNs,ETF,AMEX,35.74,0.88,2.52,2026-10-06 05:42
FNK,First Trust Mid Cap Value AlphaDEX Fund,ETF,NASDAQ,60.16,0.23,0.38,2026-10-06 05:42
FNKO,펀코,주식,NASDAQ,6.07,0.21,3.58,2026-10-06 05:42
FNLC,퍼스트 뱅코프,주식,NASDAQ,34.21,0.00,0.00,2026-10-06 05:42
FNOV,FT Vest US Equity Buffer ETF - November,ETF,AMEX,60.58,0.18,0.29,2026-10-06 05:42
FNRN,퍼스트 노던 커뮤니티 뱅코프,주식,NASDAQ,17.73,-0.05,-0.28,2026-10-06 05:42
FNUC,프론티어 뉴클리어 앤 미네랄스,주식,NASDAQ,1.25,-0.03,-2.34,2026-10-06 05:42
FNV,프랑코-네바다,주식,NYSE,240.78,1.48,0.62,2026-10-06 05:42
FNWB,퍼스트 노스웨스트 뱅코프,주식,NASDAQ,9.85,-0.11,-1.06,2026-10-06 05:42
FNWD,핀워드 뱅코프,주식,NASDAQ,41.90,-0.48,-1.13,2026-10-06 05:42
FNX,First Trust Mid Cap Core AlphaDEX Fund,ETF,NASDAQ,137.62,0.39,0.28,2026-10-06 05:42
FNY,First Trust Mid Cap Growth AlphaDEX Fund,ETF,NASDAQ,100.91,0.38,0.38,2026-10-06 05:42
FOA,파이낸스 오브 아메리카 컴퍼니스,주식,NYSE,13.51,0.01,0.07,2026-10-06 05:42
FOCL,이댑 TMS ADR,주식,NASDAQ,4.23,0.03,0.71,2026-10-06 05:42
FOCT,FT Vest US Equity Buffer ETF - October,ETF,AMEX,54.49,0.16,0.29,2026-10-06 05:42
FOF,Cohen & Steers Closed End Opportunity Closed Fund,주식,NYSE,12.27,-0.23,-1.84,2026-10-06 05:42
FOFO,항펑 테크놀로지 이노베이션,주식,NASDAQ,2.11,0.02,0.96,2026-10-06 05:42
FOIL,론디안 와손 뉴 에너지 테크 ADR,주식,NYSE,16.40,0.19,1.17,2026-10-06 05:42
FOMG,Leverage Shares 2X Long FORM Daily ETF,ETF,AMEX,9.26,-0.13,-1.38,2026-10-06 05:42
FOPC,Frontier Asset Opportunistic Credit ETF,ETF,AMEX,24.30,-0.01,-0.02,2026-10-06 05:42
FOR,포레스타 그룹,주식,NYSE,25.35,-0.40,-1.55,2026-10-06 05:42
FORH,Formidable ETF,ETF,AMEX,24.05,-0.11,-0.47,2026-10-06 05:42
FORM,폼팩터,주식,NASDAQ,147.99,-1.16,-0.78,2026-10-06 05:42
FORR,포레스터 리서치,주식,NASDAQ,11.23,0.01,0.09,2026-10-06 05:42
FORTY,포뮬러 시스템즈 1985 ADR,주식,NASDAQ,118.15,4.65,4.09,2026-10-06 05:42
FOSL,파슬 그룹,주식,NASDAQ,7.22,0.42,6.18,2026-10-06 05:42
FOTO,Tuttle Capital Pure Play Photonics ETF,ETF,AMEX,19.82,-0.02,-0.10,2026-10-06 05:42
FOUR,시프트4 페이먼츠,주식,NYSE,37.55,1.38,3.82,2026-10-06 05:42
FOWF,Pacer Solactive Whitney Future of Warfare ETF,ETF,AMEX,33.92,0.06,0.18,2026-10-06 05:42
FOX,폭스 Class B,주식,NASDAQ,56.70,0.81,1.45,2026-10-06 05:42
FOXA,폭스 Class A,주식,NASDAQ,63.33,1.05,1.69,2026-10-06 05:42
FOXF,폭스 팩토리 홀딩,주식,NASDAQ,19.23,0.58,3.11,2026-10-06 05:42
FOXX,폭스 디벨롭먼트 홀딩스,주식,NASDAQ,2.51,-0.09,-3.46,2026-10-06 05:42
FOXY,Simplify Currency Strategy ETF,ETF,AMEX,27.56,0.41,1.52,2026-10-06 05:42
FPA,First Trust Asia Pacific Ex-Japan AlphaDEX Fund,ETF,NASDAQ,50.90,0.47,0.93,2026-10-06 05:42
FPAA,FPA Global Allocation ETF,ETF,AMEX,24.81,0.09,0.38,2026-10-06 05:42
FPAG,FPA Global Equity ETF,ETF,AMEX,41.04,0.24,0.59,2026-10-06 05:42
FPAS,FPA Short Duration Government ETF,ETF,AMEX,23.85,0.05,0.19,2026-10-06 05:42
FPE,First Trust Preferred Securities And Income ETF,ETF,AMEX,17.05,-0.04,-0.23,2026-10-06 05:42
FPEI,First Trust Institutional Prefrrd Sec and Inc ETF,ETF,AMEX,18.42,-0.01,-0.05,2026-10-06 05:42
FPF,First Trust Intermediate Duration Preferred & Inc,주식,NYSE,15.69,-0.17,-1.07,2026-10-06 05:42
FPFD,Fidelity Preferred Securities And Income ETF,ETF,AMEX,20.49,-0.05,-0.22,2026-10-06 05:42
FPH,파이브 포인트 홀딩스,주식,NYSE,4.46,-0.08,-1.76,2026-10-06 05:42
FPI,팜랜드 파트너스,주식,NYSE,11.15,-0.09,-0.80,2026-10-06 05:42
FPRO,Fidelity Real Estate Investment ETF,ETF,AMEX,23.04,-0.07,-0.30,2026-10-06 05:42
FPS,포전트 파워 솔루션스,주식,NYSE,38.97,-1.38,-3.42,2026-10-06 05:42
FPSX,Leverage Shares 2X Long FPS Daily ETF,ETF,AMEX,4.62,-0.32,-6.48,2026-10-06 05:42
FPWR,First Trust EIP Power Solutions ETF,ETF,AMEX,34.87,0.16,0.46,2026-10-06 05:42
FPX,First Trust US Equity Opportunities ETF,ETF,AMEX,182.73,2.11,1.17,2026-10-06 05:42
FPXE,First Trust IPOX Europe Equity Opportunities ETF,ETF,NASDAQ,32.15,-0.03,-0.10,2026-10-06 05:42
FPXI,First Trust International Equity Opportunities ETF,ETF,NASDAQ,69.01,0.80,1.17,2026-10-06 05:42
FQAL,Fidelity Quality Factor ETF,ETF,AMEX,84.38,0.68,0.81,2026-10-06 05:42
FR,퍼스트 인더스트리얼 리얼티 트러스트,주식,NYSE,59.22,-0.24,-0.40,2026-10-06 05:42
FRA,BlackRock Floating Rate Income Strategies Fd，Inc.,주식,NYSE,10.29,-0.20,-1.91,2026-10-06 05:42
FRAF,프랭클린 파이낸셜 서비스,주식,NASDAQ,62.96,-0.20,-0.32,2026-10-06 05:42
FRBA,퍼스트 뱅크,주식,NASDAQ,17.69,-0.10,-0.56,2026-10-06 05:42
FRBT,포브라이트,주식,NASDAQ,17.68,-0.11,-0.62,2026-10-06 05:42
FRD,프리드먼 인더스트리스,주식,NASDAQ,42.20,1.12,2.73,2026-10-06 05:42
FRDM,Freedom 100 Emerging Markets ETF,ETF,AMEX,72.16,1.06,1.49,2026-10-06 05:42
FREI,Fidelity Real Estate Income Fund,ETF,NASDAQ,23.72,-0.02,-0.06,2026-10-06 05:42
FREL,Fidelity MSCI Real Estate Index ETF,ETF,AMEX,27.03,-0.11,-0.41,2026-10-06 05:42
FRGN,Horizon International Equity ETF,ETF,AMEX,31.55,0.18,0.56,2026-10-06 05:42
FRGT,프라이트 테크놀로지스,주식,NASDAQ,0.25,-0.01,-2.85,2026-10-06 05:42
FRHC,프리덤 홀딩,주식,NASDAQ,173.49,0.49,0.28,2026-10-06 05:42
FRI,First Trust S&P REIT Index Fund,ETF,AMEX,29.32,-0.19,-0.64,2026-10-06 05:42
FRIZ,Franklin Dividend Growth ETF,ETF,AMEX,26.60,0.11,0.43,2026-10-06 05:42
FRME,퍼스트 머천츠,주식,NASDAQ,39.77,-0.38,-0.95,2026-10-06 05:42
FRMEP,퍼스트 머천트,주식,NASDAQ,25.27,0.12,0.46,2026-10-06 05:42
FRMI,페르미,주식,NASDAQ,4.06,0.03,0.74,2026-10-06 05:42
FRMM,포럼 마켓츠,주식,NASDAQ,4.75,-0.08,-1.66,2026-10-06 05:42
FRNM,프리놈,주식,NASDAQ,16.83,0.51,3.13,2026-10-06 05:42
FRNW,Fidelity Clean Energy ETF,ETF,AMEX,21.08,-0.25,-1.17,2026-10-06 05:42
FRO,프론트라인,주식,NYSE,53.75,1.01,1.92,2026-10-06 05:42
FROG,제이프로그,주식,NASDAQ,97.86,2.36,2.47,2026-10-06 05:42
FRPH,FRP 홀딩스,주식,NASDAQ,20.03,-0.25,-1.23,2026-10-06 05:42
FRPT,프레시펫,주식,NASDAQ,61.33,1.07,1.78,2026-10-06 05:42
FRSH,프레시웍스,주식,NASDAQ,13.22,0.44,3.44,2026-10-06 05:42
FRST,프리미스 파이낸셜,주식,NASDAQ,15.51,-0.11,-0.70,2026-10-06 05:42
FRSX,포어사이트 오토노모스 홀딩스 ADR,주식,NASDAQ,1.08,-0.04,-3.57,2026-10-06 05:42
FRT,페더럴 리얼티 인베스트먼트 트러스트,주식,NYSE,105.97,-0.72,-0.67,2026-10-06 05:42
FRTT,포트 테크놀로지,주식,NASDAQ,0.81,0.01,1.71,2026-10-06 05:42
FRTY,Alger Mid Cap 40 ETF,ETF,AMEX,24.28,0.41,1.72,2026-10-06 05:42
FRUT,Yorkville America Mangos Plus Index ETF,ETF,AMEX,28.71,0.50,1.76,2026-10-06 05:42
FRVO,퍼보 에너지,주식,NASDAQ,13.46,-0.99,-6.85,2026-10-06 05:42
FRWD,Nomura Transformational Technologies ETF,ETF,NASDAQ,33.89,0.58,1.75,2026-10-06 05:42
FSBC,파이브 스타 뱅코프,주식,NASDAQ,43.43,-0.22,-0.50,2026-10-06 05:42
FSBW,FS 뱅코프,주식,NASDAQ,44.43,0.10,0.23,2026-10-06 05:42
FSCC,Federated Hermes MDT Small Cap Core ETF,ETF,AMEX,34.11,0.15,0.44,2026-10-06 05:42
FSCO,FS Credit Opportunities Corp.,주식,NYSE,5.07,-0.04,-0.78,2026-10-06 05:42
FSCS,First Trust SMID Capital Strength ETF,ETF,NASDAQ,35.89,0.10,0.27,2026-10-06 05:42
FSEA,퍼스트 시코스트 뱅코프,주식,NASDAQ,17.25,0.00,0.00,2026-10-06 05:42
FSEC,Fidelity Investment Grade Securitized ETF,ETF,AMEX,41.61,-0.08,-0.19,2026-10-06 05:42
FSEG,Fidelity Enhanced Small Cap Growth ETF,ETF,AMEX,26.57,0.16,0.59,2026-10-06 05:42
FSEP,FT Vest US Equity Buffer ETF - September,ETF,AMEX,57.69,0.24,0.42,2026-10-06 05:42
FSEV,Fidelity Enhanced Small Cap Value ETF,ETF,AMEX,25.98,0.14,0.53,2026-10-06 05:42
FSGS,First Trust SMID Growth Strength ETF,ETF,NASDAQ,32.50,0.42,1.32,2026-10-06 05:42
FSHP,플래그 십 애퀴지션,주식,NASDAQ,11.29,0.00,0.00,2026-10-06 05:42
FSHPR,Flag Ship Acquisition Rights,주식,NASDAQ,0.08,-0.02,-17.00,2026-10-06 05:42
FSHPU,Flag Ship Acquisition Units,주식,NASDAQ,11.26,0.01,0.09,2026-10-06 05:42
FSI,플렉서블 솔루션스 인터내셔널,주식,AMEX,6.12,0.07,1.16,2026-10-06 05:42
FSIG,First Trust Limited Duration Invt Grd Corp ETF,ETF,AMEX,18.41,0.01,0.05,2026-10-06 05:42
FSK,FS KKR 캐피털,주식,NYSE,10.99,0.02,0.18,2026-10-06 05:42
FSLR,퍼스트 솔라,주식,NASDAQ,176.16,1.55,0.89,2026-10-06 05:42
FSLY,패스틀리,주식,NASDAQ,26.01,0.20,0.77,2026-10-06 05:42
FSM,포르투나 마이닝,주식,NYSE,11.14,-0.11,-0.98,2026-10-06 05:42
FSMB,First Trust Short Duration Managed Municipal ETF,ETF,AMEX,19.52,0.00,0.00,2026-10-06 05:42
FSMD,Fidelity Small-Mid Multifactor ETF,ETF,AMEX,50.23,0.06,0.12,2026-10-06 05:42
FSML,Franklin Small Cap Enhanced ETF,ETF,AMEX,29.50,0.20,0.69,2026-10-06 05:42
FSOL,Fidelity Solana Fund,ETF,AMEX,14.19,0.27,1.94,2026-10-06 05:42
FSP,프랭클린 스트리트 프로퍼티스,주식,AMEX,0.30,-0.03,-8.09,2026-10-06 05:42
FSPC,First Trust Bloomberg Space Economy ETF,ETF,AMEX,18.63,0.08,0.42,2026-10-06 05:42
FSS,페더럴 시그널,주식,NYSE,116.43,0.09,0.08,2026-10-06 05:42
FSSL,FS Specialty Lending Close End Fund,주식,NYSE,11.66,-0.20,-1.69,2026-10-06 05:42
FSTA,Fidelity MSCI Consumer Staples Index ETF,ETF,AMEX,51.25,0.35,0.69,2026-10-06 05:42
FSTB,Fidelity Short-Term Bond Fund,ETF,NASDAQ,19.77,0.01,0.06,2026-10-06 05:42
FSTR,L B 포스터,주식,NASDAQ,36.95,-0.32,-0.86,2026-10-06 05:42
FSUN,퍼스트선 캐피털 뱅코프,주식,NASDAQ,39.45,-0.07,-0.18,2026-10-06 05:42
FSV,퍼스트서비스,주식,NASDAQ,128.28,-0.85,-0.66,2026-10-06 05:42
FSYD,Fidelity Sustainable High Yield ETF,ETF,AMEX,46.64,0.04,0.09,2026-10-06 05:42
FSZ,First Trust Switzerland AlphaDEX Fund,ETF,NASDAQ,78.98,0.06,0.08,2026-10-06 05:42
FT,Franklin Universal Closed Fund,주식,NYSE,7.03,-0.05,-0.71,2026-10-06 05:42
FTA,First Trust Large Cap Value AlphaDEX Fund,ETF,NASDAQ,96.30,0.45,0.47,2026-10-06 05:42
FTAG,First Trust Indxx Global Agriculture ETF,ETF,NASDAQ,29.07,0.29,1.02,2026-10-06 05:42
FTAI,FTAI 애비에이션,주식,NASDAQ,164.70,-2.33,-1.40,2026-10-06 05:42
FTAIM,FTAI 애비에이션 우선주 Series D,주식,NASDAQ,27.04,-0.12,-0.44,2026-10-06 05:42
FTBD,Fidelity Tactical Bond ETF,ETF,AMEX,46.81,0.01,0.02,2026-10-06 05:42
FTBI,First Trust Balanced Income ETF,ETF,AMEX,21.16,0.02,0.12,2026-10-06 05:42
FTC,First Trust Large Cap Growth AlphaDEX Fund,ETF,NASDAQ,181.44,0.84,0.47,2026-10-06 05:42
FTCA,Franklin California Municipal Income ETF,ETF,AMEX,6.85,0.00,0.00,2026-10-06 05:42
FTCB,First Trust Core Investment Grade ETF,ETF,AMEX,19.73,-0.03,-0.13,2026-10-06 05:42
FTCE,First Trust New Constructs Core Earnings Ldrs ETF,ETF,AMEX,27.30,0.14,0.51,2026-10-06 05:42
FTCI,FTC 솔라,주식,NASDAQ,1.94,-0.21,-9.77,2026-10-06 05:42
FTCS,First Trust Capital Strength ETF,ETF,NASDAQ,94.31,0.62,0.66,2026-10-06 05:42
FTDR,프론트도어,주식,NASDAQ,77.62,0.38,0.49,2026-10-06 05:42
FTDS,First Trust Dividend Strength ETF,ETF,NASDAQ,62.30,0.07,0.10,2026-10-06 05:42
FTEC,Fidelity MSCI Information Technology Index ETF,ETF,AMEX,308.44,2.14,0.70,2026-10-06 05:42
FTEK,퓨얼 테크,주식,NASDAQ,1.65,-0.01,-0.60,2026-10-06 05:42
FTF,Franklin Limited Duration Income Trust,주식,AMEX,5.32,-0.05,-0.93,2026-10-06 05:42
FTFT,퓨처 핀테크 그룹,주식,NASDAQ,3.47,0.06,1.76,2026-10-06 05:42
FTG,FullerThaler Behavioral Growth ETF,ETF,NASDAQ,24.73,0.09,0.37,2026-10-06 05:42
FTGC,First Trust Global Tactical Commodity Strategy Fd,ETF,NASDAQ,30.67,0.02,0.06,2026-10-06 05:42
FTGS,First Trust Growth Strength ETF,ETF,NASDAQ,38.48,0.35,0.92,2026-10-06 05:42
FTH,파에스 테라퓨틱스,주식,NASDAQ,27.10,-1.25,-4.41,2026-10-06 05:42
FTHA,포어프런트 테크 홀딩스 애퀴지션,주식,NASDAQ,9.99,0.01,0.10,2026-10-06 05:42
FTHAU,Forefront Tech Holdings Acquisition Units,주식,NASDAQ,10.08,0.00,0.00,2026-10-06 05:42
FTHB,FIS Faith Income ETF,ETF,AMEX,24.08,-0.01,-0.06,2026-10-06 05:42
FTHF,First Trust Emerging Markets Human Flourishing ETF,ETF,AMEX,51.13,1.43,2.88,2026-10-06 05:42
FTHI,First Trust BuyWrite Income ETF,ETF,NASDAQ,23.82,0.05,0.21,2026-10-06 05:42
FTHM,패섬 홀딩스,주식,NASDAQ,0.23,-0.11,-32.27,2026-10-06 05:42
FTHY,First Trust High Yield Opportunities 2027 Term Closed End Fd,주식,NYSE,12.63,0.02,0.16,2026-10-06 05:42
FTI,테크닙FMC,주식,NYSE,70.25,1.43,2.08,2026-10-06 05:42
FTIF,First Trust Bloomberg Inflation Sensitive Eqty ETF,ETF,AMEX,28.14,0.24,0.88,2026-10-06 05:42
FTK,플로텍 인더스트리스,주식,NYSE,29.67,-1.27,-4.10,2026-10-06 05:42
FTKI,First Trust Small Cap BuyWrite Income ETF,ETF,AMEX,19.51,0.11,0.59,2026-10-06 05:42
FTLF,핏라이프 브랜즈,주식,NASDAQ,9.06,-0.16,-1.74,2026-10-06 05:42
FTLS,First Trust Long/Short Eqty ETF,ETF,AMEX,77.76,0.42,0.54,2026-10-06 05:42
FTMA,Franklin Massachusetts Municipal Income ETF,ETF,AMEX,8.54,0.03,0.35,2026-10-06 05:42
FTMH,Franklin Municipal High Yield ETF,ETF,AMEX,10.84,-0.01,-0.09,2026-10-06 05:42
FTMN,Franklin Minnesota Municipal Income ETF,ETF,AMEX,8.22,0.03,0.37,2026-10-06 05:42
FTMS,Franklin Short Term Municipal Income ETF,ETF,AMEX,9.70,-0.02,-0.21,2026-10-06 05:42
FTMU,Franklin Municipal Income ETF,ETF,AMEX,7.33,0.00,0.00,2026-10-06 05:42
FTNJ,Franklin New Jersey Municipal Income ETF,ETF,AMEX,8.25,-0.01,-0.12,2026-10-06 05:42
FTNT,포티넷,주식,NASDAQ,184.13,3.18,1.76,2026-10-06 05:42
FTNY,Franklin New York Municipal Income ETF,ETF,AMEX,7.32,0.00,0.00,2026-10-06 05:42
FTOH,Franklin Ohio Municipal Income ETF,ETF,AMEX,7.88,0.01,0.06,2026-10-06 05:42
FTPA,Franklin Pennsylvania Municipal Income ETF,ETF,AMEX,8.11,0.00,0.04,2026-10-06 05:42
FTQI,First Trust Nasdaq BuyWrite Income ETF,ETF,NASDAQ,22.38,0.09,0.40,2026-10-06 05:42
FTRA,퓨처코프 스페이스 애퀴지션 1,주식,NYSE,9.87,0.01,0.05,2026-10-06 05:42
FTRA.U,FutureCorp Space Acquisition 1 Units,주식,NYSE,10.22,0.00,0.00,2026-10-06 05:42
FTRB,Federated Hermes Total Return Bond ETF,ETF,AMEX,23.93,-0.01,-0.04,2026-10-06 05:42
FTRE,포트레아 홀딩스,주식,NASDAQ,21.11,1.11,5.55,2026-10-06 05:42
FTRI,First Trust Indxx Global Natural Resources Inc ETF,ETF,NASDAQ,16.71,-0.02,-0.12,2026-10-06 05:42
FTS,포르티스,주식,NYSE,52.57,-0.30,-0.57,2026-10-06 05:42
FTSD,Franklin Short Duration US Government ETF,ETF,AMEX,88.59,-0.11,-0.12,2026-10-06 05:42
FTSL,First Trust Senior Loan Fund,ETF,NASDAQ,44.60,0.03,0.06,2026-10-06 05:42
FTSM,First Trust Enhanced Short Maturity ETF,ETF,NASDAQ,59.56,0.02,0.03,2026-10-06 05:42
FTV,포티브,주식,NYSE,57.38,-0.09,-0.16,2026-10-06 05:42
FTW,프레시디오 프로덕션,주식,NYSE,9.71,-0.13,-1.32,2026-10-06 05:42
FTWO,Strive Natural Resources and Security ETF,ETF,NYSE,45.01,0.40,0.89,2026-10-06 05:42
FTXG,First Trust Nasdaq Food & Beverage ETF,ETF,NASDAQ,21.29,0.10,0.49,2026-10-06 05:42
FTXH,First Trust Nasdaq Pharmaceuticals ETF,ETF,NASDAQ,40.77,0.04,0.09,2026-10-06 05:42
FTXL,First Trust Nasdaq Semiconductor ETF,ETF,NASDAQ,262.47,-0.78,-0.30,2026-10-06 05:42
FTXN,First Trust NASDAQ Oil & Gas ETF,ETF,NASDAQ,39.61,0.52,1.34,2026-10-06 05:42
FTXO,First Trust Nasdaq Bank ETF,ETF,NASDAQ,38.95,0.01,0.03,2026-10-06 05:42
FTXR,First Trust Nasdaq Transportation ETF,ETF,NASDAQ,41.68,-0.01,-0.02,2026-10-06 05:42
FUBO,푸보티비,주식,NYSE,8.62,-0.04,-0.46,2026-10-06 05:42
FUFU,빗푸푸,주식,NASDAQ,1.50,0.10,6.79,2026-10-06 05:42
FUL,풀러 H B,주식,NYSE,50.44,0.24,0.48,2026-10-06 05:42
FULC,풀크럼 테라퓨틱스,주식,NASDAQ,3.71,0.02,0.54,2026-10-06 05:42
FULT,풀턴 파이낸셜,주식,NASDAQ,22.69,-0.12,-0.53,2026-10-06 05:42
FULTP,풀턴 파이낸셜 우선주 시리즈 A 5.125%,주식,NASDAQ,17.17,-0.03,-0.17,2026-10-06 05:42
FUMB,First Trust Ultra Short Duration Municipal ETF,ETF,AMEX,19.92,-0.01,-0.03,2026-10-06 05:42
FUN,식스 플래그스 엔터테인먼트,주식,NYSE,12.13,0.53,4.57,2026-10-06 05:42
FUNC,퍼스트 유나이티드,주식,NASDAQ,43.37,-0.25,-0.57,2026-10-06 05:42
FUND,Sprott Focus Trust,주식,NASDAQ,9.68,0.03,0.31,2026-10-06 05:42
FURY,퓨리 골드 마인스,주식,AMEX,0.51,0.00,-0.78,2026-10-06 05:42
FUSB,퍼스트 US 뱅크셰어스,주식,NASDAQ,15.75,-0.75,-4.55,2026-10-06 05:42
FUSD,Federated Hermes Ultrashort Bond ETF,ETF,AMEX,24.90,0.03,0.10,2026-10-06 05:42
FUSE,퓨즈머신스,주식,NASDAQ,0.41,-0.08,-17.07,2026-10-06 05:42
FUSI,American Century Multisector Floating Income ETF,ETF,AMEX,50.54,0.03,0.06,2026-10-06 05:42
FUTG,Leverage Shares 2X Long FUTU Daily ETF,ETF,NASDAQ,3.91,0.51,14.92,2026-10-06 05:42
FUTU,푸투 홀딩스 ADR,주식,NASDAQ,109.70,7.53,7.37,2026-10-06 05:42
FUTY,Fidelity MSCI Utilities Index ETF,ETF,AMEX,51.69,0.17,0.33,2026-10-06 05:42
FV,First Trust Dorsey Wright Focus 5 ETF,ETF,NASDAQ,74.74,0.64,0.86,2026-10-06 05:42
FVAL,Fidelity Value Factor ETF,ETF,AMEX,81.76,0.29,0.36,2026-10-06 05:42
FVAV,포트리스 밸류 애퀴지션 V,주식,NASDAQ,10.25,0.00,0.00,2026-10-06 05:42
FVC,First Trust Dorsey Wright Dynamic Focus 5 ETF,ETF,NASDAQ,43.08,0.34,0.80,2026-10-06 05:42
FVCB,FVC뱅크코프,주식,NASDAQ,17.70,-0.09,-0.51,2026-10-06 05:42
FVD,First Trust Value Line Dividend Index Fund,ETF,AMEX,47.15,0.07,0.15,2026-10-06 05:42
FVN,퓨처 비전 II 애퀴지션,주식,NASDAQ,8.87,0.87,10.81,2026-10-06 05:42
FVNNR,Future Vision II Acquisition Rights Expiry 20th June 2029,주식,NASDAQ,0.19,-0.02,-9.52,2026-10-06 05:42
FVNNU,Future Vision II Acquisition Units,주식,NASDAQ,16.50,3.99,31.89,2026-10-06 05:42
FVR,프론트뷰 REIT,주식,NYSE,16.20,-0.48,-2.88,2026-10-06 05:42
FVRR,파이버 인터내셔널,주식,NYSE,8.59,0.05,0.59,2026-10-06 05:42
FWAC,퓨처웨이브 애퀴지션,주식,NASDAQ,9.95,0.00,0.00,2026-10-06 05:42
FWACR,Futurewave Acquisition Rights,주식,NASDAQ,0.15,0.00,0.00,2026-10-06 05:42
FWACU,Futurewave Acquisition Units,주식,NASDAQ,10.10,0.00,0.00,2026-10-06 05:42
FWD,AB Disruptors ETF,ETF,AMEX,135.52,0.81,0.60,2026-10-06 05:42
FWDI,포워드 인더스트리스,주식,NASDAQ,8.11,-0.05,-0.61,2026-10-06 05:42
FWONA,리버티 미디어 Series A,주식,NASDAQ,87.49,4.10,4.92,2026-10-06 05:42
FWONK,리버티 미디어 Series C,주식,NASDAQ,95.00,3.80,4.17,2026-10-06 05:42
FWRD,포워드 에어 (델라웨어),주식,NASDAQ,15.07,-0.84,-5.28,2026-10-06 05:42
FWRG,퍼스트 와치 레스토랑 그룹,주식,NASDAQ,10.51,-0.06,-0.57,2026-10-06 05:42
FXA,Invesco CurrencyShares Australian Dollar Trust,ETF,AMEX,68.99,0.13,0.19,2026-10-06 05:42
FXAC,포튜넥스 애퀴지션,주식,NASDAQ,10.08,0.00,0.00,2026-10-06 05:42
FXACU,FortuneX Acquisition Units,주식,NASDAQ,10.37,0.00,0.00,2026-10-06 05:42
FXB,Invesco CurrencyShares British Pound Strlng Tr,ETF,AMEX,127.11,-0.14,-0.11,2026-10-06 05:42
FXC,Invesco CurrencyShares Canadian Dollar Trust,ETF,AMEX,68.51,-0.03,-0.04,2026-10-06 05:42
FXD,First Trust Consumer Discretionary AlphaDEX Fund,ETF,AMEX,64.66,0.07,0.11,2026-10-06 05:42
FXE,Invesco CurrencyShares Euro Trust,ETF,AMEX,103.59,-0.23,-0.22,2026-10-06 05:42
FXED,Sound Enhanced Fixed Income ETF,ETF,NYSE,16.49,-0.09,-0.54,2026-10-06 05:42
FXF,Invesco CurrencyShares Swiss Franc Trust,ETF,AMEX,105.96,-0.27,-0.25,2026-10-06 05:42
FXG,First Trust Consumer Staples AlphaDEX Fund,ETF,AMEX,58.73,0.31,0.54,2026-10-06 05:42
FXH,First Trust Health Care AlphaDEX Fund,ETF,AMEX,130.95,1.44,1.11,2026-10-06 05:42
FXHO,유타임,주식,NASDAQ,10.07,0.14,1.36,2026-10-06 05:42
FXI,iShares China Large-Cap ETF,ETF,AMEX,33.85,0.66,1.99,2026-10-06 05:42
FXL,First Trust Technology AlphaDEX Fund,ETF,AMEX,229.92,1.86,0.82,2026-10-06 05:42
FXN,First Trust Energy AlphaDEX Fund,ETF,AMEX,22.80,0.30,1.33,2026-10-06 05:42
FXNC,퍼스트 내셔널,주식,NASDAQ,29.96,-0.10,-0.33,2026-10-06 05:42
FXO,First Trust Financials AlphaDEX Fund,ETF,AMEX,61.63,0.46,0.75,2026-10-06 05:42
FXP,ProShares UltraShort FTSE China 50,ETF,AMEX,22.15,-0.78,-3.39,2026-10-06 05:42
FXR,First Trust Industrials/Producer Drbls AlphaDEX Fd,ETF,AMEX,83.25,0.08,0.10,2026-10-06 05:42
FXU,First Trust Utilities AlphaDEX Fund,ETF,AMEX,44.44,0.08,0.18,2026-10-06 05:42
FXY,Invesco CurrencyShares Japanese Yen Trust,ETF,AMEX,58.02,-0.05,-0.09,2026-10-06 05:42
FXZ,First Trust Materials AlphaDEX Fund,ETF,AMEX,78.92,0.70,0.89,2026-10-06 05:42
FYC,First Trust Small Cap Growth AlphaDEX Fund,ETF,NASDAQ,117.29,0.83,0.71,2026-10-06 05:42
FYEE,Fidelity Yield Enhanced Equity ETF,ETF,AMEX,30.04,0.12,0.40,2026-10-06 05:42
FYLD,Cambria Foreign Shareholder Yield ETF,ETF,AMEX,39.59,-0.05,-0.13,2026-10-06 05:42
FYT,First Trust Small Cap Value AlphaDEX Fund,ETF,NASDAQ,67.92,0.31,0.45,2026-10-06 05:42
FYX,First Trust Small Cap Core AlphaDEX Fund,ETF,NASDAQ,137.16,0.87,0.64,2026-10-06 05:42
G,젠팩트,주식,NYSE,33.52,0.23,0.69,2026-10-06 05:42
GAA,Cambria Global Asset Allocation ETF,ETF,AMEX,35.15,0.18,0.52,2026-10-06 05:42
GAB,Gabelli Equity Trust Inc,주식,NYSE,5.18,-0.06,-1.15,2026-10-06 05:42
GABC,저먼 아메리칸 뱅코프,주식,NASDAQ,49.28,-0.12,-0.24,2026-10-06 05:42
GABF,Gabelli Financial Services Opportunities ETF,ETF,AMEX,42.32,0.30,0.71,2026-10-06 05:42
GAEM,Simplify Gamma Emerging Market Bond ETF,ETF,AMEX,25.67,0.12,0.49,2026-10-06 05:42
GAIA,가이아,주식,NASDAQ,1.40,0.01,0.72,2026-10-06 05:42
GAIN,글래드스톤 인베스트먼트,주식,NASDAQ,15.54,-0.12,-0.77,2026-10-06 05:42
GAING,Gladstone Investment 7 125 Notes Due 2031,주식,NASDAQ,25.25,-0.05,-0.21,2026-10-06 05:42
GAINI,Gladstone Investment 7 875 Notes due 2030,주식,NASDAQ,25.35,-0.12,-0.47,2026-10-06 05:42
GAINZ,Gladstone Investment 4 875 Notes due 2028,주식,NASDAQ,24.27,0.17,0.71,2026-10-06 05:42
GAIQ,Guinness Atkinson Global Innovators Fund,ETF,AMEX,66.12,0.35,0.54,2026-10-06 05:42
GAL,State Street SPDR SSGA Global Allocation ETF,ETF,AMEX,52.87,0.22,0.42,2026-10-06 05:42
GALT,갈렉틴 테라퓨틱스,주식,NASDAQ,3.73,-0.17,-4.36,2026-10-06 05:42
GALX,VistaShares Space Supercycle ETF,ETF,AMEX,23.57,-0.07,-0.30,2026-10-06 05:42
GAM,General American Investors Closed Fund,주식,NYSE,63.95,0.19,0.30,2026-10-06 05:42
GAME,엔진 게이밍 앤 미디어,주식,NASDAQ,3.06,-0.02,-0.65,2026-10-06 05:42
GAMR,Amplify Video Game Leaders ETF,ETF,AMEX,101.31,1.22,1.22,2026-10-06 05:42
GANX,게인 테라퓨틱스,주식,NASDAQ,1.69,-0.02,-1.17,2026-10-06 05:42
GAP,갭,주식,NYSE,23.30,0.79,3.51,2026-10-06 05:42
GAPR,FT Vest US Equity Moderate Buffer ETF - Apr,ETF,AMEX,42.82,0.07,0.15,2026-10-06 05:42
GARA,Guinness Atkinson Real Assets Income ETF,ETF,AMEX,25.31,-0.16,-0.64,2026-10-06 05:42
GARP,iShares MSCI USA Quality GARP ETF,ETF,AMEX,87.38,0.74,0.85,2026-10-06 05:42
GARY,Mango Growth ETF,ETF,NASDAQ,28.82,0.29,1.00,2026-10-06 05:42
GASS,스텔스가스,주식,NASDAQ,9.14,-0.20,-2.14,2026-10-06 05:42
GASZ,Corgi Natural Gas Power & Turbines ETF,ETF,AMEX,22.15,0.09,0.39,2026-10-06 05:42
GATX,GATX,주식,NYSE,172.27,1.24,0.73,2026-10-06 05:42
GAU,갈리아노 골드,주식,AMEX,1.99,0.00,0.00,2026-10-06 05:42
GAUG,FT Vest US Equity Moderate Buffer ETF - Aug,ETF,AMEX,42.38,0.08,0.20,2026-10-06 05:42
GAUZ,고지,주식,NASDAQ,4.66,-0.49,-9.43,2026-10-06 05:42
GAVA,Grayscale Avalanche Staking ETF,ETF,NASDAQ,26.47,0.69,2.68,2026-10-06 05:42
GBAB,Guggenheim Taxable Muni Bd & Inv Grade Dbt Trust,주식,NYSE,12.47,-0.12,-0.95,2026-10-06 05:42
GBCI,글레이셔 뱅코프,주식,NYSE,43.75,-0.16,-0.36,2026-10-06 05:42
GBDC,골럽 캐피탈 BDC,주식,NASDAQ,12.38,-0.16,-1.28,2026-10-06 05:42
GBFH,G뱅크 파이낸셜 홀딩스,주식,NASDAQ,17.66,-0.27,-1.51,2026-10-06 05:42
GBHI,Gabelli High Income ETF,ETF,AMEX,24.38,0.03,0.14,2026-10-06 05:42
GBIL,Goldman Sachs Access Treasury 0-1 Year ETF,ETF,AMEX,99.88,0.00,0.00,2026-10-06 05:42
GBLI,글로벌 인뎀니티 그룹,주식,NASDAQ,24.52,0.17,0.68,2026-10-06 05:42
GBND,Goldman Sachs Core Bond ETF,ETF,AMEX,47.87,-0.03,-0.07,2026-10-06 05:42
GBR,뉴 컨셉 에너지,주식,AMEX,0.72,-0.05,-6.23,2026-10-06 05:42
GBTC,Grayscale Bitcoin Trust ETF,ETF,AMEX,66.23,1.12,1.72,2026-10-06 05:42
GBUG,Sprott Active Gold & Silver Miners ETF,ETF,NASDAQ,46.02,-0.09,-0.19,2026-10-06 05:42
GBX,그린브라이어,주식,NYSE,40.53,-0.05,-0.12,2026-10-06 05:42
GCAD,Gabelli Commercial Aerospace and Defense ETF,ETF,AMEX,48.78,-0.18,-0.37,2026-10-06 05:42
GCAL,Goldman Sachs Dynamic California Municipal Inc ETF,ETF,AMEX,48.54,0.04,0.08,2026-10-06 05:42
GCBC,그린 카운티 뱅코프,주식,NASDAQ,34.33,0.07,0.20,2026-10-06 05:42
GCC,WisdomTree Enhanced Commodity Strategy Fund,ETF,AMEX,26.60,0.08,0.30,2026-10-06 05:42
GCDT,그린 서클 탈탄소 테크,주식,AMEX,0.43,0.03,7.28,2026-10-06 05:42
GCGR,제너럴 캐탈리스트 글로벌,주식,NASDAQ,10.13,0.00,0.01,2026-10-06 05:42
GCGRU,General Catalyst Global Resilience Merger Units,주식,NASDAQ,10.26,-0.06,-0.59,2026-10-06 05:42
GCL,GCL 글로벌 홀딩스,주식,NASDAQ,0.69,-0.07,-9.33,2026-10-06 05:42
GCLO,Guggenheim Investment Grade CLO ETF,ETF,AMEX,50.15,0.23,0.45,2026-10-06 05:42
GCMG,GCM 그로스브너,주식,NASDAQ,13.18,0.13,1.00,2026-10-06 05:42
GCO,제네스코,주식,NYSE,35.66,0.86,2.47,2026-10-06 05:42
GCOR,Goldman Sachs Access US Aggregate Bond ETF,ETF,AMEX,39.07,-0.05,-0.13,2026-10-06 05:42
GCOW,Pacer Global Cash Cows Dividend ETF,ETF,AMEX,44.47,-0.01,-0.02,2026-10-06 05:42
GCPB,Goldman Sachs Core Plus Bond ETF,ETF,NYSE,48.21,-0.06,-0.12,2026-10-06 05:42
GCPU,Grayscale AI Compute ETF,ETF,AMEX,34.72,-0.88,-2.48,2026-10-06 05:42
GCSH,Guggenheim Ultra Short Income ETF,ETF,AMEX,49.81,0.05,0.09,2026-10-06 05:42
GCT,기가클라우드 테크놀로지,주식,NASDAQ,54.66,0.91,1.69,2026-10-06 05:42
GCTK,글루코 트랙,주식,NASDAQ,1.11,-0.10,-8.26,2026-10-06 05:42
GCTS,GCT 세미컨덕터 홀딩,주식,NYSE,2.09,-0.16,-7.11,2026-10-06 05:42
GCV,Gabelli Convertible and Income Securities Mutual Fund,주식,NYSE,4.10,-0.03,-0.73,2026-10-06 05:42
GD,제너럴 다이내믹스,주식,NYSE,331.72,1.63,0.49,2026-10-06 05:42
GDC,GD 컬처 그룹,주식,NASDAQ,1.32,-0.11,-7.69,2026-10-06 05:42
GDDY,고대디,주식,NYSE,99.74,2.53,2.60,2026-10-06 05:42
GDE,WisdomTree Efficient Gold Plus Equity Strategy Fd,ETF,AMEX,64.38,0.28,0.44,2026-10-06 05:42
GDEC,FT Vest US Equity Moderate Buffer ETF - Dec,ETF,AMEX,41.01,0.07,0.16,2026-10-06 05:42
GDEV,GDEV,주식,NASDAQ,11.66,0.90,8.36,2026-10-06 05:42
GDHG,골든 헤븐 그룹 홀딩스,주식,NASDAQ,1.17,-0.01,-0.43,2026-10-06 05:42
GDIV,Harbor Dividend Growth Leaders ETF,ETF,NYSE,18.28,0.05,0.30,2026-10-06 05:42
GDL,GDL Fund,주식,NYSE,8.30,-0.03,-0.30,2026-10-06 05:42
GDLC,Grayscale Coindesk Crypto 5 ETF,ETF,AMEX,39.28,0.60,1.55,2026-10-06 05:42
GDMA,Gadsden Dynamic Multi-Asset ETF,ETF,AMEX,41.06,0.11,0.28,2026-10-06 05:42
GDMN,WisdomTree Efficient Gold Plus Gold Miners Str Fd,ETF,AMEX,82.12,-0.22,-0.27,2026-10-06 05:42
GDO,Western Asset Global Corporate Opportunity Fd Inc.,주식,NYSE,9.72,-0.03,-0.31,2026-10-06 05:42
GDOC,Goldman Sachs Future Health Care Equity ETF,ETF,AMEX,36.76,0.27,0.73,2026-10-06 05:42
GDOG,Grayscale Dogecoin Trust ETF,ETF,AMEX,11.18,0.46,4.29,2026-10-06 05:42
GDOT,그린 닷,주식,NYSE,12.52,0.02,0.16,2026-10-06 05:42
GDRX,굿알엑스 홀딩스,주식,NASDAQ,3.36,0.08,2.44,2026-10-06 05:42
GDS,GDS 홀딩스 ADR,주식,NASDAQ,29.29,1.72,6.24,2026-10-06 05:42
GDT,WisdomTree Efficient TIPS Plus Gold Fund,ETF,AMEX,33.63,-0.05,-0.15,2026-10-06 05:42
GDTC,싸이토메드 테라퓨틱스,주식,NASDAQ,1.01,0.09,9.78,2026-10-06 05:42
GDV,Gabelli Dividend & Income Trust,주식,NYSE,28.37,0.00,0.00,2026-10-06 05:42
GDX,VanEck Gold Miners ETF,ETF,AMEX,87.42,-0.36,-0.41,2026-10-06 05:42
GDXD,MicroSectors Gold Miners 3X Inverse Leveraged ETN,ETF,AMEX,22.52,0.19,0.85,2026-10-06 05:42
GDXJ,VanEck Junior Gold Miners ETF,ETF,AMEX,112.81,-0.84,-0.74,2026-10-06 05:42
GDXU,MicroSectors Gold Miners 3X Leveraged ETN,ETF,AMEX,104.18,-1.10,-1.04,2026-10-06 05:42
GDXW,Roundhill Gold Miners WeeklyPay ETF,ETF,AMEX,37.37,-0.02,-0.05,2026-10-06 05:42
GDXY,YieldMax Gold Miners Option Income Strategy ETF,ETF,AMEX,9.97,-0.01,-0.10,2026-10-06 05:42
GDYN,그리드 다이나믹 홀딩스,주식,NASDAQ,7.84,-0.18,-2.24,2026-10-06 05:42
GE,GE 에어로스페이스,주식,NYSE,306.34,-2.75,-0.89,2026-10-06 05:42
GECC,그레이트 엘름 캐피털,주식,NASDAQ,4.98,-0.04,-0.80,2026-10-06 05:42
GECCG,Great Elm Capital 7 75 Notes Due 2030,주식,NASDAQ,24.80,0.17,0.69,2026-10-06 05:42
GECCH,Great Elm Capital 8.125 Notes Due 2029,주식,NASDAQ,25.00,0.00,0.00,2026-10-06 05:42
GECCI,Great Elm Capital 8 50 Notes Due 2029,주식,NASDAQ,25.03,0.01,0.02,2026-10-06 05:42
GEEQ,Guggenheim Enhanced Equity Income ETF,ETF,AMEX,46.70,-0.09,-0.20,2026-10-06 05:42
GEF,그리프 Class A,주식,NYSE,82.05,-0.13,-0.16,2026-10-06 05:42
GEF.B,그리프 Class B,주식,NYSE,107.51,-0.06,-0.06,2026-10-06 05:42
GEG,그레이트 엘름 그룹,주식,NASDAQ,2.15,-0.01,-0.46,2026-10-06 05:42
GEGGL,Great Elm Group 7 25 Notes due 2027,주식,NASDAQ,24.56,-0.12,-0.47,2026-10-06 05:42
GEHC,GE 헬스케어,주식,NASDAQ,65.74,1.45,2.26,2026-10-06 05:42
GEL,Genesis Energy Units Class A,주식,NYSE,14.02,-0.03,-0.21,2026-10-06 05:42
GELS,젤텍,주식,NASDAQ,0.54,0.02,4.29,2026-10-06 05:42
GEM,Goldman Sachs ActiveBeta Em Mkts Equity ETF,ETF,AMEX,52.30,0.72,1.40,2026-10-06 05:42
GEMD,Goldman Sachs Access Emerging Markets USD Bond ETF,ETF,AMEX,39.56,0.06,0.15,2026-10-06 05:42
GEME,Pacific NoS Global EM Equity Active ETF,ETF,NASDAQ,41.98,0.38,0.91,2026-10-06 05:42
GEMG,Leverage Shares 2X Long GEMI Daily ETF,ETF,NASDAQ,7.99,0.41,5.41,2026-10-06 05:42
GEMI,제미나이 스페이스 스테이션,주식,NASDAQ,4.77,0.10,2.14,2026-10-06 05:42
GEMQ,Goldman Sachs Data Enhanced Emergng Mrkts Eqty ETF,ETF,NASDAQ,24.91,0.31,1.28,2026-10-06 05:42
GEN,젠 디지털,주식,NASDAQ,22.28,0.29,1.32,2026-10-06 05:42
GENB,제너레이트 바이오메디슨스,주식,NASDAQ,13.91,0.22,1.61,2026-10-06 05:42
GENC,젠코 인더스트리스,주식,AMEX,17.68,0.09,0.51,2026-10-06 05:42
GEND,Genter Capital Dividend Income ETF,ETF,AMEX,12.82,-0.01,-0.10,2026-10-06 05:42
GENI,지니어스 스포츠,주식,NYSE,5.99,-0.03,-0.50,2026-10-06 05:42
GENK,GEN 레스토랑 그룹,주식,NASDAQ,1.61,0.00,0.00,2026-10-06 05:42
GENM,Genter Capital Municipal Quality Intermediate ETF,ETF,AMEX,9.90,0.01,0.10,2026-10-06 05:42
GENT,Genter Capital Taxable Quality Intermediate ETF,ETF,AMEX,9.89,0.01,0.13,2026-10-06 05:42
GENVR,Gen Digital Contingent Value Rights,주식,NASDAQ,0.87,0.06,7.39,2026-10-06 05:42
GENW,Genter Capital International Dividend ETF,ETF,AMEX,14.41,0.01,0.07,2026-10-06 05:42
GENZ,VanEck Digital Native Economy ETF,ETF,NASDAQ,37.16,0.75,2.05,2026-10-06 05:42
GEO,지오 그룹,주식,NYSE,32.34,0.98,3.13,2026-10-06 05:42
GEOS,지오스페이스 테크놀로지스,주식,NASDAQ,4.75,-0.05,-1.04,2026-10-06 05:42
GEQ,Cambria Global Ew 2 ETF,ETF,NASDAQ,51.36,0.43,0.84,2026-10-06 05:42
GERN,제론,주식,NASDAQ,1.21,0.01,0.83,2026-10-06 05:42
GEV,GE 버노바,주식,NYSE,990.00,1.30,0.13,2026-10-06 05:42
GEVC,Corgi GEV 2x Daily ETF,ETF,AMEX,19.50,0.03,0.16,2026-10-06 05:42
GEVG,Leverage Shares 2X Long GEV Daily ETF,ETF,NASDAQ,23.62,0.01,0.04,2026-10-06 05:42
GEVO,제보,주식,NASDAQ,1.29,-0.02,-1.53,2026-10-06 05:42
GEVX,Tradr 2X Long Gev Daily ETF,ETF,AMEX,18.65,0.04,0.21,2026-10-06 05:42
GEW,Cambria Global EW ETF,ETF,NASDAQ,55.38,0.29,0.53,2026-10-06 05:42
GF,New Germany Fund Inc.,주식,NYSE,10.49,-0.06,-0.57,2026-10-06 05:42
GFAI,가드포스 AI,주식,NASDAQ,0.29,-0.01,-4.51,2026-10-06 05:42
GFEB,FT Vest US Equity Moderate Buffer ETF - Feb,ETF,AMEX,45.27,0.07,0.14,2026-10-06 05:42
GFF,그리폰,주식,NYSE,94.09,0.12,0.13,2026-10-06 05:42
GFGF,Guru Favorite Stocks ETF,ETF,NASDAQ,37.01,0.42,1.15,2026-10-06 05:42
GFI,골드 필즈 ADR,주식,NYSE,35.69,0.07,0.20,2026-10-06 05:42
GFL,GFL 인바이런먼털,주식,NYSE,42.28,0.30,0.71,2026-10-06 05:42
GFLW,VictoryShares Free Cash Flow Growth ETF,ETF,NASDAQ,34.16,0.30,0.89,2026-10-06 05:42
GFR,그린파이어 리소시스,주식,NYSE,5.99,0.19,3.28,2026-10-06 05:42
GFS,글로벌파운드리,주식,NASDAQ,48.56,-1.61,-3.21,2026-10-06 05:42
GFSG,Leverage Shares 2X Long GFS Daily ETF,ETF,AMEX,3.79,-0.26,-6.42,2026-10-06 05:42
GFUZ,제너럴 퓨전 그룹,주식,NASDAQ,7.53,-0.05,-0.66,2026-10-06 05:42
GGAL,그루포 피난시에로 갈리시아 ADR,주식,NASDAQ,38.25,2.36,6.58,2026-10-06 05:42
GGB,제르다우 ADR,주식,NYSE,5.17,0.16,3.19,2026-10-06 05:42
GGG,그라코,주식,NYSE,78.83,0.83,1.06,2026-10-06 05:42
GGLL,Direxion Daily GOOGL Bull 2X ETF,ETF,NASDAQ,100.85,1.79,1.81,2026-10-06 05:42
GGLS,Direxion Daily GOOGL Bear 1X ETF,ETF,NASDAQ,57.76,-0.47,-0.81,2026-10-06 05:42
GGM,GGM Macro Alignment ETF,ETF,AMEX,31.15,0.21,0.67,2026-10-06 05:42
GGME,Invesco Next Gen Media and Gaming ETF,ETF,AMEX,66.54,0.62,0.94,2026-10-06 05:42
GGN,GAMCO Global Gold Natural Resources and Income Closed Fund,주식,AMEX,5.25,0.00,0.00,2026-10-06 05:42
GGOV,iShares Global Government Bond USD Hedged Active,ETF,AMEX,49.42,-0.07,-0.14,2026-10-06 05:42
GGR,고고로,주식,NASDAQ,3.17,-0.03,-0.94,2026-10-06 05:42
GGRW,Gabelli Growth Innovators ETF,ETF,AMEX,38.35,0.31,0.82,2026-10-06 05:42
GGT,Gabelli Multimedia Trust Inc,주식,NYSE,3.99,0.01,0.25,2026-10-06 05:42
GGTL,Gabelli Global Technology Leaders ETF,ETF,AMEX,42.11,0.35,0.84,2026-10-06 05:42
GGUS,Goldman Sachs MarketBeta Russell 1000 Grwth Eq ETF,ETF,AMEX,69.81,0.61,0.88,2026-10-06 05:42
GGZ,Gabelli Global Small and Mid Cap Value Closed Fund,주식,NYSE,15.26,-0.12,-0.78,2026-10-06 05:42
GH,가단트 헬쓰,주식,NASDAQ,187.22,9.42,5.30,2026-10-06 05:42
GHC,그레이엄 홀딩스,주식,NYSE,1155.36,5.75,0.50,2026-10-06 05:42
GHG,그린트리 호스피탈리티 그룹 ADR,주식,NYSE,1.00,0.06,6.38,2026-10-06 05:42
GHI,Greystone Housing Impact Investors Units,주식,NYSE,5.24,-0.29,-5.24,2026-10-06 05:42
GHM,그레이엄,주식,NYSE,90.48,-1.01,-1.10,2026-10-06 05:42
GHRS,GH 리서치,주식,NASDAQ,22.17,-0.77,-3.36,2026-10-06 05:42
GHTA,Goose Hollow Tactical Allocation ETF,ETF,AMEX,29.68,-0.02,-0.07,2026-10-06 05:42
GHXI,고어스 홀딩스 XI,주식,NASDAQ,9.99,-0.02,-0.19,2026-10-06 05:42
GHXIU,Gores Holdings XI Units,주식,NASDAQ,10.18,0.00,0.00,2026-10-06 05:42
GHY,PGIM Global High Yield Fund，Inc,주식,NYSE,10.75,-0.12,-1.10,2026-10-06 05:42
GHYB,Goldman Sachs Access High Yield Corporate Bond ETF,ETF,AMEX,43.03,0.01,0.03,2026-10-06 05:42
GHYG,iShares US & Intl High Yield Corp Bond ETF,ETF,AMEX,43.28,0.04,0.09,2026-10-06 05:42
GIAX,Nicholas Global Equity and Income ETF,ETF,AMEX,16.43,0.13,0.80,2026-10-06 05:42
GIB,CGI,주식,NYSE,71.06,0.87,1.24,2026-10-06 05:42
GIBO,지보 홀딩스,주식,NASDAQ,35.77,3.32,10.24,2026-10-06 05:42
GIC,글로벌 인더스트리얼,주식,NYSE,43.58,-0.03,-0.07,2026-10-06 05:42
GIEQ,Goldman Sachs Data Enhanced International Eqty ETF,ETF,NASDAQ,41.54,0.06,0.15,2026-10-06 05:42
GIFT,기프티파이,주식,NASDAQ,0.57,0.03,4.55,2026-10-06 05:42
GIGB,Goldman Sachs Access Investment Grade Corp Bd ETF,ETF,AMEX,43.38,0.02,0.05,2026-10-06 05:42
GIGL,Goldman Sachs Corporate Bond ETF,ETF,AMEX,47.73,0.00,0.00,2026-10-06 05:42
GIGM,기가미디어,주식,NASDAQ,1.40,-0.03,-2.34,2026-10-06 05:42
GII,State Street SPDR S&P Global Infrastructure ETF,ETF,AMEX,70.52,0.33,0.47,2026-10-06 05:42
GIII,G-III 어패럴 그룹,주식,NASDAQ,26.99,-0.38,-1.39,2026-10-06 05:42
GIL,질단 액티브웨어,주식,NYSE,40.68,-0.32,-0.78,2026-10-06 05:42
GILD,길리어드 사이언시스,주식,NASDAQ,144.63,-0.11,-0.08,2026-10-06 05:42
GILT,길라트 새털라이트 네트웍스,주식,NASDAQ,9.40,-0.63,-6.28,2026-10-06 05:42
GINC,Goldman Sachs Income ETF,ETF,AMEX,48.44,0.06,0.12,2026-10-06 05:42
GIND,Goldman Sachs India Equity ETF,ETF,NASDAQ,23.48,0.06,0.24,2026-10-06 05:42
GINN,Goldman Sachs Innovate Equity ETF,ETF,AMEX,81.92,0.81,1.00,2026-10-06 05:42
GINX,SGI Enhanced Global Income ETF,ETF,NASDAQ,35.42,0.11,0.31,2026-10-06 05:42
GIPR,제네레이션 인컴 프로퍼티스,주식,NASDAQ,0.42,-0.02,-4.91,2026-10-06 05:42
GIS,제너럴 밀즈,주식,NYSE,31.68,-0.33,-1.03,2026-10-06 05:42
GISC,Guggenheim Securitized Income ETF,ETF,AMEX,49.18,-0.02,-0.05,2026-10-06 05:42
GITS,글로벌 인터랙티브 테크놀로지스,주식,NASDAQ,1.71,-0.10,-5.52,2026-10-06 05:42
GIW,긱캐피탈8,주식,NASDAQ,10.18,-0.01,-0.05,2026-10-06 05:42
GIWWR,GigCapital8 Rights Exp 30th Sep 2030,주식,NASDAQ,0.28,0.01,3.70,2026-10-06 05:42
GIWWU,Gigcapital8 Units,주식,NASDAQ,10.59,0.00,0.00,2026-10-06 05:42
GIX,기그캐피탈9,주식,NASDAQ,10.01,0.00,0.00,2026-10-06 05:42
GIXI,긱스 인터넷,주식,NASDAQ,4.27,-0.09,-2.06,2026-10-06 05:42
GIXXR,GigCapital9 Rights,주식,NASDAQ,0.26,0.00,0.00,2026-10-06 05:42
GIXXU,GigCapital9 Units,주식,NASDAQ,10.21,0.00,0.00,2026-10-06 05:42
GJAN,FT Vest US Equity Moderate Buffer ETF - Jan,ETF,AMEX,46.32,0.07,0.15,2026-10-06 05:42
GJH,스트라츠 트러스트 US 셀룰러 우선주 시리즈 2046-6 6.375%,주식,NYSE,9.32,0.00,0.00,2026-10-06 05:42
GJO,스트라츠 SM 트러스트 월마트 우선주 시리즈 2005-4,주식,NYSE,24.62,0.00,0.00,2026-10-06 05:42
GJP,스트라츠 SM 트러스트- 도미니언 리소시스 우선주,주식,NYSE,24.40,0.00,0.00,2026-10-06 05:42
GJR,스트라츠 트러스트 -프록터 앤 갬블 우선주 시리즈 2006-1,주식,NYSE,24.10,0.30,1.26,2026-10-06 05:42
GJS,스트라츠 트러스트 ABS - 골드만삭스 우선주,주식,NYSE,23.19,0.20,0.87,2026-10-06 05:42
GJT,스트라츠 트러스트 ABS - 올스테이트,주식,NYSE,23.25,0.15,0.65,2026-10-06 05:42
GJUL,FT Vest US Equity Moderate Buffer ETF - Jul,ETF,AMEX,44.81,0.05,0.11,2026-10-06 05:42
GJUN,FT Vest US Equity Moderate Buffer ETF - Jun,ETF,AMEX,42.25,0.10,0.23,2026-10-06 05:42
GK,AdvisorShares Gerber Kawasaki ETF,ETF,AMEX,29.43,0.08,0.28,2026-10-06 05:42
GKAT,Scharf Global Opportunity ETF,ETF,NASDAQ,44.43,0.45,1.01,2026-10-06 05:42
GKOS,글라우코스,주식,NYSE,164.01,0.26,0.16,2026-10-06 05:42
GL,글로브 라이프,주식,NYSE,165.92,0.57,0.34,2026-10-06 05:42
GLAD,글래드스톤 캐피털,주식,NASDAQ,19.12,-0.03,-0.16,2026-10-06 05:42
GLAM,Corgi Beauty  Skincare & Aesthetics ETF,ETF,AMEX,27.90,0.28,1.03,2026-10-06 05:42
GLAS,글래스 하우스 브랜즈,주식,NYSE,5.35,-0.14,-2.55,2026-10-06 05:42
GLBE,글로벌E 온라인,주식,NASDAQ,39.76,0.45,1.14,2026-10-06 05:42
GLBL,Pacer MSCI World Industry Advantage ETF,ETF,AMEX,28.98,0.09,0.31,2026-10-06 05:42
GLBS,글로버스 마리타임,주식,NASDAQ,3.38,-0.12,-3.43,2026-10-06 05:42
GLCR,GlacierShares Nasdaq Iceland ETF,ETF,NASDAQ,23.73,0.08,0.35,2026-10-06 05:42
GLD,SPDR Gold Shares,ETF,AMEX,379.55,-0.59,-0.16,2026-10-06 05:42
GLDB,IDX Alternative FIAT ETF,ETF,NASDAQ,22.53,0.18,0.78,2026-10-06 05:42
GLDG,골드마이닝,주식,AMEX,0.91,-0.03,-3.38,2026-10-06 05:42
GLDI,Ubs Ag Etracs Gold Shares Covered Call ETN Exp 02 Feb 2033,ETF,NASDAQ,139.80,-0.77,-0.54,2026-10-06 05:42
GLDM,SPDR Gold MiniShares Trust,ETF,AMEX,81.90,-0.15,-0.18,2026-10-06 05:42
GLDN,Nicholas Gold Income ETF,ETF,AMEX,15.40,0.02,0.10,2026-10-06 05:42
GLDW,Roundhill Gold WeeklyPay,ETF,AMEX,39.01,-0.08,-0.20,2026-10-06 05:42
GLE,글로벌 엔진 그룹 홀딩,주식,NASDAQ,0.43,-0.01,-2.50,2026-10-06 05:42
GLED,갤럭시엣지 애퀴지션,주식,NYSE,10.06,0.02,0.15,2026-10-06 05:42
GLED.U,GalaxyEdge Acquisition Units,주식,NYSE,10.25,0.00,0.00,2026-10-06 05:42
GLGG,Leverage Shares 2X Long GLXY Daily ETF,ETF,NASDAQ,4.06,-0.15,-3.49,2026-10-06 05:42
GLIBA,리버티 캐피탈 Series A,주식,NASDAQ,23.61,0.45,1.94,2026-10-06 05:42
GLIBK,리버티 캐피탈 Series C,주식,NASDAQ,23.55,0.31,1.33,2026-10-06 05:42
GLIN,VanEck India Growth Leaders ETF,ETF,AMEX,42.99,0.13,0.31,2026-10-06 05:42
GLIX,Lazard Listed Infrastructure ETF,ETF,AMEX,25.33,-0.06,-0.24,2026-10-06 05:42
GLL,ProShares UltraShort Gold,ETF,AMEX,25.16,0.10,0.40,2026-10-06 05:42
GLND,그린란드 에너지,주식,NASDAQ,3.71,-0.02,-0.54,2026-10-06 05:42
GLNG,골라 LNG,주식,NASDAQ,49.74,0.53,1.08,2026-10-06 05:42
GLNK,Grayscale Chainlink Trust ETF,ETF,AMEX,12.33,0.31,2.58,2026-10-06 05:42
GLO,Clough Global Opportunities Closed Fund,주식,AMEX,5.42,0.00,0.00,2026-10-06 05:42
GLOB,글로번트,주식,NYSE,35.75,0.65,1.85,2026-10-06 05:42
GLOF,iShares Global Equity Factor ETF,ETF,AMEX,61.49,0.40,0.65,2026-10-06 05:42
GLOO,글루 홀딩스,주식,NASDAQ,4.16,0.04,0.97,2026-10-06 05:42
GLOW,VictoryShares WestEnd Global Equity ETF,ETF,NASDAQ,34.74,0.17,0.49,2026-10-06 05:42
GLP,Global Partners Units,주식,NYSE,46.46,-0.44,-0.94,2026-10-06 05:42
GLPI,게이밍 & 레저 프로퍼티스,주식,NASDAQ,37.91,0.23,0.61,2026-10-06 05:42
GLQ,Clough Global Equity Closed Fund,주식,AMEX,7.57,-0.03,-0.39,2026-10-06 05:42
GLRE,그린라이트 캐피털 리,주식,NASDAQ,14.74,-0.01,-0.07,2026-10-06 05:42
GLRY,Inspire Growth ETF,ETF,AMEX,38.65,0.00,0.00,2026-10-06 05:42
GLSI,그리니치 라이프사이언스,주식,NASDAQ,16.91,-0.07,-0.41,2026-10-06 05:42
GLTR,abrdn Physical Precious Metals Basket Shares ETF,ETF,AMEX,186.47,0.32,0.17,2026-10-06 05:42
GLU,Gabelli Global Utility and Income Closed Fund,주식,AMEX,17.66,0.21,1.20,2026-10-06 05:42
GLUE,몬테 로사 테라퓨틱스,주식,NASDAQ,10.27,-0.23,-2.19,2026-10-06 05:42
GLV,Clough Global Dividend and Income Fund,주식,AMEX,5.80,0.01,0.17,2026-10-06 05:42
GLW,코닝,주식,NYSE,159.37,-4.82,-2.94,2026-10-06 05:42
GLWG,Leverage Shares 2X Long GLW Daily ETF,ETF,NASDAQ,14.03,-0.96,-6.40,2026-10-06 05:42
GLX,Corgi GLXY 2x Daily ETF,ETF,AMEX,12.32,-0.36,-2.83,2026-10-06 05:42
GLXG,갤럭시 페이롤 그룹,주식,NASDAQ,0.99,-0.01,-0.51,2026-10-06 05:42
GLXU,T REX 2X Long GLXY Daily Target ETF,ETF,AMEX,4.76,-0.20,-4.03,2026-10-06 05:42
GLXY,갤럭시 디지털 홀딩스,주식,NASDAQ,22.65,-0.41,-1.78,2026-10-06 05:42
GM,제너럴 모터스,주식,NYSE,80.23,1.96,2.50,2026-10-06 05:42
GMAB,젠맵 ADR,주식,NASDAQ,38.48,3.73,10.73,2026-10-06 05:42
GMAR,FT Vest US Equity Moderate Buffer ETF - Mar,ETF,AMEX,45.39,0.03,0.07,2026-10-06 05:42
GMAY,FT Vest US Equity Moderate Buffer ETF - May,ETF,AMEX,44.21,0.09,0.20,2026-10-06 05:42
GME,게임스탑,주식,NYSE,25.24,0.54,2.19,2026-10-06 05:42
GMEC,Corgi GME 2x Daily ETF,ETF,AMEX,30.34,1.50,5.19,2026-10-06 05:42
GMED,글로부스 메디컬,주식,NYSE,76.57,0.97,1.28,2026-10-06 05:42
GMEU,T-Rex 2X Long GME Daily Target ETF,ETF,AMEX,9.45,0.42,4.65,2026-10-06 05:42
GMEX,GMEX 로보틱스,주식,NASDAQ,2.31,-0.14,-5.71,2026-10-06 05:42
GMEY,YieldMax GME Option Income Strategy ETF,ETF,AMEX,25.69,0.50,1.98,2026-10-06 05:42
GMF,State Street SPDR S&P Emerging Asia Pacific ETF,ETF,AMEX,159.53,2.42,1.54,2026-10-06 05:42
GMHS,게임하우스 홀딩스,주식,NASDAQ,0.60,-0.01,-1.66,2026-10-06 05:42
GMM,글로벌 모피 AI,주식,NASDAQ,1.74,-0.07,-3.87,2026-10-06 05:42
GMMA,GammaRoad Market Navigation ETF,ETF,AMEX,22.07,0.09,0.41,2026-10-06 05:42
GMMF,iShares Government Money Market ETF,ETF,NYSE,100.30,0.01,0.01,2026-10-06 05:42
GMNY,Goldman Sachs Dynamic New York Municipal Inc ETF,ETF,AMEX,47.82,0.11,0.22,2026-10-06 05:42
GMOC,GMO Ultra-Short Income ETF,ETF,AMEX,50.06,-0.02,-0.03,2026-10-06 05:42
GMOD,GMO Dynamic Allocation ETF,ETF,AMEX,27.53,0.08,0.29,2026-10-06 05:42
GMOI,GMO International Value ETF,ETF,AMEX,39.34,-0.05,-0.11,2026-10-06 05:42
GMOM,Cambria Global Momentum ETF,ETF,AMEX,38.42,0.25,0.65,2026-10-06 05:42
GMOV,GMO US Value ETF,ETF,AMEX,31.67,0.09,0.27,2026-10-06 05:42
GMRS,GMR 솔루션스,주식,NYSE,9.98,0.09,0.91,2026-10-06 05:42
GMTL,가디언 메탈 리소시스 ADR,주식,AMEX,8.55,-0.08,-0.93,2026-10-06 05:42
GMUB,Goldman Sachs Municipal Income ETF,ETF,AMEX,48.83,-0.10,-0.20,2026-10-06 05:42
GNE,지니 에너지,주식,NYSE,16.11,-0.32,-1.95,2026-10-06 05:42
GNK,젠코 시핑 & 트레이딩,주식,NYSE,27.60,-0.07,-0.25,2026-10-06 05:42
GNL,글로벌 네트 리스,주식,NYSE,8.14,-0.11,-1.33,2026-10-06 05:42
GNLN,그린레인 홀딩스,주식,NASDAQ,3.50,0.84,31.58,2026-10-06 05:42
GNLX,제네룩스,주식,NASDAQ,2.60,0.04,1.56,2026-10-06 05:42
GNMA,iShares GNMA Bond ETF,ETF,NASDAQ,41.60,-0.09,-0.22,2026-10-06 05:42
GNMX,Corgi Genomics & Precision Medicine ETF,ETF,AMEX,39.20,1.47,3.90,2026-10-06 05:42
GNOM,Global X Genomics And Biotechnology ETF,ETF,NASDAQ,72.30,2.68,3.85,2026-10-06 05:42
GNOV,FT Vest US Equity Moderate Buffer ETF - Nov,ETF,AMEX,43.05,0.05,0.12,2026-10-06 05:42
GNPX,젠프렉스,주식,NASDAQ,2.72,0.09,3.42,2026-10-06 05:42
GNR,State Street SPDR S&P Global Nat Resources ETF,ETF,AMEX,74.78,0.35,0.47,2026-10-06 05:42
GNRC,제네락 홀딩스,주식,NYSE,215.20,-1.60,-0.74,2026-10-06 05:42
GNS,지니어스 그룹,주식,AMEX,0.16,0.01,8.72,2026-10-06 05:42
GNSS,제나시스,주식,NASDAQ,1.43,-0.02,-1.38,2026-10-06 05:42
GNT,GAMCO Natural Resources Gold & Income Trust,주식,NYSE,8.53,0.04,0.47,2026-10-06 05:42
GNTA,제넨타 사이언스 ADR,주식,NASDAQ,0.73,-0.02,-2.01,2026-10-06 05:42
GNTX,젠텍스,주식,NASDAQ,21.91,-0.17,-0.77,2026-10-06 05:42
GNW,젠워스 파이낸셜,주식,NYSE,9.59,0.04,0.42,2026-10-06 05:42
GO,그로서리 아울렛 홀딩스,주식,NASDAQ,11.42,-0.20,-1.72,2026-10-06 05:42
GOAI,에바 라이브,주식,NASDAQ,1.82,0.01,0.55,2026-10-06 05:42
GOAU,US Global GO GOLD and Precious Metal Miners ETF,ETF,AMEX,42.91,-0.06,-0.14,2026-10-06 05:42
GOCT,FT Vest US Equity Moderate Buffer ETF - Oct,ETF,AMEX,42.84,0.04,0.09,2026-10-06 05:42
GOEX,Global X Gold Explorers ETF,ETF,AMEX,81.97,-0.07,-0.08,2026-10-06 05:42
GOF,Guggenheim Strategic Opportunities Mutual Fund,주식,NYSE,8.60,-0.14,-1.60,2026-10-06 05:42
GOGL,Corgi GOOGL 2x Daily ETF,ETF,AMEX,23.92,0.28,1.18,2026-10-06 05:42
GOGO,고고,주식,NASDAQ,2.14,0.03,1.42,2026-10-06 05:42
GOIB,Direxion GOOGL Defined Income Boost ETF,ETF,AMEX,24.47,0.23,0.95,2026-10-06 05:42
GOLD,골드닷컴,주식,NYSE,41.64,-0.65,-1.54,2026-10-06 05:42
GOLF,아쿠쉬네트 홀딩스,주식,NYSE,83.39,-0.26,-0.31,2026-10-06 05:42
GOLI,Defiance Gold Enhanced Options Income ETF,ETF,NASDAQ,12.12,0.03,0.29,2026-10-06 05:42
GOLS,Gabelli Opportunities in Live and Sports ETF,ETF,AMEX,25.40,0.01,0.03,2026-10-06 05:42
GOLY,Strategy Shares Gold Enhanced Yield ETF,ETF,AMEX,24.01,-0.01,-0.04,2026-10-06 05:42
GOOD,글래드스톤 커머셜,주식,NASDAQ,12.79,-0.15,-1.16,2026-10-06 05:42
GOODN,글래드스톤 커머셜 우선주 시리즈 E 6.625%,주식,NASDAQ,20.06,-0.50,-2.43,2026-10-06 05:42
GOODO,글래드스톤 커머셜 우선주 시리즈 G 6.00%,주식,NASDAQ,18.34,-0.30,-1.58,2026-10-06 05:42
GOOG,알파벳 Class C,주식,NASDAQ,343.83,3.48,1.02,2026-10-06 05:42
GOOGL,알파벳 Class A,주식,NASDAQ,346.47,2.97,0.86,2026-10-06 05:42
GOOGM,알파벳 우선주 6.25% Series A,주식,NASDAQ,49.24,0.28,0.57,2026-10-06 05:42
GOOGN,알파벳 우선주 6.25% Series B,주식,NASDAQ,48.85,0.26,0.54,2026-10-06 05:42
GOOL,Leverage Shares 2X Long GOOGL Daily ETF,ETF,AMEX,12.63,0.18,1.41,2026-10-06 05:42
GOOP,Kurv Yield Premium Strategy Google GOOGL ETF,ETF,AMEX,35.93,0.30,0.86,2026-10-06 05:42
GOOS,캐나다 구스 홀딩스,주식,NYSE,7.62,-0.04,-0.52,2026-10-06 05:42
GOOW,Roundhill GOOGL WeeklyPay ETF,ETF,AMEX,59.23,0.56,0.95,2026-10-06 05:42
GOOX,T-Rex 2X Long Alphabet Daily Target ETF,ETF,AMEX,71.85,1.38,1.96,2026-10-06 05:42
GOOY,YieldMax GOOGL Option Income Strategy ETF,ETF,AMEX,12.07,0.10,0.84,2026-10-06 05:42
GOP,Subversive Congressional Republicans Trading ETF,ETF,AMEX,45.45,0.09,0.20,2026-10-06 05:42
GORO,골드그룹 마이닝,주식,AMEX,3.25,-0.01,-0.31,2026-10-06 05:42
GOSS,고사머 바이오,주식,NASDAQ,10.65,-0.06,-0.56,2026-10-06 05:42
GOTU,카오투 테크에듀 ADR,주식,NYSE,2.53,-0.02,-0.78,2026-10-06 05:42
GOU,GraniteShares 2x Long GOOGL Daily ETF,ETF,NASDAQ,25.40,0.35,1.41,2026-10-06 05:42
GOVI,Invesco Equal Weight 0-30 Year Treasury ETF,ETF,NASDAQ,25.19,-0.07,-0.26,2026-10-06 05:42
GOVM,iShares 1-10 Year Treasury Bond ETF,ETF,AMEX,24.31,-0.02,-0.06,2026-10-06 05:42
GOVT,iShares US Treasury Bond ETF,ETF,AMEX,21.79,-0.02,-0.09,2026-10-06 05:42
GOVX,지오박스 랩스,주식,NASDAQ,0.32,0.00,-0.06,2026-10-06 05:42
GOVZ,iShares 25+ Year Treasury STRIPS Bond ETF,ETF,AMEX,30.41,-0.29,-0.94,2026-10-06 05:42
GOW,인플렉션 포인트 애퀴지션 V,주식,NASDAQ,4.33,0.46,11.89,2026-10-06 05:42
GP,그린파워 모터 컴퍼니,주식,NASDAQ,0.56,0.00,0.12,2026-10-06 05:42
GPAC,제너럴 퍼포스 애퀴지션,주식,NASDAQ,10.10,0.00,0.00,2026-10-06 05:42
GPACU,General Purpose Acquisition Units,주식,NASDAQ,10.20,0.00,0.00,2026-10-06 05:42
GPAT,GP-Act III 애퀴지션,주식,NASDAQ,11.11,0.08,0.69,2026-10-06 05:42
GPATU,GP Act III Acquisition Units,주식,NASDAQ,10.99,0.00,0.00,2026-10-06 05:42
GPC,제뉴인 파츠,주식,NYSE,126.24,-1.00,-0.79,2026-10-06 05:42
GPCR,스트럭처 테라퓨틱스 ADR,주식,NASDAQ,27.59,-0.08,-0.29,2026-10-06 05:42
GPGI,GPGI,주식,NYSE,12.98,0.08,0.62,2026-10-06 05:42
GPI,그룹 원 오토모티브,주식,NYSE,241.44,-8.40,-3.36,2026-10-06 05:42
GPIQ,Goldman Sachs Nasdaq-100 Premium Income ETF,ETF,NASDAQ,58.41,0.39,0.67,2026-10-06 05:42
GPIX,Goldman Sachs S&P 500 Premium Income ETF,ETF,NASDAQ,56.22,0.34,0.61,2026-10-06 05:42
GPJA,Georgia Power 5 Junior Subordinated Notes Exp 1 Oct 2077 Series 2017A,주식,NYSE,19.20,-0.01,-0.05,2026-10-06 05:42
GPK,그래픽 패키징 홀딩,주식,NYSE,8.61,-0.17,-1.94,2026-10-06 05:42
GPMT,그래니트 모인트 모기지 트러스트,주식,NYSE,0.74,-0.02,-2.31,2026-10-06 05:42
GPN,글로벌 페이먼츠,주식,NYSE,82.18,3.80,4.85,2026-10-06 05:42
GPOR,걸프포트 에너지,주식,NYSE,157.84,3.44,2.23,2026-10-06 05:42
GPRE,그린 플레인스,주식,NASDAQ,15.15,-0.08,-0.53,2026-10-06 05:42
GPRF,Goldman Sachs Access US Preferred Stock and HS ETF,ETF,NASDAQ,47.75,-0.11,-0.23,2026-10-06 05:42
GPRK,지오파크,주식,NYSE,11.28,0.43,3.96,2026-10-06 05:42
GPRO,고프로,주식,NASDAQ,1.36,0.01,0.74,2026-10-06 05:42
GPT,Intelligent Alpha Atlas ETF,ETF,NASDAQ,35.45,0.66,1.91,2026-10-06 05:42
GPTY,YieldMax AI & Tech Portfolio Option Income ETF,ETF,AMEX,43.37,0.15,0.35,2026-10-06 05:42
GPUS,하이퍼스케일 데이터,주식,AMEX,0.16,-0.01,-3.00,2026-10-06 05:42
GPZ,VanEck Alternative Asset Manager ETF,ETF,AMEX,21.33,-0.04,-0.19,2026-10-06 05:42
GQGU,GQG US Equity ETF,ETF,AMEX,26.84,0.06,0.21,2026-10-06 05:42
GQI,Natixis Gateway Quality Income ETF,ETF,AMEX,61.07,0.46,0.76,2026-10-06 05:42
GQQQ,Astoria US Quality Growth Kings ETF,ETF,NASDAQ,36.64,0.24,0.65,2026-10-06 05:42
GQRE,Northern Trust Global Quality Real Estate ETF,ETF,AMEX,58.69,-0.21,-0.35,2026-10-06 05:42
GRAB,그랩 홀딩스,주식,NASDAQ,3.17,0.09,2.92,2026-10-06 05:42
GRAG,Leverage Shares 2X Long GRAB Daily ETF,ETF,NASDAQ,4.45,0.16,3.72,2026-10-06 05:42
GRAL,그레일,주식,NASDAQ,154.08,10.82,7.55,2026-10-06 05:42
GRAN,그란데 그룹,주식,NASDAQ,1.06,0.12,12.77,2026-10-06 05:42
GRBK,그린 브릭 파트너스,주식,NYSE,65.47,-1.19,-1.79,2026-10-06 05:42
GRC,고먼-러프,주식,NYSE,77.55,0.29,0.38,2026-10-06 05:42
GRCE,그레이스 테라퓨틱스,주식,NASDAQ,2.06,-0.01,-0.48,2026-10-06 05:42
GRDN,가디언 파마시 서비시스,주식,NYSE,42.10,-0.28,-0.66,2026-10-06 05:42
GRDX,엔테로 테라퓨틱스,주식,NASDAQ,3.83,0.02,0.52,2026-10-06 05:42
GREEL,벌컨 인프라스트럭처 앤 파워 선순위 채권 8.500% 만기 2026년,주식,NASDAQ,25.38,0.07,0.26,2026-10-06 05:42
GREK,Global X MSCI Greece ETF,ETF,AMEX,82.54,0.07,0.08,2026-10-06 05:42
GRF,Eagle Capital Growth Fund,주식,AMEX,9.86,-0.30,-2.94,2026-10-06 05:42
GRFS,그리폴스 ADR,주식,NASDAQ,7.41,0.10,1.37,2026-10-06 05:42
GRI,GRI 바이오,주식,NASDAQ,1.91,-0.05,-2.55,2026-10-06 05:42
GRID,First Trust NASDAQ Cln Edge Smart Grid Infra Ix Fd,ETF,NASDAQ,182.11,-0.80,-0.44,2026-10-06 05:42
GRIN,VictoryShares International Free Cash Flow Gr ETF,ETF,NASDAQ,33.06,-0.04,-0.12,2026-10-06 05:42
GRML,그린랜드 마인스,주식,NASDAQ,7.34,-0.54,-6.85,2026-10-06 05:42
GRMN,가민,주식,NYSE,285.52,4.36,1.55,2026-10-06 05:42
GRN,iPathA Series B Carbon ETN,주식,AMEX,33.48,0.03,0.10,2026-10-06 05:42
GRNB,VanEck Green Bond ETF,ETF,AMEX,23.21,0.05,0.22,2026-10-06 05:42
GRND,그라인더,주식,NYSE,13.54,0.11,0.82,2026-10-06 05:42
GRNI,Fundstrat Granny Shots US Large Cap & Income ETF,ETF,AMEX,21.32,0.11,0.52,2026-10-06 05:42
GRNJ,Fundstrat Granny Shots US Small- & Mid-Cap ETF,ETF,AMEX,30.28,-0.04,-0.13,2026-10-06 05:42
GRNQ,그린프로 캐피털,주식,NASDAQ,8.69,0.21,2.48,2026-10-06 05:42
GRNT,그래나이트 릿지 리소시스,주식,NYSE,4.51,0.04,0.89,2026-10-06 05:42
GRNY,Fundstrat Granny Shots US Large Cap ETF,ETF,AMEX,28.51,0.19,0.67,2026-10-06 05:42
GRO,브라질 포태시,주식,AMEX,2.25,0.10,4.65,2026-10-06 05:42
GROV,그로브 콜라보레이티브 홀딩스,주식,NYSE,1.04,0.00,0.00,2026-10-06 05:42
GROW,US 글로벌 인베스터스,주식,NASDAQ,2.90,0.04,1.40,2026-10-06 05:42
GROY,골드 로열티,주식,AMEX,2.94,-0.03,-1.01,2026-10-06 05:42
GROZ,Zacks Focus Growth ETF,ETF,AMEX,34.49,0.23,0.69,2026-10-06 05:42
GRPM,Invesco S&P MidCap 400 GARP ETF,ETF,AMEX,138.03,1.18,0.86,2026-10-06 05:42
GRPN,그루폰,주식,NASDAQ,19.71,0.40,2.07,2026-10-06 05:42
GRPZ,Invesco S&P SmallCap 600 GARP ETF,ETF,AMEX,30.86,0.22,0.72,2026-10-06 05:42
GRRR,고릴라 테크놀로지 그룹,주식,NASDAQ,12.25,-0.92,-6.99,2026-10-06 05:42
GRSD,그랜드스탠드,주식,NASDAQ,1.55,0.04,2.65,2026-10-06 05:42
GRVY,그라비티 ADR,주식,NASDAQ,68.17,-0.33,-0.48,2026-10-06 05:42
GRW,TCW Durable Growth ETF,ETF,NASDAQ,31.42,0.22,0.71,2026-10-06 05:42
GRWG,그로우제너레이션,주식,NASDAQ,1.56,-0.01,-0.64,2026-10-06 05:42
GRX,Gabelli Healthcare & WellnessRx Trust,주식,NYSE,9.39,0.02,0.16,2026-10-06 05:42
GS,골드만삭스,주식,NYSE,893.46,-9.10,-1.01,2026-10-06 05:42
GSAT,글로벌스타,주식,NASDAQ,83.54,0.32,0.38,2026-10-06 05:42
GSBC,그레이트 서던 뱅코프,주식,NASDAQ,79.47,0.20,0.25,2026-10-06 05:42
GSBD,골드만삭스 BDC,주식,NYSE,9.05,-0.02,-0.22,2026-10-06 05:42
GSC,Goldman Sachs Small Cap Equity ETF,ETF,AMEX,63.38,0.15,0.23,2026-10-06 05:42
GSEE,Goldman Sachs MarketBeta Emerging Markets Eqty ETF,ETF,AMEX,70.71,1.11,1.59,2026-10-06 05:42
GSEP,FT Vest US Equity Moderate Buffer ETF - Sep,ETF,AMEX,42.43,0.11,0.26,2026-10-06 05:42
GSEU,Goldman Sachs ActiveBeta Europe Equity ETF,ETF,AMEX,47.36,-0.10,-0.21,2026-10-06 05:42
GSEW,Goldman Sachs Equal Weight Us Large Cap Equity ETF,ETF,AMEX,94.75,0.55,0.58,2026-10-06 05:42
GSG,iShares S&P GSCI Commodity-Indexed Trust ETF,ETF,AMEX,35.45,-0.28,-0.78,2026-10-06 05:42
GSGO,Goldman Sachs Growth Opportunities ETF,ETF,NASDAQ,46.53,0.38,0.81,2026-10-06 05:42
GSHD,구스헤드 인슈어런스,주식,NASDAQ,46.19,0.68,1.49,2026-10-06 05:42
GSHR,게셔 애퀴지션 II,주식,NASDAQ,10.58,0.00,0.00,2026-10-06 05:42
GSHRU,Gesher Acquisition II Units,주식,NASDAQ,10.61,0.00,0.00,2026-10-06 05:42
GSIB,Themes Global Systemically Important Banks ETF,ETF,NASDAQ,61.49,0.29,0.47,2026-10-06 05:42
GSID,Goldman Sachs MarketBeta International Equity ETF,ETF,AMEX,75.17,0.26,0.35,2026-10-06 05:42
GSIE,Goldman Sachs ActiveBeta International Equity ETF,ETF,AMEX,45.89,-0.02,-0.04,2026-10-06 05:42
GSIT,GSI 테크놀러지,주식,NASDAQ,5.64,0.03,0.53,2026-10-06 05:42
GSIW,가든 스테이지,주식,NASDAQ,9.90,0.39,4.10,2026-10-06 05:42
GSJY,Goldman Sachs ActiveBeta Japan Equity ETF,ETF,AMEX,56.73,0.27,0.48,2026-10-06 05:42
GSK,GSK,주식,NYSE,46.55,-0.48,-1.02,2026-10-06 05:42
GSKH,GSK plc ADRhedged,ETF,AMEX,66.38,-0.59,-0.88,2026-10-06 05:42
GSL,글로벌 십 리스,주식,NYSE,45.86,0.07,0.15,2026-10-06 05:42
GSLC,Goldman Sachs ActiveBeta US Large Cap Equity ETF,ETF,AMEX,147.53,1.08,0.74,2026-10-06 05:42
GSM,페로글로브,주식,NASDAQ,4.38,0.12,2.82,2026-10-06 05:42
GSOL,Grayscale Solana Staking ETF,ETF,AMEX,9.10,0.17,1.94,2026-10-06 05:42
GSPY,Gotham Enhanced 500 ETF,ETF,AMEX,42.82,0.22,0.51,2026-10-06 05:42
GSRF,GSR IV 애퀴지션,주식,NASDAQ,10.27,0.01,0.05,2026-10-06 05:42
GSRFR,GSR IV Acquisition Rights Exp 22nd Aug 2030,주식,NASDAQ,2.26,0.00,0.00,2026-10-06 05:42
GSRFU,GSR IV Acquisition Units,주식,NASDAQ,10.58,0.00,0.00,2026-10-06 05:42
GSRV,GSR V 애퀴지션,주식,NASDAQ,9.89,0.00,0.00,2026-10-06 05:42
GSRVR,GSR V Acquisition Rights Exp 12th May 2031,주식,NASDAQ,1.52,-0.07,-4.40,2026-10-06 05:42
GSRVU,GSR V Acquisition Units,주식,NASDAQ,10.11,0.00,0.00,2026-10-06 05:42
GSSC,Goldman Sachs ActiveBeta US Small Cap Equity ETF,ETF,AMEX,87.44,0.57,0.66,2026-10-06 05:42
GSST,Goldman Sachs Ultra Short Bond ETF,ETF,AMEX,50.31,0.01,0.02,2026-10-06 05:42
GSUI,Grayscale Sui Staking ETF,ETF,AMEX,17.47,1.19,7.34,2026-10-06 05:42
GSUN,골든 선 테크놀로지 그룹,주식,NASDAQ,0.22,0.00,-0.46,2026-10-06 05:42
GSUS,Goldman Sachs MarketBeta US Equity ETF,ETF,AMEX,107.23,0.73,0.69,2026-10-06 05:42
GSWO,Goldman Sachs ActiveBeta World Equity ETF,ETF,AMEX,65.39,0.28,0.43,2026-10-06 05:42
GSY,Invesco Ultra Short Duration ETF,ETF,AMEX,50.01,0.03,0.06,2026-10-06 05:42
GT,굿이어 타이어 & 러버,주식,NASDAQ,4.68,-0.16,-3.31,2026-10-06 05:42
GTBP,GT 바이오파마,주식,NASDAQ,6.16,0.06,0.98,2026-10-06 05:42
GTE,그랜 티에라 에너지,주식,AMEX,10.48,0.04,0.38,2026-10-06 05:42
GTEC,그린랜드 테크놀로지 홀딩,주식,NASDAQ,0.79,-0.02,-2.09,2026-10-06 05:42
GTEK,Goldman Sachs Future Tech Leaders Equity ETF,ETF,AMEX,61.88,0.83,1.36,2026-10-06 05:42
GTEN,고어스 홀딩스 X,주식,NASDAQ,10.47,0.00,0.00,2026-10-06 05:42
GTENU,Gores Holdings X Units,주식,NASDAQ,10.65,0.00,0.00,2026-10-06 05:42
GTERA,글로바 테라 애퀴지션,주식,NASDAQ,10.45,0.00,0.00,2026-10-06 05:42
GTERR,Globa Terra Acquisition Rights Exp 17 June 2030,주식,NASDAQ,0.06,-0.01,-7.69,2026-10-06 05:42
GTERU,Globa Terra Acquisition Units,주식,NASDAQ,10.45,0.00,0.00,2026-10-06 05:42
GTES,게이츠 인더스트리얼,주식,NYSE,27.81,0.16,0.58,2026-10-06 05:42
GTIM,굿 타임스 레스토란츠,주식,NASDAQ,1.48,-0.02,-1.33,2026-10-06 05:42
GTIP,Goldman Sachs Access Inflation Protected USD Bond,ETF,AMEX,46.23,-0.06,-0.13,2026-10-06 05:42
GTLB,깃랩,주식,NASDAQ,51.50,1.72,3.46,2026-10-06 05:42
GTM,줌인포 테크놀로지스,주식,NASDAQ,3.75,0.04,1.08,2026-10-06 05:42
GTN,그레이 미디어,주식,NYSE,4.63,0.09,1.98,2026-10-06 05:42
GTN.A,그레이 미디어 Class A,주식,NYSE,4.94,-0.26,-5.00,2026-10-06 05:42
GTND,Goaltender ETF,ETF,AMEX,26.21,0.18,0.71,2026-10-06 05:42
GTO,Invesco Total Return Bond ETF,ETF,AMEX,44.51,-0.07,-0.16,2026-10-06 05:42
GTOC,Invesco Core Fixed Income ETF,ETF,AMEX,23.87,-0.03,-0.12,2026-10-06 05:42
GTOH,Invesco Short Duration High Yield ETF,ETF,AMEX,24.67,0.03,0.12,2026-10-06 05:42
GTOP,Goldman Sachs Technology Opportunities ETF,ETF,NASDAQ,52.72,0.46,0.88,2026-10-06 05:42
GTOQ,Invesco High Yield Systematic Bond ETF,ETF,NASDAQ,21.57,0.02,0.09,2026-10-06 05:42
GTOS,Invesco Short Duration Total Return Bond ETF,ETF,AMEX,24.64,0.00,0.02,2026-10-06 05:42
GTPE,Goldman Sachs MSCI World Private Eqty Ret Trck ETF,ETF,NASDAQ,61.26,-0.23,-0.37,2026-10-06 05:42
GTR,WisdomTree Target Range Fund,ETF,NASDAQ,27.55,0.09,0.34,2026-10-06 05:42
GTX,가렛 모션,주식,NASDAQ,26.68,-0.39,-1.44,2026-10-06 05:42
GTY,게티 리얼티,주식,NYSE,27.87,-0.33,-1.17,2026-10-06 05:42
GUAC,베르토 애퀴지션 II,주식,NASDAQ,9.92,0.00,0.00,2026-10-06 05:42
GUACU,Berto Acquisition II Units,주식,NASDAQ,10.11,0.00,0.00,2026-10-06 05:42
GUG,Guggenheim Active Allocation CEF,주식,NYSE,13.71,-0.19,-1.37,2026-10-06 05:42
GUMI,Goldman Sachs Ultra Short Municipal Income ETF,ETF,AMEX,50.06,-0.04,-0.07,2026-10-06 05:42
GUNR,Northern Trust Morningstar Glbl Upstm Ntrl Res ETF,ETF,AMEX,53.45,0.33,0.62,2026-10-06 05:42
GURE,걸프 리소시즈,주식,NASDAQ,3.09,0.08,2.49,2026-10-06 05:42
GURU,Global X Guru Index ETF,ETF,AMEX,68.44,0.55,0.81,2026-10-06 05:42
GUSA,Goldman Sachs MarketBeta US 1000 Equity ETF,ETF,AMEX,66.88,0.40,0.60,2026-10-06 05:42
GUSE,Goldman Sachs Enhanced U S Equity ETF,ETF,NASDAQ,46.47,0.33,0.71,2026-10-06 05:42
GUSH,Direxion Daily S&P Oil & Gas Exp & Prod Bl 2X ETF,ETF,AMEX,44.06,1.17,2.73,2026-10-06 05:42
GUT,Gabelli Utility Trust,주식,NYSE,5.72,-0.23,-3.87,2026-10-06 05:42
GUTS,프랙틸 헬스,주식,NASDAQ,4.56,-0.32,-6.54,2026-10-06 05:42
GVA,그래니트 컨스트럭션,주식,NYSE,118.90,-1.02,-0.85,2026-10-06 05:42
GVAL,Cambria Global Value ETF,ETF,AMEX,38.95,0.91,2.39,2026-10-06 05:42
GVH,글로바벤드 홀딩스,주식,NASDAQ,1.11,0.00,0.00,2026-10-06 05:42
GVI,iShares Intermediate Govt/Credit Bond ETF,ETF,AMEX,102.84,0.06,0.06,2026-10-06 05:42
GVIP,Goldman Sachs Hedge Industry VIP ETF,ETF,AMEX,173.88,2.44,1.42,2026-10-06 05:42
GVLE,Goldman Sachs Value Opportunities ETF,ETF,NASDAQ,47.77,0.17,0.35,2026-10-06 05:42
GVLU,Gotham 1000 Value ETF,ETF,AMEX,27.30,0.17,0.62,2026-10-06 05:42
GVUS,Goldman Sachs MarketBeta Russell 1000 Value Eq ETF,ETF,AMEX,64.25,0.23,0.37,2026-10-06 05:42
GWAV,그린웨이브 테크놀로지 솔루션스,주식,NASDAQ,2.37,0.07,2.82,2026-10-06 05:42
GWH,ESS 테크,주식,NYSE,0.16,0.00,0.00,2026-10-06 05:42
GWRE,가이드와이어 소프트웨어,주식,NYSE,163.23,11.08,7.28,2026-10-06 05:42
GWRS,글로벌 워터 리소스,주식,NASDAQ,8.01,-0.12,-1.48,2026-10-06 05:42
GWW,W W 그레인저,주식,NYSE,1286.84,6.54,0.51,2026-10-06 05:42
GWX,State Street SPDR S&P International Small Cap ETF,ETF,AMEX,45.73,-0.03,-0.07,2026-10-06 05:42
GXAI,가소스.AI,주식,NASDAQ,0.49,-0.03,-5.60,2026-10-06 05:42
GXC,State Street SPDR S&P China ETF,ETF,AMEX,86.45,1.15,1.35,2026-10-06 05:42
GXDW,Global X Dorsey Wright Thematic ETF,ETF,NASDAQ,25.54,0.34,1.34,2026-10-06 05:42
GXIG,Global X Investment Grade Corporate Bond ETF,ETF,AMEX,23.45,-0.03,-0.12,2026-10-06 05:42
GXLC,Global X US 500 ETF,ETF,AMEX,93.51,0.61,0.65,2026-10-06 05:42
GXO,GXO 로지스틱스,주식,NYSE,45.99,-0.57,-1.22,2026-10-06 05:42
GXPC,Global X PureCap MSCI Communication Services ETF,ETF,AMEX,31.05,0.38,1.24,2026-10-06 05:42
GXPD,Global X PureCap MSCI Consumer Discretionary ETF,ETF,AMEX,25.18,0.09,0.34,2026-10-06 05:42
GXPE,Global X PureCap MSCI Energy ETF,ETF,AMEX,37.21,0.30,0.82,2026-10-06 05:42
GXPS,Global X PureCap MSCI Consumer Staples ETF,ETF,AMEX,25.93,0.21,0.82,2026-10-06 05:42
GXPT,Global X PureCap MSCI Information Technology ETF,ETF,AMEX,36.21,0.29,0.81,2026-10-06 05:42
GXRP,Grayscale XRP Trust ETF,ETF,AMEX,29.06,0.57,2.00,2026-10-06 05:42
GXUS,Goldman Sachs MarketBeta Total Internatl Eqty ETF,ETF,AMEX,63.18,0.34,0.54,2026-10-06 05:42
GYGY,게임 유어 게임,주식,NASDAQ,0.53,-0.06,-10.43,2026-10-06 05:42
GYLD,Arrow Dow Jones Global Yield ETF,ETF,NYSE,13.33,0.01,0.04,2026-10-06 05:42
GYRE,자이어 테라퓨틱스,주식,NASDAQ,7.35,0.24,3.38,2026-10-06 05:42
GYRO,자이로다인,주식,NASDAQ,4.50,-0.06,-1.31,2026-10-06 05:42
H,하얏트 호텔,주식,NYSE,156.77,-2.13,-1.34,2026-10-06 05:42
HACK,Amplify Cybersecurity ETF,ETF,AMEX,124.98,1.90,1.54,2026-10-06 05:42
HACQ,HCM IV 애퀴지션,주식,NASDAQ,10.04,0.00,0.00,2026-10-06 05:42
HACQU,HCM IV Acquisition Units,주식,NASDAQ,10.15,0.00,0.00,2026-10-06 05:42
HAE,헤모네틱스,주식,NYSE,104.68,0.00,0.00,2026-10-06 05:42
HAFC,한미 파이낸셜,주식,NASDAQ,31.50,-0.17,-0.54,2026-10-06 05:42
HAFN,하프니아,주식,NYSE,10.28,0.03,0.29,2026-10-06 05:42
HAIL,State Street SPDR S&P Kensho Smart Mobility ETF,ETF,AMEX,34.33,0.12,0.35,2026-10-06 05:42
HAIN,하인 셀레셜 그룹,주식,NASDAQ,0.51,-0.01,-1.18,2026-10-06 05:42
HAKY,Amplify HACK Cybersecurity Covered Call ETF,ETF,AMEX,32.75,0.31,0.95,2026-10-06 05:42
HAL,할리버튼,주식,NYSE,32.78,0.93,2.92,2026-10-06 05:42
HALO,할로자임 테라퓨틱스,주식,NASDAQ,108.31,-1.55,-1.41,2026-10-06 05:42
HALX,Tuttle Capital Hvy Assts LO ETF,ETF,AMEX,24.67,0.07,0.29,2026-10-06 05:42
HAO,하오시 헬스 테크놀로지,주식,NASDAQ,2.64,-0.07,-2.41,2026-10-06 05:42
HAP,VanEck Natural Resources ETF,ETF,AMEX,74.02,0.26,0.35,2026-10-06 05:42
HAPI,Harbor Human Capital Factor US Large Cap ETF,ETF,AMEX,46.46,0.26,0.57,2026-10-06 05:42
HAPN,해픈,주식,NASDAQ,15.46,0.08,0.52,2026-10-06 05:42
HAPS,Harbor Human Capital Factor US Small Cap ETF,ETF,AMEX,37.19,0.28,0.77,2026-10-06 05:42
HARD,Simplify Commodities Strategy No K-1 ETF,ETF,AMEX,33.72,-0.43,-1.26,2026-10-06 05:42
HAS,해즈브로,주식,NASDAQ,92.38,2.84,3.17,2026-10-06 05:42
HASI,HA 서스테이너블 인프라 캐피털,주식,NYSE,36.31,0.04,0.11,2026-10-06 05:42
HAUG,Corgi U.S. Equities 100 Strctrd Bffr ETF - Aug S,ETF,AMEX,25.12,0.04,0.15,2026-10-06 05:42
HAUS,Residential REIT ETF,ETF,AMEX,16.71,-0.01,-0.09,2026-10-06 05:42
HAUZ,Xtrackers International Real Estate ETF,ETF,AMEX,20.85,-0.02,-0.10,2026-10-06 05:42
HAVA,하버드 에비뉴 애퀴지션,주식,NASDAQ,10.25,0.01,0.10,2026-10-06 05:42
HAVAR,Harvard Ave Acquisition Rights Expiry 03rd October 2025,주식,NASDAQ,0.13,0.00,0.00,2026-10-06 05:42
HAVAU,Harvard Ave Acquisition Units,주식,NASDAQ,10.30,0.00,0.00,2026-10-06 05:42
HAWG,HCM Hedged Equity ETF,ETF,AMEX,30.71,0.15,0.48,2026-10-06 05:42
HAWK,호크아이 360,주식,NYSE,14.38,-0.43,-2.90,2026-10-06 05:42
HAWX,iShares Currency Hedged MSCI ACWI ex US ETF,ETF,AMEX,46.06,0.24,0.52,2026-10-06 05:42
HAYW,해이워드 홀딩스,주식,NYSE,12.43,0.03,0.24,2026-10-06 05:42
HBAN,헌팅턴 뱅크셰어스,주식,NASDAQ,15.29,-0.04,-0.26,2026-10-06 05:42
HBANL,헌팅턴 뱅그셰어스 우선주 Series J,주식,NASDAQ,24.67,-0.08,-0.32,2026-10-06 05:42
HBANM,헌팅턴 뱅크셰어스 우선주 시리즈 I 5.7%,주식,NASDAQ,19.38,-0.14,-0.72,2026-10-06 05:42
HBANP,헌팅턴 뱅크셰어스 우선주 시리즈 H 4.5%,주식,NASDAQ,15.58,-0.08,-0.51,2026-10-06 05:42
HBANZ,헌팅턴 뱅크 우선주 Series L 5.50%,주식,NASDAQ,18.57,-0.03,-0.16,2026-10-06 05:42
HBB,해밀턴 비치 브랜드 홀딩,주식,NYSE,36.37,-1.62,-4.26,2026-10-06 05:42
HBCP,홈 뱅코프,주식,NASDAQ,67.37,-0.16,-0.24,2026-10-06 05:42
HBDC,Hilton BDC Corporate Bond ETF,ETF,NASDAQ,24.26,0.04,0.14,2026-10-06 05:42
HBIL,Harbor Short Term Treasury ETF,ETF,AMEX,20.03,0.01,0.05,2026-10-06 05:42
HBIO,하버드 바이오사이언스,주식,NASDAQ,8.50,0.16,1.92,2026-10-06 05:42
HBIT,Hedgeye Hedged Bitcoin ETF,ETF,AMEX,25.95,0.14,0.53,2026-10-06 05:42
HBM,허드베이 미네랄,주식,NYSE,27.26,0.06,0.22,2026-10-06 05:42
HBMX,Tuttle Capital Concentrated Memory Stack ETF,ETF,AMEX,26.17,-0.07,-0.25,2026-10-06 05:42
HBNB,호텔101 글로벌 홀딩스,주식,NASDAQ,4.55,-0.21,-4.41,2026-10-06 05:42
HBNC,호라이즌 뱅코프,주식,NASDAQ,19.24,-0.24,-1.23,2026-10-06 05:42
HBR,Canary HBAR ETF,ETF,NASDAQ,13.85,0.31,2.29,2026-10-06 05:42
HBRD,Invesco US Hybrid Bond ETF,ETF,AMEX,23.67,-0.01,-0.04,2026-10-06 05:42
HBT,HBT 파이낸셜,주식,NASDAQ,36.31,-0.03,-0.08,2026-10-06 05:42
HBTA,Horizon Expedition Plus ETF,ETF,AMEX,33.51,0.10,0.29,2026-10-06 05:42
HBTC,Fortuna Hedged Bitcoin ETF,ETF,AMEX,22.22,0.34,1.53,2026-10-06 05:42
HCA,HCA 헬스케어,주식,NYSE,434.92,8.23,1.93,2026-10-06 05:42
HCAC,홀 채드윅 애퀴지션,주식,NASDAQ,10.13,0.00,0.00,2026-10-06 05:42
HCACR,Hall Chadwick Acquisition Rights Exp 20th Nov 2030,주식,NASDAQ,0.24,0.01,4.35,2026-10-06 05:42
HCACU,Hall Chadwick Acquisition Units,주식,NASDAQ,10.38,0.00,0.00,2026-10-06 05:42
HCAI,화천 AI 파킹 매니지먼트 테크놀로지,주식,NASDAQ,0.48,-0.03,-6.09,2026-10-06 05:42
HCAT,헬스 카탈리스트,주식,NASDAQ,1.76,0.01,0.57,2026-10-06 05:42
HCC,워리어 멧 콜,주식,NYSE,92.29,2.94,3.29,2026-10-06 05:42
HCHL,해피 시티 홀딩스,주식,NASDAQ,3.96,0.00,0.00,2026-10-06 05:42
HCI,HCI 그룹,주식,NYSE,185.91,1.66,0.90,2026-10-06 05:42
HCIC,헤네시 캐피털 인베스트먼트 VIII,주식,NASDAQ,9.98,0.00,0.00,2026-10-06 05:42
HCICR,Hennessy Capital Investment VIII Share Rights Exp 2nd Feb 2031,주식,NASDAQ,0.09,0.00,0.00,2026-10-06 05:42
HCICU,Hennessy Capital Investment VIII Units,주식,NASDAQ,10.15,0.00,0.00,2026-10-06 05:42
HCKT,해켓 그룹,주식,NASDAQ,10.82,0.04,0.37,2026-10-06 05:42
HCM,허치메드 (차이나) ADR,주식,NASDAQ,14.31,0.11,0.77,2026-10-06 05:42
HCMA,HCM III 애퀴지션,주식,NASDAQ,10.30,0.00,0.00,2026-10-06 05:42
HCMAU,HCM III Acquisition Units,주식,NASDAQ,10.47,0.00,0.00,2026-10-06 05:42
HCMT,Direxion HCM Tactical Enhanced US Equity Strat ETF,ETF,AMEX,44.19,0.64,1.47,2026-10-06 05:42
HCOW,Amplify COWS Covered Call ETF,ETF,NASDAQ,23.91,0.19,0.82,2026-10-06 05:42
HCRB,Hartford Core Bond ETF,ETF,AMEX,33.29,-0.02,-0.06,2026-10-06 05:42
HCSG,헬스케어 서비스 그룹,주식,NASDAQ,21.19,0.32,1.53,2026-10-06 05:42
HCTI,헬스케어 트라이앵글,주식,NASDAQ,0.61,-0.12,-16.29,2026-10-06 05:42
HCWB,HCW 바이오로직스,주식,NASDAQ,1.64,-0.04,-2.38,2026-10-06 05:42
HCXY,Hercules Capital 6 25 Notes due 2033,주식,NYSE,24.91,-0.04,-0.16,2026-10-06 05:42
HD,홈디포,주식,NYSE,281.15,-1.70,-0.60,2026-10-06 05:42
HDB,HDFC 뱅크 ADR,주식,NYSE,22.11,-0.23,-1.03,2026-10-06 05:42
HDEF,Xtrackers MSCI EAFE Hi Dv Yld Eq ETF,ETF,AMEX,32.15,-0.03,-0.09,2026-10-06 05:42
HDG,ProShares Hedge Replication ETF,ETF,AMEX,54.33,0.24,0.45,2026-10-06 05:42
HDGE,AdvisorShares Ranger Equity Bear ETF,ETF,AMEX,15.32,-0.26,-1.67,2026-10-06 05:42
HDL,슈퍼 하이 인터내셔널 홀딩 ADR,주식,NASDAQ,11.90,0.59,5.22,2026-10-06 05:42
HDLB,ETRACS Monthly Pay 2xLeveraged US High Dividend Low Volatility ETN Series B,ETF,AMEX,15.53,0.28,1.81,2026-10-06 05:42
HDMV,First Trust Horizon Managed Vol Dev Intl ETF,ETF,AMEX,35.85,-0.05,-0.15,2026-10-06 05:42
HDRN,하드론 에너지,주식,NASDAQ,1.20,-0.04,-3.23,2026-10-06 05:42
HDSN,허드슨 테크놀로지스,주식,NASDAQ,5.22,-0.02,-0.29,2026-10-06 05:42
HDUS,Hartford Disciplined US Equity ETF,ETF,AMEX,73.65,0.39,0.53,2026-10-06 05:42
HDV,iShares Core High Dividend ETF,ETF,AMEX,28.15,0.11,0.39,2026-10-06 05:42
HE,하와이안 일렉트릭 인더스트리스,주식,NYSE,8.81,-0.09,-1.01,2026-10-06 05:42
HEAL,Global X HealthTech ETF,ETF,NASDAQ,29.81,0.93,3.22,2026-10-06 05:42
HECA,Hedgeye Capital Allocation ETF,ETF,AMEX,27.54,0.20,0.73,2026-10-06 05:42
HECO,State Street Galaxy Hedged Digital Asset Eco ETF,ETF,NASDAQ,63.71,-0.68,-1.05,2026-10-06 05:42
HEDG,Equable Shares Hedged Equity ETF,ETF,AMEX,30.96,0.12,0.40,2026-10-06 05:42
HEDJ,WisdomTree Europe Hedged Equity Fund,ETF,AMEX,55.69,0.05,0.10,2026-10-06 05:42
HEEM,iShares Currency Hedged MSCI Emerging Markets ETF,ETF,AMEX,43.26,0.73,1.72,2026-10-06 05:42
HEFA,iShares Currency Hedged Msci Eafe ETF,ETF,AMEX,46.60,0.05,0.11,2026-10-06 05:42
HEFT,Hedgeye Fourth Turning ETF,ETF,AMEX,26.57,0.10,0.38,2026-10-06 05:42
HEGD,Swan Hedged Equity US Large Cap ETF,ETF,AMEX,27.15,0.15,0.56,2026-10-06 05:42
HEI,헤이코,주식,NYSE,301.57,-0.88,-0.29,2026-10-06 05:42
HEI.A,헤이코 Class A,주식,NYSE,224.88,0.04,0.02,2026-10-06 05:42
HELE,헬렌 오브 트로이,주식,NASDAQ,25.64,-1.10,-4.11,2026-10-06 05:42
HELO,JPMorgan Hedged Equity Laddered Overlay ETF,ETF,AMEX,69.68,0.26,0.37,2026-10-06 05:42
HELP,사이빈,주식,NASDAQ,11.42,-0.28,-2.39,2026-10-06 05:42
HELS,Hedgeye 130 30 Equity ETF,ETF,AMEX,24.13,0.23,0.97,2026-10-06 05:42
HELX,Franklin Genomic Advancements ETF,ETF,AMEX,45.20,1.41,3.21,2026-10-06 05:42
HEMI,Hartford Equity Premium Income ETF,ETF,AMEX,41.79,0.22,0.53,2026-10-06 05:42
HEPS,디 마켓 일렉트로시티 ADR,주식,NASDAQ,2.42,-0.02,-0.82,2026-10-06 05:42
HEQ,John Hancock Diversified Income Fund,주식,NYSE,11.08,0.08,0.73,2026-10-06 05:42
HEQQ,JPMorgan Nasdaq Hedged Equity Laddered Overlay ETF,ETF,NASDAQ,62.81,0.14,0.23,2026-10-06 05:42
HEQT,Simplify Hedged Equity ETF,ETF,AMEX,34.65,0.21,0.61,2026-10-06 05:42
HERD,Pacer Cash Cows Fund of Funds ETF,ETF,NASDAQ,49.08,0.09,0.18,2026-10-06 05:42
HERE,히어 그룹 ADR,주식,NASDAQ,1.73,0.03,1.76,2026-10-06 05:42
HERO,Global X Video Games & Esports ETF,ETF,NASDAQ,27.32,-0.02,-0.07,2026-10-06 05:42
HERZ,Herzfeld Credit Income Fund，Inc.,주식,NASDAQ,15.11,-0.17,-1.08,2026-10-06 05:42
HESM,헤스 미드스트림,주식,NYSE,38.41,0.66,1.75,2026-10-06 05:42
HEWJ,iShares Currency Hedged Msci Japan ETF,ETF,AMEX,66.78,0.37,0.56,2026-10-06 05:42
HEZU,iShares Currency Hedged MSCI Eurozone ETF,ETF,AMEX,48.53,0.00,0.00,2026-10-06 05:42
HF,DGA Core Plus Absolute Return ETF,ETF,NYSE,22.54,0.04,0.18,2026-10-06 05:42
HFBL,홈 페더럴 뱅코프 오브 루이지아나,주식,NASDAQ,24.16,-1.23,-4.83,2026-10-06 05:42
HFEQ,Unlimited HFEQ Equity Long/Short ETF,ETF,NYSE,23.44,0.20,0.86,2026-10-06 05:42
HFFG,HF 푸즈그룹,주식,NASDAQ,1.60,-0.03,-1.84,2026-10-06 05:42
HFGM,Unlimited HFGM Global Macro ETF,ETF,NYSE,31.88,0.13,0.41,2026-10-06 05:42
HFGO,Hartford Large Cap Growth ETF,ETF,AMEX,31.05,0.36,1.17,2026-10-06 05:42
HFMF,Unlimited HFMF Managed Futures ETF,ETF,NYSE,22.48,-0.04,-0.18,2026-10-06 05:42
HFND,Unlimited HFND Multi-Strategy Return Tracker ETF,ETF,NYSE,24.15,0.12,0.51,2026-10-06 05:42
HFRO,Highland Opportunities and Income Fund,주식,NYSE,6.73,-0.10,-1.46,2026-10-06 05:42
HFSI,Hartford Strategic Income ETF,ETF,AMEX,33.52,-0.04,-0.10,2026-10-06 05:42
HFSP,TradersAI Large Cap Equity and Cash ETF,ETF,NASDAQ,13.51,0.02,0.15,2026-10-06 05:42
HFWA,헤리티지 파이낸셜,주식,NASDAQ,27.88,-0.26,-0.92,2026-10-06 05:42
HFXI,NYLIM FTSE International Equity Currency Neutral ETF,ETF,AMEX,37.50,0.06,0.16,2026-10-06 05:42
HG,해밀턴 인슈어런스 그룹,주식,NYSE,34.16,0.03,0.09,2026-10-06 05:42
HGBL,헤리티지글로벌,주식,NASDAQ,1.30,0.01,0.78,2026-10-06 05:42
HGER,Harbor Commodity All-Weather Strategy ETF,ETF,NYSE,35.25,-0.04,-0.11,2026-10-06 05:42
HGLB,Highland Global Allocation Fund,주식,NYSE,6.61,-0.11,-1.64,2026-10-06 05:42
HGRO,Hedgeye Quality Growth ETF,ETF,AMEX,30.55,0.24,0.79,2026-10-06 05:42
HGTY,해거티,주식,NYSE,13.75,0.14,1.03,2026-10-06 05:42
HGV,힐튼 그랜드 베케이션스,주식,NYSE,34.05,-0.81,-2.32,2026-10-06 05:42
HHH,하워드 휴스 홀딩스,주식,NYSE,71.66,0.62,0.87,2026-10-06 05:42
HHS,하트 행크스,주식,NASDAQ,4.54,-0.02,-0.44,2026-10-06 05:42
HIAI,Ai Funds High Conviction US Equity AI-Managed ETF,ETF,AMEX,26.08,0.17,0.65,2026-10-06 05:42
HIBL,Direxion Daily S&P 500 High Beta Bull 3X ETF,ETF,AMEX,120.41,1.46,1.22,2026-10-06 05:42
HIBS,Direxion Daily S&P 500 High Beta Bear 3X ETF,ETF,AMEX,15.61,-0.20,-1.27,2026-10-06 05:42
HIDE,Alpha Architect High Inflation and Deflation ETF,ETF,NASDAQ,24.41,0.01,0.02,2026-10-06 05:42
HIDV,AB US High Dividend ETF,ETF,AMEX,89.66,0.20,0.23,2026-10-06 05:42
HIFS,힝엄 인스티튜션 포 세이빙스,주식,NASDAQ,283.84,-3.94,-1.37,2026-10-06 05:42
HIG,하트포드 인슈어런스 그룹,주식,NYSE,126.21,0.16,0.13,2026-10-06 05:42
HIGH,Simplify Enhanced Income ETF,ETF,AMEX,21.30,0.05,0.24,2026-10-06 05:42
HIHO,하이웨이 홀딩스,주식,NASDAQ,0.90,0.00,-0.01,2026-10-06 05:42
HII,헌팅턴 잉걸스 인더스트리즈,주식,NYSE,266.48,-2.06,-0.77,2026-10-06 05:42
HIMC,Corgi HIMS 2x Daily ETF,ETF,AMEX,15.27,0.83,5.73,2026-10-06 05:42
HIMS,힘스 & 허즈,주식,NYSE,29.67,0.67,2.31,2026-10-06 05:42
HIMU,iShares High Yield Muni Active ETF,ETF,AMEX,45.39,-0.02,-0.04,2026-10-06 05:42
HIMX,하이맥스 테크놀로지스 ADR,주식,NASDAQ,14.71,-0.53,-3.48,2026-10-06 05:42
HIMZ,Defiance Daily Target 2X Long HIMS ETF,ETF,NASDAQ,27.35,1.28,4.91,2026-10-06 05:42
HIND,바이옴 홀딩스,주식,NASDAQ,1.93,0.02,1.05,2026-10-06 05:42
HIO,Western Asset High Income Opportunity Closed Fund,주식,NYSE,3.24,-0.05,-1.52,2026-10-06 05:42
HIPO,히포 홀딩스,주식,NYSE,32.20,-0.04,-0.12,2026-10-06 05:42
HIPS,GraniteShares HIPS US High Income ETF,ETF,AMEX,10.64,-0.04,-0.34,2026-10-06 05:42
HIS,Humilis US Focused Opportunities ETF,ETF,NASDAQ,26.50,0.16,0.62,2026-10-06 05:42
HISF,First Trust High Income Strategic Focus ETF,ETF,NASDAQ,42.31,0.00,0.00,2026-10-06 05:42
HIT,헬스 인 테크,주식,NASDAQ,0.82,0.04,4.67,2026-10-06 05:42
HITI,하이 타이드,주식,NASDAQ,2.73,0.10,3.80,2026-10-06 05:42
HIVE,하이브 디지털 테크놀로지스,주식,NASDAQ,2.90,-0.08,-2.52,2026-10-06 05:42
HIW,하이우즈 프로퍼티스,주식,NYSE,29.49,-0.18,-0.61,2026-10-06 05:42
HIX,Western Asset High Income Fund II Inc,주식,NYSE,3.51,-0.03,-0.85,2026-10-06 05:42
HIYY,YieldMax HIMS Option Income Strategy ETF,ETF,AMEX,11.73,0.26,2.27,2026-10-06 05:42
HJLY,Corgi U.S. Equities 100% Strctrd Bffr ETF-July S,ETF,AMEX,25.48,0.04,0.16,2026-10-06 05:42
HJUN,Corgi U.S. Equities 100% Strctrd Bffr ETF-June S,ETF,AMEX,25.39,0.04,0.16,2026-10-06 05:42
HKD,AMTD 디지털,주식,NYSE,1.74,0.03,1.75,2026-10-06 05:42
HKIT,하이텍 글로벌,주식,NASDAQ,2.50,0.02,0.81,2026-10-06 05:42
HKPD,셀리안 바이오테크,주식,NASDAQ,0.10,-0.01,-5.39,2026-10-06 05:42
HL,헤클라 마이닝,주식,NYSE,17.01,-0.19,-1.10,2026-10-06 05:42
HLAL,Wahed FTSE USA Shariah ETF,ETF,NASDAQ,76.29,0.69,0.91,2026-10-06 05:42
HLF,허벌라이프,주식,NYSE,12.50,-0.06,-0.48,2026-10-06 05:42
HLI,훌리한 로키,주식,NYSE,126.90,0.53,0.42,2026-10-06 05:42
HLIO,헬리오스 테크놀로지스,주식,NYSE,70.93,-0.78,-1.09,2026-10-06 05:42
HLIT,하모닉,주식,NASDAQ,11.22,0.05,0.45,2026-10-06 05:42
HLLY,홀리,주식,NYSE,2.29,-0.05,-2.14,2026-10-06 05:42
HLMN,힐먼 솔루션스,주식,NASDAQ,6.96,-0.08,-1.14,2026-10-06 05:42
HLN,헤일리온 ADR,주식,NYSE,8.82,0.02,0.23,2026-10-06 05:42
HLNE,해밀턴 레인,주식,NASDAQ,87.33,0.29,0.33,2026-10-06 05:42
HLP,홍리 그룹,주식,NASDAQ,2.47,-0.08,-3.14,2026-10-06 05:42
HLSQ,테세라 디펜스 & 홈랜드 시큐리티,주식,AMEX,0.41,0.05,13.89,2026-10-06 05:42
HLT,힐튼 월드와이드 홀딩스,주식,NYSE,316.12,-3.24,-1.01,2026-10-06 05:42
HLTH,Tema Healthcare AI ETF,ETF,NASDAQ,30.57,0.89,3.01,2026-10-06 05:42
HLXC,헬릭스 애퀴지션 III,주식,NASDAQ,10.57,0.00,0.00,2026-10-06 05:42
HMAY,Corgi U.S. Equities 100% Structrd Buffr ETF-May S,ETF,AMEX,25.45,0.03,0.14,2026-10-06 05:42
HMC,혼다자동차 ADR,주식,NYSE,31.78,0.43,1.37,2026-10-06 05:42
HMH,HMH 홀딩,주식,NASDAQ,19.18,0.87,4.75,2026-10-06 05:42
HMN,호레이스 맨 에듀케이터스,주식,NYSE,45.60,0.34,0.75,2026-10-06 05:42
HMOP,Hartford Municipal Opportunities ETF,ETF,AMEX,37.00,0.04,0.11,2026-10-06 05:42
HMR,하이드말 매리타임 홀딩스,주식,NASDAQ,1.72,0.05,2.99,2026-10-06 05:42
HMY,하모니 골드 마이닝 ADR,주식,NYSE,17.30,-0.08,-0.46,2026-10-06 05:42
HMYY,GraniteShares YieldBoost HIMS ETF,ETF,NASDAQ,5.43,0.05,1.01,2026-10-06 05:42
HNDL,Strategy Shares Nasdaq 7HANDL Index ETF,ETF,NASDAQ,21.72,0.05,0.21,2026-10-06 05:42
HNGE,힌지 헬스,주식,NYSE,98.35,0.68,0.70,2026-10-06 05:42
HNI,HNI,주식,NYSE,47.08,0.26,0.56,2026-10-06 05:42
HNNA,헤네시 어드바이저스,주식,NASDAQ,10.26,-0.05,-0.49,2026-10-06 05:42
HNRG,핼러도 에너지,주식,NASDAQ,13.95,0.46,3.41,2026-10-06 05:42
HNST,어니스트 컴퍼니,주식,NASDAQ,5.15,-0.01,-0.19,2026-10-06 05:42
HNVR,하노버 뱅코프,주식,NASDAQ,25.68,0.04,0.16,2026-10-06 05:42
HODL,VanEck Bitcoin,ETF,AMEX,24.25,0.41,1.72,2026-10-06 05:42
HODO,하우스 오브 도지,주식,NASDAQ,0.14,-0.01,-5.52,2026-10-06 05:42
HODU,Direxion Daily HOOD Bull 2X ETF,ETF,NASDAQ,13.67,0.31,2.31,2026-10-06 05:42
HOFT,후커 퍼니싱스,주식,NASDAQ,13.01,-0.16,-1.21,2026-10-06 05:42
HOG,할리-데이비슨,주식,NYSE,26.19,1.64,6.68,2026-10-06 05:42
HOLA,JPMorgan International Hdgd Eqty Ldrd Overlay ETF,ETF,AMEX,55.42,0.06,0.12,2026-10-06 05:42
HOLD,Harbor Alpha Layering ETF,ETF,AMEX,33.25,0.26,0.78,2026-10-06 05:42
HOLO,마이크로클라우드 홀로그램,주식,NASDAQ,1.54,-0.02,-1.28,2026-10-06 05:42
HOMB,홈 뱅크셰어스,주식,NYSE,28.57,-0.10,-0.35,2026-10-06 05:42
HOMZ,Hoya Capital Housing ETF,ETF,AMEX,40.50,-0.13,-0.33,2026-10-06 05:42
HON,허니웰 인터내셔널,주식,NASDAQ,214.14,0.15,0.07,2026-10-06 05:42
HONA,허니웰 에어로스페이스,주식,NASDAQ,155.74,1.11,0.72,2026-10-06 05:42
HONG,Leverage Shares 2X Long Hon Daily ETF,ETF,AMEX,12.80,0.04,0.29,2026-10-06 05:42
HOOC,Corgi HOOD 2x Daily ETF,ETF,AMEX,21.21,0.47,2.28,2026-10-06 05:42
HOOD,로빈후드,주식,NASDAQ,114.11,1.37,1.22,2026-10-06 05:42
HOOG,Leverage Shares 2X Long HOOD Daily ETF,ETF,NASDAQ,33.07,0.79,2.45,2026-10-06 05:42
HOOW,Roundhill Hood WeeklyPay ETF,ETF,AMEX,26.98,0.38,1.42,2026-10-06 05:42
HOOX,Defiance Daily Target 2X Long HOOD ETF,ETF,NASDAQ,37.18,0.81,2.24,2026-10-06 05:42
HOOY,YieldMax HOOD Option Income Strategy ETF,ETF,AMEX,27.11,0.34,1.27,2026-10-06 05:42
HOPE,호프 뱅코프,주식,NASDAQ,13.57,-0.11,-0.80,2026-10-06 05:42
HOS,혼벡 오프쇼어 서비스,주식,NYSE,7.85,0.26,3.43,2026-10-06 05:42
HOST,호스트 디지털,주식,AMEX,3.09,-0.51,-14.17,2026-10-06 05:42
HOUR,아워 루프,주식,NASDAQ,1.82,-0.04,-2.15,2026-10-06 05:42
HOV,호브내니언 엔터프라이스,주식,NYSE,111.69,-4.51,-3.88,2026-10-06 05:42
HOVNP,호브내니언 엔터프라이스 우선주 시리즈 A 7.625%,주식,NASDAQ,17.95,-0.05,-0.30,2026-10-06 05:42
HOVR,뉴 호라이즌 에어크래프트,주식,NASDAQ,1.63,-0.05,-2.98,2026-10-06 05:42
HOWL,웨어울프 테라퓨틱스,주식,NASDAQ,0.93,0.00,0.20,2026-10-06 05:42
HOYY,Graniteshares Yieldboost Hood ETF,ETF,NASDAQ,4.65,0.04,0.88,2026-10-06 05:42
HP,헬머리치 & 페인,주식,NYSE,40.13,1.57,4.07,2026-10-06 05:42
HPAI,헬포트 AI,주식,NASDAQ,0.30,-0.01,-1.68,2026-10-06 05:42
HPE,휴렛패커드 엔터프라이즈,주식,NYSE,68.36,-0.97,-1.40,2026-10-06 05:42
HPEL,Leverage Shares 2X Long HPE Daily ETF,ETF,AMEX,25.55,-0.80,-3.04,2026-10-06 05:42
HPF,John Hancock Preferred Income II Closed Fund,주식,NYSE,13.25,-0.40,-2.93,2026-10-06 05:42
HPI,John Hancock Preferred Income Closed Fund,주식,NYSE,13.81,-0.34,-2.40,2026-10-06 05:42
HPK,하이피크에너지,주식,NASDAQ,8.09,0.24,3.06,2026-10-06 05:42
HPP,허드슨 퍼시픽 프로퍼티즈,주식,NYSE,11.25,-0.23,-2.00,2026-10-06 05:42
HPQ,HP,주식,NYSE,31.47,-0.65,-2.02,2026-10-06 05:42
HPS,John Hancock Preferred Income III Closed Fund,주식,NYSE,11.76,-0.39,-3.21,2026-10-06 05:42
HQ,호라이즌 퀀텀 홀딩스,주식,NASDAQ,16.03,0.24,1.52,2026-10-06 05:42
HQDG,Raub Brock Dividend Growth ETF,ETF,NASDAQ,25.13,0.22,0.87,2026-10-06 05:42
HQGO,Hartford US Quality Growth ETF,ETF,NASDAQ,68.12,0.47,0.69,2026-10-06 05:42
HQH,abrdn Healthcare Investors,주식,NYSE,19.58,-0.22,-1.11,2026-10-06 05:42
HQI,하이어퀘스트,주식,NASDAQ,19.07,0.26,1.38,2026-10-06 05:42
HQL,abrdn Life Sciences Investors,주식,NYSE,17.68,0.00,0.00,2026-10-06 05:42
HQY,헬스에퀴티,주식,NASDAQ,91.55,1.51,1.68,2026-10-06 05:42
HR,헬스케어 리얼티 트러스트,주식,NYSE,17.08,-0.39,-2.23,2026-10-06 05:42
HRB,H&R 블록,주식,NYSE,42.00,0.32,0.77,2026-10-06 05:42
HRI,허크 홀딩스,주식,NYSE,135.51,-2.86,-2.07,2026-10-06 05:42
HRL,호멜 푸즈,주식,NYSE,20.08,-0.17,-0.84,2026-10-06 05:42
HRMY,하모니 바이오사이언시스 홀딩스,주식,NASDAQ,39.92,0.28,0.71,2026-10-06 05:42
HROW,해로우,주식,NASDAQ,30.58,0.10,0.33,2026-10-06 05:42
HRSK,Toews Agility Shares Hedged Risk ETF,ETF,AMEX,25.62,0.22,0.86,2026-10-06 05:42
HRTG,헤리티지 인슈어런스 홀딩스,주식,NYSE,33.99,0.00,0.00,2026-10-06 05:42
HRTS,Tema Heart & Health ETF,ETF,NASDAQ,35.90,0.09,0.26,2026-10-06 05:42
HRTX,헤런 테라퓨틱스,주식,NASDAQ,0.37,0.02,6.44,2026-10-06 05:42
HRZN,호라이즌 테크놀로지 파이낸스,주식,NASDAQ,4.58,-0.04,-0.87,2026-10-06 05:42
HSAI,헤사이 그룹 ADR,주식,NASDAQ,15.91,0.53,3.45,2026-10-06 05:42
HSBC,HSBC 홀딩스 ADR,주식,NYSE,96.68,0.54,0.56,2026-10-06 05:42
HSBH,HSBC Holdings plc ADRhedged,ETF,AMEX,108.40,0.81,0.75,2026-10-06 05:42
HSCS,하트사이언스,주식,NASDAQ,4.36,0.06,1.40,2026-10-06 05:42
HSCZ,iShares Currency Hedged MSCI EAFE Small-Cap ETF,ETF,AMEX,43.61,0.18,0.41,2026-10-06 05:42
HSDT,솔라나,주식,NASDAQ,2.65,0.02,0.76,2026-10-06 05:42
HSEP,Corgi U.S. Equities 100% Srtctrd Bffr ETF-Sep S,ETF,AMEX,25.22,0.03,0.12,2026-10-06 05:42
HSHP,히말라야 쉬핑,주식,NYSE,18.06,-0.11,-0.61,2026-10-06 05:42
HSIC,헨리 셰인,주식,NASDAQ,84.23,-0.65,-0.77,2026-10-06 05:42
HSLV,하이랜더 실버,주식,AMEX,5.25,0.00,0.00,2026-10-06 05:42
HSMV,First Trust Horizon Managed Vol Small/Mid ETF,ETF,AMEX,35.46,-0.07,-0.19,2026-10-06 05:42
HST,호스트 호텔스 & 리조트,주식,NASDAQ,22.44,-0.12,-0.53,2026-10-06 05:42
HSTM,헬스스트림,주식,NASDAQ,31.54,0.72,2.34,2026-10-06 05:42
HSY,허쉬,주식,NYSE,161.01,0.82,0.51,2026-10-06 05:42
HTAB,Hartford Schroders Tax-Aware Bond ETF,ETF,AMEX,17.94,0.04,0.22,2026-10-06 05:42
HTAX,Nomura National High-Yield Municipal Bond ETF,ETF,AMEX,22.97,0.04,0.17,2026-10-06 05:42
HTB,홈트러스트 뱅크셰어스,주식,NYSE,46.53,-0.06,-0.13,2026-10-06 05:42
HTCO,하이-트렌드 인터내셔널 그룹,주식,NASDAQ,2.19,-0.15,-6.22,2026-10-06 05:42
HTCR,하트코어 엔터프라이시스,주식,NASDAQ,1.91,-0.08,-3.79,2026-10-06 05:42
HTD,John Hancock Tax Advantaged Dividend Income Closed Fund,주식,NYSE,22.00,-0.25,-1.12,2026-10-06 05:42
HTEC,ROBO Global Healthcare Technology & Innovation ETF,ETF,AMEX,44.54,1.09,2.51,2026-10-06 05:42
HTFC,Horizon Technology Finance Corporation 6 25 Notes due 2027,주식,NYSE,24.86,0.09,0.36,2026-10-06 05:42
HTFL,하트플로우,주식,NASDAQ,52.21,2.89,5.86,2026-10-06 05:42
HTGC,허큘리스 캐피털,주식,NYSE,16.69,-0.05,-0.30,2026-10-06 05:42
HTH,힐탑 홀딩스,주식,NYSE,38.15,-0.30,-0.78,2026-10-06 05:42
HTHT,H 월드 그룹 ADR,주식,NASDAQ,41.77,-0.01,-0.02,2026-10-06 05:42
HTLD,하트랜드 익스프레스,주식,NASDAQ,11.67,-0.23,-1.93,2026-10-06 05:42
HTLM,홈스투라이프,주식,NASDAQ,1.94,0.04,2.11,2026-10-06 05:42
HTO,H2O 아메리카,주식,NASDAQ,58.44,-1.69,-2.81,2026-10-06 05:42
HTOO,퓨전 퓨얼 그린,주식,NASDAQ,2.10,-0.06,-2.56,2026-10-06 05:42
HTRB,Hartford Total Return Bond ETF,ETF,AMEX,32.02,-0.05,-0.16,2026-10-06 05:42
HTT,하이템플러 테크,주식,NYSE,2.29,-0.02,-0.87,2026-10-06 05:42
HTUS,Hull Tactical US ETF,ETF,AMEX,46.15,0.29,0.64,2026-10-06 05:42
HTZ,허츠 글로벌 홀딩스,주식,NASDAQ,1.79,0.03,1.70,2026-10-06 05:42
HUBB,허벨,주식,NYSE,480.65,5.13,1.08,2026-10-06 05:42
HUBC,허브 사이버 시큐리티,주식,NASDAQ,1.00,-0.01,-1.00,2026-10-06 05:42
HUBG,허브 그룹,주식,NASDAQ,28.74,-1.03,-3.46,2026-10-06 05:42
HUBS,허브스팟,주식,NYSE,220.61,6.08,2.83,2026-10-06 05:42
HUCK,도모,주식,NASDAQ,3.19,-0.01,-0.31,2026-10-06 05:42
HUDI,화디 인터내셔널 그룹,주식,NASDAQ,0.70,0.02,2.37,2026-10-06 05:42
HUHU,후후테크 인터내셔널 그룹,주식,NASDAQ,4.40,-0.36,-7.56,2026-10-06 05:42
HUIZ,후이쩌 홀딩 ADR,주식,NASDAQ,1.31,-0.02,-1.50,2026-10-06 05:42
HULL,Corgi Shipping & Global Logistics ETF,ETF,AMEX,27.84,-0.03,-0.10,2026-10-06 05:42
HUM,휴마나,주식,NYSE,404.07,15.71,4.05,2026-10-06 05:42
HUMA,휴마사이트,주식,NASDAQ,0.50,-0.02,-4.12,2026-10-06 05:42
HUMM,800VDC AI Datacenter Ecosystem ETF,ETF,AMEX,28.70,0.09,0.30,2026-10-06 05:42
HUMN,Roundhill Humanoid Robotics ETF,ETF,AMEX,29.97,-0.02,-0.06,2026-10-06 05:42
HUN,헌츠맨,주식,NYSE,8.84,0.31,3.63,2026-10-06 05:42
HURA,투후라 바이오사이언스,주식,NASDAQ,1.87,-0.04,-2.09,2026-10-06 05:42
HURC,허코 컴퍼니스,주식,NASDAQ,22.37,0.08,0.36,2026-10-06 05:42
HURN,휴런 컨설팅 그룹,주식,NASDAQ,160.10,-2.05,-1.26,2026-10-06 05:42
HUSV,First Trust Horizon Managed Vol Domestic ETF,ETF,AMEX,39.36,0.41,1.05,2026-10-06 05:42
HUT,헛 8,주식,NASDAQ,89.27,-0.36,-0.40,2026-10-06 05:42
HUTG,Leverage Shares 2X Long HUT Daily ETF,ETF,NASDAQ,13.24,-0.20,-1.48,2026-10-06 05:42
HUYA,후야 ADR,주식,NYSE,2.27,-0.03,-1.30,2026-10-06 05:42
HVAC,AdvisorShares HVAC and Industrials ETF,ETF,AMEX,34.98,-0.11,-0.31,2026-10-06 05:42
HVMC,하이뷰 머저,주식,NASDAQ,10.29,0.02,0.19,2026-10-06 05:42
HVMCU,Highview Merger Units,주식,NASDAQ,10.43,0.00,0.00,2026-10-06 05:42
HVT,하버티 퍼니처,주식,NYSE,27.89,0.39,1.42,2026-10-06 05:42
HVT.A,하버티 퍼니처 Class A,주식,NYSE,28.09,0.00,0.00,2026-10-06 05:42
HWBK,호손 뱅크셰어스,주식,NASDAQ,38.35,-0.28,-0.72,2026-10-06 05:42
HWC,핸콕 휘트니,주식,NASDAQ,73.18,0.09,0.12,2026-10-06 05:42
HWCPZ,Hancock Whitney 6.25 Subordinated Notes due 2060,주식,NASDAQ,21.22,-0.01,-0.06,2026-10-06 05:42
HWGV,Hotchkis & Wiley Global Value Fund,ETF,NASDAQ,24.11,0.16,0.68,2026-10-06 05:42
HWIV,Hotchkis & Wiley International Value Fund,ETF,NASDAQ,25.43,-0.01,-0.04,2026-10-06 05:42
HWKN,호킨스,주식,NASDAQ,132.06,0.65,0.49,2026-10-06 05:42
HWM,하우멧 에어로스페이스,주식,NYSE,229.57,-1.70,-0.74,2026-10-06 05:42
HWMV,Hotchkis & Wiley Mid-Cap Value ETF,ETF,NASDAQ,24.67,0.13,0.53,2026-10-06 05:42
HWO,Hotchkis & Wiley Opportunities Fund,ETF,NASDAQ,26.15,0.13,0.50,2026-10-06 05:42
HWSM,Hotchkis & Wiley SMID Cap Diversified Value Fund,ETF,NASDAQ,30.11,0.13,0.44,2026-10-06 05:42
HXA,Mast HedgeIndex Corporate Arbitrage ETF,ETF,AMEX,24.90,0.10,0.40,2026-10-06 05:42
HXC,Mast HedgeIndex Strategic Commodities ETF,ETF,AMEX,25.92,-0.01,-0.04,2026-10-06 05:42
HXE,Mast HedgeIndex Adaptive Equities ETF,ETF,AMEX,26.31,0.15,0.58,2026-10-06 05:42
HXF,Mast HedgeIndex Managed Futures Strategy ETF,ETF,AMEX,25.89,0.18,0.70,2026-10-06 05:42
HXHX,하오신 홀딩스,주식,NASDAQ,0.34,-0.05,-13.53,2026-10-06 05:42
HXL,헥셀,주식,NYSE,85.90,-0.51,-0.59,2026-10-06 05:42
HY,하이스터-예일,주식,NYSE,31.94,0.71,2.27,2026-10-06 05:42
HYBB,iShares BB Rated Corporate Bond ETF,ETF,AMEX,44.89,0.04,0.10,2026-10-06 05:42
HYBI,Neos Enhanced Income Credit Select ETF,ETF,NASDAQ,48.24,0.04,0.09,2026-10-06 05:42
HYBL,State Street SPDR Blackstone High Income ETF,ETF,AMEX,27.46,0.01,0.04,2026-10-06 05:42
HYBX,TCW High Yield Bond ETF,ETF,NYSE,28.67,0.14,0.47,2026-10-06 05:42
HYD,VanEck High Yield Muni ETF,ETF,AMEX,47.97,0.01,0.02,2026-10-06 05:42
HYDB,iShares High Yield Systematic Bond ETF,ETF,AMEX,44.78,0.05,0.11,2026-10-06 05:42
HYDR,Global X Hydrogen ETF,ETF,NASDAQ,44.66,-0.33,-0.73,2026-10-06 05:42
HYDW,Xtrackers Low Beta High Yield Bond ETF,ETF,AMEX,45.56,0.05,0.11,2026-10-06 05:42
HYEM,VanEck Emerging Markets High Yield Bond ETF,ETF,AMEX,19.32,0.04,0.21,2026-10-06 05:42
HYFI,AB High Yield ETF,ETF,AMEX,35.99,0.03,0.08,2026-10-06 05:42
HYFM,하이드로팜 홀딩스,주식,NASDAQ,0.97,-0.06,-5.83,2026-10-06 05:42
HYFT,마인드워크 홀딩스,주식,NASDAQ,1.49,0.15,11.19,2026-10-06 05:42
HYG,iShares iBoxx $ High Yield Corporate Bond ETF,ETF,AMEX,76.98,0.07,0.09,2026-10-06 05:42
HYGD,MicroSectors 3x Short High Yield Corporate Bond HYG ETNs,ETF,AMEX,53.65,-0.14,-0.27,2026-10-06 05:42
HYGH,iShares Interest Rate Hedged High Yield Bond ETF,ETF,AMEX,85.18,0.06,0.07,2026-10-06 05:42
HYGM,Amplify HYG High Yield 10% Target Income ETF,ETF,AMEX,23.69,0.02,0.09,2026-10-06 05:42
HYGU,MicroSectors 3x Long High Yield Corporate Bond HYG ETNs,ETF,AMEX,22.81,0.08,0.33,2026-10-06 05:42
HYGV,Northern Trust High Yield Value-Scored Bond ETF,ETF,AMEX,38.65,0.05,0.13,2026-10-06 05:42
HYGW,iShares High Yield Corporate Bond BW Strat ETF,ETF,AMEX,27.92,0.03,0.10,2026-10-06 05:42
HYHG,ProShares High Yield-Interest Rate Hedged,ETF,AMEX,63.82,0.07,0.11,2026-10-06 05:42
HYI,Western Asset High Yield Opportunity Fund Inc.,주식,NYSE,9.69,-0.09,-0.92,2026-10-06 05:42
HYIN,WisdomTree Private Credit & Alternative Income Fd,ETF,AMEX,12.53,-0.10,-0.81,2026-10-06 05:42
HYLB,Xtrackers USD High Yld Corporate Bd ETF,ETF,AMEX,35.06,0.04,0.11,2026-10-06 05:42
HYLN,하일리온 홀딩스,주식,AMEX,4.14,-0.39,-8.61,2026-10-06 05:42
HYLS,First Trust Tactical High Yield ETF,ETF,NASDAQ,39.36,0.00,0.00,2026-10-06 05:42
HYMB,State Street SPDR Nuveen ICE HY Muni Bd ETF,ETF,AMEX,23.37,0.19,0.82,2026-10-06 05:42
HYMC,하이크로프트 마이닝 홀딩,주식,NASDAQ,18.80,0.09,0.48,2026-10-06 05:42
HYNE,호인 뱅코프,주식,NASDAQ,16.58,-0.02,-0.12,2026-10-06 05:42
HYNX,T-REX 2X Long SKHY Daily Target ETF,ETF,AMEX,31.46,0.07,0.22,2026-10-06 05:42
HYP,Golden Eagle Dynamic Hypergrowth ETF,ETF,NASDAQ,30.66,0.26,0.86,2026-10-06 05:42
HYPD,하이페리온 디파이,주식,NASDAQ,3.89,0.16,4.29,2026-10-06 05:42
HYPG,Grayscale Hyperliquid Staking ETF,ETF,NASDAQ,33.35,2.68,8.73,2026-10-06 05:42
HYPR,하이퍼파인,주식,NASDAQ,0.88,-0.01,-1.22,2026-10-06 05:42
HYS,PIMCO 0-5 Year High Yield Corporate Bond Index ETF,ETF,AMEX,90.17,0.21,0.23,2026-10-06 05:42
HYSA,BondBloxx USD High Yield Bond Sector Rotation ETF,ETF,AMEX,14.31,-0.01,-0.07,2026-10-06 05:42
HYSD,Columbia Short Duration High Yield ETF,ETF,AMEX,19.53,0.02,0.10,2026-10-06 05:42
HYT,BlackRock Corporate High Yield Fund，Inc.,주식,NYSE,7.80,-0.04,-0.51,2026-10-06 05:42
HYTI,FT Vest High Yield & Target Income ETF,ETF,AMEX,18.29,0.06,0.31,2026-10-06 05:42
HYTR,Counterpoint High Yield Trend ETF,ETF,NYSE,20.79,0.01,0.02,2026-10-06 05:42
HYUP,Xtrackers High Beta High Yield Bond ETF,ETF,AMEX,39.46,-0.02,-0.06,2026-10-06 05:42
HYXF,iShares ESG Advanced High Yield Corporate Bond ETF,ETF,NASDAQ,44.92,0.06,0.13,2026-10-06 05:42
HYZD,WisdomTree Interest Rate Hedged High Yield Bond Fd,ETF,NASDAQ,22.32,-0.01,-0.03,2026-10-06 05:42
HZO,마린맥스,주식,NYSE,52.35,0.00,0.00,2026-10-06 05:42
IA,이노베이티브 솔루션스 앤 서포트,주식,NASDAQ,19.12,0.13,0.68,2026-10-06 05:42
IACL,GraniteShares US 100 Autocallable Income ETF,ETF,AMEX,25.27,0.04,0.16,2026-10-06 05:42
IACO,아이디어 애퀴지션,주식,NASDAQ,10.00,0.00,0.00,2026-10-06 05:42
IACOU,Idea Acquisition Units,주식,NASDAQ,10.05,0.00,0.00,2026-10-06 05:42
IACQ,아이레닉 애퀴지션,주식,NASDAQ,9.95,0.00,0.00,2026-10-06 05:42
IACQU,Irenic Acquisition Units,주식,NASDAQ,10.13,0.00,0.00,2026-10-06 05:42
IAE,Voya Asia Pacific High Dividend Equity Income Fund,주식,NYSE,9.14,0.28,3.22,2026-10-06 05:42
IAF,abrdn Australia Equity Mutual Fund,주식,AMEX,12.38,-0.01,-0.08,2026-10-06 05:42
IAG,아이엠골드,주식,NYSE,18.44,-0.08,-0.43,2026-10-06 05:42
IAGG,iShares Core International Aggregate Bond ETF,ETF,AMEX,49.03,0.04,0.08,2026-10-06 05:42
IAI,iShares US Broker-Dealers & Securities Exch ETF,ETF,AMEX,177.68,1.79,1.02,2026-10-06 05:42
IAK,iShares US Insurance ETF,ETF,AMEX,138.05,0.72,0.52,2026-10-06 05:42
IALT,iShares Systematic Alternatives Active ETF,ETF,NASDAQ,30.01,0.04,0.13,2026-10-06 05:42
IAPR,Innovator Intl Developed Power Buffer ETF - April,ETF,AMEX,33.52,0.03,0.08,2026-10-06 05:42
IART,인테그라 라이프사이언시스 홀딩스,주식,NASDAQ,13.29,0.61,4.81,2026-10-06 05:42
IAT,iShares US Regional Banks ETF,ETF,AMEX,57.49,-0.10,-0.17,2026-10-06 05:42
IAU,iShares Gold Trust,ETF,AMEX,77.82,-0.13,-0.17,2026-10-06 05:42
IAUG,Innovator International Dvlpd Pwr Bff ETF - August,ETF,AMEX,30.25,0.00,0.00,2026-10-06 05:42
IAUI,NEOS Gold High Income ETF,ETF,AMEX,48.13,-0.08,-0.17,2026-10-06 05:42
IAUM,iShares Gold Trust Micro,ETF,AMEX,41.26,-0.07,-0.17,2026-10-06 05:42
IAUX,I-80 골드,주식,AMEX,1.63,0.01,0.62,2026-10-06 05:42
IBAC,IB 애퀴지션,주식,NASDAQ,10.88,-0.02,-0.18,2026-10-06 05:42
IBACR,IB Acquisition Rights Exp 28th Sep 2026,주식,NASDAQ,0.12,0.00,0.00,2026-10-06 05:42
IBAT,iShares Energy Storage & Materials ETF,ETF,NASDAQ,42.21,0.21,0.50,2026-10-06 05:42
IBB,iShares Biotechnology ETF,ETF,NASDAQ,207.96,2.67,1.30,2026-10-06 05:42
IBBQ,Invesco Nasdaq Biotechnology ETF,ETF,NASDAQ,34.75,0.38,1.11,2026-10-06 05:42
IBCA,iShares iBonds Dec 2035 Term Corporate ETF,ETF,AMEX,23.97,-0.02,-0.08,2026-10-06 05:42
IBCB,iShares iBonds Dec 2036 Term Corporate ETF,ETF,AMEX,23.53,-0.02,-0.08,2026-10-06 05:42
IBCP,인디펜던트 뱅크,주식,NASDAQ,35.91,-0.46,-1.26,2026-10-06 05:42
IBD,Inspire Corporate Bond ETF,ETF,AMEX,23.01,-0.01,-0.04,2026-10-06 05:42
IBDR,iShares iBonds Dec 2026 Term Corporate ETF,ETF,AMEX,24.17,0.00,0.00,2026-10-06 05:42
IBDS,iShares iBonds Dec 2027 Term Corporate ETF,ETF,AMEX,24.06,0.01,0.04,2026-10-06 05:42
IBDT,iShares iBonds Dec 2028 Term Corporate ETF,ETF,AMEX,24.91,0.02,0.08,2026-10-06 05:42
IBDU,iShares iBonds Dec 2029 Term Corporate ETF,ETF,AMEX,22.65,0.04,0.18,2026-10-06 05:42
IBDV,iShares iBonds Dec 2030 Term Corporate ETF,ETF,AMEX,21.09,0.02,0.09,2026-10-06 05:42
IBDW,iShares iBonds Dec 2031 Term Corporate ETF,ETF,AMEX,20.01,0.03,0.15,2026-10-06 05:42
IBDX,iShares iBonds Dec 2032 Term Corporate ETF,ETF,AMEX,24.01,0.04,0.17,2026-10-06 05:42
IBDY,iShares iBonds Dec 2033 Term Corporate ETF,ETF,AMEX,24.41,0.02,0.08,2026-10-06 05:42
IBDZ,iShares iBonds Dec 2034 Term Corporate ETF,ETF,AMEX,24.53,0.01,0.04,2026-10-06 05:42
IBEX,아이벡스,주식,NASDAQ,43.33,-0.25,-0.57,2026-10-06 05:42
IBFR,Innovator International Developed Mngd 10 Buff ETF,ETF,AMEX,50.21,0.02,0.04,2026-10-06 05:42
IBG,이노베이션 베버리지 그룹,주식,NASDAQ,0.95,0.10,11.76,2026-10-06 05:42
IBGA,iShares iBonds Dec 2044 Term Treasury ETF,ETF,NASDAQ,22.16,-0.10,-0.47,2026-10-06 05:42
IBGB,iShares iBonds Dec 2045 Term Treasury ETF,ETF,NASDAQ,22.08,-0.10,-0.45,2026-10-06 05:42
IBGC,iShares iBonds Dec 2046 Term Treasury ETF,ETF,NASDAQ,22.62,-0.10,-0.43,2026-10-06 05:42
IBGK,iShares iBonds Dec 2054 Term Treasury ETF,ETF,NASDAQ,20.87,-0.10,-0.48,2026-10-06 05:42
IBGL,iShares iBonds Dec 2055 Term Treasury ETF,ETF,NASDAQ,21.44,-0.11,-0.50,2026-10-06 05:42
IBGM,iShares iBonds Dec 2056 Term Treasury ETF,ETF,NASDAQ,22.30,-0.11,-0.51,2026-10-06 05:42
IBHF,iShares iBonds 2026 Term High Yield and Income ETF,ETF,AMEX,22.48,0.00,0.00,2026-10-06 05:42
IBHG,iShares iBonds 2027 Term High Yield and Income ETF,ETF,AMEX,21.70,0.00,0.00,2026-10-06 05:42
IBHH,iShares iBonds 2028 Term High Yield and Income ETF,ETF,AMEX,23.09,0.04,0.15,2026-10-06 05:42
IBHI,iShares iBonds 2029 Term High Yield and Income ETF,ETF,AMEX,22.75,0.05,0.20,2026-10-06 05:42
IBHJ,iShares iBonds 2030 Term High Yield and Income ETF,ETF,AMEX,25.50,-0.01,-0.04,2026-10-06 05:42
IBHK,iShares iBonds 2031 Term High Yield and Income ETF,ETF,AMEX,24.56,-0.01,-0.02,2026-10-06 05:42
IBHL,Ishares Ibonds 2032 Term High Yield And Income ETF,ETF,AMEX,24.38,0.08,0.33,2026-10-06 05:42
IBHM,iShares iBonds 2033 Term High Yield and Income ETF,ETF,AMEX,24.11,-0.01,-0.04,2026-10-06 05:42
IBIC,iShares iBonds Oct 2026 Term TIPS ETF,ETF,AMEX,25.65,0.01,0.02,2026-10-06 05:42
IBID,iShares iBonds Oct 2027 Term TIPS ETF,ETF,AMEX,25.79,0.02,0.06,2026-10-06 05:42
IBIE,iShares iBonds Oct 2028 Term TIPS ETF,ETF,AMEX,25.60,0.01,0.02,2026-10-06 05:42
IBIF,iShares iBonds Oct 2029 Term TIPS ETF,ETF,AMEX,25.34,0.01,0.04,2026-10-06 05:42
IBIG,iShares iBonds Oct 2030 Term TIPS ETF,ETF,AMEX,25.06,0.02,0.08,2026-10-06 05:42
IBIH,iShares iBonds Oct 2031 Term TIPS ETF,ETF,AMEX,24.92,0.02,0.06,2026-10-06 05:42
IBII,iShares iBonds Oct 2032 Term TIPS ETF,ETF,AMEX,24.44,-0.01,-0.04,2026-10-06 05:42
IBIJ,iShares iBonds Oct 2033 Term TIPS ETF,ETF,AMEX,24.29,-0.03,-0.10,2026-10-06 05:42
IBIK,iShares iBonds Oct 2034 Term TIPS ETF,ETF,AMEX,23.96,-0.02,-0.08,2026-10-06 05:42
IBIL,iShares iBonds Oct 2035 Term TIPS ETF,ETF,AMEX,23.65,-0.05,-0.21,2026-10-06 05:42
IBIM,iShares iBonds Oct 2036 Term TIPS ETF,ETF,AMEX,23.49,-0.06,-0.23,2026-10-06 05:42
IBIO,아이바이오,주식,NASDAQ,1.12,-0.01,-0.44,2026-10-06 05:42
IBIT,iShares Bitcoin Trust ETF,ETF,NASDAQ,48.56,0.83,1.74,2026-10-06 05:42
IBKR,인터랙티브 브로커스 그룹,주식,NASDAQ,89.05,0.75,0.85,2026-10-06 05:42
IBLC,iShares Blockchain and Tech ETF,ETF,AMEX,45.92,0.00,0.01,2026-10-06 05:42
IBM,IBM(인터내셔널 비지니스 머신),주식,NYSE,221.58,-1.06,-0.48,2026-10-06 05:42
IBMO,iShares iBonds Dec 2026 Term Muni Bond ETF,ETF,AMEX,25.59,0.01,0.04,2026-10-06 05:42
IBMP,iShares iBonds Dec 2027 Term Muni Bond ETF,ETF,AMEX,25.20,0.01,0.04,2026-10-06 05:42
IBMQ,iShares iBonds Dec 2028 Term Muni Bond ETF,ETF,AMEX,25.13,0.00,0.00,2026-10-06 05:42
IBMR,iShares iBonds Dec 2029 Term Muni Bond ETF,ETF,AMEX,24.77,0.00,0.00,2026-10-06 05:42
IBMS,iShares iBonds Dec 2030 Term Muni Bond ETF,ETF,AMEX,25.05,-0.01,-0.02,2026-10-06 05:42
IBMT,Ishares Ibonds Dec 2031 Term Muni Bond ETF,ETF,AMEX,24.75,-0.02,-0.06,2026-10-06 05:42
IBMU,iShares iBonds Dec 2032 Term Muni Bond ETF,ETF,AMEX,24.20,0.00,0.00,2026-10-06 05:42
IBMV,iShares iBonds Dec 2033 Term Muni Bond ETF,ETF,AMEX,24.03,0.04,0.16,2026-10-06 05:42
IBMW,Ishares Ibonds Dec 2034 Term Muni Bond ETF,ETF,AMEX,23.79,0.10,0.43,2026-10-06 05:42
IBMX,iShares iBonds Dec 2035 Term Muni Bond ETF,ETF,AMEX,23.51,0.14,0.61,2026-10-06 05:42
IBN,ICICI 뱅크 ADR,주식,NYSE,27.75,0.31,1.13,2026-10-06 05:42
IBND,State Street SPDR Bloomberg Intl Corp Bd ETF,ETF,AMEX,29.61,-0.08,-0.27,2026-10-06 05:42
IBO,임팩트 바이오메디컬,주식,AMEX,4.84,-0.48,-9.02,2026-10-06 05:42
IBOC,인터내셔널 뱅크셰어즈,주식,NASDAQ,69.49,-0.35,-0.50,2026-10-06 05:42
IBOT,VanEck Robotics ETF,ETF,NASDAQ,67.29,0.73,1.10,2026-10-06 05:42
IBP,인스톨드 빌딩 프로덕츠,주식,NYSE,191.11,-1.89,-0.98,2026-10-06 05:42
IBRN,iShares Neuroscience and Healthcare ETF,ETF,AMEX,32.41,-0.14,-0.44,2026-10-06 05:42
IBRX,이뮤니티바이오,주식,NASDAQ,10.38,0.10,0.92,2026-10-06 05:42
IBTA,아이보타,주식,NYSE,41.35,-0.26,-0.62,2026-10-06 05:42
IBTG,iShares iBonds Dec 2026 Term Treasury ETF,ETF,NASDAQ,22.83,0.01,0.04,2026-10-06 05:42
IBTH,iShares iBonds Dec 2027 Term Treasury ETF,ETF,NASDAQ,22.27,-0.01,-0.04,2026-10-06 05:42
IBTI,iShares iBonds Dec 2028 Term Treasury ETF,ETF,NASDAQ,21.87,0.00,0.00,2026-10-06 05:42
IBTJ,iShares iBonds Dec 2029 Term Treasury ETF,ETF,NASDAQ,21.20,0.01,0.05,2026-10-06 05:42
IBTK,iShares iBonds Dec 2030 Term Treasury ETF,ETF,NASDAQ,18.96,0.02,0.10,2026-10-06 05:42
IBTL,iShares iBonds Dec 2031 Term Treasury ETF,ETF,NASDAQ,19.43,0.01,0.05,2026-10-06 05:42
IBTM,iShares iBonds Dec 2032 Term Treasury ETF,ETF,NASDAQ,21.69,0.00,0.00,2026-10-06 05:42
IBTO,iShares iBonds Dec 2033 Term Treasury ETF,ETF,NASDAQ,22.90,-0.01,-0.06,2026-10-06 05:42
IBTP,iShares iBonds Dec 2034 Term Treasury ETF,ETF,NASDAQ,23.96,-0.03,-0.12,2026-10-06 05:42
IBTQ,iShares iBonds Dec 2035 Term Treasury ETF,ETF,NASDAQ,23.54,-0.03,-0.12,2026-10-06 05:42
IBTR,iShares iBonds Dec 2036 Term Treasury ETF,ETF,NASDAQ,23.32,-0.04,-0.17,2026-10-06 05:42
IBUF,Innovator Intl Developed 10 Buffer ETF - Quarterly,ETF,AMEX,31.45,0.00,0.00,2026-10-06 05:42
IBUY,Amplify Online Retail ETF,ETF,AMEX,66.78,0.55,0.83,2026-10-06 05:42
IBX,Tradr 2X Long IBM Daily ETF,ETF,AMEX,15.59,-0.15,-0.95,2026-10-06 05:42
ICAP,Infrastructure Capital Equity Income ETF,ETF,AMEX,27.40,-0.06,-0.22,2026-10-06 05:42
ICCC,이뮤셀,주식,NASDAQ,9.75,0.00,0.00,2026-10-06 05:42
ICCM,아이스큐어 메디컬,주식,NASDAQ,1.54,-0.03,-1.91,2026-10-06 05:42
ICE,인터컨티넨털 익스체인지,주식,NYSE,152.15,2.00,1.33,2026-10-06 05:42
ICF,iShares Select US REIT ETF,ETF,AMEX,62.63,-0.12,-0.19,2026-10-06 05:42
ICFI,ICF 인터내셔널,주식,NASDAQ,82.86,1.00,1.22,2026-10-06 05:42
ICG,인트체인스 그룹 ADR,주식,NASDAQ,0.95,0.01,1.06,2026-10-06 05:42
ICHR,아이코아 홀딩스,주식,NASDAQ,63.33,0.41,0.65,2026-10-06 05:42
ICL,이스라엘 케미컬스,주식,NYSE,5.06,0.02,0.40,2026-10-06 05:42
ICLN,iShares Global Clean Energy ETF,ETF,NASDAQ,17.29,0.10,0.58,2026-10-06 05:42
ICLO,Invesco AAA CLO Floating Rate Note ETF,ETF,AMEX,25.61,0.01,0.04,2026-10-06 05:42
ICLR,아이콘,주식,NASDAQ,168.33,6.28,3.88,2026-10-06 05:42
ICMB,인베스트코프 크레디트 매니지먼트,주식,NASDAQ,0.71,-0.08,-10.38,2026-10-06 05:42
ICMO,Symmetry Panoramic International Country Momentum ETF,ETF,NASDAQ,24.75,0.16,0.63,2026-10-06 05:42
ICON,아이콘 에너지,주식,NASDAQ,0.92,-0.05,-5.15,2026-10-06 05:42
ICOP,iShares Copper and Metals Mining ETF,ETF,NASDAQ,54.57,0.46,0.85,2026-10-06 05:42
ICOW,Pacer Developed Markets International Cash Cws 100,ETF,AMEX,41.98,-0.10,-0.24,2026-10-06 05:42
ICPI,iShares 0 1 Year TIPS Bond ETF,ETF,AMEX,50.41,-0.03,-0.06,2026-10-06 05:42
ICPY,Tweedy  Browne International Insider Plus Value ETF,ETF,AMEX,12.88,-0.01,-0.04,2026-10-06 05:42
ICSH,iShares Ultra Short Duration Bond Active ETF,ETF,AMEX,50.28,0.02,0.04,2026-10-06 05:42
ICU,씨스타 메디컬 홀딩,주식,NASDAQ,3.55,-1.14,-24.31,2026-10-06 05:42
ICUI,ICU 메디컬,주식,NASDAQ,161.40,2.02,1.27,2026-10-06 05:42
ICVT,iShares Convertible Bond ETF,ETF,AMEX,113.79,0.09,0.08,2026-10-06 05:42
IDA,아이다코프,주식,NYSE,131.73,-1.06,-0.80,2026-10-06 05:42
IDAC,아이언 돔 애퀴지션 I,주식,NASDAQ,9.99,0.00,0.00,2026-10-06 05:42
IDACU,Iron Dome Acquisition I Unit,주식,NASDAQ,10.06,0.00,0.00,2026-10-06 05:42
IDAI,티 스탬프,주식,NASDAQ,3.25,0.00,0.00,2026-10-06 05:42
IDAU,Corgi International Developed Equities 15 Structured Buffer ETF August Series,ETF,AMEX,24.29,0.05,0.20,2026-10-06 05:42
IDCC,인터디지털,주식,NASDAQ,338.19,3.06,0.91,2026-10-06 05:42
IDE,Voya Infrastructure Industrials & Materials Fund,주식,NYSE,11.88,-0.25,-2.06,2026-10-06 05:42
IDEC,Innovator Intl Developed Power Buffer ETF - Dec,ETF,AMEX,34.56,0.03,0.09,2026-10-06 05:42
IDEF,iShares Defense Industrials and Tech Active ETF,ETF,NASDAQ,31.85,0.16,0.50,2026-10-06 05:42
IDEQ,Lazard International Dynamic Equity ETF,ETF,AMEX,35.32,0.22,0.63,2026-10-06 05:42
IDEV,iShares Core MSCI International Developed Mkt ETF,ETF,AMEX,89.65,0.07,0.08,2026-10-06 05:42
IDGT,iShares US Digital Infra & Real Estate ETF,ETF,AMEX,114.95,-0.34,-0.30,2026-10-06 05:42
IDHQ,Invesco S&P Internatnl Developed Quality ETF,ETF,AMEX,43.48,-0.02,-0.05,2026-10-06 05:42
IDJL,Corgi International Dev Eqtys 15% SB ETF-July S,ETF,AMEX,24.69,0.03,0.14,2026-10-06 05:42
IDJN,Corgi International Dev Eqtys 15% SB ETF-June S,ETF,AMEX,24.89,0.06,0.23,2026-10-06 05:42
IDLV,Invesco S&P Intl Developed Low Volatility ETF,ETF,AMEX,33.92,-0.06,-0.18,2026-10-06 05:42
IDMO,Invesco S&P Intl Developed Momentum ETF,ETF,AMEX,61.58,0.06,0.10,2026-10-06 05:42
IDMY,Corgi International Dev Eqtys 15% SB ETF-May S,ETF,AMEX,25.34,0.35,1.42,2026-10-06 05:42
IDN,인텔리체크,주식,NASDAQ,2.26,-0.01,-0.44,2026-10-06 05:42
IDNA,iShares Genomics Immunology and Healthcare ETF,ETF,AMEX,42.72,1.07,2.57,2026-10-06 05:42
IDOG,Alps Internatl Sector Dividends Dogs ETF,ETF,AMEX,41.76,0.21,0.51,2026-10-06 05:42
IDR,아이다호 스트래터직 리소시스,주식,AMEX,27.87,0.23,0.83,2026-10-06 05:42
IDRV,iShares Self-Driving EV and Tech ETF,ETF,AMEX,33.20,0.26,0.78,2026-10-06 05:42
IDSE,Corgi Intl Dev Eqtys 15% SB ETF - Sep S,ETF,AMEX,24.56,0.10,0.40,2026-10-06 05:42
IDT,IDT,주식,NYSE,80.08,1.17,1.48,2026-10-06 05:42
IDU,iShares US Utilities ETF,ETF,AMEX,102.18,0.45,0.44,2026-10-06 05:42
IDUB,Aptus International Enhanced Yield ETF,ETF,AMEX,27.54,0.14,0.51,2026-10-06 05:42
IDV,iShares International Select Dividend ETF,ETF,AMEX,41.75,-0.01,-0.02,2026-10-06 05:42
IDVO,Amplify CWP International Enhanced Div Inc ETF,ETF,AMEX,42.15,0.53,1.27,2026-10-06 05:42
IDVY,First Trust Intl Rising Dividend Achievers ETF,ETF,NASDAQ,26.02,0.04,0.16,2026-10-06 05:42
IDVZ,Polen International Dividend Income ETF,ETF,AMEX,33.26,0.45,1.37,2026-10-06 05:42
IDX,VanEck Indonesia Index ETF,ETF,AMEX,10.80,0.19,1.79,2026-10-06 05:42
IDXX,아이덱스 래보라토리스,주식,NASDAQ,527.07,8.68,1.67,2026-10-06 05:42
IDYA,아이디야 바이오사이언스,주식,NASDAQ,38.06,0.70,1.87,2026-10-06 05:42
IDYN,iShares International Equity Factor Rotation Active ETF,ETF,AMEX,30.38,0.00,-0.01,2026-10-06 05:42
IE,아이반호 일렉트릭,주식,AMEX,10.33,-0.11,-1.05,2026-10-06 05:42
IEAG,인피니트 이글 애퀴지션,주식,NASDAQ,10.18,0.00,0.00,2026-10-06 05:42
IEAGR,Infinite Eagle Acquisition Rights,주식,NASDAQ,0.20,0.00,0.00,2026-10-06 05:42
IEAGU,Infinite Eagle Acquisition Units,주식,NASDAQ,10.32,0.00,0.00,2026-10-06 05:42
IEF,iShares 7-10 Year Treasury Bond ETF,ETF,NASDAQ,88.92,-0.13,-0.15,2026-10-06 05:42
IEFA,iShares Core MSCI EAFE ETF,ETF,AMEX,97.12,0.11,0.11,2026-10-06 05:42
IEI,iShares 3-7 Year Treasury Bond ETF,ETF,NASDAQ,113.17,0.00,0.00,2026-10-06 05:42
IEMG,iShares Core MSCI Emerging Markets ETF,ETF,AMEX,83.58,1.22,1.48,2026-10-06 05:42
IEO,iShares US Oil & Gas Exploration & Production ETF,ETF,AMEX,138.90,2.30,1.68,2026-10-06 05:42
IEP,Icahn Enterprises Units,주식,NASDAQ,6.67,0.00,0.00,2026-10-06 05:42
IESC,IES 홀딩스,주식,NASDAQ,339.62,0.28,0.08,2026-10-06 05:42
IETC,iShares US Tech Independence Focused ETF,ETF,AMEX,117.45,0.94,0.81,2026-10-06 05:42
IEUR,iShares Core MSCI Europe ETF,ETF,AMEX,73.31,-0.09,-0.12,2026-10-06 05:42
IEUS,iShares MSCI Europe Small-Cap ETF,ETF,NASDAQ,69.43,-0.25,-0.36,2026-10-06 05:42
IEV,iShares Europe ETF,ETF,AMEX,70.95,0.15,0.21,2026-10-06 05:42
IEX,아이덱스,주식,NYSE,235.29,2.30,0.99,2026-10-06 05:42
IEZ,iShares US Oil Equipment & Services ETF,ETF,AMEX,27.53,0.72,2.69,2026-10-06 05:42
IFBD,인포버드,주식,NASDAQ,0.84,-0.02,-2.49,2026-10-06 05:42
IFEB,Innovator Intl Developed Power Buffer ETF - Feb,ETF,AMEX,31.39,0.02,0.06,2026-10-06 05:42
IFED,USB ETRACS IFED Invest with the Fed TR Index ETN,ETF,AMEX,46.45,0.00,0.00,2026-10-06 05:42
IFF,인터내셔널 플레이버스 & 프레그런스,주식,NYSE,83.26,0.84,1.02,2026-10-06 05:42
IFGL,iShares International Developed Real Estate ETF,ETF,NASDAQ,20.36,-0.09,-0.42,2026-10-06 05:42
IFLN,Invesco Bloomberg Enhanced Fallen Angels ETF,ETF,AMEX,17.47,0.05,0.29,2026-10-06 05:42
IFLO,VictoryShares International Free Cash Flow ETF,ETF,NASDAQ,35.31,-0.02,-0.06,2026-10-06 05:42
IFLR,Innovator International Developed Managed Flr ETF,ETF,AMEX,52.82,0.04,0.08,2026-10-06 05:42
IFN,Aberdeen India Fund,주식,NYSE,10.45,-0.04,-0.38,2026-10-06 05:42
IFRA,iShares US Infrastructure ETF,ETF,AMEX,56.45,0.26,0.46,2026-10-06 05:42
IFRX,인플락스,주식,NASDAQ,1.68,-0.04,-2.33,2026-10-06 05:42
IFS,인터코프 파이낸셜 서비스,주식,NYSE,54.40,1.29,2.43,2026-10-06 05:42
IFV,First Trust Dorsey Wright Intl Focus 5 ETF,ETF,NASDAQ,24.83,-0.03,-0.12,2026-10-06 05:42
IG,Principal Investment Grade Corporate ETF,ETF,AMEX,19.47,-0.02,-0.08,2026-10-06 05:42
IGA,Voya Global Advantage & Premium Opportunity Fund,주식,NYSE,9.85,-0.16,-1.60,2026-10-06 05:42
IGAC,인베스트그린 애퀴지션,주식,NASDAQ,10.10,0.01,0.10,2026-10-06 05:42
IGACR,Invest Green Acquisition Rights Exp 17 Nov 2030,주식,NASDAQ,0.15,-0.01,-4.94,2026-10-06 05:42
IGACU,Invest Green Acquisition Units,주식,NASDAQ,10.18,0.00,0.00,2026-10-06 05:42
IGBH,iShares Interest Rate Hedged Long-Term Corp Bd,ETF,AMEX,24.54,0.07,0.29,2026-10-06 05:42
IGC,인디아 글로벌리제이션 캐피털,주식,AMEX,0.28,0.01,2.58,2026-10-06 05:42
IGCB,TCW Corporate Bond ETF,ETF,NYSE,43.26,-0.05,-0.11,2026-10-06 05:42
IGD,Voya Global Equity Dividend & Premium Opportunity Closed Fund,주식,NYSE,6.03,-0.04,-0.66,2026-10-06 05:42
IGE,iShares North American Natural Resources ETF,ETF,AMEX,63.07,0.40,0.64,2026-10-06 05:42
IGEB,iShares Investment Grade Systematic Bond ETF,ETF,AMEX,42.63,0.00,0.00,2026-10-06 05:42
IGF,iShares Global Infrastructure ETF,ETF,NASDAQ,62.01,0.25,0.40,2026-10-06 05:42
IGGY,AB International Growth ETF,ETF,AMEX,28.58,0.20,0.71,2026-10-06 05:42
IGHG,ProShares Investment Grade-Interest Rate Hdg ETF,ETF,AMEX,77.70,0.26,0.34,2026-10-06 05:42
IGI,Western Asset Investment Grade Opps Trust Inc.,주식,NYSE,15.72,-0.01,-0.03,2026-10-06 05:42
IGIB,iShares 5-10 Yr Investment Grade Corporate Bd ETF,ETF,NASDAQ,50.17,0.02,0.04,2026-10-06 05:42
IGIC,인터내셔널 제네럴 인슈런스 홀딩스,주식,NASDAQ,24.80,0.18,0.73,2026-10-06 05:42
IGLB,iShares 10+ Year Investment Grade Corp Bond ETF,ETF,AMEX,45.40,-0.06,-0.13,2026-10-06 05:42
IGLD,FT Vest Gold Strategy Target Income ETF,ETF,AMEX,20.01,-0.05,-0.25,2026-10-06 05:42
IGM,iShares Expanded Tech Sector ETF,ETF,AMEX,173.20,1.17,0.68,2026-10-06 05:42
IGOV,iShares International Treasury Bond ETF,ETF,NASDAQ,39.77,-0.04,-0.10,2026-10-06 05:42
IGPT,Invesco AI and Next Gen Software ETF,ETF,AMEX,103.71,0.60,0.58,2026-10-06 05:42
IGR,CBRE Global Real Estate Income Fund,주식,NYSE,11.51,-0.13,-1.12,2026-10-06 05:42
IGRO,Ishares International Dividend Growth Etf,ETF,AMEX,88.60,0.10,0.11,2026-10-06 05:42
IGSB,iShares 1-5 Year Investment Grade Corporate Bd ETF,ETF,NASDAQ,51.12,0.05,0.10,2026-10-06 05:42
IGV,iShares Expanded Tech-Software Sector ETF,ETF,AMEX,109.72,1.29,1.19,2026-10-06 05:42
IH,아이휴먼 ADR,주식,NYSE,1.15,0.01,0.88,2026-10-06 05:42
IHAK,iShares Cybersecurity and Tech ETF,ETF,AMEX,69.64,0.94,1.37,2026-10-06 05:42
IHD,Voya Emerging Markets High Dividend Equity Fund,주식,NYSE,7.75,0.11,1.44,2026-10-06 05:42
IHDG,WisdomTree International Hedged Qual Dividend Gro,ETF,AMEX,52.09,0.12,0.23,2026-10-06 05:42
IHE,iShares US Pharmaceuticals ETF,ETF,AMEX,98.22,-0.43,-0.44,2026-10-06 05:42
IHF,iShares US Healthcare Providers ETF,ETF,AMEX,56.04,0.95,1.72,2026-10-06 05:42
IHG,인터컨티넨탈 호텔 그룹 ADR,주식,NYSE,159.51,-2.23,-1.38,2026-10-06 05:42
IHI,iShares US Medical Devices ETF,ETF,AMEX,51.59,1.14,2.26,2026-10-06 05:42
IHRT,아이하트미디어,주식,NASDAQ,2.05,0.11,5.67,2026-10-06 05:42
IHS,IHS 홀딩,주식,NYSE,8.45,0.13,1.56,2026-10-06 05:42
IHT,인스위츠 호스피털리티 트러스트,주식,AMEX,1.31,-0.01,-0.76,2026-10-06 05:42
IHY,VanEck International High Yield Bond ETF,ETF,AMEX,20.75,-0.02,-0.07,2026-10-06 05:42
IIF,Morgan Stanley India Investment Closed Fund,주식,NYSE,21.28,0.01,0.05,2026-10-06 05:42
IIGD,Invesco Investment Grade Defensive ETF,ETF,AMEX,23.83,0.03,0.11,2026-10-06 05:42
III,인포메이션 서비스 그룹,주식,NASDAQ,5.82,0.12,2.11,2026-10-06 05:42
IIIN,인스틸 인더스트리,주식,NYSE,29.77,0.21,0.71,2026-10-06 05:42
IIIV,I3 버티칼스,주식,NASDAQ,14.97,0.69,4.83,2026-10-06 05:42
IIM,Invesco Value Municipal Income Closed Fund,주식,NYSE,10.71,-0.21,-1.92,2026-10-06 05:42
IINC,Alki Consolidated Income ETF,ETF,AMEX,24.89,0.12,0.49,2026-10-06 05:42
IIPR,이노베이티브 인더스트리얼 프로퍼티,주식,NYSE,50.54,0.02,0.04,2026-10-06 05:42
IJAN,Innovator Intl Developed Power Buffer ETF - Jan,ETF,AMEX,38.44,0.09,0.23,2026-10-06 05:42
IJH,iShares Core S&P Mid-Cap ETF,ETF,AMEX,73.68,0.29,0.40,2026-10-06 05:42
IJJ,iShares S&P Mid-Cap 400 Value ETF,ETF,AMEX,140.76,0.24,0.17,2026-10-06 05:42
IJK,iShares S&P Mid-Cap 400 Growth ETF,ETF,AMEX,112.42,0.62,0.55,2026-10-06 05:42
IJR,iShares Core S&P Small-Cap ETF,ETF,AMEX,139.02,0.50,0.36,2026-10-06 05:42
IJS,iShares S&P Small-Cap 600 Value ETF,ETF,AMEX,130.91,0.52,0.40,2026-10-06 05:42
IJT,iShares S&P Small-Cap 600 Growth ETF,ETF,NASDAQ,163.99,0.55,0.34,2026-10-06 05:42
IJUL,Innovator Intl Developed Power Buffer ETF - July,ETF,AMEX,36.09,0.03,0.09,2026-10-06 05:42
IJUN,Innovator Intl Developed Power Buffer ETF - June,ETF,AMEX,31.27,0.01,0.03,2026-10-06 05:42
IKT,인히비케이즈 테라퓨틱스,주식,NASDAQ,2.00,0.00,0.00,2026-10-06 05:42
ILAG,인텔리전트 리빙 어플리케이션 그룹,주식,NASDAQ,2.90,0.00,0.00,2026-10-06 05:42
ILCB,iShares Morningstar US Equity ETF,ETF,AMEX,106.74,0.76,0.72,2026-10-06 05:42
ILCG,iShares Morningstar Growth ETF,ETF,AMEX,119.83,1.08,0.91,2026-10-06 05:42
ILCV,iShares Morningstar Value ETF,ETF,AMEX,106.29,0.47,0.44,2026-10-06 05:42
ILDR,First Trust Innovation Leaders ETF,ETF,AMEX,40.50,0.37,0.92,2026-10-06 05:42
ILF,iShares Latin America 40 ETF,ETF,AMEX,37.86,2.88,8.23,2026-10-06 05:42
ILIT,iShares Lithium Miners and Producers ETF,ETF,NASDAQ,12.57,0.13,1.05,2026-10-06 05:42
ILLR,트릴러 그룹,주식,NASDAQ,0.23,-0.02,-7.03,2026-10-06 05:42
ILLU,일루미네이션 애퀴지션 I,주식,NASDAQ,9.98,0.00,0.00,2026-10-06 05:42
ILLUU,Illumination Acquisition I Units,주식,NASDAQ,10.27,0.00,0.00,2026-10-06 05:42
ILMN,일루미나,주식,NASDAQ,293.69,20.65,7.56,2026-10-06 05:42
ILOW,AB International Low Volatility Equity ETF,ETF,AMEX,45.42,-0.12,-0.26,2026-10-06 05:42
ILPT,인더스트리얼 로지스틱스 프로퍼티,주식,NASDAQ,7.11,0.03,0.42,2026-10-06 05:42
ILS,Brookmont Catastrophic Bond ETF,ETF,AMEX,20.19,0.00,0.00,2026-10-06 05:42
ILTB,iShares Core 10+ Year USD Bond ETF,ETF,AMEX,44.52,-0.15,-0.34,2026-10-06 05:42
IMA,이매진바이오,주식,NASDAQ,4.70,0.10,2.17,2026-10-06 05:42
IMAR,Innovator Intl Developed Power Buffer ETF - March,ETF,AMEX,30.57,0.04,0.13,2026-10-06 05:42
IMAX,아이맥스,주식,NYSE,52.58,-0.14,-0.27,2026-10-06 05:42
IMAY,Innovator Intl Developed Power Buffer ETF - May,ETF,AMEX,31.90,0.02,0.05,2026-10-06 05:42
IMC,IMC 레어 어스,주식,AMEX,8.20,-0.91,-9.99,2026-10-06 05:42
IMCB,iShares Morningstar Mid-Cap ETF,ETF,AMEX,96.54,0.74,0.77,2026-10-06 05:42
IMCC,IM 카나비스,주식,NASDAQ,1.94,-0.10,-4.90,2026-10-06 05:42
IMCG,iShares Morningstar Mid-Cap Growth ETF,ETF,AMEX,96.48,0.76,0.79,2026-10-06 05:42
IMCR,이뮤노코어 홀딩스 ADR,주식,NASDAQ,29.59,-0.12,-0.40,2026-10-06 05:42
IMCV,iShares Morningstar Mid-Cap Value ETF,ETF,NASDAQ,93.02,0.66,0.71,2026-10-06 05:42
IMDX,인사이트 몰레큘러 다이어그노스틱스,주식,NASDAQ,3.67,0.23,6.69,2026-10-06 05:42
IMF,Invesco Managed Futures Strategy ETF,ETF,AMEX,53.73,0.08,0.15,2026-10-06 05:42
IMFL,Invesco International Developed Dynamic Multifctr,ETF,AMEX,33.50,-0.07,-0.21,2026-10-06 05:42
IMKTA,잉글스 마케츠,주식,NASDAQ,86.51,-0.14,-0.16,2026-10-06 05:42
IMMP,이뮤텝 ADR,주식,NASDAQ,4.27,-0.08,-1.84,2026-10-06 05:42
IMMR,이머션,주식,NASDAQ,7.27,-0.12,-1.62,2026-10-06 05:42
IMMX,이믹스 바이오파마,주식,NASDAQ,10.13,0.45,4.65,2026-10-06 05:42
IMNM,이뮤놈,주식,NASDAQ,21.17,0.27,1.29,2026-10-06 05:42
IMNN,이뮨온,주식,NASDAQ,1.24,-0.04,-3.13,2026-10-06 05:42
IMO,임페리얼 오일,주식,AMEX,123.51,-2.17,-1.73,2026-10-06 05:42
IMOM,Alpha Architect Intl Quantitative Momentum ETF,ETF,NASDAQ,40.81,0.12,0.30,2026-10-06 05:42
IMOS,칩모스 테크놀로지스 ADR,주식,NASDAQ,77.41,-5.90,-7.08,2026-10-06 05:42
IMPP,임페리얼 페트롤리엄,주식,NASDAQ,5.27,-0.11,-2.04,2026-10-06 05:42
IMPPP,임페리얼 페트롤리엄 우선주 시리즈 A 8.75%,주식,NASDAQ,25.90,0.10,0.39,2026-10-06 05:42
IMRN,이뮤론 ADR,주식,NASDAQ,1.07,-0.02,-1.83,2026-10-06 05:42
IMRX,이뮤니어링,주식,NASDAQ,4.04,-0.03,-0.74,2026-10-06 05:42
IMSR,테레스트리얼 에너지,주식,NASDAQ,3.75,-0.03,-0.79,2026-10-06 05:42
IMTB,iShares Core 5 10 Year USD Bond ETF,ETF,AMEX,41.19,-0.04,-0.10,2026-10-06 05:42
IMTE,인티그레이티드 미디어 테크놀로지,주식,NASDAQ,0.45,0.00,-0.47,2026-10-06 05:42
IMTG,Invesco Agency MBS ETF,ETF,AMEX,46.31,-0.07,-0.16,2026-10-06 05:42
IMTM,iShares MSCI Intl Momentum Factor ETF,ETF,AMEX,53.16,0.11,0.21,2026-10-06 05:42
IMTX,이매틱스,주식,NASDAQ,7.73,0.14,1.84,2026-10-06 05:42
IMUX,이뮤닉,주식,NASDAQ,8.07,0.11,1.38,2026-10-06 05:42
IMVP,Invesco India ETF,ETF,AMEX,18.53,0.01,0.03,2026-10-06 05:42
IMVT,이뮤노반트,주식,NASDAQ,33.25,-0.37,-1.10,2026-10-06 05:42
IMXI,인터내셔널 머니 익스프레스,주식,NASDAQ,11.78,0.27,2.35,2026-10-06 05:42
INAB,인8바이오,주식,NASDAQ,1.42,0.02,1.43,2026-10-06 05:42
INAC,인디고 애퀴지션,주식,NASDAQ,10.39,0.00,0.00,2026-10-06 05:42
INACR,Indigo Acquisition Rights Exp 04 Feb 2027,주식,NASDAQ,0.12,0.00,0.00,2026-10-06 05:42
INACU,Indigo Acquisition Units,주식,NASDAQ,10.80,0.00,0.00,2026-10-06 05:42
INBK,퍼스트 인터넷 뱅코프,주식,NASDAQ,26.83,-0.79,-2.86,2026-10-06 05:42
INBKZ,First Internet Bancorp 6.0% Fixed to Floating Rate Subordinated Notes Exp 30,주식,NASDAQ,25.21,-0.04,-0.14,2026-10-06 05:42
INBS,인텔리전트 바이오 솔루션스,주식,NASDAQ,1.67,0.01,0.60,2026-10-06 05:42
INBX,인히브릭스 바이오사이언시스,주식,NASDAQ,94.56,-2.43,-2.51,2026-10-06 05:42
INCE,Franklin Income Equity Focus ETF,ETF,AMEX,65.95,0.07,0.10,2026-10-06 05:42
INCM,Franklin Income Focus ETF,ETF,AMEX,28.53,0.02,0.07,2026-10-06 05:42
INCO,Columbia India Consumer ETF,ETF,AMEX,57.38,0.21,0.36,2026-10-06 05:42
INCR,인터큐어,주식,NASDAQ,5.45,0.03,0.55,2026-10-06 05:42
INCY,인사이트,주식,NASDAQ,114.13,-1.17,-1.01,2026-10-06 05:42
IND,Xtrackers Nifty 500 India ETF,ETF,NASDAQ,21.51,0.01,0.05,2026-10-06 05:42
INDA,iShares MSCI India ETF,ETF,AMEX,46.57,0.05,0.11,2026-10-06 05:42
INDB,인디펜던트 뱅크 (매사추세츠),주식,NASDAQ,79.71,-0.35,-0.44,2026-10-06 05:42
INDE,Matthews India Active ETF,ETF,AMEX,28.74,0.10,0.33,2026-10-06 05:42
INDH,WisdomTree India Hedged Equity Fund,ETF,NASDAQ,36.91,-0.03,-0.08,2026-10-06 05:42
INDI,인디 세미컨덕터,주식,NASDAQ,2.91,-0.06,-2.02,2026-10-06 05:42
INDL,Direxion Daily MSCI India Bull 2X ETF,ETF,AMEX,39.28,0.04,0.10,2026-10-06 05:42
INDO,인도네시아 에너지 코퍼레이션,주식,AMEX,2.78,0.11,4.12,2026-10-06 05:42
INDP,인댑터스 테라퓨틱스,주식,NASDAQ,2.51,0.13,5.46,2026-10-06 05:42
INDQ,Pacer ActiveAlpha India Quality ETF,ETF,NASDAQ,24.62,-0.10,-0.39,2026-10-06 05:42
INDS,Pacer Industrial Real Estate ETF,ETF,AMEX,37.10,-0.20,-0.53,2026-10-06 05:42
INDV,인디비어 파마슈티컬스,주식,NASDAQ,35.99,0.28,0.78,2026-10-06 05:42
INDY,iShares India 50 ETF,ETF,NASDAQ,40.94,-0.01,-0.02,2026-10-06 05:42
INDZ,VanEck India Select ETF,ETF,AMEX,23.53,0.03,0.11,2026-10-06 05:42
INEO,INNEOVA 홀딩스,주식,NASDAQ,0.55,-0.04,-6.73,2026-10-06 05:42
INEQ,Columbia International Equity Income ETF,ETF,AMEX,39.47,0.08,0.19,2026-10-06 05:42
INFH,Defiance Daily Target 2X Long INFQ ETF,ETF,AMEX,7.32,-0.59,-7.46,2026-10-06 05:42
INFL,Horizon Kinetics Inflation Beneficiaries ETF,ETF,AMEX,50.82,0.41,0.81,2026-10-06 05:42
INFO,Harbor PanAgora Dynamic Large Cap Core ETF,ETF,NYSE,28.51,0.22,0.79,2026-10-06 05:42
INFQ,인플렉션,주식,NYSE,12.66,-0.49,-3.73,2026-10-06 05:42
INFU,인퓨시스템즈 홀딩스,주식,AMEX,13.49,0.33,2.51,2026-10-06 05:42
INFY,인포시스 ADR,주식,NYSE,10.76,-0.28,-2.54,2026-10-06 05:42
ING,ING 그룹 ADR,주식,NYSE,34.77,-0.01,-0.03,2026-10-06 05:42
INGM,인그램 마이크로 홀딩,주식,NYSE,27.58,-0.92,-3.23,2026-10-06 05:42
INGN,이노젠,주식,NASDAQ,5.94,-0.03,-0.50,2026-10-06 05:42
INGR,인그리디언,주식,NYSE,96.85,1.52,1.59,2026-10-06 05:42
INHD,인노 홀딩스,주식,NASDAQ,3.19,0.01,0.31,2026-10-06 05:42
INIO,이니오,주식,NASDAQ,18.98,-1.01,-5.05,2026-10-06 05:42
INKM,State Street SPDR SSGA Income Allocation ETF,ETF,AMEX,33.07,0.02,0.06,2026-10-06 05:42
INKT,밍크 테라퓨틱스,주식,NASDAQ,12.20,-0.24,-1.93,2026-10-06 05:42
INLF,인리프,주식,NASDAQ,3.38,-0.17,-4.79,2026-10-06 05:42
INLX,인텔리네틱스,주식,AMEX,5.00,-0.05,-0.99,2026-10-06 05:42
INM,인메드 파마슈티컬스,주식,NASDAQ,1.33,0.00,0.00,2026-10-06 05:42
INMB,인뮨 바이오,주식,NASDAQ,1.94,0.01,0.52,2026-10-06 05:42
INMD,인모드,주식,NASDAQ,14.13,0.04,0.28,2026-10-06 05:42
INMU,Ishares Intermediate Muni Income Active ETF,ETF,AMEX,22.93,0.01,0.04,2026-10-06 05:42
INN,서밋 호텔 프로퍼티스,주식,NYSE,5.99,-0.03,-0.50,2026-10-06 05:42
INNV,이노베이지 홀딩,주식,NASDAQ,9.00,0.04,0.45,2026-10-06 05:42
INO,이노비오 파마슈티컬스,주식,NASDAQ,1.15,-0.01,-0.86,2026-10-06 05:42
INOD,이노데이터,주식,NASDAQ,66.97,-3.10,-4.42,2026-10-06 05:42
INOV,Innovator Intl Developed Power Buffer ETF - Nov,ETF,AMEX,36.84,0.03,0.08,2026-10-06 05:42
INQQ,INQQ The India Internet ETF,ETF,AMEX,12.93,0.09,0.66,2026-10-06 05:42
INR,인피니티 내추럴 리소시스,주식,NYSE,13.21,0.30,2.32,2026-10-06 05:42
INRO,iShares US Industry Rotation Active ETF,ETF,NASDAQ,37.40,0.22,0.59,2026-10-06 05:42
INSE,인스파이어드 엔터테인먼트,주식,NASDAQ,3.98,0.52,14.86,2026-10-06 05:42
INSG,인시고,주식,NASDAQ,4.62,0.01,0.22,2026-10-06 05:42
INSM,인스메드,주식,NASDAQ,103.83,-7.29,-6.56,2026-10-06 05:42
INSP,인스파이어 메디컬 시스템,주식,NYSE,70.75,0.78,1.11,2026-10-06 05:42
INSW,인터네셔널 시웨이스,주식,NYSE,116.60,0.79,0.68,2026-10-06 05:42
INT,Corgi INTC 2x Daily ETF,ETF,AMEX,23.00,-1.47,-6.01,2026-10-06 05:42
INTA,인탭,주식,NASDAQ,37.38,0.89,2.44,2026-10-06 05:42
INTC,인텔,주식,NASDAQ,116.19,-3.14,-2.63,2026-10-06 05:42
INTF,iShares International Equity Factor ETF,ETF,AMEX,41.58,0.03,0.07,2026-10-06 05:42
INTG,인터그룹,주식,NASDAQ,28.25,0.38,1.35,2026-10-06 05:42
INTJ,인텔리전트 그룹,주식,NASDAQ,2.86,0.00,0.00,2026-10-06 05:42
INTL,Main International ETF,ETF,AMEX,30.87,0.17,0.55,2026-10-06 05:42
INTM,Invesco Intermediate Municipal ETF,ETF,AMEX,49.45,0.10,0.19,2026-10-06 05:42
INTR,인터 앤 코,주식,NASDAQ,6.56,1.08,19.71,2026-10-06 05:42
INTS,인텐시티 테라퓨틱스,주식,NASDAQ,3.45,0.01,0.29,2026-10-06 05:42
INTT,인테스트,주식,AMEX,15.04,2.74,22.28,2026-10-06 05:42
INTU,인튜이트,주식,NASDAQ,284.68,3.60,1.28,2026-10-06 05:42
INTW,GraniteShares 2x Long INTC Daily ETF,ETF,NASDAQ,29.21,-1.60,-5.19,2026-10-06 05:42
INTZ,인트루젼,주식,NASDAQ,0.69,-0.03,-4.03,2026-10-06 05:42
INUV,이누보,주식,AMEX,0.53,-0.04,-6.32,2026-10-06 05:42
INV,인벤처,주식,NASDAQ,0.52,0.01,2.32,2026-10-06 05:42
INVA,이노비바,주식,NASDAQ,20.64,0.14,0.68,2026-10-06 05:42
INVE,아이덴티브,주식,NASDAQ,2.35,0.00,0.00,2026-10-06 05:42
INVG,GMO Systematic Investment Grade Credit ETF,ETF,AMEX,24.08,0.01,0.02,2026-10-06 05:42
INVH,인비테이션 홈스,주식,NYSE,26.06,0.02,0.08,2026-10-06 05:42
INVN,Alger Russell Innovation ETF,ETF,AMEX,25.89,0.33,1.30,2026-10-06 05:42
INVX,이노벡스 인터내셔널,주식,NYSE,28.41,1.10,4.03,2026-10-06 05:42
INVZ,이노비즈 테크놀로지스,주식,NASDAQ,0.33,-0.03,-7.91,2026-10-06 05:42
INYY,Yieldmax Intc Option Income Strategy ETF,ETF,AMEX,39.81,-0.34,-0.85,2026-10-06 05:42
IOCT,Innovator Intl Developed Power Buffer ETF - Oct,ETF,AMEX,37.87,0.09,0.24,2026-10-06 05:42
ION,ProShares S&P Global Core Battery Metals ETF,ETF,AMEX,45.87,0.39,0.86,2026-10-06 05:42
IONC,Corgi IONQ 2x Daily ETF,ETF,AMEX,13.39,-0.18,-1.36,2026-10-06 05:42
IOND,아이오닉 디지털,주식,NASDAQ,83.32,0.60,0.73,2026-10-06 05:42
IONL,GraniteShares 2x Long IONQ Daily ETF,ETF,NASDAQ,14.48,-0.52,-3.47,2026-10-06 05:42
IONQ,아이온큐,주식,NYSE,42.97,-0.80,-1.83,2026-10-06 05:42
IONR,아이오니어 ADR,주식,NASDAQ,2.98,0.05,1.71,2026-10-06 05:42
IONS,아이오니스 파마슈티컬스,주식,NASDAQ,43.50,-0.04,-0.09,2026-10-06 05:42
IONX,Defiance Daily Target 2X Long IONQ ETF,ETF,NASDAQ,26.20,-0.91,-3.36,2026-10-06 05:42
IONZ,Defiance Daily Target 2x Short IONQ ETF,ETF,NASDAQ,21.09,0.70,3.42,2026-10-06 05:42
IOO,iShares Global 100 ETF,ETF,AMEX,145.67,0.83,0.57,2026-10-06 05:42
IOPP,Simplify Tara India Opportunities ETF,ETF,AMEX,25.13,0.09,0.36,2026-10-06 05:42
IOR,인컴 오퍼튜니티 리얼티 인베스터스,주식,AMEX,17.00,0.00,0.00,2026-10-06 05:42
IOSP,이노스펙,주식,NASDAQ,97.65,0.24,0.25,2026-10-06 05:42
IOSX,Corgi AAPL 2x Daily ETF,ETF,AMEX,33.30,-0.11,-0.32,2026-10-06 05:42
IOT,삼사라,주식,NYSE,42.39,1.27,3.09,2026-10-06 05:42
IOTR,아이오쓰리,주식,NASDAQ,1.88,-0.07,-3.59,2026-10-06 05:42
IOVA,이오밴스 바이오테라퓨틱스,주식,NASDAQ,14.15,-0.07,-0.46,2026-10-06 05:42
IOYY,GraniteShares YieldBOOST IONQ ETF,ETF,NASDAQ,5.74,-0.01,-0.19,2026-10-06 05:42
IP,인터내셔널 페이퍼,주식,NYSE,32.05,0.08,0.25,2026-10-06 05:42
IPAC,iShares Core MSCI Pacific ETF,ETF,AMEX,86.20,0.42,0.49,2026-10-06 05:42
IPAR,인터퍼퓸,주식,NASDAQ,113.76,-0.19,-0.17,2026-10-06 05:42
IPAV,Global X Infrastructure Development ex-US ETF,ETF,AMEX,30.68,-0.09,-0.28,2026-10-06 05:42
IPAY,Amplify Digital Payments ETF,ETF,AMEX,47.63,1.17,2.52,2026-10-06 05:42
IPB,메릴린치 디파지터 6.0518% 인덱스 플러스 트러스트,ETF,NYSE,24.93,0.00,0.00,2026-10-06 05:42
IPDN,프로페셔널 다이버시티 네트워크,주식,NASDAQ,3.10,-0.12,-3.73,2026-10-06 05:42
IPEXR,Inflection Point Acquisition V Rights,주식,NASDAQ,0.60,-0.03,-4.15,2026-10-06 05:42
IPFX,인플렉션 포인트 애퀴지션 VI,주식,NASDAQ,10.04,-0.01,-0.11,2026-10-06 05:42
IPFXU,Inflection Point Acquisition VI Units,주식,NASDAQ,10.37,0.00,0.00,2026-10-06 05:42
IPGP,IPG 포토닉스,주식,NASDAQ,83.60,-0.45,-0.54,2026-10-06 05:42
IPHA,이네이트 파르마 ADR,주식,NASDAQ,1.58,0.02,1.28,2026-10-06 05:42
IPHXU,Inflection Point Acquisition VIII Units,주식,NASDAQ,10.07,0.00,0.00,2026-10-06 05:42
IPI,인트레피드 포타시,주식,NYSE,33.38,0.62,1.89,2026-10-06 05:42
IPKW,Invesco International BuyBack Achievers ETF,ETF,NASDAQ,59.19,0.27,0.46,2026-10-06 05:42
IPM,인텔리전트 프로텍션 매니지먼트,주식,NASDAQ,1.76,-0.02,-1.12,2026-10-06 05:42
IPO,Renaissance IPO ETF,ETF,AMEX,54.70,1.11,2.07,2026-10-06 05:42
IPOS,Renaissance International IPO ETF,ETF,AMEX,21.56,0.35,1.65,2026-10-06 05:42
IPSC,센추리 테라퓨틱스,주식,NASDAQ,1.48,-0.05,-3.27,2026-10-06 05:42
IPST,IP 스트래티지 홀딩스,주식,NASDAQ,3.14,0.06,1.95,2026-10-06 05:42
IPVV,인터프라이빗 인베스트 파트너스V,주식,NASDAQ,9.85,0.01,0.10,2026-10-06 05:42
IPVVU,InterPrivate Investment Partners V Units,주식,NASDAQ,9.92,0.00,0.00,2026-10-06 05:42
IPW,아이파워,주식,NASDAQ,1.22,0.10,8.93,2026-10-06 05:42
IPWR,아이디얼 파워,주식,NASDAQ,3.95,-0.10,-2.47,2026-10-06 05:42
IPX,이페리온엑스 ADR,주식,NASDAQ,16.61,-0.36,-2.12,2026-10-06 05:42
IPXG,콜럼버스 서클 캐피털 II,주식,NASDAQ,10.06,0.01,0.05,2026-10-06 05:42
IPXGU,Inflection Point Acquisition Units,주식,NASDAQ,10.95,0.00,0.00,2026-10-06 05:42
IQ,아이치이 ADR,주식,NASDAQ,1.03,0.04,3.82,2026-10-06 05:42
IQDF,Northern Trust International Quality Dividend ETF,ETF,AMEX,34.78,0.15,0.43,2026-10-06 05:42
IQDG,WisdomTree International Quality Dividend Growth,ETF,AMEX,42.40,-0.05,-0.13,2026-10-06 05:42
IQDY,Northern Trust International Qlty Div Dynamic ETF,ETF,AMEX,42.49,0.19,0.44,2026-10-06 05:42
IQGR,Astoria International Quality Growth Kings ETF,ETF,NASDAQ,25.33,0.13,0.51,2026-10-06 05:42
IQHI,NYLIM MacKay High Income ETF,ETF,AMEX,25.05,-0.02,-0.08,2026-10-06 05:42
IQI,Invesco Quality Municipal Income Closed Fund,주식,NYSE,8.73,-0.21,-2.35,2026-10-06 05:42
IQLT,iShares MSCI Intl Quality Factor ETF,ETF,AMEX,49.70,-0.10,-0.20,2026-10-06 05:42
IQM,Franklin Intelligent Machines ETF,ETF,AMEX,115.26,0.51,0.45,2026-10-06 05:42
IQMM,ProShares GENIUS Money Market ETF,ETF,AMEX,100.12,0.01,0.01,2026-10-06 05:42
IQMX,IQM 퀀텀 컴퓨터스 ADR,주식,NASDAQ,10.56,0.21,2.03,2026-10-06 05:42
IQQ,IShares Nasdaq 100 ETF,ETF,NASDAQ,25.59,0.23,0.91,2026-10-06 05:42
IQQQ,ProShares Nasdaq-100 High Income ETF,ETF,NASDAQ,49.61,0.42,0.86,2026-10-06 05:42
IQSI,NYLIM Candriam International Equity ETF,ETF,AMEX,38.30,0.08,0.22,2026-10-06 05:42
IQSM,NYLIM Candriam U S Mid Cap Equity ETF,ETF,AMEX,39.21,0.26,0.68,2026-10-06 05:42
IQST,iQSTEL,주식,NASDAQ,1.01,-0.02,-1.94,2026-10-06 05:42
IQSU,NYLIM Candriam U S Large Cap Equity ETF,ETF,AMEX,63.51,0.29,0.45,2026-10-06 05:42
IQSZ,Invesco Global Equity Net Zero ETF,ETF,AMEX,32.43,0.19,0.60,2026-10-06 05:42
IQV,아이큐비아 홀딩스,주식,NYSE,266.09,7.88,3.05,2026-10-06 05:42
IR,잉가솔랜드,주식,NYSE,78.55,2.48,3.26,2026-10-06 05:42
IRAB,아이리스 애퀴지션 II,주식,NYSE,10.01,-0.14,-1.38,2026-10-06 05:42
IRAB.U,Iris Acquisition II Units,주식,NYSE,10.56,0.00,0.00,2026-10-06 05:42
IRD,오푸스 제네틱스,주식,NASDAQ,4.38,-0.20,-4.37,2026-10-06 05:42
IRDM,이리디움 커뮤니케이션스,주식,NASDAQ,48.44,-0.52,-1.06,2026-10-06 05:42
IRE,Defiance Daily Target 2X Long IREN ETF,ETF,AMEX,8.90,-0.60,-6.32,2026-10-06 05:42
IREC,Corgi IREN 2x Daily ETF,ETF,AMEX,19.67,-1.26,-6.03,2026-10-06 05:42
IREG,Leverage Shares 2X Long IREN Daily ETF,ETF,NASDAQ,7.41,-0.49,-6.20,2026-10-06 05:42
IREN,아이렌,주식,NASDAQ,40.48,-1.28,-3.07,2026-10-06 05:42
IREX,Tradr 2X Long IREN Daily ETF,ETF,AMEX,13.04,-0.86,-6.19,2026-10-06 05:42
IREZ,Tradr 2X Short IREN Daily ETF,ETF,AMEX,9.94,0.60,6.37,2026-10-06 05:42
IRHO,아이언 호스 애퀴지션스 II,주식,NASDAQ,10.07,0.01,0.05,2026-10-06 05:42
IRHOR,Iron Horse Acquisitions II Rights Exp 11th July 2030,주식,NASDAQ,0.18,0.00,0.00,2026-10-06 05:42
IRHOU,Iron Horse Acquisition II Units,주식,NASDAQ,10.16,0.00,0.00,2026-10-06 05:42
IRIX,이리덱스,주식,NASDAQ,0.69,0.05,7.28,2026-10-06 05:42
IRM,아이언 마운틴,주식,NYSE,112.33,-1.06,-0.93,2026-10-06 05:42
IRMD,아이라디메드,주식,NASDAQ,86.47,1.07,1.25,2026-10-06 05:42
IROC,Invesco Rochester High Yield Municipal ETF,ETF,AMEX,47.92,0.12,0.25,2026-10-06 05:42
IRON,디스크 메디슨,주식,NASDAQ,63.33,-1.18,-1.83,2026-10-06 05:42
IRS,IRSA 인베르시오네스 ADR,주식,NYSE,13.95,0.59,4.42,2026-10-06 05:42
IRT,인디펜던스 리얼티 트러스트,주식,NYSE,14.72,0.21,1.45,2026-10-06 05:42
IRTC,아이리듬 홀딩스,주식,NASDAQ,109.09,-1.28,-1.16,2026-10-06 05:42
IRTR,iShares LifePath Retirement ETF,ETF,AMEX,31.34,0.05,0.15,2026-10-06 05:42
IRVH,Global X Interest Rate Volatility & Inflation Hdg,ETF,AMEX,18.40,0.01,0.07,2026-10-06 05:42
IRWD,아이언우드 파마슈티컬스,주식,NASDAQ,3.65,0.01,0.27,2026-10-06 05:42
ISBA,이자벨라 뱅크,주식,NASDAQ,37.87,-0.25,-0.66,2026-10-06 05:42
ISBG,IncomeSTKd 1x Bitcoin & 1x Gold Premium ETF,ETF,AMEX,16.15,0.38,2.40,2026-10-06 05:42
ISCB,iShares Morningstar Small-Cap ETF,ETF,AMEX,72.10,0.59,0.83,2026-10-06 05:42
ISCF,iShares Intl Small Cap Equity Factor ETF,ETF,AMEX,44.56,0.03,0.06,2026-10-06 05:42
ISCG,iShares Morningstar Small-Cap Growth ETF,ETF,AMEX,62.75,0.49,0.79,2026-10-06 05:42
ISCV,iShares Morningstar Small-Cap Value ETF,ETF,AMEX,75.79,0.30,0.40,2026-10-06 05:42
ISD,PGIM High Yield Bond Fund，Inc,주식,NYSE,11.50,-0.20,-1.71,2026-10-06 05:42
ISEP,Innovator Intl Developed Power Buffer ETF - Sept,ETF,AMEX,34.92,0.01,0.04,2026-10-06 05:42
ISHG,iShares 1-3 Yr International Treasury Bond ETF,ETF,NASDAQ,73.77,-0.09,-0.13,2026-10-06 05:42
ISHP,First Trust S-Network E-Commerce ETF,ETF,NASDAQ,33.72,0.37,1.09,2026-10-06 05:42
ISMD,Inspire Small/Mid Cap ETF,ETF,AMEX,47.09,0.06,0.13,2026-10-06 05:42
ISMF,iShares Managed Futures Active ETF,ETF,AMEX,29.04,0.13,0.43,2026-10-06 05:42
ISNR,스노우 로스차일드 애퀴지션,주식,NASDAQ,9.84,0.00,0.00,2026-10-06 05:42
ISNRU,Snow Rothschild Acquisition Units,주식,NASDAQ,10.00,0.07,0.70,2026-10-06 05:42
ISOU,아이소에너지,주식,AMEX,9.47,0.30,3.27,2026-10-06 05:42
ISPC,아이스페시멘,주식,NASDAQ,1.05,-0.03,-2.78,2026-10-06 05:42
ISPR,이스파이어 테크놀로지,주식,NASDAQ,1.30,-0.08,-5.80,2026-10-06 05:42
ISPY,ProShares S&P 500 High Income ETF,ETF,AMEX,48.32,0.33,0.69,2026-10-06 05:42
ISRA,VanEck Israel ETF,ETF,AMEX,67.15,0.16,0.24,2026-10-06 05:42
ISRG,인튜이티브 서지컬,주식,NASDAQ,406.48,14.53,3.71,2026-10-06 05:42
ISRL,Defiance KSM Israel 120 ETF,ETF,NASDAQ,24.09,-0.15,-0.61,2026-10-06 05:42
ISSB,IncomeSTKd 1x US Stocks & 1x Bitcoin Premium ETF,ETF,AMEX,24.56,0.52,2.17,2026-10-06 05:42
ISTB,iShares Core 1-5 Year USD Bond ETF,ETF,NASDAQ,47.13,0.03,0.06,2026-10-06 05:42
ISTM,Ishares Strategic Metals ETF,ETF,NASDAQ,29.79,0.25,0.84,2026-10-06 05:42
ISTR,인베스타 홀딩,주식,NASDAQ,29.36,-0.05,-0.17,2026-10-06 05:42
ISUL,Graniteshares 2X Long ISRG Daily ETF,ETF,NASDAQ,16.27,1.11,7.35,2026-10-06 05:42
ISVL,iShares Intl Developed Small Cap Value Factor ETF,ETF,AMEX,53.52,0.11,0.21,2026-10-06 05:42
ISWN,Amplify BlackSwan ISWN ETF,ETF,AMEX,20.90,0.00,0.02,2026-10-06 05:42
IT,가트너,주식,NYSE,187.76,2.96,1.60,2026-10-06 05:42
ITA,iShares US Aerospace & Defense ETF,ETF,AMEX,206.98,-0.81,-0.39,2026-10-06 05:42
ITAN,Sparkline Intangible Value ETF,ETF,AMEX,43.99,0.08,0.18,2026-10-06 05:42
ITB,iShares US Home Construction ETF,ETF,AMEX,85.58,-1.06,-1.22,2026-10-06 05:42
ITDB,iShares LifePath Target Date 2030 ETF,ETF,AMEX,34.85,0.09,0.27,2026-10-06 05:42
ITDC,iShares LifePath Target Date 2035 ETF,ETF,AMEX,36.72,0.20,0.55,2026-10-06 05:42
ITDD,iShares LifePath Target Date 2040 ETF,ETF,AMEX,38.71,0.19,0.49,2026-10-06 05:42
ITDE,iShares LifePath Target Date 2045 ETF,ETF,AMEX,40.39,0.18,0.45,2026-10-06 05:42
ITDF,iShares LifePath Target Date 2050 ETF,ETF,AMEX,42.13,0.30,0.72,2026-10-06 05:42
ITDG,iShares LifePath Target Date 2055 ETF,ETF,AMEX,42.97,0.23,0.54,2026-10-06 05:42
ITDH,iShares LifePath Target Date 2060 ETF,ETF,AMEX,43.02,0.23,0.54,2026-10-06 05:42
ITDI,iShares LifePath Target Date 2065 ETF,ETF,AMEX,42.99,0.25,0.58,2026-10-06 05:42
ITDJ,iShares LifePath Target Date 2070 ETF,ETF,AMEX,33.43,0.22,0.65,2026-10-06 05:42
ITEQ,Amplify Bluestar Israel Technology ETF,ETF,AMEX,63.07,0.18,0.28,2026-10-06 05:42
ITG,ITG,주식,NASDAQ,6.98,0.10,1.45,2026-10-06 05:42
ITGR,인티거 홀딩스,주식,NYSE,126.45,0.00,0.00,2026-10-06 05:42
ITHA,ITHAX 애퀴지션 III,주식,NASDAQ,10.10,0.03,0.30,2026-10-06 05:42
ITHAU,ITHAX Acquisition III Units,주식,NASDAQ,10.13,0.00,0.00,2026-10-06 05:42
ITIC,인베스터스 타이틀,주식,NASDAQ,293.39,3.19,1.10,2026-10-06 05:42
ITM,VanEck Intermediate Muni ETF,ETF,AMEX,44.17,0.02,0.05,2026-10-06 05:42
ITOC,아이토닉 홀딩스,주식,NASDAQ,0.25,0.00,1.85,2026-10-06 05:42
ITOT,iShares Core S&P Total US Stock Market ETF,ETF,AMEX,169.08,1.13,0.67,2026-10-06 05:42
ITP,IT 테크 패키징,주식,AMEX,0.14,0.00,0.70,2026-10-06 05:42
ITRG,인테그라 리소시즈,주식,AMEX,2.61,-0.03,-1.14,2026-10-06 05:42
ITRI,아이트론,주식,NASDAQ,87.79,1.28,1.48,2026-10-06 05:42
ITRN,이투란 로케이션 앤 콘트롤,주식,NASDAQ,52.50,-0.03,-0.06,2026-10-06 05:42
ITT,ITT,주식,NYSE,206.20,0.03,0.01,2026-10-06 05:42
ITUB,이타우 우니방쿠 홀딩 ADR,주식,NYSE,9.92,1.33,15.48,2026-10-06 05:42
ITW,일리노이 툴 웍스,주식,NYSE,264.19,1.27,0.48,2026-10-06 05:42
ITWO,ProShares Russell 2000 High Income ETF,ETF,AMEX,43.60,0.25,0.58,2026-10-06 05:42
IUS,Invesco RAFI Strategic US ETF,ETF,NASDAQ,68.71,0.41,0.59,2026-10-06 05:42
IUSB,iShares Core Universal USD Bond ETF,ETF,NASDAQ,43.92,-0.03,-0.07,2026-10-06 05:42
IUSG,iShares Core S&P US Growth ETF,ETF,NASDAQ,197.95,1.79,0.91,2026-10-06 05:42
IUSV,iShares Core S&P US Value ETF,ETF,NASDAQ,111.42,0.39,0.36,2026-10-06 05:42
IVA,인벤티바 ADR,주식,NASDAQ,3.48,-0.08,-2.25,2026-10-06 05:42
IVAL,Alpha Architect Internatl Quantitative Value ETF,ETF,NASDAQ,35.93,0.00,0.01,2026-10-06 05:42
IVDA,아이베다 솔루션스,주식,NASDAQ,0.29,0.00,-1.35,2026-10-06 05:42
IVE,iShares S&P 500 Value ETF,ETF,AMEX,230.51,0.89,0.39,2026-10-06 05:42
IVEP,Dan IVES Wedbush AI Power & Infrastructure ETF,ETF,AMEX,26.03,0.06,0.25,2026-10-06 05:42
IVES,Dan IVES Wedbush AI Revolution ETF,ETF,AMEX,42.02,0.18,0.43,2026-10-06 05:42
IVF,INVO 퍼틸리티,주식,NASDAQ,0.83,-0.03,-3.04,2026-10-06 05:42
IVLU,iShares MSCI Intl Value Factor ETF,ETF,AMEX,42.74,0.12,0.28,2026-10-06 05:42
IVOG,Vanguard S&P Mid-Cap 400 Growth Index Fund,ETF,AMEX,140.30,0.93,0.67,2026-10-06 05:42
IVOL,Quadratic Interest Rate Vltly and Infltn Hdg ETF,ETF,AMEX,17.21,0.20,1.18,2026-10-06 05:42
IVOO,Vanguard S&P Mid-Cap 400 Index Fund,ETF,AMEX,124.74,0.49,0.39,2026-10-06 05:42
IVOV,Vanguard S&P Mid-Cap 400 Value Index Fund,ETF,AMEX,109.27,0.23,0.21,2026-10-06 05:42
IVR,인베스코 모기지 캐피털,주식,NYSE,5.70,-0.01,-0.18,2026-10-06 05:42
IVSI,Applied Finance IVS International Large ETF,ETF,NASDAQ,28.75,-0.03,-0.10,2026-10-06 05:42
IVSS,Applied Finance IVS US SMID ETF,ETF,NASDAQ,29.32,0.21,0.72,2026-10-06 05:42
IVSX,Applied Finance IVS International SMID ETF,ETF,NASDAQ,25.52,-0.04,-0.17,2026-10-06 05:42
IVT,인벤트러스트 프로퍼티스,주식,NYSE,29.76,-0.64,-2.11,2026-10-06 05:42
IVV,iShares Core S&P 500 ETF,ETF,AMEX,778.25,5.15,0.67,2026-10-06 05:42
IVVB,iShares Large Cap Deep Quarterly Laddered ETF,ETF,AMEX,35.73,0.14,0.40,2026-10-06 05:42
IVVD,인비비드,주식,NASDAQ,0.84,0.02,2.08,2026-10-06 05:42
IVVM,iShares Large Cap Moderate Quarterly Laddered ETF,ETF,AMEX,38.09,0.12,0.33,2026-10-06 05:42
IVVW,iShares S&P 500 BuyWrite ETF,ETF,AMEX,44.89,0.14,0.31,2026-10-06 05:42
IVW,iShares S&P 500 Growth ETF,ETF,AMEX,145.24,1.33,0.92,2026-10-06 05:42
IVZ,인베스코,주식,NYSE,30.50,-0.16,-0.52,2026-10-06 05:42
IWB,iShares Russell 1000 ETF,ETF,AMEX,423.33,3.12,0.74,2026-10-06 05:42
IWC,iShares Micro-Cap ETF,ETF,AMEX,187.32,0.64,0.34,2026-10-06 05:42
IWD,iShares Russell 1000 Value ETF,ETF,AMEX,250.36,0.98,0.39,2026-10-06 05:42
IWF,iShares Russell 1000 Growth,ETF,AMEX,128.35,1.28,1.01,2026-10-06 05:42
IWFG,NYLIM Winslow Focused Large Cap Growth ETF,ETF,AMEX,56.88,0.60,1.07,2026-10-06 05:42
IWL,iShares Russell Top 200 ETF,ETF,AMEX,193.27,1.43,0.75,2026-10-06 05:42
IWLG,NYLIM Winslow Large Cap Growth ETF,ETF,AMEX,58.94,0.65,1.12,2026-10-06 05:42
IWM,iShares Russell 2000 ETF,ETF,AMEX,283.38,1.86,0.66,2026-10-06 05:42
IWMI,NEOS Russell 2000 High Income ETF,ETF,AMEX,49.76,0.28,0.57,2026-10-06 05:42
IWMW,iShares Russell 2000 BuyWrite ETF,ETF,AMEX,37.84,0.19,0.51,2026-10-06 05:42
IWMY,Defiance R2000 Weekly Distribution ETF,ETF,AMEX,17.27,0.09,0.52,2026-10-06 05:42
IWN,iShares Russell 2000 Value ETF,ETF,AMEX,213.27,0.93,0.44,2026-10-06 05:42
IWO,iShares Russell 2000 Growth ETF,ETF,AMEX,363.80,2.96,0.82,2026-10-06 05:42
IWP,iShares Russell Mid-Cap Growth ETF,ETF,AMEX,142.11,0.89,0.63,2026-10-06 05:42
IWR,iShares Russell Mid-Cap ETF,ETF,AMEX,109.17,0.89,0.82,2026-10-06 05:42
IWS,iShares Russell Mid-Cap Value ETF,ETF,AMEX,163.92,1.36,0.84,2026-10-06 05:42
IWV,iShares Russell 3000 ETF,ETF,AMEX,438.96,2.80,0.64,2026-10-06 05:42
IWX,iShares Russell Top 200 Value ETF,ETF,AMEX,110.11,0.19,0.17,2026-10-06 05:42
IWY,iShares Russell Top 200 Growth Index ETF,ETF,AMEX,301.90,3.20,1.07,2026-10-06 05:42
IX,오릭스 ADR,주식,NYSE,37.34,0.22,0.59,2026-10-06 05:42
IXC,iShares Global Energy ETF,ETF,AMEX,58.40,0.51,0.88,2026-10-06 05:42
IXG,iShares Global Financials ETF,ETF,AMEX,127.02,0.59,0.47,2026-10-06 05:42
IXHL,인카넥스 헬스케어,주식,NASDAQ,3.21,0.00,0.00,2026-10-06 05:42
IXJ,iShares Global Healthcare ETF,ETF,AMEX,101.47,0.61,0.60,2026-10-06 05:42
IXN,iShares Global Tech ETF,ETF,AMEX,152.86,0.92,0.61,2026-10-06 05:42
IXP,iShares Global Comm Services ETF,ETF,AMEX,118.91,1.08,0.92,2026-10-06 05:42
IXUS,iShares Core MSCI Total International Stock ETF,ETF,NASDAQ,96.10,0.52,0.54,2026-10-06 05:42
IYC,iShares US Consumer Discretionary ETF,ETF,AMEX,95.52,0.40,0.42,2026-10-06 05:42
IYE,iShares US Energy ETF,ETF,AMEX,66.84,0.62,0.94,2026-10-06 05:42
IYF,iShares US Financials ETF,ETF,AMEX,126.85,0.78,0.62,2026-10-06 05:42
IYG,iShares US Financial Services ETF,ETF,AMEX,90.76,0.59,0.65,2026-10-06 05:42
IYH,iShares US Healthcare ETF,ETF,AMEX,70.91,0.51,0.72,2026-10-06 05:42
IYJ,iShares US Industrials ETF,ETF,AMEX,156.60,0.63,0.40,2026-10-06 05:42
IYK,iShares US Consumer Staples ETF,ETF,AMEX,71.62,0.71,1.00,2026-10-06 05:42
IYLD,iShares Morningstar Multi-Asset Income ETF,ETF,AMEX,21.64,0.02,0.09,2026-10-06 05:42
IYM,iShares US Basic Materials ETF,ETF,AMEX,181.66,1.40,0.78,2026-10-06 05:42
IYR,iShares US Real Estate ETF,ETF,AMEX,94.36,-0.41,-0.43,2026-10-06 05:42
IYRI,NEOS Real Estate High Income ETF,ETF,AMEX,44.94,-0.09,-0.20,2026-10-06 05:42
IYT,iShares US Transportation ETF,ETF,AMEX,79.85,-0.35,-0.44,2026-10-06 05:42
IYW,iShares US Technology ETF,ETF,AMEX,271.63,1.94,0.72,2026-10-06 05:42
IYY,iShares Dow Jones US ETF,ETF,AMEX,188.48,1.36,0.73,2026-10-06 05:42
IYZ,iShares US Telecommunications ETF,ETF,AMEX,42.93,0.36,0.85,2026-10-06 05:42
IZEA,아이지아 월드와이드,주식,NASDAQ,2.43,-0.02,-0.82,2026-10-06 05:42
IZM,ICZOOM 그룹,주식,NASDAQ,1.05,-0.15,-12.50,2026-10-06 05:42
IZRL,Ark Israel Innovative Technology Etf,ETF,AMEX,28.89,0.09,0.30,2026-10-06 05:42
J,제이콥스 솔루션스,주식,NYSE,138.67,0.61,0.44,2026-10-06 05:42
JA,Janus Henderson AA-A CLO ETF,ETF,AMEX,50.14,0.02,0.04,2026-10-06 05:42
JAAA,Janus Henderson AAA CLO ETF,ETF,AMEX,50.49,0.01,0.02,2026-10-06 05:42
JABS,Janus Henderson Asset Backed Securities ETF,ETF,AMEX,49.36,0.03,0.05,2026-10-06 05:42
JACK,잭 인 더 박스,주식,NASDAQ,12.36,-0.09,-0.72,2026-10-06 05:42
JACS,잭슨 애퀴지션 II,주식,NYSE,10.83,0.04,0.37,2026-10-06 05:42
JACS.U,Jackson Acquisition II Units,주식,NYSE,10.77,-0.01,-0.09,2026-10-06 05:42
JADB,Aptus January Deep Buffer ETF,ETF,AMEX,26.46,0.08,0.32,2026-10-06 05:42
JADE,JPMorgan Active Developing Markets Equity ETF,ETF,AMEX,81.63,1.90,2.38,2026-10-06 05:42
JAGU,재규어 우라늄,주식,AMEX,1.17,-0.02,-1.68,2026-10-06 05:42
JAGX,재규어 헬스,주식,NASDAQ,4.73,1.07,29.24,2026-10-06 05:42
JAJL,Innovator Equity Defined Protctn ETF 6 Mo Jan/Jul,ETF,AMEX,30.39,0.03,0.09,2026-10-06 05:42
JAKK,잭스 퍼시픽,주식,NASDAQ,27.78,0.63,2.32,2026-10-06 05:42
JAN,야누스 리빙,주식,NYSE,28.75,-0.30,-1.03,2026-10-06 05:42
JANB,Aptus January Buffer ETF,ETF,AMEX,28.17,0.09,0.30,2026-10-06 05:42
JANH,Innovator Premium Income 20 Barrier ETF - January,ETF,AMEX,24.78,-0.01,-0.04,2026-10-06 05:42
JANI,AllianzIM Intertl Equity Buffer15 Uncapped Jan ETF,ETF,AMEX,25.45,0.01,0.03,2026-10-06 05:42
JANJ,Innovator Premium Income 30 Barrier ETF - January,ETF,AMEX,24.76,0.01,0.04,2026-10-06 05:42
JANM,FT Vest US Equity Max Buffer ETF - January,ETF,AMEX,34.49,0.03,0.07,2026-10-06 05:42
JANP,PGIM S&P 500 Buffer 12 ETF - January,ETF,AMEX,35.91,0.09,0.26,2026-10-06 05:42
JANT,AllianzIM US Equity Buffer10 Jan ETF,ETF,AMEX,45.56,0.14,0.32,2026-10-06 05:42
JANU,AllianzIM US Equity Buffer15 Uncapped Jan ETF,ETF,AMEX,30.83,0.16,0.54,2026-10-06 05:42
JANW,AllianzIM US Equity Buffer20 Jan ETF,ETF,AMEX,39.72,0.07,0.17,2026-10-06 05:42
JANX,재넉스 테라퓨틱스,주식,NASDAQ,16.54,-0.39,-2.30,2026-10-06 05:42
JANZ,TrueShares Structured Outcome (January) ETF,ETF,AMEX,42.03,0.22,0.53,2026-10-06 05:42
JAPN,Horizon Kinetics Japan Owner Operator ETF,ETF,NASDAQ,25.45,-0.12,-0.48,2026-10-06 05:42
JATT,재트 II 애퀴지션,주식,NASDAQ,10.73,-0.03,-0.28,2026-10-06 05:42
JAVA,JPMorgan Active Value ETF,ETF,AMEX,80.67,0.47,0.59,2026-10-06 05:42
JAZZ,재즈 파마슈티컬스,주식,NASDAQ,236.04,0.37,0.16,2026-10-06 05:42
JBBB,Janus Henderson B-BBB CLO ETF,ETF,AMEX,47.35,0.01,0.02,2026-10-06 05:42
JBDI,JBDI 홀딩스,주식,NASDAQ,1.00,0.02,2.04,2026-10-06 05:42
JBGS,JBG 스미스 프로퍼티,주식,NYSE,10.83,0.27,2.56,2026-10-06 05:42
JBHT,J.B 헌트 트랜스포트 서비스,주식,NASDAQ,229.74,-4.46,-1.90,2026-10-06 05:42
JBI,야누스 인터내셔널 그룹,주식,NYSE,4.34,0.13,3.09,2026-10-06 05:42
JBIO,제이드 바이오사이언스,주식,NASDAQ,14.07,-0.05,-0.35,2026-10-06 05:42
JBK,골드만삭스 캐피탈 I 시큐리티-백드 우선주 시리즈 2004-6,주식,NYSE,25.20,0.45,1.82,2026-10-06 05:42
JBL,자빌,주식,NYSE,300.94,-3.47,-1.14,2026-10-06 05:42
JBLG,Leverage Shares 2X Long JBL Daily ETF,ETF,AMEX,10.65,-0.34,-3.09,2026-10-06 05:42
JBLU,제트블루 에어웨이스,주식,NASDAQ,4.06,-0.09,-2.17,2026-10-06 05:42
JBND,JPMorgan Active Bond ETF,ETF,NYSE,50.83,-0.12,-0.24,2026-10-06 05:42
JBS,Jbs,주식,NYSE,11.89,0.22,1.89,2026-10-06 05:42
JBSS,존 비 샌필리포 & 선,주식,NASDAQ,68.03,-0.49,-0.72,2026-10-06 05:42
JBTM,JBT 마렐,주식,NYSE,109.76,1.16,1.07,2026-10-06 05:42
JCAL,JPMorgan California Tax Free Bond ETF,ETF,AMEX,47.44,0.12,0.25,2026-10-06 05:42
JCAP,제퍼슨 캐피털,주식,NASDAQ,19.67,0.42,2.18,2026-10-06 05:42
JCE,Nuveen Core Equity Alpha Closed Fund,주식,NYSE,16.77,-0.06,-0.36,2026-10-06 05:42
JCHI,JPMorgan Active China ETF,ETF,AMEX,51.37,0.65,1.28,2026-10-06 05:42
JCI,존슨 컨트롤스 인터내셔널,주식,NYSE,156.85,0.61,0.39,2026-10-06 05:42
JCPB,JPMorgan Core Plus Bond ETF,ETF,AMEX,44.54,-0.04,-0.09,2026-10-06 05:42
JCPI,JPMorgan Inflation Managed Bond ETF,ETF,AMEX,46.03,0.03,0.07,2026-10-06 05:42
JCSE,JE 클린테크 홀딩스,주식,NASDAQ,1.42,0.00,0.00,2026-10-06 05:42
JCTC,주잇-캐머런 트레이딩,주식,NASDAQ,2.97,0.02,0.51,2026-10-06 05:42
JD,제이디닷컴 ADR,주식,NASDAQ,26.36,0.58,2.25,2026-10-06 05:42
JDIV,JPMorgan Dividend Leaders ETF,ETF,AMEX,57.04,0.51,0.90,2026-10-06 05:42
JDOC,JPMorgan Healthcare Leaders ETF,ETF,NASDAQ,59.89,0.34,0.56,2026-10-06 05:42
JDST,Direxion Daily Junior Gold Miners Idx Bear 2X ETF,ETF,AMEX,25.77,0.40,1.58,2026-10-06 05:42
JDVI,John Hancock Disciplined Value Internatl Sel ETF,ETF,AMEX,40.14,0.22,0.55,2026-10-06 05:42
JDVL,John Hancock Disciplined Value Select ETF,ETF,AMEX,31.70,0.17,0.54,2026-10-06 05:42
JDZG,지아드,주식,NASDAQ,5.17,0.33,6.82,2026-10-06 05:42
JEDI,Defiance Drone and Modern Warfare ETF,ETF,AMEX,24.80,-0.37,-1.47,2026-10-06 05:42
JEF,제프리스 파이낸셜 그룹,주식,NYSE,45.84,-0.13,-0.28,2026-10-06 05:42
JELD,젤드-웬 홀딩,주식,NYSE,1.76,-0.13,-6.88,2026-10-06 05:42
JELH,Janus Henderson Equity Linked High Income ETF,ETF,AMEX,25.50,0.00,-0.02,2026-10-06 05:42
JELM,Janus Henderson Equity Linked Moderate Income ETF,ETF,AMEX,25.48,-0.02,-0.08,2026-10-06 05:42
JEM,707 케이맨 홀딩스,주식,NASDAQ,3.64,0.02,0.55,2026-10-06 05:42
JEMA,JPMorgan ActiveBuilders Emerging Markets Eqty ETF,ETF,NASDAQ,64.06,1.23,1.96,2026-10-06 05:42
JEMB,Janus Henderson Emerging Markets Debt Hard Cur ETF,ETF,AMEX,50.52,-0.03,-0.06,2026-10-06 05:42
JENA,제나 애퀴지션 II,주식,NYSE,10.43,0.03,0.29,2026-10-06 05:42
JENA.U,Jena Acquisition II Units,주식,NYSE,10.99,0.00,0.00,2026-10-06 05:42
JEPI,JPMorgan Equity Premium Income ETF,ETF,AMEX,56.29,0.19,0.34,2026-10-06 05:42
JEPQ,JPMorgan Nasdaq Equity Premium Income ETF,ETF,NASDAQ,61.19,0.15,0.25,2026-10-06 05:42
JETD,MAX Airlines 3X Inverse Leveraged ETNs,ETF,AMEX,3.52,0.07,2.17,2026-10-06 05:42
JETS,US Global Jets ETF,ETF,AMEX,27.89,-0.25,-0.89,2026-10-06 05:42
JETU,MAX Airlines 3X Leveraged ETNs,ETF,AMEX,22.40,-0.37,-1.64,2026-10-06 05:42
JF,J 앤드 프렌즈 홀딩스 ADR,주식,NASDAQ,0.92,-0.01,-0.54,2026-10-06 05:42
JFIN,쟈인 그룹 ADR,주식,NASDAQ,1.41,0.10,7.63,2026-10-06 05:42
JFLI,JPMorgan Flexible Income ETF,ETF,AMEX,53.32,0.23,0.43,2026-10-06 05:42
JFLX,JPMorgan Flexible Debt ETF,ETF,AMEX,48.74,-0.01,-0.02,2026-10-06 05:42
JFR,Nuveen Floating Rate Income Closed Fund,주식,NYSE,7.23,-0.12,-1.63,2026-10-06 05:42
JFU,9F ADR,주식,NASDAQ,2.60,-0.06,-2.27,2026-10-06 05:42
JG,오로라 모바일 ADR,주식,NASDAQ,6.79,0.31,4.78,2026-10-06 05:42
JGH,Nuveen Global High Income Fund,주식,NYSE,11.45,-0.14,-1.21,2026-10-06 05:42
JGLO,JPMorgan Global Select Equity ETF,ETF,NASDAQ,73.31,0.41,0.56,2026-10-06 05:42
JGRO,JPMorgan Active Growth ETF,ETF,AMEX,98.54,0.85,0.87,2026-10-06 05:42
JGRW,Jensen Quality Growth ETF,ETF,AMEX,27.88,0.31,1.13,2026-10-06 05:42
JHAC,John Hancock Fundamental All Cap Core ETF,ETF,AMEX,15.50,0.08,0.49,2026-10-06 05:42
JHAI,Janus Henderson Global Artificial Intelligence ETF,ETF,NASDAQ,36.79,0.32,0.89,2026-10-06 05:42
JHCB,John Hancock Corporate Bond ETF,ETF,AMEX,20.02,0.02,0.08,2026-10-06 05:42
JHCP,John Hancock Core Plus Bond ETF,ETF,AMEX,23.81,0.00,0.00,2026-10-06 05:42
JHCR,John Hancock Core Bond ETF,ETF,AMEX,23.99,0.04,0.17,2026-10-06 05:42
JHDG,John Hancock Hedged Equity ETF,ETF,AMEX,28.40,0.04,0.13,2026-10-06 05:42
JHDV,John Hancock US High Dividend ETF,ETF,AMEX,46.41,0.16,0.34,2026-10-06 05:42
JHEM,John Hancock Multifactor Emerging Markets ETF,ETF,AMEX,40.59,0.51,1.26,2026-10-06 05:42
JHHY,John Hancock High Yield ETF,ETF,AMEX,24.72,0.04,0.16,2026-10-06 05:42
JHI,John Hancock Investors Closed Fund,주식,NYSE,12.01,-0.17,-1.40,2026-10-06 05:42
JHID,John Hancock International High Dividend ETF,ETF,AMEX,42.27,0.02,0.04,2026-10-06 05:42
JHLN,John Hancock Global Senior Loan ETF,ETF,AMEX,24.48,0.01,0.05,2026-10-06 05:42
JHMB,John Hancock Mortgage-Backed Securities ETF,ETF,AMEX,20.77,-0.06,-0.29,2026-10-06 05:42
JHMD,John Hancock Multifactor Developed Internatl ETF,ETF,AMEX,44.42,-0.03,-0.07,2026-10-06 05:42
JHML,John Hancock Multifactor Large Cap ETF,ETF,AMEX,90.64,0.63,0.70,2026-10-06 05:42
JHMM,John Hancock Multifactor Mid Cap ETF,ETF,AMEX,73.12,0.48,0.66,2026-10-06 05:42
JHMU,John Hancock Dynamic Municipal Bond ETF,ETF,AMEX,24.81,0.10,0.39,2026-10-06 05:42
JHPI,John Hancock Preferred Income ETF,ETF,AMEX,21.73,-0.05,-0.23,2026-10-06 05:42
JHS,John Hancock Income Securities Closed Fund,주식,NYSE,10.30,-0.04,-0.39,2026-10-06 05:42
JHSC,John Hancock Multifactor Small Cap ETF,ETF,AMEX,46.44,0.24,0.52,2026-10-06 05:42
JHX,James Hardie Industries PLC,주식,NYSE,25.20,0.21,0.84,2026-10-06 05:42
JIDE,JPMorgan International Dynamic ETF,ETF,AMEX,51.45,0.15,0.28,2026-10-06 05:42
JIG,JPMorgan International Growth ETF,ETF,AMEX,86.07,0.85,1.00,2026-10-06 05:42
JIII,Janus Henderson Income ETF,ETF,AMEX,48.17,-0.01,-0.02,2026-10-06 05:42
JILL,제이질,주식,NYSE,24.62,-0.22,-0.89,2026-10-06 05:42
JINT,Janus Henderson International Core Alpha ETF,ETF,NASDAQ,24.87,0.00,0.01,2026-10-06 05:42
JIRE,JPMorgan International Research Enhanced Eqty ETF,ETF,AMEX,82.31,0.08,0.10,2026-10-06 05:42
JIVE,JPMorgan International Value ETF,ETF,NASDAQ,95.35,0.38,0.40,2026-10-06 05:42
JJSF,J&J 스낵 푸즈,주식,NASDAQ,78.19,-0.06,-0.08,2026-10-06 05:42
JKHY,잭 헨리 & 어소시에이츠,주식,NASDAQ,145.12,2.58,1.81,2026-10-06 05:42
JKS,징코솔라 홀딩스 ADR,주식,NYSE,9.20,0.05,0.55,2026-10-06 05:42
JL,J-롱 그룹,주식,NASDAQ,4.54,-0.05,-0.98,2026-10-06 05:42
JLCO,John Hancock Large Cap Opportunities ETF,ETF,AMEX,25.88,0.09,0.35,2026-10-06 05:42
JLHL,주롱 홀딩,주식,NASDAQ,3.94,-0.05,-1.25,2026-10-06 05:42
JLL,존스 랭 라살,주식,NYSE,302.41,-4.40,-1.43,2026-10-06 05:42
JLQD,Janus Henderson Corporate Bond ETF,ETF,AMEX,38.91,0.01,0.03,2026-10-06 05:42
JLS,Nuveen Mortgage and Income Fund,주식,NYSE,16.20,-0.16,-0.98,2026-10-06 05:42
JLVP,JPMorgan U.S. Large Cap Value Plus ETF,ETF,NASDAQ,50.11,0.28,0.56,2026-10-06 05:42
JMBS,Janus Henderson Mortgage-Backed Securities ETF,ETF,AMEX,42.18,-0.12,-0.27,2026-10-06 05:42
JMEE,JPMorgan Small & Mid Cap Enhanced Equity ETF,ETF,AMEX,75.39,0.29,0.39,2026-10-06 05:42
JMHI,JPMorgan High Yield Municipal ETF,ETF,AMEX,46.85,0.05,0.11,2026-10-06 05:42
JMIA,주미아 테크놀로지 AG ADR,주식,NYSE,6.79,-0.13,-1.88,2026-10-06 05:42
JMID,Janus Henderson Mid Cap Growth Alpha ETF,ETF,NASDAQ,32.30,0.24,0.76,2026-10-06 05:42
JMKE,저지 마이크스 서브스,주식,NYSE,16.09,-0.48,-2.90,2026-10-06 05:42
JMM,Nuveen Multi-Market Income Fund,주식,NYSE,5.54,-0.04,-0.72,2026-10-06 05:42
JMMF,JPMorgan 100% U.S. Treasury Securities MM ETF,ETF,AMEX,100.21,-0.03,-0.03,2026-10-06 05:42
JMOM,Jpmorgan US Momentum Factor ETF,ETF,AMEX,85.19,0.15,0.18,2026-10-06 05:42
JMSB,존 마샬 뱅코프,주식,NASDAQ,23.00,-0.01,-0.04,2026-10-06 05:42
JMSI,JPMorgan Sustainable Municipal Income ETF,ETF,AMEX,47.33,0.07,0.15,2026-10-06 05:42
JMST,JPMorgan Ultra-Short Municipal Income ETF,ETF,AMEX,50.56,0.00,0.00,2026-10-06 05:42
JMTG,JPMorgan Mortgage Backed Securities ETF,ETF,AMEX,48.07,-0.02,-0.04,2026-10-06 05:42
JMUB,JPMorgan Municipal ETF,ETF,AMEX,47.64,0.10,0.21,2026-10-06 05:42
JNEU,AllianzIM US Equity Buffer15 Uncapped Jun ETF,ETF,AMEX,33.80,0.16,0.46,2026-10-06 05:42
JNJ,존슨앤드존슨,주식,NYSE,252.93,-3.10,-1.21,2026-10-06 05:42
JNK,State Street SPDR Bloomberg High Yield Bond ETF,ETF,AMEX,92.52,0.13,0.14,2026-10-06 05:42
JNUG,Direxion Daily Junior Gold Miners Idx Bull 2X ETF,ETF,AMEX,145.80,-1.86,-1.26,2026-10-06 05:42
JOB,GEE 그룹,주식,AMEX,0.22,0.00,1.41,2026-10-06 05:42
JOBC,Corgi JOBY 2x Daily ETF,ETF,AMEX,11.81,-0.58,-4.71,2026-10-06 05:42
JOBX,Tradr 2X Long JOBY Daily ETF,ETF,AMEX,6.68,-0.39,-5.52,2026-10-06 05:42
JOBY,조비 에비에이션,주식,NYSE,5.78,-0.17,-2.86,2026-10-06 05:42
JOE,세인트 조,주식,NYSE,66.21,0.83,1.27,2026-10-06 05:42
JOET,Virtus Terranova US Quality Momentum ETF,ETF,AMEX,45.97,0.31,0.68,2026-10-06 05:42
JOF,Japan Smaller Capitalization Closed Fund,주식,NYSE,12.64,-0.03,-0.24,2026-10-06 05:42
JOJO,ATAC Credit Rotation ETF,ETF,AMEX,14.52,0.01,0.08,2026-10-06 05:42
JONE,존스 벤처스 INTL 애퀴지션1,주식,NASDAQ,9.81,-0.01,-0.10,2026-10-06 05:42
JONER,Jones Ventures INTL Acquisition1 Rights,주식,NASDAQ,0.15,0.00,0.00,2026-10-06 05:42
JONEU,Jones Ventures INTL Acquisition1 Units,주식,NASDAQ,9.99,0.00,0.00,2026-10-06 05:42
JOUL,Corgi High Voltage Grid Equipment ETF,ETF,AMEX,23.08,-0.02,-0.10,2026-10-06 05:42
JOUT,존슨 아웃도어스,주식,NASDAQ,44.50,-0.41,-0.91,2026-10-06 05:42
JOYT,JPMorgan Equity and Options Total Return ETF,ETF,NASDAQ,59.95,0.31,0.52,2026-10-06 05:42
JOYY,조이 ADR,주식,NASDAQ,80.50,1.31,1.65,2026-10-06 05:42
JPAN,Matthews Japan Active ETF,ETF,AMEX,44.05,0.28,0.65,2026-10-06 05:42
JPC,Nuveen Preferred & Income Opportunities Fund,주식,NYSE,6.63,-0.28,-4.05,2026-10-06 05:42
JPEF,JPMorgan Equity Focus ETF,ETF,NASDAQ,82.45,0.39,0.48,2026-10-06 05:42
JPEM,JPMorgan Diversified Return Emerging Mkts Eqty ETF,ETF,AMEX,64.44,1.13,1.79,2026-10-06 05:42
JPFP,Jpmorgan Managed Futures Plus ETF,ETF,NASDAQ,53.27,0.51,0.97,2026-10-06 05:42
JPHY,JPMorgan Active High Yield ETF,ETF,AMEX,48.68,0.04,0.08,2026-10-06 05:42
JPIB,JPMorgan International Bond Opportunities ETF,ETF,AMEX,46.57,0.09,0.19,2026-10-06 05:42
JPIE,JPMorgan Income ETF,ETF,AMEX,44.72,0.03,0.07,2026-10-06 05:42
JPIN,JPMorgan Diversified Return International Eqty ETF,ETF,AMEX,73.60,-0.09,-0.12,2026-10-06 05:42
JPLD,JPMorgan Limited Duration Bond ETF,ETF,AMEX,51.25,-0.02,-0.04,2026-10-06 05:42
JPM,제이피모간체이스,주식,NYSE,332.38,0.00,0.00,2026-10-06 05:42
JPMB,JPMorgan USD Emerging Markets Sovereign Bond ETF,ETF,AMEX,37.78,0.03,0.08,2026-10-06 05:42
JPME,JPMorgan Diversified Return US Mid Cap Equity ETF,ETF,AMEX,120.98,0.51,0.42,2026-10-06 05:42
JPND,MicroSectors -3x Short Japan ETNs,ETF,AMEX,42.74,-0.50,-1.15,2026-10-06 05:42
JPNU,MicroSectors 3x Long Japan ETNs,ETF,AMEX,27.71,0.30,1.09,2026-10-06 05:42
JPO,YieldMax JP Option Income Strategy ETF,ETF,AMEX,13.31,0.02,0.13,2026-10-06 05:42
JPRE,JPMorgan Realty Income ETF,ETF,AMEX,49.08,-0.27,-0.55,2026-10-06 05:42
JPRF,JPMorgan Preferred and Income Securities ETF,ETF,AMEX,47.96,-0.09,-0.18,2026-10-06 05:42
JPSE,JPMorgan Diversified Return US Small Cp Equity ETF,ETF,AMEX,57.44,0.23,0.40,2026-10-06 05:42
JPST,JPMorgan Ultra-Short Income ETF,ETF,AMEX,50.24,0.01,0.02,2026-10-06 05:42
JPSV,JPMorgan Active Small Cap Value ETF,ETF,AMEX,66.40,-0.09,-0.13,2026-10-06 05:42
JPUS,JPMorgan Diversified Return US Equity ETF,ETF,AMEX,137.83,0.59,0.43,2026-10-06 05:42
JPXN,iShares JPX-Nikkei 400 ETF,ETF,AMEX,105.17,0.35,0.34,2026-10-06 05:42
JPY,Lazard Japanese Equity ETF,ETF,NASDAQ,39.80,0.23,0.59,2026-10-06 05:42
JQC,Nuveen Credit Strategies Income Closed Fund,주식,NYSE,4.62,-0.05,-1.07,2026-10-06 05:42
JQUA,Jpmorgan US Quality Factor ETF,ETF,AMEX,75.14,0.52,0.70,2026-10-06 05:42
JRI,Nuveen Real Asset Income and Growth Fund,주식,NYSE,10.65,-0.25,-2.29,2026-10-06 05:42
JRS,Nuveen Real Estate Income Closed Fund,주식,NYSE,7.23,-0.19,-2.56,2026-10-06 05:42
JRSH,저라쉬 홀딩스,주식,NASDAQ,6.03,-0.12,-1.95,2026-10-06 05:42
JRVR,제임스 리버 그룹 홀딩스,주식,NASDAQ,3.43,-0.06,-1.72,2026-10-06 05:42
JSCP,JPMorgan Short Duration Core Plus ETF,ETF,AMEX,45.88,-0.01,-0.03,2026-10-06 05:42
JSI,Janus Henderson Securitized Income ETF,ETF,AMEX,49.94,0.01,0.01,2026-10-06 05:42
JSM,나비엔트 선순위 채권 6.000% 만기 2043년 12월,주식,NASDAQ,16.53,-0.19,-1.15,2026-10-06 05:42
JSMD,Janus Henderson Small/Mid Cap Growth Alpha ETF,ETF,NASDAQ,91.86,0.76,0.83,2026-10-06 05:42
JSML,Janus Henderson Small Cap Growth Alpha ETF,ETF,NASDAQ,88.25,0.84,0.96,2026-10-06 05:42
JSPR,재스퍼 테라퓨틱스,주식,NASDAQ,0.59,0.03,4.88,2026-10-06 05:42
JSTC,Adasina Social Justice All Cap Global ETF,ETF,AMEX,22.87,0.21,0.93,2026-10-06 05:42
JTAI,젯.AI,주식,NASDAQ,1.50,-0.05,-3.23,2026-10-06 05:42
JTEK,JPMorgan US Tech Leaders ETF,ETF,NASDAQ,108.78,1.17,1.09,2026-10-06 05:42
JTNY,JPMorgan New York Tax Free Bond ETF,ETF,AMEX,47.16,0.15,0.32,2026-10-06 05:42
JTTT,JATT III 애퀴지션,주식,NASDAQ,10.80,0.15,1.41,2026-10-06 05:42
JUCY,Aptus Enhanced Yield ETF,ETF,AMEX,21.73,0.08,0.37,2026-10-06 05:42
JUDB,Aptus July Deep Buffer ETF,ETF,AMEX,26.47,0.06,0.24,2026-10-06 05:42
JUDO,Janus Henderson U.S. Equity Enhanced Income ETF,ETF,AMEX,28.55,0.18,0.65,2026-10-06 05:42
JULB,Aptus July Buffer ETF,ETF,AMEX,28.36,0.10,0.35,2026-10-06 05:42
JULC,Corgi US Equities 10% Structured Bffr ETF - July S,ETF,AMEX,25.91,0.10,0.41,2026-10-06 05:42
JULH,Innovator Premium Income 20 Barrier ETF - July,ETF,AMEX,25.01,0.04,0.14,2026-10-06 05:42
JULI,AllianzIM Internatl Equity Buff15 Uncapped Jul ETF,ETF,AMEX,24.86,0.00,0.02,2026-10-06 05:42
JULJ,Innovator Premium Income 30 Barrier ETF - July,ETF,AMEX,24.88,0.02,0.06,2026-10-06 05:42
JULM,FT Vest US Equity Max Buffer ETF - Jul,ETF,AMEX,35.06,0.04,0.10,2026-10-06 05:42
JULP,PGIM S&P 500 Buffer 12 ETF - July,ETF,AMEX,33.62,0.12,0.37,2026-10-06 05:42
JULT,AllianzIM US Equity Buffer10 Jul ETF,ETF,AMEX,49.23,0.19,0.39,2026-10-06 05:42
JULU,AllianzIM US Equity Buffer15 Uncapped Jul ETF,ETF,AMEX,32.73,0.15,0.46,2026-10-06 05:42
JULV,VanEck U.S. Equity Buffer ETF - July,ETF,AMEX,30.92,0.09,0.29,2026-10-06 05:42
JULW,AllianzIM US Equity Buffer20 Jul ETF,ETF,AMEX,41.76,0.11,0.27,2026-10-06 05:42
JULZ,TrueShares Structured Outcome (July) ETF,ETF,AMEX,46.53,0.18,0.38,2026-10-06 05:42
JUNC,Corgi U.S. Equities 10% Structrd Buffr ETF-June S,ETF,AMEX,25.61,0.11,0.44,2026-10-06 05:42
JUNM,FT Vest US Equity Max Buffer ETF - Jun,ETF,AMEX,35.52,0.05,0.13,2026-10-06 05:42
JUNP,PGIM S&P 500 Buffer 12 ETF - June,ETF,AMEX,32.59,0.11,0.34,2026-10-06 05:42
JUNS,주피터 뉴로사이언시스,주식,NASDAQ,2.42,-0.13,-5.10,2026-10-06 05:42
JUNT,AllianzIM US Equity Buffer10 Jun ETF,ETF,AMEX,38.90,0.15,0.37,2026-10-06 05:42
JUNW,AllianzIM US Equity Buffer20 Jun ETF,ETF,AMEX,35.19,0.10,0.29,2026-10-06 05:42
JUNZ,TrueShares Structured Outcome (June) ETF,ETF,AMEX,36.11,0.16,0.46,2026-10-06 05:42
JUSA,JPMorgan US Research Enhanced Large Cap ETF,ETF,AMEX,69.47,0.37,0.54,2026-10-06 05:42
JUST,Goldman Sachs JUST US Large Cap Equity ETF,ETF,AMEX,110.41,0.58,0.52,2026-10-06 05:42
JVA,커피 홀딩,주식,NASDAQ,4.00,0.02,0.50,2026-10-06 05:42
JVAL,Jpmorgan US Value Factor ETF,ETF,AMEX,58.91,0.22,0.37,2026-10-06 05:42
JWEL,조웰 글로벌,주식,NASDAQ,2.50,0.05,1.84,2026-10-06 05:42
JXG,JX 룩스벤처 그룹,주식,NASDAQ,7.83,0.13,1.69,2026-10-06 05:42
JXI,iShares Global Utilities ETF,ETF,AMEX,77.63,0.17,0.22,2026-10-06 05:42
JXN,잭슨 파이낸셜,주식,NYSE,133.85,2.32,1.76,2026-10-06 05:42
JXX,Janus Henderson Transformational Growth ETF,ETF,AMEX,32.39,0.38,1.20,2026-10-06 05:42
JYD,제이유드 글로벌 로지스틱스,주식,NASDAQ,0.88,0.04,4.47,2026-10-06 05:42
JYNT,조인트,주식,NASDAQ,7.19,-0.10,-1.30,2026-10-06 05:42
JZ,전지 교육 기술 그룹 ADR,주식,NASDAQ,0.47,0.04,8.05,2026-10-06 05:42
JZXN,지우지 홀딩스,주식,NASDAQ,1.14,0.01,0.89,2026-10-06 05:42
KAI,카단트,주식,NYSE,267.14,-1.69,-0.63,2026-10-06 05:42
KAIT,KraneShares Asia AI Technology ETF,ETF,AMEX,28.08,0.34,1.23,2026-10-06 05:42
KALA,칼라 바이오,주식,NASDAQ,0.36,-0.02,-5.84,2026-10-06 05:42
KALU,카이저 알루미늄,주식,NASDAQ,155.76,3.74,2.46,2026-10-06 05:42
KAMO,Kensington Credit Opportunities ETF,ETF,AMEX,23.91,0.00,-0.02,2026-10-06 05:42
KAPA,카이로스 파르마,주식,AMEX,1.55,-0.01,-0.64,2026-10-06 05:42
KAPR,Innovator US Small Cap Power Buffer ETF - April,ETF,AMEX,39.77,0.12,0.29,2026-10-06 05:42
KARD,카디건,주식,NASDAQ,15.24,0.45,3.04,2026-10-06 05:42
KARO,카루,주식,NASDAQ,61.00,1.00,1.67,2026-10-06 05:42
KARS,KraneShares Electric Vehicles and Future Mobility,ETF,AMEX,27.80,0.02,0.06,2026-10-06 05:42
KAT,Scharf ETF,ETF,NASDAQ,57.41,0.51,0.90,2026-10-06 05:42
KATT,T-REX 2X Long PURR Daily Target ETF,ETF,AMEX,27.35,4.15,17.86,2026-10-06 05:42
KAUG,Innovator US Small Cap Power Buffer ETF - August,ETF,AMEX,28.53,0.06,0.22,2026-10-06 05:42
KAZR,스카이라인 빌더스 그룹 홀딩,주식,NASDAQ,2.40,-0.15,-5.88,2026-10-06 05:42
KB,KB금융지주 ADR,주식,NYSE,124.75,0.87,0.70,2026-10-06 05:42
KBA,KraneShares Bosera MSCI China A 50 Connect Idx ETF Class A,ETF,AMEX,30.87,0.13,0.42,2026-10-06 05:42
KBAB,KraneShares 2x Long BABA Daily ETF,ETF,NASDAQ,6.70,0.56,9.15,2026-10-06 05:42
KBDC,케인 앤더슨,주식,NYSE,12.70,0.03,0.24,2026-10-06 05:42
KBDU,KraneShares 2x Long BIDU Daily ETF,ETF,NASDAQ,10.39,0.60,6.16,2026-10-06 05:42
KBE,State Street SPDR S&P Bank ETF,ETF,AMEX,64.15,-0.21,-0.33,2026-10-06 05:42
KBFR,Innovator US Small Cap Managed 10 Buffer ETF,ETF,AMEX,26.72,0.12,0.46,2026-10-06 05:42
KBH,KB 홈,주식,NYSE,45.04,-0.71,-1.55,2026-10-06 05:42
KBON,카본 캐피털 파트너스,주식,NASDAQ,10.09,0.00,0.00,2026-10-06 05:42
KBONU,Karbon Capital Partners Units,주식,NASDAQ,10.30,0.00,0.00,2026-10-06 05:42
KBR,KBR,주식,NYSE,34.52,0.28,0.82,2026-10-06 05:42
KBSX,FST,주식,NASDAQ,1.71,0.26,17.59,2026-10-06 05:42
KBUF,KraneShares 90% KWEB Defined Outcome Jan 2027 ETF,ETF,AMEX,25.49,0.23,0.89,2026-10-06 05:42
KBWB,Invesco KBW Bank ETF,ETF,NASDAQ,87.56,-0.02,-0.02,2026-10-06 05:42
KBWD,Invesco KBW High Dividend Yield Financial ETF,ETF,NASDAQ,10.79,-0.09,-0.83,2026-10-06 05:42
KBWP,Invesco KBW Property & Casualty Insurance ETF,ETF,NASDAQ,124.21,0.52,0.42,2026-10-06 05:42
KBWY,Invesco KBW Premium Yield Equity REIT ETF,ETF,NASDAQ,16.33,-0.21,-1.27,2026-10-06 05:42
KC,킹소프트 클라우드 홀딩스 ADR,주식,NASDAQ,9.27,0.27,3.00,2026-10-06 05:42
KCA.U,Kensington Capital Acquisition VI Units,주식,NYSE,10.06,0.01,0.10,2026-10-06 05:42
KCAC.U,Kensington Capital Acquisition VI Units,주식,NYSE,10.34,0.05,0.49,2026-10-06 05:42
KCAI,KraneShares China Alpha Index ETF,ETF,AMEX,32.45,0.00,0.00,2026-10-06 05:42
KCCA,KraneShares California Carbon Allowance Strat ETF,ETF,AMEX,16.88,0.15,0.90,2026-10-06 05:42
KCE,State Street SPDR S&P Capital Markets ETF,ETF,AMEX,156.33,2.32,1.51,2026-10-06 05:42
KCHP,KICK Korea Semiconductor Index ETF,ETF,AMEX,28.98,0.01,0.04,2026-10-06 05:42
KCHV,코채브 디펜스 애퀴지션,주식,NASDAQ,10.48,0.01,0.10,2026-10-06 05:42
KCHVR,Kochav Defense Acquisition Rights Expiry 21st May 2030,주식,NASDAQ,0.10,0.00,0.00,2026-10-06 05:42
KCHVU,Kochav Defense Acquisition Units,주식,NASDAQ,10.52,0.00,0.00,2026-10-06 05:42
KCOP,Kurv Copper & Mining Enhanced Income ETF,ETF,AMEX,23.30,0.19,0.81,2026-10-06 05:42
KCSH,KraneShares Sustainable Ultra Shrt Drtn Ind ETF,ETF,AMEX,25.03,0.01,0.04,2026-10-06 05:42
KD,킨드릴 홀딩스,주식,NYSE,11.61,0.05,0.43,2026-10-06 05:42
KDEC,Innovator US Small Cap Power Buffer ETF - Dec,ETF,AMEX,28.47,0.12,0.42,2026-10-06 05:42
KDEF,PLUS Korea Defense Industry Index ETF,ETF,AMEX,44.70,0.17,0.38,2026-10-06 05:42
KDK,코디악 AI,주식,NASDAQ,1.73,0.09,5.49,2026-10-06 05:42
KDP,큐리그 닥터 페퍼,주식,NASDAQ,30.89,0.52,1.71,2026-10-06 05:42
KDRN,Kingsbarn Tactical Bond ETF,ETF,AMEX,22.36,0.02,0.08,2026-10-06 05:42
KDVD,Keeley Dividend ETF,ETF,AMEX,27.92,0.17,0.60,2026-10-06 05:42
KE,킴볼 일렉트로닉스,주식,NASDAQ,28.23,-0.56,-1.95,2026-10-06 05:42
KEAT,Keating Active ETF,ETF,NASDAQ,32.61,0.06,0.18,2026-10-06 05:42
KEEL,킬 인프라스트럭처,주식,NASDAQ,3.45,-0.17,-4.70,2026-10-06 05:42
KEEX,Defiance Daily Target 2x Long KEEL ETF,ETF,AMEX,6.47,-0.60,-8.49,2026-10-06 05:42
KELYA,켈리 서비스 Class A,주식,NASDAQ,15.80,0.08,0.51,2026-10-06 05:42
KELYB,켈리 서비스 Class B,주식,NASDAQ,22.40,0.00,0.00,2026-10-06 05:42
KEMQ,KraneShares Public-Private EM Internet & Tech ETF,ETF,AMEX,25.22,0.43,1.72,2026-10-06 05:42
KEMX,KraneShares MSCI Emerging Markets ex China Idx ETF,ETF,AMEX,53.04,0.75,1.43,2026-10-06 05:42
KEN,케논 홀딩스,주식,NYSE,61.21,0.72,1.19,2026-10-06 05:42
KEO,Kurv Equity Option Income ETF,ETF,AMEX,25.50,0.36,1.44,2026-10-06 05:42
KEP,한국전력 ADR,주식,NYSE,11.17,0.09,0.81,2026-10-06 05:42
KEQU,키와우니 사이언티픽,주식,NASDAQ,33.82,-0.34,-1.00,2026-10-06 05:42
KEX,커비,주식,NYSE,139.85,1.98,1.44,2026-10-06 05:42
KEY,키코프,주식,NYSE,20.18,0.10,0.50,2026-10-06 05:42
KEYG,Leverage Shares 2X Long KEYS Daily ETF,ETF,AMEX,15.61,-0.05,-0.32,2026-10-06 05:42
KEYS,키사이트 테크놀로지스,주식,NYSE,384.17,-0.47,-0.12,2026-10-06 05:42
KEYX,Corgi KEYS 2x Daily ETF,ETF,AMEX,27.18,-0.09,-0.35,2026-10-06 05:42
KEYY,키스톤 애퀴지션,주식,NASDAQ,9.93,-0.02,-0.20,2026-10-06 05:42
KEYYU,Keystone Acquisition Units,주식,NASDAQ,10.06,-0.09,-0.89,2026-10-06 05:42
KF,Korea Closed Fund,주식,NYSE,68.74,-0.08,-0.12,2026-10-06 05:42
KFEB,Innovator US Small Cap Power Buffer ETF - February,ETF,AMEX,30.87,0.11,0.36,2026-10-06 05:42
KFFB,캔터키 퍼스트 페더럴 뱅코프,주식,NASDAQ,5.67,0.03,0.53,2026-10-06 05:42
KFII,K&F 그로스 애퀴지션 II,주식,NASDAQ,10.70,0.01,0.14,2026-10-06 05:42
KFIIR,K and F Growth Acquisition II Rights,주식,NASDAQ,0.11,0.00,-2.33,2026-10-06 05:42
KFIIU,K and F Growth Acquisition Ii Units,주식,NASDAQ,10.70,0.00,0.00,2026-10-06 05:42
KFRC,K포스,주식,NYSE,51.80,-1.06,-2.01,2026-10-06 05:42
KFY,콘 페리,주식,NYSE,71.71,-0.21,-0.29,2026-10-06 05:42
KG,케스트렐 그룹,주식,NASDAQ,4.91,-0.33,-6.30,2026-10-06 05:42
KGC,킨로스 골드,주식,NYSE,23.58,-0.48,-2.00,2026-10-06 05:42
KGEI,콜리브리 글로벌 에너지,주식,NASDAQ,6.42,0.26,4.22,2026-10-06 05:42
KGLD,Kurv Gold Enhanced Income ETF,ETF,AMEX,25.62,-0.13,-0.50,2026-10-06 05:42
KGRN,KraneShares MSCI China Clean Technology Index ETF,ETF,AMEX,21.19,0.10,0.45,2026-10-06 05:42
KGS,코디악 가스 서비시스,주식,NYSE,53.56,-0.77,-1.42,2026-10-06 05:42
KHPI,Kensington Hedged Premium Income ETF,ETF,AMEX,25.98,0.03,0.12,2026-10-06 05:42
KHYB,KraneShares Asia Pacific High Income USD Bond ETF,ETF,AMEX,23.58,-0.02,-0.06,2026-10-06 05:42
KIDS,오쏘피디아트릭스,주식,NASDAQ,22.89,0.73,3.29,2026-10-06 05:42
KIDZ,KIDZ AI,주식,NASDAQ,2.38,0.09,3.93,2026-10-06 05:42
KIE,State Street SPDR S&P Insurance ETF,ETF,AMEX,59.56,0.32,0.54,2026-10-06 05:42
KIM,킴코 리얼티,주식,NYSE,22.03,-0.21,-0.94,2026-10-06 05:42
KINS,킹스톤 컴퍼니,주식,NASDAQ,18.55,0.05,0.27,2026-10-06 05:42
KIO,KKR Income Opportunities Fund,주식,NYSE,10.17,-0.18,-1.74,2026-10-06 05:42
KIQQ,KraneShares InspereX Nd Dyn Buff High Inc Id ETF,ETF,NASDAQ,25.57,0.18,0.70,2026-10-06 05:42
KITT,노티커스 로보틱스,주식,NASDAQ,1.48,-0.04,-2.63,2026-10-06 05:42
KJAN,Innovator US Small Cap Power Buffer ETF - January,ETF,AMEX,45.91,0.13,0.28,2026-10-06 05:42
KJD,KraneShares 2x Long JD Daily ETF,ETF,NASDAQ,14.14,0.61,4.48,2026-10-06 05:42
KJUL,Innovator US Small Cap Power Buffer ETF - July,ETF,AMEX,33.19,0.09,0.27,2026-10-06 05:42
KJUN,Innovator US Small Cap Power Buffer ETF - June,ETF,AMEX,29.25,0.10,0.36,2026-10-06 05:42
KKR,KKR & Co,주식,NYSE,89.96,-0.33,-0.37,2026-10-06 05:42
KKRS,KKR Group Finance Co IX 4.625% Subordinated Notes due 2061,주식,NYSE,15.44,0.18,1.18,2026-10-06 05:42
KKRT,KKR 6 875 Subordinated Notes due 2065,주식,NYSE,22.81,0.34,1.51,2026-10-06 05:42
KLAC,KLA,주식,NASDAQ,206.85,-0.04,-0.02,2026-10-06 05:42
KLAG,Leverage Shares 2X Long KLAC Daily ETF,ETF,NASDAQ,30.62,-0.07,-0.23,2026-10-06 05:42
KLAR,클라나 그룹,주식,NYSE,13.09,0.58,4.64,2026-10-06 05:42
KLC,카인드케어 러닝,주식,NYSE,1.81,-0.05,-2.69,2026-10-06 05:42
KLIC,쿨리크 & 소파 인더스트리스,주식,NASDAQ,98.73,-2.04,-2.02,2026-10-06 05:42
KLIP,KraneShares KWEB Covered Call Strategy ETF,ETF,AMEX,21.79,0.29,1.35,2026-10-06 05:42
KLMN,Invesco MSCI North America Climate ETF,ETF,AMEX,31.80,0.19,0.59,2026-10-06 05:42
KLMT,Invesco MSCI Global Climate 500 ETF,ETF,AMEX,35.21,0.20,0.57,2026-10-06 05:42
KLRA,카일레라 테라퓨틱스,주식,NASDAQ,10.84,0.45,4.33,2026-10-06 05:42
KLRS,칼라리스 테라퓨틱스,주식,NASDAQ,2.83,0.13,4.81,2026-10-06 05:42
KLTR,칼투라,주식,NASDAQ,1.32,0.01,0.76,2026-10-06 05:42
KLXE,KLX 에너지 서비시스 홀딩스,주식,NASDAQ,1.37,-0.01,-0.72,2026-10-06 05:42
KMAR,Innovator US Small Cap Power Buffer ETF - March,ETF,AMEX,31.91,0.10,0.33,2026-10-06 05:42
KMAY,Innovator US Small Cap Power Buffer ETF - May,ETF,AMEX,29.94,0.13,0.45,2026-10-06 05:42
KMB,킴벌리클라크,주식,NASDAQ,95.41,1.05,1.11,2026-10-06 05:42
KMCA,Plus Korea Manufacturing Core Alliance Index ETF,ETF,AMEX,21.24,-0.03,-0.15,2026-10-06 05:42
KMDA,카마다,주식,NASDAQ,8.00,-0.31,-3.73,2026-10-06 05:42
KMEM,Kurv Memory Select ETF,ETF,AMEX,20.51,-0.07,-0.34,2026-10-06 05:42
KMI,킨더 모건,주식,NYSE,31.41,0.34,1.09,2026-10-06 05:42
KMID,Virtus KAR Mid-Cap ETF,ETF,AMEX,23.70,0.06,0.25,2026-10-06 05:42
KMLI,KraneShares 2x Long MELI Daily ETF,ETF,NASDAQ,9.36,1.55,19.91,2026-10-06 05:42
KMLM,KraneShares Mount Lucas Managed Futures Ix Str ETF,ETF,AMEX,31.29,0.21,0.68,2026-10-06 05:42
KMPB,켐퍼 후순위채권 만기 5.875% 2062년,주식,NYSE,24.73,-0.04,-0.16,2026-10-06 05:42
KMPR,켐퍼,주식,NYSE,25.81,0.14,0.55,2026-10-06 05:42
KMRK,K테크 솔루션스,주식,NASDAQ,1.17,0.02,1.74,2026-10-06 05:42
KMT,켄나메탈,주식,NYSE,32.86,0.26,0.80,2026-10-06 05:42
KMTS,케스트라 메디컬 테크놀로지스,주식,NASDAQ,28.34,0.91,3.32,2026-10-06 05:42
KMX,카맥스,주식,NYSE,54.86,-0.06,-0.11,2026-10-06 05:42
KN,놀스,주식,NYSE,39.40,-0.65,-1.62,2026-10-06 05:42
KNCT,Invesco Next Gen Connectivity ETF,ETF,AMEX,210.36,0.67,0.32,2026-10-06 05:42
KNDI,칸디 테크놀로지스 그룹,주식,NASDAQ,0.71,-0.11,-14.00,2026-10-06 05:42
KNF,나이프 리버,주식,NYSE,51.97,1.64,3.26,2026-10-06 05:42
KNG,FT Vest S&P 500 Dividend Aristocrats Tgt Inc,ETF,AMEX,48.43,0.23,0.48,2026-10-06 05:42
KNGZ,First Trust S&P 500 Diversified Dv Aristocrats ETF,ETF,NASDAQ,41.01,-0.12,-0.30,2026-10-06 05:42
KNO,AXS Knowledge Leaders ETF,ETF,AMEX,63.28,0.24,0.38,2026-10-06 05:42
KNOP,KNOT Offshore Partners Common Units,주식,NYSE,10.39,-0.20,-1.89,2026-10-06 05:42
KNOV,Innovator US Small Cap Power Buffer ETF - November,ETF,AMEX,31.95,0.17,0.53,2026-10-06 05:42
KNOW,Fundamentals First ETF,ETF,AMEX,12.76,0.03,0.20,2026-10-06 05:42
KNRG,Simplify Kayne Anderson Energy & Infra Cr ETF,ETF,AMEX,24.95,0.00,0.00,2026-10-06 05:42
KNRX,크노렉스,주식,AMEX,0.24,0.00,0.00,2026-10-06 05:42
KNSA,키닉사 파마슈티컬스 인터내셔널,주식,NASDAQ,76.31,0.52,0.69,2026-10-06 05:42
KNSL,킨세일 캐피털 그룹,주식,NYSE,332.42,2.70,0.82,2026-10-06 05:42
KNTK,키네틱 홀딩스,주식,NYSE,53.08,0.55,1.05,2026-10-06 05:42
KNX,나이트-스위프트 트랜스포테이션,주식,NYSE,65.24,-1.52,-2.28,2026-10-06 05:42
KO,코카콜라,주식,NYSE,86.51,0.86,1.00,2026-10-06 05:42
KOCT,Innovator US Small Cap Power Buffer ETF - October,ETF,AMEX,38.04,0.11,0.28,2026-10-06 05:42
KOD,코디악 사이언스,주식,NASDAQ,93.81,-0.64,-0.68,2026-10-06 05:42
KODK,이스트먼 코닥,주식,NYSE,10.03,0.22,2.24,2026-10-06 05:42
KOF,코카콜라 펨사 ADR,주식,NYSE,108.15,1.65,1.55,2026-10-06 05:42
KOID,KraneShares Global Hmnd Rbtcs & Physcl AI Idx ETF,ETF,NASDAQ,36.85,0.11,0.30,2026-10-06 05:42
KOKU,Xtrackers MSCI Kokusai Equity ETF,ETF,AMEX,133.49,0.64,0.48,2026-10-06 05:42
KOLD,ProShares UltraShort Bloomberg Natural Gas,ETF,AMEX,27.26,-0.49,-1.77,2026-10-06 05:42
KOMP,State Street SPDR S&P Kensho New Econ Comp ETF,ETF,AMEX,68.12,0.73,1.08,2026-10-06 05:42
KONG,Formidable Fortress ETF,ETF,AMEX,33.23,0.24,0.73,2026-10-06 05:42
KOOL,North Shore Equity Rotation ETF,ETF,AMEX,14.83,0.18,1.22,2026-10-06 05:42
KOP,코퍼스 홀딩스,주식,NYSE,47.04,1.00,2.17,2026-10-06 05:42
KOPN,코핀,주식,NASDAQ,4.87,-0.04,-0.81,2026-10-06 05:42
KORP,American Century Diversified Corporate Bond ETF,ETF,AMEX,44.39,0.04,0.09,2026-10-06 05:42
KORU,Direxion Daily MSCI South Korea Bull 3X ETF,ETF,AMEX,22.78,-0.17,-0.74,2026-10-06 05:42
KOS,코스모스 에너지,주식,NYSE,2.52,0.01,0.40,2026-10-06 05:42
KOSS,코스,주식,NASDAQ,3.90,0.04,1.04,2026-10-06 05:42
KOYN,CSLM 디지털 애셋 애퀴지션 III,주식,NASDAQ,10.26,0.00,0.00,2026-10-06 05:42
KOYNU,CSLM Digital Asset Acquisition III Units,주식,NASDAQ,10.32,0.00,0.00,2026-10-06 05:42
KPDD,KraneShares 2x Long PDD Daily ETF,ETF,NASDAQ,4.52,0.28,6.60,2026-10-06 05:42
KPET,케이펫 울트라 페이스라인,주식,NYSE,10.02,0.00,0.00,2026-10-06 05:42
KPET.U,KPET Ultra Paceline Units,주식,NYSE,10.20,0.00,0.00,2026-10-06 05:42
KPHO,KraneShares Dragon Cap Growth of Vietnam Idx ETF,ETF,AMEX,22.27,0.00,-0.01,2026-10-06 05:42
KPLT,캐터펄트 홀딩스,주식,NASDAQ,4.50,-0.02,-0.44,2026-10-06 05:42
KPO,Kensington Premium Opportunities ETF,ETF,AMEX,25.35,0.23,0.93,2026-10-06 05:42
KPRO,KraneShares 100% KWEB Defined Outcome Jan 2027 ETF,ETF,AMEX,26.35,0.07,0.27,2026-10-06 05:42
KPRX,키오라 파마슈티컬스,주식,NASDAQ,2.53,-0.03,-1.17,2026-10-06 05:42
KPTI,카료팜 테라퓨틱스,주식,NASDAQ,0.67,-0.13,-16.42,2026-10-06 05:42
KQQQ,Kurv Technology Titans Select ETF,ETF,NASDAQ,29.88,0.15,0.50,2026-10-06 05:42
KR,크로거,주식,NYSE,58.78,-0.25,-0.42,2026-10-06 05:42
KRAQ,KRAK애퀴지션,주식,NASDAQ,10.01,0.00,0.00,2026-10-06 05:42
KRAQU,KRAKacquisition Units,주식,NASDAQ,10.14,0.00,0.00,2026-10-06 05:42
KRBN,KraneShares Global Carbon Strategy ETF,ETF,AMEX,33.20,-0.22,-0.66,2026-10-06 05:42
KRC,킬로이 리얼티,주식,NYSE,33.28,-0.35,-1.04,2026-10-06 05:42
KRE,State Street SPDR S&P Regional Banking ETF,ETF,AMEX,70.39,-0.39,-0.55,2026-10-06 05:42
KREF,KKR 리얼에스테이트 파이낸스 트러스트,주식,NYSE,6.08,-0.08,-1.30,2026-10-06 05:42
KRG,카이트 리얼티 그룹 트러스트,주식,NYSE,24.13,-0.26,-1.07,2026-10-06 05:42
KRKR,36KR 홀딩스 ADR,주식,NASDAQ,3.00,0.00,0.00,2026-10-06 05:42
KRMD,코루 메디컬 시스템스,주식,NASDAQ,3.01,0.05,1.69,2026-10-06 05:42
KRMN,카르만 홀딩스,주식,NYSE,33.02,-1.12,-3.28,2026-10-06 05:42
KRNT,코닛 디지털,주식,NASDAQ,18.23,0.74,4.23,2026-10-06 05:42
KRNY,커니 파이낸셜,주식,NASDAQ,9.27,-0.05,-0.54,2026-10-06 05:42
KRO,크로노스 월드와이드,주식,NYSE,7.94,0.16,2.06,2026-10-06 05:42
KROP,Global X AgTech & Food Innovation ETF,ETF,NASDAQ,36.16,0.35,0.98,2026-10-06 05:42
KROS,케로스 테라퓨틱스,주식,NASDAQ,11.52,0.16,1.41,2026-10-06 05:42
KRP,Kimbell Royalty Partners LP Units,주식,NYSE,14.79,0.21,1.44,2026-10-06 05:42
KRRO,코로 바이오,주식,NASDAQ,9.97,0.33,3.42,2026-10-06 05:42
KRSA,코르사나 바이오사이언시스,주식,NASDAQ,30.72,0.23,0.75,2026-10-06 05:42
KRSP,라이스 애퀴지션 3,주식,NYSE,10.55,-0.05,-0.50,2026-10-06 05:42
KRSP.U,Rice Acquisition Redeemable Units,주식,NYSE,10.78,-0.02,-0.19,2026-10-06 05:42
KRT,카랫 패키징,주식,NASDAQ,54.68,0.11,0.20,2026-10-06 05:42
KRUS,쿠라 스시 USA,주식,NASDAQ,40.37,-1.16,-2.79,2026-10-06 05:42
KRWX,Corgi South Korea 2X Daily ETF,ETF,AMEX,16.13,-0.07,-0.41,2026-10-06 05:42
KRYP,ProShares CoinDesk 20 Crypto ETF,ETF,AMEX,24.75,0.57,2.37,2026-10-06 05:42
KRYS,크리스탈 바이오텍,주식,NASDAQ,334.85,12.57,3.90,2026-10-06 05:42
KSA,iShares MSCI Saudi Arabia ETF,ETF,AMEX,36.52,0.30,0.83,2026-10-06 05:42
KSCP,나이트스코프,주식,NASDAQ,0.73,-0.03,-3.53,2026-10-06 05:42
KSEP,Innovator US Small Cap Power Buffer ETF - Sept,ETF,AMEX,30.87,0.11,0.36,2026-10-06 05:42
KSLV,Kurv Silver Enhanced Income ETF,ETF,AMEX,23.90,0.18,0.76,2026-10-06 05:42
KSMH,xETFs Korea AI Semiconductor ETF,ETF,NASDAQ,30.88,0.02,0.08,2026-10-06 05:42
KSPI,카스피.kz 우선주,주식,NASDAQ,93.98,-0.07,-0.07,2026-10-06 05:42
KSPY,KraneShares Hedgeye Hedged Equity Index ETF,ETF,AMEX,30.27,0.07,0.25,2026-10-06 05:42
KSS,콜스,주식,NYSE,19.53,0.72,3.83,2026-10-06 05:42
KSTR,KraneShares China T&S STR 50 Indx ETF,ETF,AMEX,22.33,0.26,1.18,2026-10-06 05:42
KT,KT ADR,주식,NYSE,19.01,0.07,0.37,2026-10-06 05:42
KTB,콘투어 브랜즈,주식,NYSE,64.20,-0.51,-0.79,2026-10-06 05:42
KTCC,키 트로닉,주식,NASDAQ,2.18,-0.08,-3.54,2026-10-06 05:42
KTEC,KraneShares Hang Seng TECH Index ETF,ETF,AMEX,11.79,0.32,2.79,2026-10-06 05:42
KTF,DWS Municipal Income Trust,주식,NYSE,8.04,-0.06,-0.74,2026-10-06 05:42
KTH,스트럭처 프로덕츠 Corts TR 페코 에너지 우선주 8%,주식,NYSE,28.67,0.00,0.00,2026-10-06 05:42
KTN,크레딧인핸스드 코츠 트러스트 우선주 8.2050%,주식,NYSE,25.70,0.06,0.23,2026-10-06 05:42
KTOS,크라토스 디펜스 & 시큐리티 솔루션,주식,NASDAQ,42.02,-1.05,-2.44,2026-10-06 05:42
KTTA,파시테아 테라퓨틱스,주식,NASDAQ,0.45,-0.02,-4.43,2026-10-06 05:42
KTUP,T-REX 2X Long KTOS Daily Target ETF,ETF,AMEX,3.98,-0.18,-4.33,2026-10-06 05:42
KTWO,K2 캐피탈 애퀴지션,주식,NASDAQ,10.09,-0.02,-0.15,2026-10-06 05:42
KTWOR,K2 Capital Acquisition Rights,주식,NASDAQ,0.20,0.00,0.00,2026-10-06 05:42
KTWOU,K2 Capital Acquisition Units,주식,NASDAQ,10.26,0.00,0.00,2026-10-06 05:42
KULR,KULR 테크놀로지 그룹,주식,AMEX,2.55,-0.10,-3.77,2026-10-06 05:42
KURA,쿠라 온콜로지,주식,NASDAQ,10.62,-0.03,-0.28,2026-10-06 05:42
KURE,KraneShares MSCI All China Health Care Index ETF,ETF,AMEX,19.29,0.15,0.78,2026-10-06 05:42
KUST,커스텀 엔터테인먼트,주식,NASDAQ,4.51,0.03,0.67,2026-10-06 05:42
KVHI,KVH 인더스트리,주식,NASDAQ,6.96,-0.05,-0.71,2026-10-06 05:42
KVLE,KraneShares Value Line Dynamic Dividend Eq Ix ETF,ETF,AMEX,27.91,0.07,0.25,2026-10-06 05:42
KVUE,켄뷰,주식,NYSE,17.39,0.19,1.10,2026-10-06 05:42
KVYO,클라비요,주식,NYSE,16.70,0.99,6.30,2026-10-06 05:42
KWEB,KraneShares CSI China Internet ETF,ETF,AMEX,24.56,0.70,2.93,2026-10-06 05:42
KWH,GMO Power Infrastructure ETF,ETF,AMEX,23.84,-0.04,-0.16,2026-10-06 05:42
KWIN,KraneShares Wahed Alternative Income Index ETF,ETF,AMEX,25.88,0.03,0.10,2026-10-06 05:42
KWR,퀘이커 케미컬,주식,NYSE,161.05,0.32,0.20,2026-10-06 05:42
KWT,iShares MSCI Kuwait ETF,ETF,AMEX,35.94,-0.40,-1.09,2026-10-06 05:42
KWY,킹스웨이,주식,NYSE,9.32,-0.11,-1.17,2026-10-06 05:42
KXI,iShares Global Consumer Staples ETF,ETF,AMEX,65.30,0.15,0.23,2026-10-06 05:42
KXIN,카이신 홀딩스,주식,NASDAQ,1.43,0.05,3.62,2026-10-06 05:42
KYC,Corgi Digital Banking & Fintech Infrastructure ETF,ETF,AMEX,25.53,0.84,3.41,2026-10-06 05:42
KYIV,키이우스타 그룹,주식,NASDAQ,12.57,0.06,0.48,2026-10-06 05:42
KYLD,Kurv High Income ETF,ETF,AMEX,20.56,-0.01,-0.05,2026-10-06 05:42
KYMR,키메라 테라퓨틱스,주식,NASDAQ,109.85,2.46,2.29,2026-10-06 05:42
KYN,Kayne Anderson Energy Infrastructure Fund Inc,주식,NYSE,14.06,0.15,1.08,2026-10-06 05:42
KYNB,킨트라 바이오,주식,NASDAQ,6.09,-0.22,-3.49,2026-10-06 05:42
KYTX,카이버나 테라퓨틱스,주식,NASDAQ,6.32,0.10,1.61,2026-10-06 05:42
KZIA,카지아 테라퓨틱스 ADR,주식,NASDAQ,9.35,0.08,0.86,2026-10-06 05:42
L,로우스,주식,NYSE,105.67,-0.36,-0.34,2026-10-06 05:42
LAB,스탠다드 바이오툴즈,주식,NASDAQ,0.76,0.02,2.46,2026-10-06 05:42
LABD,Direxion Daily S&P Biotech Bear 3X ETF,ETF,AMEX,7.25,-0.24,-3.20,2026-10-06 05:42
LABT,레이크우드 아메덱스 바이오,주식,NASDAQ,0.85,-0.08,-8.33,2026-10-06 05:42
LABU,Direxion Daily S&P Biotech Bull 3X ETF,ETF,AMEX,257.38,8.66,3.48,2026-10-06 05:42
LABX,Tradr 2X Long ALAB Daily ETF,ETF,AMEX,15.59,0.99,6.78,2026-10-06 05:42
LAC,리튬 아메리카스,주식,NYSE,2.55,0.00,0.00,2026-10-06 05:42
LAD,리시아 모터스,주식,NYSE,303.00,-4.77,-1.55,2026-10-06 05:42
LADM,Pacer Swan SOS Laddered Moderate ETF,ETF,AMEX,33.11,0.09,0.29,2026-10-06 05:42
LADR,래더 캐피털,주식,NYSE,8.52,-0.10,-1.16,2026-10-06 05:42
LAES,실스크,주식,NASDAQ,2.41,0.04,1.69,2026-10-06 05:42
LAFA,라파예트 애퀴지션,주식,NASDAQ,10.20,0.02,0.20,2026-10-06 05:42
LAFAR,LaFayette Acquisition Rights Exp 24 Oct 2030,주식,NASDAQ,0.07,0.00,0.00,2026-10-06 05:42
LAFAU,LaFayette Acquisition Units,주식,NASDAQ,10.22,0.00,0.00,2026-10-06 05:42
LAKE,레이크랜드 인더스트리스,주식,NASDAQ,11.77,1.50,14.61,2026-10-06 05:42
LALT,First Trust Multi-Strategy Alternative ETF,ETF,AMEX,24.72,0.01,0.04,2026-10-06 05:42
LAMR,라마 애드버타이징,주식,NASDAQ,143.93,-0.19,-0.13,2026-10-06 05:42
LAND,글래드스톤 랜드,주식,NASDAQ,9.68,0.12,1.26,2026-10-06 05:42
LANDO,글래드스톤 랜드 우선주 시리즈 B 6.00%,주식,NASDAQ,19.96,-0.10,-0.50,2026-10-06 05:42
LANDP,글래드스톤 랜드 우선주 Series C 6.00%,주식,NASDAQ,20.07,-0.02,-0.10,2026-10-06 05:42
LANV,랑방 그룹 홀딩스,주식,NYSE,0.96,-0.03,-3.03,2026-10-06 05:42
LAPR,Innovator Premium Income 15 Buffer ETF - April,ETF,AMEX,25.17,0.01,0.04,2026-10-06 05:42
LAR,리튬 아르헨티나,주식,NYSE,5.60,0.11,2.00,2026-10-06 05:42
LARK,랜드마크 뱅코프,주식,NASDAQ,31.26,-0.10,-0.32,2026-10-06 05:42
LASC,Corgi LASR 2x Daily ETF,ETF,AMEX,6.42,-0.37,-5.46,2026-10-06 05:42
LASE,레이저 포토닉스,주식,NASDAQ,0.80,-0.04,-4.31,2026-10-06 05:42
LASR,엔라이트,주식,NASDAQ,39.50,-1.08,-2.66,2026-10-06 05:42
LATA,갈라타 애퀴지션 II,주식,NASDAQ,10.21,0.00,0.00,2026-10-06 05:42
LATAU,Galata Acquisition II Units,주식,NASDAQ,10.30,0.00,0.00,2026-10-06 05:42
LATR,Corgi Buy Now Pay Later ETF,ETF,AMEX,26.44,0.82,3.20,2026-10-06 05:42
LAUR,로리어트 에듀케이션,주식,NASDAQ,38.51,-0.11,-0.28,2026-10-06 05:42
LAW,CS 디스코,주식,NYSE,4.18,0.00,0.00,2026-10-06 05:42
LAWR,로봇 컨설팅 ADR,주식,NASDAQ,3.75,0.00,0.00,2026-10-06 05:42
LAZ,라자드,주식,NYSE,35.28,-0.79,-2.19,2026-10-06 05:42
LB,랜드브리지,주식,NYSE,83.58,-0.21,-0.25,2026-10-06 05:42
LBAY,Leatherback Long/Short Alternative Yield ETF,ETF,AMEX,24.88,0.02,0.07,2026-10-06 05:42
LBGJ,리 뱅 인터내셔널,주식,NASDAQ,1.95,-0.08,-3.94,2026-10-06 05:42
LBO,WHITEWOLF Publicly Listed Private Equity ETF,ETF,AMEX,23.85,-0.07,-0.30,2026-10-06 05:42
LBOX,GraniteShares Short Term Box ETF,ETF,AMEX,25.14,0.00,0.00,2026-10-06 05:42
LBRT,리버티 에너지,주식,NYSE,19.59,0.28,1.45,2026-10-06 05:42
LBRX,LB 파마슈티컬스,주식,NASDAQ,34.62,-2.37,-6.41,2026-10-06 05:42
LBTYA,리버티 글로벌 Class A,주식,NASDAQ,8.99,0.07,0.78,2026-10-06 05:42
LBTYB,리버티 글로벌 Class B,주식,NASDAQ,12.90,0.53,4.28,2026-10-06 05:42
LBTYK,리버티 글로벌 Class C,주식,NASDAQ,8.80,0.05,0.57,2026-10-06 05:42
LCAP,Principal Capital Appreciation Select ETF,ETF,AMEX,34.29,0.27,0.79,2026-10-06 05:42
LCCC,레이크쇼어 애퀴지션 III,주식,NASDAQ,10.54,0.00,0.00,2026-10-06 05:42
LCCCR,Lakeshore Acquisition III Rights,주식,NASDAQ,0.14,0.00,0.00,2026-10-06 05:42
LCCCU,Lakeshore Acquisition III Units,주식,NASDAQ,10.80,0.00,0.00,2026-10-06 05:42
LCDS,JPMorgan Fundamental Data Science Large Core ETF,ETF,NASDAQ,74.40,0.48,0.65,2026-10-06 05:42
LCF,Touchstone US Large Cap Focused ETF,ETF,AMEX,46.56,0.39,0.84,2026-10-06 05:42
LCFY,로커파이,주식,NASDAQ,2.34,-0.01,-0.21,2026-10-06 05:42
LCID,루시드 그룹,주식,NASDAQ,4.17,0.04,0.97,2026-10-06 05:42
LCII,LCI 인더스트리스,주식,NYSE,82.58,-0.23,-0.28,2026-10-06 05:42
LCLG,Logan Capital Large Cap Growth ETF,ETF,AMEX,71.51,0.33,0.46,2026-10-06 05:42
LCLN,링컨 인터내셔널,주식,NYSE,24.10,0.52,2.21,2026-10-06 05:42
LCNB,LCNB,주식,NASDAQ,18.92,-0.02,-0.11,2026-10-06 05:42
LCO,LOGIQ Contrarian Opportunities ETF,ETF,AMEX,28.07,0.15,0.52,2026-10-06 05:42
LCOW,Pacer S&P 500 Quality FCF Aristocrats ETF,ETF,AMEX,27.14,0.22,0.82,2026-10-06 05:42
LCR,Leuthold Core ETF,ETF,AMEX,40.36,0.14,0.35,2026-10-06 05:42
LCTD,iShares World ex US Carbon Trans Rdns Awr Act ETF,ETF,AMEX,57.80,0.00,-0.01,2026-10-06 05:42
LCTO,Kurv TaxOptimized US Large Cap ETF,ETF,AMEX,24.90,0.20,0.80,2026-10-06 05:42
LCTU,iShares US Carbon Transition Readiness Awr Act ETF,ETF,AMEX,82.92,0.53,0.64,2026-10-06 05:42
LCTX,리니지 셀 테라퓨틱스,주식,AMEX,0.93,0.00,-0.31,2026-10-06 05:42
LCUT,라이프타임 브랜즈,주식,NASDAQ,9.06,-0.06,-0.66,2026-10-06 05:42
LDDR,LifeX 2035 Income Bucket ETF,ETF,AMEX,73.95,-0.08,-0.10,2026-10-06 05:42
LDEM,iShares ESG MSCI EM Leaders ETF,ETF,NASDAQ,61.65,0.97,1.59,2026-10-06 05:42
LDI,론디포,주식,NYSE,0.61,-0.03,-4.64,2026-10-06 05:42
LDOS,레이도스 홀딩스,주식,NYSE,119.45,1.71,1.45,2026-10-06 05:42
LDP,Cohen & Steers Ltd Dur Pref and Income Fund Inc,주식,NYSE,18.99,-0.44,-2.26,2026-10-06 05:42
LDRC,iShares iBonds 1-5 Year Corporate Ladder ETF,ETF,AMEX,24.57,0.02,0.08,2026-10-06 05:42
LDRH,iShares iBonds 1-5 Year High Yield and Income Lad,ETF,AMEX,23.97,0.05,0.19,2026-10-06 05:42
LDRI,iShares iBonds 1-5 Year TIPS Ladder ETF,ETF,AMEX,24.67,0.03,0.12,2026-10-06 05:42
LDRT,iShares iBonds 1-5 Year Treasury Ladder ETF,ETF,AMEX,24.55,0.03,0.10,2026-10-06 05:42
LDRX,SGI Enhanced Market Leaders ETF,ETF,NASDAQ,37.38,0.21,0.56,2026-10-06 05:42
LDSF,First Trust Low Duration Strategic Focus ETF,ETF,NASDAQ,18.43,0.00,0.03,2026-10-06 05:42
LDUR,PIMCO Enhanced Low Duration Active Exchange-Traded,ETF,AMEX,93.95,0.06,0.06,2026-10-06 05:42
LE,랜즈 엔드,주식,NASDAQ,10.63,0.34,3.30,2026-10-06 05:42
LEA,리어,주식,NYSE,121.33,0.48,0.40,2026-10-06 05:42
LECO,링컨 일렉트릭 홀딩스,주식,NASDAQ,274.94,0.56,0.20,2026-10-06 05:42
LEDRU,Leader s Advantage Acquisition Units,주식,NASDAQ,9.97,0.00,-0.01,2026-10-06 05:42
LEDS,세미LEDS,주식,NASDAQ,2.36,0.04,1.72,2026-10-06 05:42
LEE,리 엔터프라이즈,주식,NASDAQ,7.07,0.36,5.37,2026-10-06 05:42
LEGH,레가시 하우징,주식,NASDAQ,29.20,-0.15,-0.51,2026-10-06 05:42
LEGN,레전드 바이오테크 ADR,주식,NASDAQ,18.78,0.21,1.10,2026-10-06 05:42
LEGO,레가토 머저 IV,주식,AMEX,10.05,-0.03,-0.30,2026-10-06 05:42
LEGO.U,Legato Merger IV Units,주식,AMEX,10.08,0.00,0.00,2026-10-06 05:42
LEGR,First Trust Indxx Innovative Transactn & Proc ETF,ETF,NASDAQ,65.31,0.37,0.57,2026-10-06 05:42
LEMB,iShares JP Morgan EM Local Currency Bond ETF,ETF,AMEX,42.21,0.17,0.40,2026-10-06 05:42
LEN,레나 Class A,주식,NYSE,74.44,-5.37,-6.73,2026-10-06 05:42
LEN.B,레나 Class B,주식,NYSE,73.36,-5.33,-6.77,2026-10-06 05:42
LEND,SEI High Yield Bond And Alternative Credit ETF,ETF,NASDAQ,24.14,0.01,0.04,2026-10-06 05:42
LENS,Sarmaya Thematic ETF,ETF,AMEX,43.54,0.39,0.89,2026-10-06 05:42
LENZ,렌즈 테라퓨틱스,주식,NASDAQ,3.59,0.01,0.28,2026-10-06 05:42
LEO,BNY Mellon Strategic Municipals Inc,주식,NYSE,5.47,-0.12,-2.15,2026-10-06 05:42
LESL,레슬리즈,주식,NASDAQ,0.10,-0.04,-29.99,2026-10-06 05:42
LEU,센트러스 에너지,주식,NYSE,141.44,2.17,1.56,2026-10-06 05:42
LEUX,Tradr 2X Long LEU Daily ETF,ETF,AMEX,7.45,0.24,3.33,2026-10-06 05:42
LEVI,리바이 스트라우스,주식,NYSE,20.27,0.40,2.01,2026-10-06 05:42
LEXI,Alexis Practical Tactical ETF,ETF,NASDAQ,40.80,0.17,0.42,2026-10-06 05:42
LEXX,렉사리아 바이오사이언스,주식,NASDAQ,2.77,-0.11,-3.82,2026-10-06 05:42
LFAC,립프라그 애퀴지션,주식,NASDAQ,10.07,0.00,0.00,2026-10-06 05:42
LFACU,Leapfrog Acquisition Units,주식,NASDAQ,10.18,0.00,0.00,2026-10-06 05:42
LFAI,LifeX 2050 Longevity Income ETF,ETF,AMEX,138.19,-0.37,-0.27,2026-10-06 05:42
LFAO,LifeX 2055 Longevity Income ETF,ETF,AMEX,150.00,-0.48,-0.32,2026-10-06 05:42
LFAW,LifeX 2060 Longevity Income ETF,ETF,AMEX,159.28,-0.59,-0.37,2026-10-06 05:42
LFBE,LifeX 2065 Longevity Income ETF,ETF,AMEX,166.94,-0.70,-0.41,2026-10-06 05:42
LFCR,라이프코어 바이오메디컬,주식,NASDAQ,6.52,-0.02,-0.31,2026-10-06 05:42
LFDR,LifeX Durable Income ETF,ETF,AMEX,167.09,-0.71,-0.42,2026-10-06 05:42
LFEQ,VanEck Long/Flat Trend ETF,ETF,AMEX,61.70,0.38,0.62,2026-10-06 05:42
LFGY,YieldMax Crypto Industry & Tech Port Opt Inc ETF,ETF,AMEX,19.27,0.21,1.10,2026-10-06 05:42
LFMD,라이프엠디,주식,NASDAQ,2.72,-0.02,-0.73,2026-10-06 05:42
LFMDP,라이프엠디 우선주 시리즈 A 8.875%,주식,NASDAQ,22.86,0.12,0.53,2026-10-06 05:42
LFS,라이프라스 ADR,주식,NASDAQ,2.18,0.04,1.87,2026-10-06 05:42
LFSC,F/m Emerald Life Sciences Innovation ETF,ETF,NASDAQ,43.94,0.54,1.24,2026-10-06 05:42
LFST,라이프스탠스 헬스 그룹,주식,NASDAQ,12.22,0.39,3.30,2026-10-06 05:42
LFT,루먼트 파이낸스 트러스트,주식,NYSE,4.97,-0.05,-1.00,2026-10-06 05:42
LFTO,리프트오프 모바일,주식,NASDAQ,15.26,0.11,0.73,2026-10-06 05:42
LFUS,리틀휴즈,주식,NASDAQ,451.42,-5.11,-1.12,2026-10-06 05:42
LFVN,라이프밴티지,주식,NASDAQ,6.03,-0.04,-0.66,2026-10-06 05:42
LFWD,라이프워드,주식,NASDAQ,6.67,0.82,14.02,2026-10-06 05:42
LGCL,루카스 GC,주식,NASDAQ,2.43,-0.09,-3.57,2026-10-06 05:42
LGCY,레가시 에듀케이션,주식,AMEX,9.78,0.20,2.09,2026-10-06 05:42
LGDS,JPMorgan Fundamental Data Science Large Growth ETF,ETF,NASDAQ,51.62,0.46,0.89,2026-10-06 05:42
LGDX,Intech S&P Large Cap Diversified Alpha ETF,ETF,AMEX,25.72,0.17,0.65,2026-10-06 05:42
LGH,HCM Defender 500 Index ETF,ETF,AMEX,67.10,0.59,0.88,2026-10-06 05:42
LGHL,라이온 그룹 홀딩스 ADR,주식,NASDAQ,3.84,-0.17,-4.24,2026-10-06 05:42
LGHT,Langar Global HealthTech ETF,ETF,AMEX,10.55,0.26,2.51,2026-10-06 05:42
LGI,Lazard Global Total Return & Income Closed Fund,주식,NYSE,16.94,0.08,0.47,2026-10-06 05:42
LGIH,LGI 홈스,주식,NASDAQ,46.45,-1.69,-3.51,2026-10-06 05:42
LGL,LGL 그룹,주식,AMEX,6.90,-0.33,-4.56,2026-10-06 05:42
LGLV,State Street SPDR SSGA US Lg Cap Low Vol Index ETF,ETF,AMEX,175.71,0.84,0.48,2026-10-06 05:42
LGN,레전스,주식,NASDAQ,53.79,0.18,0.34,2026-10-06 05:42
LGND,리간드 파마슈티컬스,주식,NASDAQ,306.77,3.81,1.26,2026-10-06 05:42
LGO,라르고,주식,NASDAQ,0.48,0.00,1.03,2026-10-06 05:42
LGOV,First Trust Long Duration Opportunities ETF,ETF,AMEX,19.55,-0.08,-0.41,2026-10-06 05:42
LGPS,로그프로스타일,주식,AMEX,0.70,-0.06,-7.33,2026-10-06 05:42
LGRO,Level Four Large Cap Growth Active ETF,ETF,NASDAQ,47.59,0.36,0.77,2026-10-06 05:42
LGVN,롱에버론,주식,NASDAQ,2.51,-0.07,-2.71,2026-10-06 05:42
LH,랩코프 홀딩스,주식,NYSE,308.65,0.16,0.05,2026-10-06 05:42
LHAI,링크홈 홀딩스,주식,NASDAQ,1.03,-0.01,-0.96,2026-10-06 05:42
LHSW,리안허 소웰 인터내셔널 그룹,주식,NASDAQ,0.55,0.08,16.33,2026-10-06 05:42
LHX,L3 해리스 테크놀러지스,주식,NYSE,236.88,0.28,0.12,2026-10-06 05:42
LI,리 오토 ADR,주식,NASDAQ,10.85,0.16,1.50,2026-10-06 05:42
LIAE,LifeX 2050 Inflation-Protected Lngvty In ETF,ETF,AMEX,191.67,-0.63,-0.33,2026-10-06 05:42
LIAM,LifeX 2055 Inflation-Protected Lngvty In ETF,ETF,AMEX,215.71,-0.85,-0.39,2026-10-06 05:42
LIAU,LifeX 2060 Inflation-Protected Lngvty In ETF,ETF,AMEX,237.32,-1.12,-0.47,2026-10-06 05:42
LIBD,LifeX 2065 Inflation-Protected Lngvty In ETF,ETF,AMEX,250.96,-1.38,-0.55,2026-10-06 05:42
LICN,리첸 인터내셔널,주식,NASDAQ,1.02,0.02,2.47,2026-10-06 05:42
LIDR,에이아이,주식,NASDAQ,1.10,-0.02,-1.79,2026-10-06 05:42
LIEN,시카고 애틀란틱 BDC,주식,NASDAQ,9.57,0.07,0.74,2026-10-06 05:42
LIF,라이프360,주식,NASDAQ,42.57,-0.53,-1.23,2026-10-06 05:42
LIFE,에토스 테크놀로지스,주식,NASDAQ,36.13,2.01,5.89,2026-10-06 05:42
LIFT,LifeX 2028 Income Bucket ETF,ETF,AMEX,20.95,0.00,0.02,2026-10-06 05:42
LII,레녹스 인터내셔널,주식,NYSE,361.15,4.85,1.36,2026-10-06 05:42
LILA,리버티 라틴 아메리카 Class A,주식,NASDAQ,8.81,0.28,3.28,2026-10-06 05:42
LILAK,리버티 라틴 아메리카 Class C,주식,NASDAQ,8.77,0.27,3.18,2026-10-06 05:42
LILAP,리버티 라틴 아메리카 우선주 Series A 9.0%,주식,NASDAQ,20.35,-0.01,-0.05,2026-10-06 05:42
LIME,뉴트론 홀딩스,주식,NASDAQ,27.17,-0.05,-0.18,2026-10-06 05:42
LIMN,리미나투스 파마,주식,NASDAQ,3.99,0.09,2.31,2026-10-06 05:42
LIN,린드,주식,NASDAQ,482.38,2.90,0.60,2026-10-06 05:42
LINC,링컨 에듀케이셔널 서비스,주식,NASDAQ,22.20,0.29,1.32,2026-10-06 05:42
LIND,린드블라드 익스퍼디션스 홀딩스,주식,NASDAQ,35.60,0.82,2.36,2026-10-06 05:42
LINE,리니지,주식,NASDAQ,34.98,0.64,1.86,2026-10-06 05:42
LINK,인터링크 일렉트로닉스,주식,NASDAQ,5.98,0.03,0.50,2026-10-06 05:42
LINT,Direxion Daily INTC Bull 2X ETF,ETF,NASDAQ,149.44,-8.47,-5.36,2026-10-06 05:42
LION,라이온스게이트 스튜디오스,주식,NYSE,11.17,0.01,0.09,2026-10-06 05:42
LIQT,리크테크 인터내셔널,주식,NASDAQ,0.44,-0.08,-15.62,2026-10-06 05:42
LIT,Global X Lithium & Battery Tech ETF,ETF,AMEX,70.13,0.85,1.23,2026-10-06 05:42
LITB,라이트인더박스 홀딩 ADR,주식,NYSE,2.92,0.11,3.91,2026-10-06 05:42
LITC,Corgi LITE 2x Daily ETF,ETF,AMEX,37.97,0.61,1.62,2026-10-06 05:42
LITE,루멘텀 홀딩스,주식,NASDAQ,1091.67,6.25,0.58,2026-10-06 05:42
LITG,Leverage Shares 2X Long LITE Daily ETF,ETF,AMEX,23.73,0.42,1.80,2026-10-06 05:42
LITL,Simplify Piper Sandler US Small-Cap PLUS Inc ETF,ETF,AMEX,33.70,0.23,0.68,2026-10-06 05:42
LITP,Sprott Lithium Miners ETF,ETF,NASDAQ,9.03,0.07,0.80,2026-10-06 05:42
LITS,라이트 스트래티지,주식,NASDAQ,1.40,0.02,1.45,2026-10-06 05:42
LITU,T-REX 2X Long LITE Daily Target ETF,ETF,AMEX,26.60,0.44,1.67,2026-10-06 05:42
LITX,Tradr 2X Long LITE Daily ETF,ETF,AMEX,42.65,0.65,1.55,2026-10-06 05:42
LITZ,Tradr 2X Short LITE Daily ETF,ETF,AMEX,18.62,-0.25,-1.32,2026-10-06 05:42
LIVE,라이브 벤처스,주식,NASDAQ,7.54,-0.06,-0.78,2026-10-06 05:42
LIVN,리바노바,주식,NASDAQ,76.43,1.36,1.81,2026-10-06 05:42
LJAN,Innovator Premium Income 15 Buffer ETF - January,ETF,AMEX,24.71,0.01,0.02,2026-10-06 05:42
LJUL,Innovator Premium Income 15 Buffer ETF - July,ETF,AMEX,23.95,0.02,0.06,2026-10-06 05:42
LKFN,레이크랜드 파이낸셜,주식,NASDAQ,58.31,-0.76,-1.29,2026-10-06 05:42
LKFT,레이크프론트 바이오테라퓨틱스,주식,NASDAQ,29.51,0.14,0.48,2026-10-06 05:42
LKOR,Northern Trust Credit-Scored US Long Corp Bond ETF,ETF,AMEX,37.89,-0.12,-0.31,2026-10-06 05:42
LKQ,LKQ,주식,NASDAQ,22.40,-0.40,-1.75,2026-10-06 05:42
LKSP,레이크 슈페리얼 애퀴지션,주식,NASDAQ,10.26,0.00,0.00,2026-10-06 05:42
LKSPR,Lake Superior Acquisition Rights Exp 19th Sep 2030,주식,NASDAQ,1.35,-0.15,-10.00,2026-10-06 05:42
LKSPU,Lake Superior Acquisition Units,주식,NASDAQ,10.60,0.00,0.00,2026-10-06 05:42
LLDR,Global X Long-Term Treasury Ladder ETF,ETF,AMEX,40.57,-0.13,-0.31,2026-10-06 05:42
LLY,일라이 릴리,주식,NYSE,1143.12,0.27,0.02,2026-10-06 05:42
LLYVA,리버티 라이브 홀딩스 Series A,주식,NASDAQ,96.17,0.45,0.47,2026-10-06 05:42
LLYVK,리버티 라이브 Series C,주식,NASDAQ,98.87,1.00,1.02,2026-10-06 05:42
LLYX,Defiance Daily Target 2X Long LLY ETF,ETF,AMEX,23.82,-0.04,-0.15,2026-10-06 05:42
LMAT,르메이트르 배스큘러,주식,NASDAQ,80.99,2.03,2.57,2026-10-06 05:42
LMB,림바흐 홀딩스,주식,NASDAQ,49.94,0.84,1.71,2026-10-06 05:42
LMBS,First Trust Low Duration Opportunities ETF,ETF,NASDAQ,48.47,-0.03,-0.05,2026-10-06 05:42
LMND,레모네이드,주식,NYSE,46.67,0.18,0.39,2026-10-06 05:42
LMNR,리모네이라,주식,NASDAQ,11.98,-0.01,-0.08,2026-10-06 05:42
LMRI,루멕사 이미징 홀딩스,주식,NASDAQ,10.77,0.45,4.36,2026-10-06 05:42
LMT,록히드 마틴,주식,NYSE,506.63,1.22,0.24,2026-10-06 05:42
LMTL,Direxion Daily LMT Bull 2X ETF,ETF,NASDAQ,28.86,0.17,0.60,2026-10-06 05:42
LMUB,iShares Long-Term National Muni Bond ETF,ETF,AMEX,46.59,0.23,0.50,2026-10-06 05:42
LNAI,루나이 바이오웍스,주식,NASDAQ,1.14,-0.16,-12.31,2026-10-06 05:42
LNC,링컨 내셔널,주식,NYSE,40.91,0.61,1.51,2026-10-06 05:42
LND,브라질아그로 ADR,주식,NYSE,3.70,0.19,5.41,2026-10-06 05:42
LNG,셰니어 에너지,주식,NYSE,274.93,4.98,1.84,2026-10-06 05:42
LNGX,Global X US Natural Gas ETF,ETF,AMEX,43.10,0.62,1.45,2026-10-06 05:42
LNKS,링커스 인더스트리스,주식,NASDAQ,0.98,-0.03,-2.49,2026-10-06 05:42
LNN,린지,주식,NYSE,114.39,0.04,0.04,2026-10-06 05:42
LNOK,Defiance Daily Target 2X Long NOK ETF,ETF,AMEX,16.23,-1.12,-6.46,2026-10-06 05:42
LNSR,렌자,주식,NASDAQ,6.67,-0.08,-1.19,2026-10-06 05:42
LNT,얼라이언트 에너지,주식,NASDAQ,64.29,-0.04,-0.06,2026-10-06 05:42
LNTH,랜티우스 홀딩스,주식,NASDAQ,100.19,0.23,0.23,2026-10-06 05:42
LNZA,란자테크 글로벌,주식,NASDAQ,5.91,-0.13,-2.15,2026-10-06 05:42
LOAN,맨해튼 브리지 캐피털,주식,NASDAQ,3.87,0.10,2.52,2026-10-06 05:42
LOAR,로어 홀딩스,주식,NYSE,62.35,0.63,1.02,2026-10-06 05:42
LOB,라이브 오크 뱅크셰어스,주식,NYSE,36.54,-0.14,-0.38,2026-10-06 05:42
LOBO,로보 테크놀로지스,주식,NASDAQ,0.52,0.05,10.12,2026-10-06 05:42
LOCL,로컬 바운티,주식,NYSE,1.08,-0.02,-1.37,2026-10-06 05:42
LOCO,엘 폴로 로코 홀딩스,주식,NASDAQ,14.40,0.18,1.27,2026-10-06 05:42
LOCT,Innovator Premium Income 15 Buffer ETF - October,ETF,AMEX,23.87,0.01,0.04,2026-10-06 05:42
LODE,콤스톡,주식,AMEX,2.28,0.00,0.00,2026-10-06 05:42
LODI,AAM SLC Low Duration Income ETF,ETF,AMEX,24.87,-0.03,-0.12,2026-10-06 05:42
LOEV,Harding Loevner International Developed Markets Select Equity ETF,ETF,AMEX,15.99,0.10,0.60,2026-10-06 05:42
LOFD,Direxion Daily SpaceX Bear 2X ETF,ETF,AMEX,4.77,-0.85,-15.12,2026-10-06 05:42
LOFF,Direxion Daily SpaceX Bull 2X ETF,ETF,AMEX,21.46,2.86,15.38,2026-10-06 05:42
LOGI,로지텍 인터내셔널,주식,NASDAQ,101.38,-2.94,-2.82,2026-10-06 05:42
LOGO,Alpha Brands Consumption Leaders ETF,ETF,NASDAQ,20.41,0.20,0.99,2026-10-06 05:42
LOHA,Roundhill HALO ETF,ETF,AMEX,25.08,0.05,0.20,2026-10-06 05:42
LOMA,로마 네그라 콤파니아 인더스트리얼 ADR,주식,NYSE,9.77,0.61,6.66,2026-10-06 05:42
LONA,레오나바이오,주식,NASDAQ,5.58,0.76,15.77,2026-10-06 05:42
LONZ,PIMCO Senior Loan Active Exchange-Traded Fund,ETF,AMEX,48.89,-0.06,-0.12,2026-10-06 05:42
LOOP,룹 인더스트리,주식,NASDAQ,0.43,-0.02,-3.95,2026-10-06 05:42
LOPE,그랜드 캐년 에듀케이션,주식,NASDAQ,154.93,-0.86,-0.55,2026-10-06 05:42
LOPP,Gabelli Love Our Planet & People ETF,ETF,AMEX,35.79,0.04,0.12,2026-10-06 05:42
LOT,로터스 테크놀로지 ADR,주식,NASDAQ,0.83,-0.02,-2.67,2026-10-06 05:42
LOTI,Liberty One Tactical Income ETF,ETF,NASDAQ,25.27,0.06,0.22,2026-10-06 05:42
LOUP,Innovator Deepwater Frontier Tech ETF,ETF,AMEX,92.12,1.00,1.10,2026-10-06 05:42
LOVE,러브색,주식,NASDAQ,14.83,0.13,0.88,2026-10-06 05:42
LOVIU,Live Oak Acquisition VI Units,주식,NASDAQ,10.01,0.01,0.10,2026-10-06 05:42
LOW,로우스 컴퍼니,주식,NYSE,179.50,-1.30,-0.72,2026-10-06 05:42
LOWV,AB US Low Volatility Equity ETF,ETF,AMEX,83.57,0.61,0.73,2026-10-06 05:42
LPA,로지스틱 프로퍼티스 오브 디 아메리카스,주식,AMEX,3.12,0.13,4.35,2026-10-06 05:42
LPAA,런치 원 애퀴지션,주식,NASDAQ,10.85,0.00,0.00,2026-10-06 05:42
LPAAU,Launch One Acquisition Units,주식,NASDAQ,11.11,0.00,0.00,2026-10-06 05:42
LPBB,런치 투 애퀴지션,주식,NASDAQ,10.81,0.00,0.00,2026-10-06 05:42
LPBBU,Launch Two Acquisition Units,주식,NASDAQ,10.87,0.00,0.00,2026-10-06 05:42
LPCN,리포신,주식,NASDAQ,2.07,0.02,0.98,2026-10-06 05:42
LPCV,런치패드 카덴자 애퀴지션 I,주식,NASDAQ,10.08,0.00,0.00,2026-10-06 05:42
LPCVU,Launchpad Cadenza Acquisition I Units,주식,NASDAQ,10.13,0.00,0.00,2026-10-06 05:42
LPG,도리안 LPG,주식,NYSE,57.64,0.43,0.75,2026-10-06 05:42
LPL,엘지디스플레이 ADR,주식,NYSE,3.10,-0.02,-0.64,2026-10-06 05:42
LPLA,LPL 파이낸셜 홀딩스,주식,NASDAQ,331.98,15.54,4.91,2026-10-06 05:42
LPRE,Long Pond Real Estate Select ETF,ETF,AMEX,26.82,0.04,0.17,2026-10-06 05:42
LPSV,Lone Peak SMID Value ETF,ETF,AMEX,24.41,0.12,0.50,2026-10-06 05:42
LPTH,라이트패스 테크놀로지스,주식,NASDAQ,10.81,-0.23,-2.08,2026-10-06 05:42
LPX,루이지애나-퍼시픽,주식,NYSE,65.29,0.19,0.29,2026-10-06 05:42
LQ,Simplify Tax Aware Alternatives ETF,ETF,NASDAQ,23.77,0.02,0.06,2026-10-06 05:42
LQAI,LG QRAFT AI-Powered US Large Cap Core ETF,ETF,AMEX,47.00,0.36,0.78,2026-10-06 05:42
LQD,iShares iBoxx $ Inv Grade Corporate Bond ETF,ETF,AMEX,101.83,0.00,0.00,2026-10-06 05:42
LQDA,리퀴디아,주식,NASDAQ,27.64,-1.00,-3.49,2026-10-06 05:42
LQDB,iShares BBB Rated Corporate Bond ETF,ETF,AMEX,81.99,0.03,0.04,2026-10-06 05:42
LQDD,MicroSectors -3x Short Investment Grade Corporate Bond LQD ETNs,ETF,AMEX,55.22,-0.04,-0.08,2026-10-06 05:42
LQDH,iShares Interest Rate Hedged Corporate Bond ETF,ETF,AMEX,92.41,0.25,0.27,2026-10-06 05:42
LQDI,iShares Inflation Hedged Corporate Bond ETF,ETF,AMEX,24.70,-0.06,-0.26,2026-10-06 05:42
LQDM,Amplify LQD Investment Grade 12% Target Income ETF,ETF,AMEX,22.80,0.03,0.12,2026-10-06 05:42
LQDT,리퀴디티 서비스,주식,NASDAQ,43.22,-0.01,-0.02,2026-10-06 05:42
LQDU,MicroSectors 3x Long Investment Grade Corporate Bond LQD ETNs,ETF,AMEX,22.09,0.01,0.04,2026-10-06 05:42
LQDW,iShares Investment Grade Corporate Bd BW Strat ETF,ETF,AMEX,22.36,0.01,0.05,2026-10-06 05:42
LQID,Kurv Enhanced Short Maturity ETF,ETF,AMEX,24.81,0.01,0.04,2026-10-06 05:42
LQTI,FT Vest Investment Grade & Target Income ETF,ETF,AMEX,17.92,-0.01,-0.06,2026-10-06 05:42
LRCC,Corgi LRCX 2x Daily ETF,ETF,AMEX,21.12,-0.29,-1.36,2026-10-06 05:42
LRCU,Tradr 2X Long LRCX Daily ETF,ETF,AMEX,60.49,-0.91,-1.48,2026-10-06 05:42
LRCX,램 리서치,주식,NASDAQ,345.80,-1.69,-0.49,2026-10-06 05:42
LRE,리드 리얼 에스테이트 ADR,주식,NASDAQ,1.10,0.00,0.00,2026-10-06 05:42
LRGC,AB US Large Cap Strategic Equities ETF,ETF,AMEX,87.15,0.62,0.72,2026-10-06 05:42
LRGE,ClearBridge Large Cap Growth Select ETF,ETF,NASDAQ,92.53,0.96,1.05,2026-10-06 05:42
LRGF,iShares US Equity Factor ETF,ETF,AMEX,79.26,0.69,0.88,2026-10-06 05:42
LRGG,Nomura Focused Large Growth ETF,ETF,AMEX,30.41,0.44,1.46,2026-10-06 05:42
LRHC,라 로사 홀딩스,주식,NASDAQ,1.58,0.02,1.28,2026-10-06 05:42
LRMR,라리마 테라퓨틱스,주식,NASDAQ,2.86,-0.10,-3.38,2026-10-06 05:42
LRN,스트라이드,주식,NYSE,78.88,-0.01,-0.01,2026-10-06 05:42
LRND,NYLIM US Large Cap R And D Leaders ETF,ETF,NASDAQ,48.74,0.41,0.85,2026-10-06 05:42
LRNX,Corgi LRN 2x Daily ETF,ETF,AMEX,20.51,0.17,0.82,2026-10-06 05:42
LRNZ,TrueShares Technology AI & Deep Learning ETF,ETF,AMEX,71.27,1.03,1.47,2026-10-06 05:42
LSAF,LeaderShares AlphaFactor US Core Equity ETF,ETF,AMEX,54.14,0.38,0.70,2026-10-06 05:42
LSAK,레사카 테크놀로지스,주식,NASDAQ,4.58,0.25,5.77,2026-10-06 05:42
LSAT,LeaderShares AlphaFactor Tactical Focused ETF,ETF,AMEX,44.80,0.31,0.70,2026-10-06 05:42
LSBK,레이크 쇼어 뱅코프,주식,NASDAQ,18.07,-0.31,-1.69,2026-10-06 05:42
LSCC,래티스 세미컨덕터,주식,NASDAQ,132.85,-1.15,-0.86,2026-10-06 05:42
LSCP,Natixis Loomis Sayles Dynamic Core Plus ETF,ETF,AMEX,23.78,-0.02,-0.10,2026-10-06 05:42
LSE,레이센 에너지 홀딩,주식,NASDAQ,4.49,-0.01,-0.22,2026-10-06 05:42
LSEQ,Harbor Long-Short Equity ETF,ETF,AMEX,34.16,0.39,1.14,2026-10-06 05:42
LSF,레어드 슈퍼푸드,주식,AMEX,3.15,-0.31,-8.96,2026-10-06 05:42
LSGR,Natixis Loomis Sayles Focused Growth ETF,ETF,AMEX,45.86,0.55,1.21,2026-10-06 05:42
LSPD,라이트스피드 커머스,주식,NYSE,10.21,0.39,3.97,2026-10-06 05:42
LST,Leuthold Select Industries ETF,ETF,AMEX,47.54,0.10,0.21,2026-10-06 05:42
LSTA,리사타 테라퓨틱스,주식,NASDAQ,1.26,-0.21,-14.29,2026-10-06 05:42
LSTB,Natixis Loomis Sayles Total Return Bond ETF,ETF,AMEX,23.79,-0.03,-0.12,2026-10-06 05:42
LSTR,랜드스타 시스템,주식,NASDAQ,171.22,-2.26,-1.30,2026-10-06 05:42
LSVD,LSV Disciplined Value ETF,ETF,AMEX,36.53,0.15,0.43,2026-10-06 05:42
LTAX,Nomura Tax-Free USA ETF,ETF,AMEX,23.31,0.09,0.40,2026-10-06 05:42
LTBR,라이트브리지,주식,NASDAQ,6.36,-0.03,-0.47,2026-10-06 05:42
LTC,LTC 프로퍼티즈,주식,NYSE,42.43,-0.57,-1.33,2026-10-06 05:42
LTCC,Canary Litecoin ETF,ETF,NASDAQ,17.04,0.33,1.99,2026-10-06 05:42
LTGO,라티고 바이오테라퓨틱스,주식,NASDAQ,16.63,0.73,4.59,2026-10-06 05:42
LTGR,롱 테이블 그로스,주식,NASDAQ,9.96,0.00,0.00,2026-10-06 05:42
LTGRU,Long Table Growth Units,주식,NASDAQ,10.16,0.00,0.00,2026-10-06 05:42
LTH,라이프 타임 그룹 홀딩스,주식,NYSE,40.06,-0.93,-2.27,2026-10-06 05:42
LTL,ProShares Ultra Communication Services,ETF,AMEX,23.95,0.41,1.76,2026-10-06 05:42
LTM,라탐 에어라인스 그룹 ADR,주식,NYSE,50.79,2.87,5.99,2026-10-06 05:42
LTPZ,PIMCO 15+ Year US TIPS Index Exchange-Traded Fund,ETF,AMEX,44.57,-0.33,-0.74,2026-10-06 05:42
LTRN,랜턴 파마,주식,NASDAQ,0.94,0.08,9.30,2026-10-06 05:42
LTRX,렌트로닉,주식,NASDAQ,7.13,-0.06,-0.83,2026-10-06 05:42
LTTI,FT Vest 20+ Year Treasury & Target Income ETF,ETF,AMEX,16.34,-0.07,-0.43,2026-10-06 05:42
LU,루팍스 홀딩 ADR,주식,NYSE,1.03,0.01,0.98,2026-10-06 05:42
LUCD,루시드 다이어그노스틱스,주식,NASDAQ,0.59,-0.03,-5.42,2026-10-06 05:42
LUCK,럭키 스트라이크 엔터테인먼트,주식,NYSE,5.26,-0.03,-0.57,2026-10-06 05:42
LUCY,이노베이티브 아이웨어,주식,NASDAQ,0.89,0.00,-0.21,2026-10-06 05:42
LUD,루다 테크놀로지 그룹,주식,AMEX,3.94,0.12,3.14,2026-10-06 05:42
LULG,Leverage Shares 2X Long LULU Daily ETF,ETF,NASDAQ,3.57,-0.10,-2.72,2026-10-06 05:42
LULU,룰루레몬 애슬레티카,주식,NASDAQ,93.14,-1.32,-1.40,2026-10-06 05:42
LUMA,KraneShares Photonic and Optical ETF,ETF,AMEX,27.38,-0.22,-0.80,2026-10-06 05:42
LUMN,루멘 테크놀로지스,주식,NYSE,5.62,-0.13,-2.26,2026-10-06 05:42
LUNC,Longnook Uncommon Compounders ETF,ETF,AMEX,25.37,0.32,1.28,2026-10-06 05:42
LUNG,풀몬스,주식,NASDAQ,1.88,0.05,2.73,2026-10-06 05:42
LUNL,Defiance Daily Target 2X Long LUNR ETF,ETF,AMEX,3.32,-0.19,-5.39,2026-10-06 05:42
LUNR,인튜이티브 머신스,주식,NASDAQ,14.29,-0.42,-2.86,2026-10-06 05:42
LUV,사우스웨스트 에어라인스,주식,NYSE,41.85,-0.62,-1.46,2026-10-06 05:42
LUXE,럭스익스피리언스 ADR,주식,NYSE,9.75,0.01,0.10,2026-10-06 05:42
LVDS,JPMorgan Fundamental Data Science Large Value ETF,ETF,NASDAQ,58.90,0.18,0.30,2026-10-06 05:42
LVHD,Franklin US Low Volatility High Dividend Index,ETF,NASDAQ,41.48,0.03,0.08,2026-10-06 05:42
LVHI,Franklin Intl Low Volatility High Dividend Index,ETF,AMEX,41.72,0.09,0.22,2026-10-06 05:42
LVIG,Longview Advantage Fixed Income ETF,ETF,NASDAQ,95.43,-0.02,-0.02,2026-10-06 05:42
LVLN,State Street SPDR S&P Leveraged Loan ETF,ETF,AMEX,24.59,-0.01,-0.04,2026-10-06 05:42
LVLU,루루스 패션 라운지 홀딩스,주식,NASDAQ,12.40,-1.24,-9.09,2026-10-06 05:42
LVO,라이브원,주식,NASDAQ,2.65,0.02,0.76,2026-10-06 05:42
LVS,라스베이거스 샌즈,주식,NYSE,36.61,0.38,1.05,2026-10-06 05:42
LVWR,AEA-브릿지스 임팩트,주식,NYSE,1.47,-0.10,-6.37,2026-10-06 05:42
LW,램 웨스턴 홀딩스,주식,NYSE,44.57,0.97,2.22,2026-10-06 05:42
LWAC,라이트웨이브 애퀴지션,주식,NASDAQ,10.35,0.00,0.00,2026-10-06 05:42
LWACU,Lightwave Acquisition Units,주식,NASDAQ,10.36,0.00,0.00,2026-10-06 05:42
LWAY,라이프웨이 푸드,주식,NASDAQ,21.00,-0.21,-0.99,2026-10-06 05:42
LWLG,라이트웨이브 로직,주식,NASDAQ,5.55,-0.15,-2.63,2026-10-06 05:42
LWLX,Tradr 2X Long LWLG Daily ETF,ETF,AMEX,12.51,-0.77,-5.77,2026-10-06 05:42
LX,레신핀테크 홀딩스 ADR,주식,NASDAQ,0.68,-0.01,-1.31,2026-10-06 05:42
LXEH,리샹 에듀케이션 홀딩 ADR,주식,NASDAQ,1.55,-0.02,-1.27,2026-10-06 05:42
LXEO,렉시오 테라퓨틱스,주식,NASDAQ,3.41,-0.12,-3.40,2026-10-06 05:42
LXFR,럭스퍼 홀딩스,주식,NYSE,17.25,-0.02,-0.12,2026-10-06 05:42
LXP,LXP 인더스트리얼 트러스트,주식,NYSE,60.92,-0.03,-0.05,2026-10-06 05:42
LXRX,렉시콘 파마슈티컬스,주식,NASDAQ,1.74,-0.08,-4.40,2026-10-06 05:42
LXU,LSB 인더스트리,주식,NYSE,10.18,0.32,3.25,2026-10-06 05:42
LYB,라이온델바젤 인더스트리스,주식,NYSE,59.22,0.64,1.09,2026-10-06 05:42
LYEL,라이엘 이뮤노파마,주식,NASDAQ,9.07,-0.19,-2.05,2026-10-06 05:42
LYFT,리프트,주식,NASDAQ,15.73,0.27,1.75,2026-10-06 05:42
LYG,로이즈 뱅킹 그룹 ADR,주식,NYSE,5.46,-0.04,-0.73,2026-10-06 05:42
LYLD,Cambria LargeCap Shareholder Yield ETF,ETF,AMEX,32.04,0.06,0.19,2026-10-06 05:42
LYNX,린트리스,주식,NYSE,12.55,-0.19,-1.49,2026-10-06 05:42
LYTE,Roundhill Photonics & Optics ETF,ETF,AMEX,25.98,-0.05,-0.19,2026-10-06 05:42
LYTS,LSI 인더스트리,주식,NASDAQ,20.84,-0.41,-1.93,2026-10-06 05:42
LYV,라이브 네이션 엔터테인먼트,주식,NYSE,170.67,1.90,1.13,2026-10-06 05:42
LZ,리갈줌닷컴,주식,NASDAQ,5.87,0.27,4.82,2026-10-06 05:42
LZB,레이지보이,주식,NYSE,29.52,-0.42,-1.40,2026-10-06 05:42
LZM,라이프존 메탈스,주식,NYSE,3.83,-0.02,-0.52,2026-10-06 05:42
LZMH,LZ 테크놀로지 홀딩스,주식,NASDAQ,1.09,-0.11,-9.17,2026-10-06 05:42
M,메이시스,주식,NYSE,22.51,-0.22,-0.97,2026-10-06 05:42
MA,마스터카드,주식,NYSE,564.59,12.33,2.23,2026-10-06 05:42
MAA,미드아메리카 아파트 커뮤니티,주식,NYSE,116.47,1.20,1.04,2026-10-06 05:42
MAAS,마스,주식,NASDAQ,13.02,-0.68,-4.96,2026-10-06 05:42
MAAY,GraniteShares YieldBOOST MARA ETF,ETF,NASDAQ,4.70,-0.02,-0.42,2026-10-06 05:42
MAC,메이서리치,주식,NYSE,22.87,-0.18,-0.78,2026-10-06 05:42
MACI,멜라르 애퀴지션 I,주식,NASDAQ,11.07,0.03,0.27,2026-10-06 05:42
MACIU,Melar Acquisition I Units Exp 10th June 2029,주식,NASDAQ,11.25,0.00,0.00,2026-10-06 05:42
MADE,iShares US Manufacturing ETF,ETF,AMEX,35.68,0.04,0.10,2026-10-06 05:42
MAGA,Truth Social America First ETF,ETF,AMEX,54.36,0.29,0.54,2026-10-06 05:42
MAGC,Roundhill China Magnificent Seven ETF,ETF,AMEX,17.58,0.43,2.54,2026-10-06 05:42
MAGG,Madison Aggregate Bond ETF,ETF,AMEX,19.15,-0.03,-0.16,2026-10-06 05:42
MAGH,매그니튜드 인터내셔널,주식,NASDAQ,6.76,0.00,0.00,2026-10-06 05:42
MAGN,마그네라,주식,NYSE,11.68,0.01,0.09,2026-10-06 05:42
MAGS,Roundhill Magnificent Seven ETF,ETF,AMEX,73.50,0.91,1.25,2026-10-06 05:42
MAGX,Roundhill Daily 2X Long Magnificent Seven ETF,ETF,AMEX,64.27,1.20,1.91,2026-10-06 05:42
MAGY,Roundhill Magnificent Seven Covered Call ETF,ETF,AMEX,43.62,0.37,0.86,2026-10-06 05:42
MAIA,마이아 바이오테크놀로지,주식,AMEX,1.18,-0.01,-0.84,2026-10-06 05:42
MAIN,메인 스트리트 캐피털,주식,NYSE,54.99,-0.12,-0.22,2026-10-06 05:42
MAIR,매디슨 에어 솔루션스,주식,NYSE,24.97,-0.07,-0.28,2026-10-06 05:42
MAKO,마코 마이닝,주식,NASDAQ,9.08,-0.18,-1.94,2026-10-06 05:42
MAKX,ProShares S&P Kensho Smart Factories ETF,ETF,AMEX,70.94,-0.21,-0.29,2026-10-06 05:42
MAMA,마마스 크리에이션스,주식,NASDAQ,12.82,-0.11,-0.85,2026-10-06 05:42
MAMB,Monarch Ambassador Income Index ETF,ETF,AMEX,22.97,-0.03,-0.12,2026-10-06 05:42
MAMK,맥스메이킹,주식,NASDAQ,13.00,0.00,0.00,2026-10-06 05:42
MAMO,마시모 그룹,주식,NASDAQ,0.95,-0.02,-1.96,2026-10-06 05:42
MAN,맨파워그룹,주식,NYSE,54.20,0.04,0.07,2026-10-06 05:42
MANE,베라더믹스,주식,NYSE,118.87,2.11,1.81,2026-10-06 05:42
MANH,맨해튼 어소시에이츠,주식,NASDAQ,205.45,1.31,0.64,2026-10-06 05:42
MANI,Man Active Income ETF,ETF,AMEX,25.66,0.03,0.10,2026-10-06 05:42
MANU,맨체스터 유나이티드,주식,NYSE,20.05,-0.03,-0.15,2026-10-06 05:42
MAR,메리어트 인터내셔널,주식,NASDAQ,355.89,-3.07,-0.86,2026-10-06 05:42
MARA,마라 홀딩스,주식,NASDAQ,11.17,-0.06,-0.53,2026-10-06 05:42
MARM,FT Vest US Equity Max Buffer ETF - Mar,ETF,AMEX,34.61,-0.01,-0.01,2026-10-06 05:42
MARO,YieldMax MARA Option Income Strategy ETF,ETF,AMEX,3.82,-0.02,-0.52,2026-10-06 05:42
MARPS,Marine Petroleum Units,주식,NASDAQ,4.15,0.08,1.97,2026-10-06 05:42
MARS,Roundhill Space And Technology ETF,ETF,AMEX,26.14,0.22,0.85,2026-10-06 05:42
MART,AllianzIM US Equity Buffer10 Mar ETF,ETF,AMEX,43.33,0.14,0.32,2026-10-06 05:42
MARU,AllianzIM US Equity Buffer15 Uncapped Mar ETF,ETF,AMEX,30.35,0.15,0.50,2026-10-06 05:42
MARW,AllianzIM US Equity Buffer20 Mar ETF,ETF,AMEX,37.02,0.06,0.16,2026-10-06 05:42
MARZ,TrueShares Structured Outcome (March) ETF,ETF,AMEX,37.61,0.18,0.49,2026-10-06 05:42
MAS,매스코,주식,NYSE,68.46,0.10,0.15,2026-10-06 05:42
MASK,3 E 네트워크 테크놀로지 그룹,주식,NASDAQ,0.81,-0.03,-4.12,2026-10-06 05:42
MASS,908 디바이시스,주식,NASDAQ,12.80,0.11,0.87,2026-10-06 05:42
MAT,마텔,주식,NASDAQ,16.05,0.78,5.11,2026-10-06 05:42
MATE,Man Active Trend Enhanced ETF,ETF,NASDAQ,33.20,0.32,0.97,2026-10-06 05:42
MATH,메타알파 테크놀로지 홀딩,주식,NASDAQ,1.09,-0.02,-1.80,2026-10-06 05:42
MATR,Harbor Multi-Asset Total Return ETF,ETF,AMEX,28.19,0.13,0.46,2026-10-06 05:42
MATV,마티브 홀딩스,주식,NYSE,12.11,0.21,1.76,2026-10-06 05:42
MATW,매튜스 인터내셔널,주식,NASDAQ,19.33,0.04,0.21,2026-10-06 05:42
MATX,매트슨,주식,NYSE,230.66,-0.45,-0.19,2026-10-06 05:42
MAUG,Pacer Swan SOS Moderate (August) ETF,ETF,AMEX,33.60,0.11,0.32,2026-10-06 05:42
MAVF,Matrix Advisors Value ETF,ETF,AMEX,138.83,0.43,0.31,2026-10-06 05:42
MAX,미디어알파,주식,NYSE,9.64,0.02,0.21,2026-10-06 05:42
MAXI,Simplify Bitcoin Strategy ETF,ETF,NASDAQ,15.80,0.55,3.58,2026-10-06 05:42
MAXJ,iShares Large Cap Max Buffer Jun ETF,ETF,AMEX,29.60,0.05,0.16,2026-10-06 05:42
MAYC,Corgi U.S. Equities 10% Structured Buffr ETF-May S,ETF,AMEX,26.37,0.09,0.36,2026-10-06 05:42
MAYM,FT Vest US Equity Max Buffer ETF - May,ETF,AMEX,33.38,0.04,0.11,2026-10-06 05:42
MAYP,PGIM S&P 500 Buffer 12 ETF - May,ETF,AMEX,33.48,0.10,0.30,2026-10-06 05:42
MAYS,JW 메이스,주식,NASDAQ,40.10,0.00,0.00,2026-10-06 05:42
MAYT,AllianzIM US Equity Buffer10 May ETF,ETF,AMEX,40.24,0.17,0.42,2026-10-06 05:42
MAYU,AllianzIM US Equity Buffer15 Uncapped May ETF,ETF,AMEX,34.89,0.16,0.46,2026-10-06 05:42
MAYW,AllianzIM US Equity Buffer20 May ETF,ETF,AMEX,35.71,0.09,0.25,2026-10-06 05:42
MAYZ,TrueShares Structured Outcome (May) ETF,ETF,AMEX,37.03,0.18,0.49,2026-10-06 05:42
MAZE,메이즈 테라퓨틱스,주식,NASDAQ,26.43,0.00,0.00,2026-10-06 05:42
MB,마스터비프 그룹,주식,NASDAQ,3.94,0.03,0.77,2026-10-06 05:42
MBAI,체크캡,주식,NASDAQ,3.06,-0.23,-6.99,2026-10-06 05:42
MBB,iShares MBS ETF,ETF,NASDAQ,89.09,-0.13,-0.15,2026-10-06 05:42
MBBA,iShares Mortgage Backed Securities Active ETF,ETF,AMEX,46.72,-0.20,-0.42,2026-10-06 05:42
MBBB,VanEck Moody's Analytics BBB Corporate Bond ETF,ETF,AMEX,20.20,0.02,0.08,2026-10-06 05:42
MBBC,마라톤 뱅코프,주식,NASDAQ,15.08,0.05,0.33,2026-10-06 05:42
MBC,마스터브랜드,주식,NYSE,6.98,-0.04,-0.57,2026-10-06 05:42
MBCE,Monarch Blue Chips Elite Index ETF,ETF,AMEX,40.21,0.18,0.45,2026-10-06 05:42
MBGL,모빌리티 글로벌,주식,NYSE,17.59,0.38,2.21,2026-10-06 05:42
MBI,엠비아,주식,NYSE,4.47,0.07,1.59,2026-10-06 05:42
MBIN,머천트 뱅코프,주식,NASDAQ,49.72,-0.23,-0.46,2026-10-06 05:42
MBINL,머천트 뱅코프 우선주 Series E 7.25%,주식,NASDAQ,23.05,-0.04,-0.17,2026-10-06 05:42
MBINM,머천트 뱅코프 우선주 8.25%,주식,NASDAQ,25.42,-0.01,-0.04,2026-10-06 05:42
MBINN,머천트 뱅코프 우선주 시리즈 C 6%,주식,NASDAQ,18.78,0.11,0.61,2026-10-06 05:42
MBIO,머스탱 바이오,주식,NASDAQ,0.46,-0.01,-2.34,2026-10-06 05:42
MBLY,모빌아이 글로벌,주식,NASDAQ,7.58,0.16,2.16,2026-10-06 05:42
MBND,State Street SPDR Nuveen Municipal Bond ETF,ETF,AMEX,25.84,0.14,0.55,2026-10-06 05:42
MBNKO,메달리언 뱅크 우선주 Series G,주식,NASDAQ,24.24,0.14,0.58,2026-10-06 05:42
MBOT,마이크로봇 메디컬,주식,NASDAQ,1.07,-0.09,-7.76,2026-10-06 05:42
MBOX,Freedom Day Dividend ETF,ETF,AMEX,40.49,0.17,0.43,2026-10-06 05:42
MBRX,몰컬린 바이오테크,주식,NASDAQ,0.48,-0.01,-2.10,2026-10-06 05:42
MBS,Angel Oak Mortgage Backed Securities ETF,ETF,NASDAQ,8.16,-0.04,-0.43,2026-10-06 05:42
MBSD,Northern Trust Disciplined Duration MBS ETF,ETF,AMEX,19.74,-0.02,-0.10,2026-10-06 05:42
MBSF,Regan Floating Rate MBS ETF,ETF,AMEX,25.41,-0.02,-0.08,2026-10-06 05:42
MBSX,Regan Fixed Rate MBS ETF,ETF,AMEX,25.64,0.06,0.24,2026-10-06 05:42
MBUU,말리부 보츠,주식,NASDAQ,22.78,-0.23,-1.00,2026-10-06 05:42
MBVI,M3-브리게이드 애퀴지션 VI,주식,NASDAQ,10.24,-0.02,-0.15,2026-10-06 05:42
MBVIU,M3 Brigade Acquisition VI Units,주식,NASDAQ,10.30,0.00,0.00,2026-10-06 05:42
MBWM,머컨틸 은행,주식,NASDAQ,59.09,-0.41,-0.69,2026-10-06 05:42
MBX,MBX 바이오사이언시스,주식,NASDAQ,58.54,0.03,0.05,2026-10-06 05:42
MC,모엘리스,주식,NYSE,56.05,-0.27,-0.48,2026-10-06 05:42
MCAH,마운틴 크레스트 애퀴지션 6,주식,NASDAQ,10.05,0.00,0.00,2026-10-06 05:42
MCAHR,Mountain Crest Acquisition 6 Rights Exp 29th April 2027,주식,NASDAQ,0.25,0.00,0.00,2026-10-06 05:42
MCAHU,Mountain Crest Acquisition 6 Units,주식,NASDAQ,10.26,0.01,0.10,2026-10-06 05:42
MCB,메트로폴리탄 뱅크 홀딩스,주식,NYSE,88.54,-0.71,-0.80,2026-10-06 05:42
MCBS,메트로시티 뱅크셰어즈,주식,NASDAQ,35.07,-0.16,-0.45,2026-10-06 05:42
MCD,맥도날드,주식,NYSE,233.04,1.15,0.50,2026-10-06 05:42
MCDS,JPMorgan Fundamental Data Science Mid Core ETF,ETF,NASDAQ,66.42,0.37,0.57,2026-10-06 05:42
MCFT,마스터크래프트 보트 홀딩스,주식,NASDAQ,19.71,-0.39,-1.94,2026-10-06 05:42
MCGA,요크빌 애퀴지션,주식,NASDAQ,10.36,0.01,0.05,2026-10-06 05:42
MCGAU,Yorkville Acquisition Units,주식,NASDAQ,10.42,0.00,0.00,2026-10-06 05:42
MCH,Matthews China Active ETF,ETF,AMEX,27.16,0.51,1.93,2026-10-06 05:42
MCHB,메카닉스 뱅코프,주식,NASDAQ,14.93,0.03,0.20,2026-10-06 05:42
MCHG,Leverage Shares 2X Long MCHP Daily ETF,ETF,AMEX,8.74,0.04,0.46,2026-10-06 05:42
MCHI,iShares MSCI China ETF,ETF,NASDAQ,52.28,1.04,2.03,2026-10-06 05:42
MCHP,마이크로칩 테크놀러지,주식,NASDAQ,81.49,0.17,0.21,2026-10-06 05:42
MCHPP,마이크로칩 테크놀로지 우선주 Series A 7.50%,주식,NASDAQ,69.26,0.19,0.28,2026-10-06 05:42
MCHS,Matthews China Innovators Active ETF,ETF,NASDAQ,39.82,0.55,1.40,2026-10-06 05:42
MCHU,Tradr 2X Long MCHP Daily ETF,ETF,AMEX,15.51,0.05,0.35,2026-10-06 05:42
MCHX,마첵스,주식,NASDAQ,1.28,-0.01,-0.78,2026-10-06 05:42
MCI,Barings Corporate Investors,주식,NYSE,18.00,0.20,1.12,2026-10-06 05:42
MCK,매케슨,주식,NYSE,915.45,13.17,1.46,2026-10-06 05:42
MCN,XAI Madison Equity Premium Income Closed End Fund,주식,NYSE,5.24,-0.02,-0.38,2026-10-06 05:42
MCO,무디스,주식,NYSE,448.15,6.79,1.54,2026-10-06 05:42
MCOW,Pacer S&P MidCap 400 Quality FCF Aristocrats ETF,ETF,AMEX,22.43,0.18,0.81,2026-10-06 05:42
MCRB,세레스 테라퓨틱스,주식,NASDAQ,2.85,-0.09,-3.06,2026-10-06 05:42
MCRI,모나크 카지노 & 리조트,주식,NASDAQ,118.17,0.62,0.53,2026-10-06 05:42
MCRP,마이크로폴리스 홀딩,주식,AMEX,0.71,0.02,3.66,2026-10-06 05:42
MCS,마커스,주식,NYSE,26.66,-0.40,-1.48,2026-10-06 05:42
MCTA,차밍 메디컬,주식,NASDAQ,29.36,0.00,0.00,2026-10-06 05:42
MCVT,Miller Convertible Total Return ETF,ETF,AMEX,27.68,0.06,0.20,2026-10-06 05:42
MCY,머큐리 제너럴,주식,NYSE,101.91,-0.36,-0.35,2026-10-06 05:42
MD,페디아트릭스 메디컬 그룹,주식,NYSE,26.10,0.13,0.50,2026-10-06 05:42
MDA,MDA 스페이스,주식,NYSE,29.50,-0.39,-1.30,2026-10-06 05:42
MDAA,Myriad Dynamic Asset Allocation ETF,ETF,AMEX,118.75,0.71,0.60,2026-10-06 05:42
MDAI,스펙트럴 AI,주식,NASDAQ,1.69,0.03,1.81,2026-10-06 05:42
MDB,몽고DB,주식,NASDAQ,359.23,1.27,0.35,2026-10-06 05:42
MDBH,MDB 캐피털 홀딩스,주식,NASDAQ,2.22,-0.18,-7.50,2026-10-06 05:42
MDCR,Pacer Swan SOS Moderate (December) ETF,ETF,AMEX,33.15,0.08,0.24,2026-10-06 05:42
MDCX,메디쿠스 파마,주식,NASDAQ,0.17,0.01,3.73,2026-10-06 05:42
MDEV,First Trust Indxx Medical Devices ETF,ETF,AMEX,20.79,0.35,1.70,2026-10-06 05:42
MDGL,매드리갈 파마슈티컬스,주식,NASDAQ,493.62,-5.78,-1.16,2026-10-06 05:42
MDIA,미디아코 홀딩,주식,NASDAQ,1.03,-0.04,-3.74,2026-10-06 05:42
MDIV,First Trust Multi-Asset Diversified Income Idx Fd,ETF,NASDAQ,15.81,-0.07,-0.44,2026-10-06 05:42
MDLN,메드라인,주식,NASDAQ,35.80,0.19,0.53,2026-10-06 05:42
MDLV,Morgan Dempsey Large Cap Value ETF,ETF,AMEX,30.10,0.05,0.15,2026-10-06 05:42
MDLZ,몬덜리즈 인터내셔널,주식,NASDAQ,58.49,0.30,0.52,2026-10-06 05:42
MDPL,Monarch Dividend Plus Index ETF,ETF,AMEX,27.72,0.24,0.87,2026-10-06 05:42
MDRR,메달리스트 다이버시파이드,주식,NASDAQ,10.08,-0.33,-3.17,2026-10-06 05:42
MDST,Westwood Salient Enhanced Midstream Income ETF,ETF,NYSE,28.24,0.30,1.07,2026-10-06 05:42
MDT,메드트로닉,주식,NYSE,87.97,1.59,1.84,2026-10-06 05:42
MDU,MDU 리소시스 그룹,주식,NYSE,18.69,0.08,0.43,2026-10-06 05:42
MDWD,메디운드,주식,NASDAQ,13.51,-0.01,-0.07,2026-10-06 05:42
MDXG,미메드엑스 그룹,주식,NASDAQ,4.55,-0.04,-0.87,2026-10-06 05:42
MDXH,MDxHealth SA,주식,NASDAQ,0.60,0.03,4.54,2026-10-06 05:42
MDY,State Street SPDR S&P MidCap 400 ETF Trust,ETF,AMEX,672.27,2.61,0.39,2026-10-06 05:42
MDYG,State Street SPDR S&P 400 Mid Cap Growth ETF,ETF,AMEX,107.15,0.53,0.50,2026-10-06 05:42
MDYV,State Street SPDR S&P 400 Mid Cap Value ETF,ETF,AMEX,90.47,0.25,0.28,2026-10-06 05:42
MEAR,Ishares Short Maturity Municipal Bond Active ETF,ETF,AMEX,49.63,0.06,0.12,2026-10-06 05:42
MEC,메이빌 엔지니어링,주식,NYSE,16.39,-0.05,-0.30,2026-10-06 05:42
MED,메디패스트,주식,NYSE,11.67,-0.06,-0.51,2026-10-06 05:42
MEDI,Harbor Health Care ETF,ETF,AMEX,32.72,0.29,0.88,2026-10-06 05:42
MEDP,메드페이스 홀딩스,주식,NASDAQ,620.51,21.04,3.51,2026-10-06 05:42
MEDS,데이터메즈 AI,주식,NASDAQ,3.35,-0.33,-8.97,2026-10-06 05:42
MEDX,Horizon Kinetics Medical ETF,ETF,NASDAQ,34.58,-0.08,-0.23,2026-10-06 05:42
MEGI,NYLIM CBRE Global Infrastructure Megatrends Term Closed End Fund Class A,주식,NYSE,13.34,-0.01,-0.07,2026-10-06 05:42
MEGL,매직 엠파이어 글로벌,주식,NASDAQ,0.82,-0.10,-10.57,2026-10-06 05:42
MEGX,Corgi U.S. Mega-Cap Growth 2x Daily ETF,ETF,AMEX,25.24,0.45,1.80,2026-10-06 05:42
MEI,메소드 일렉트로닉스,주식,NYSE,15.40,-0.34,-2.16,2026-10-06 05:42
MEIB,Direxion META Defined Income Boost ETF,ETF,AMEX,30.35,0.59,2.00,2026-10-06 05:42
MELI,메르카도리브레,주식,NASDAQ,1860.61,164.05,9.67,2026-10-06 05:42
MEM,Matthews Emerging Markets Equity Active ETF,ETF,AMEX,44.67,0.49,1.10,2026-10-06 05:42
MEMA,Man Active Emerging Markets Alternative ETF,ETF,NASDAQ,32.12,0.29,0.92,2026-10-06 05:42
MEME,Roundhill Meme Stock ETF,ETF,AMEX,9.05,0.09,0.97,2026-10-06 05:42
MEMS,Matthews Emerging Markets Discovery Active ETF,ETF,NASDAQ,30.87,0.56,1.86,2026-10-06 05:42
MEMX,Matthews Emerging Markets ex China Active ETF,ETF,AMEX,49.63,0.85,1.74,2026-10-06 05:42
MEMY,Tuttle Capital Meme Stock Income Blast ETF,ETF,AMEX,16.68,0.17,1.02,2026-10-06 05:42
MENS,지용 바이오테크,주식,NASDAQ,2.05,-0.13,-5.96,2026-10-06 05:42
MEOH,메타넥스,주식,NASDAQ,60.65,2.22,3.80,2026-10-06 05:42
MERC,머서 인터내셔널,주식,NASDAQ,0.25,-0.01,-3.85,2026-10-06 05:42
MESH,메쉬플로우 애퀴지션,주식,NASDAQ,10.09,0.00,0.00,2026-10-06 05:42
MESHU,Meshflow Acquisition Units,주식,NASDAQ,10.18,0.00,0.00,2026-10-06 05:42
MESO,메조블라스트 ADR,주식,NASDAQ,14.22,0.14,0.99,2026-10-06 05:42
MET,메트라이프,주식,NYSE,96.88,2.45,2.59,2026-10-06 05:42
META,메타,주식,NASDAQ,741.90,13.82,1.90,2026-10-06 05:42
METC,라마코 리소시스 Class A,주식,NASDAQ,8.00,-0.11,-1.36,2026-10-06 05:42
METCB,라마코 리소시스 Class B,주식,NASDAQ,4.42,0.09,2.08,2026-10-06 05:42
METCI,라마코 리소시스 선순위채권 8.250% 만기 30년,주식,NASDAQ,25.10,-0.12,-0.49,2026-10-06 05:42
METCZ,라마코 리소시스 선순위 채권 8.375% 만기 29년 11월,주식,NASDAQ,25.17,0.07,0.26,2026-10-06 05:42
METD,Direxion Daily META Bear 1X ETF,ETF,NASDAQ,12.53,-0.24,-1.88,2026-10-06 05:42
METG,Leverage Shares 2X Long META Daily ETF,ETF,AMEX,20.99,0.76,3.76,2026-10-06 05:42
METL,Sprott Active Metals And Miners ETF,ETF,NASDAQ,25.73,0.15,0.58,2026-10-06 05:42
METQ,Tradr 2X Short META Daily ETF,ETF,AMEX,13.43,-0.51,-3.62,2026-10-06 05:42
METU,Direxion Daily META Bull 2X ETF,ETF,NASDAQ,32.00,1.18,3.83,2026-10-06 05:42
METV,Roundhill Ball Metaverse ETF,ETF,AMEX,21.34,0.18,0.85,2026-10-06 05:42
METW,Roundhill Meta WeeklyPay ETF,ETF,AMEX,29.61,0.63,2.18,2026-10-06 05:42
MEVO,M 에보 글로벌 애퀴지션 II,주식,NASDAQ,10.01,0.00,0.00,2026-10-06 05:42
MEVOU,M Evo Global Acquisition II Units,주식,NASDAQ,10.19,0.00,0.00,2026-10-06 05:42
MEXX,Direxion Daily MSCI Mexico Bull 3X ETF,ETF,AMEX,23.60,0.85,3.74,2026-10-06 05:42
MF,마인드포지,주식,NASDAQ,14.30,0.13,0.92,2026-10-06 05:42
MFA,MFA 파이낸셜,주식,NYSE,7.35,0.06,0.82,2026-10-06 05:42
MFAN,MFA 파이낸셜 선순위 채권 8.875% 2029년 만기,주식,NYSE,25.16,0.05,0.20,2026-10-06 05:42
MFAO,MFA 파이낸셜 선순위채권 9.00% 만기 2029년 8월,주식,NYSE,25.17,-0.05,-0.18,2026-10-06 05:42
MFC,매뉴라이프 파이낸셜,주식,NYSE,42.94,0.01,0.02,2026-10-06 05:42
MFDX,PIMCO RAFI Dynamic Multi-Factor Internatl Eqty ETF,ETF,AMEX,41.37,0.02,0.06,2026-10-06 05:42
MFEB,Pacer Swan SOS Moderate (February) ETF,ETF,AMEX,33.60,0.08,0.25,2026-10-06 05:42
MFEM,PIMCO RAFI Dynamic Multi-Factor Emerg Mkts Eq ETF,ETF,AMEX,29.36,0.37,1.26,2026-10-06 05:42
MFG,미즈호 파이낸셜그룹 ADR,주식,NYSE,11.03,0.14,1.29,2026-10-06 05:42
MFI,엠에프 인터내셔널,주식,NASDAQ,9.22,-0.25,-2.64,2026-10-06 05:42
MFIC,미드캡 파이낸셜 인베스트먼트,주식,NASDAQ,8.51,-0.11,-1.28,2026-10-06 05:42
MFICL,MidCap Financial Investment 8 Notes due 2028,주식,NASDAQ,25.14,-0.07,-0.28,2026-10-06 05:42
MFIG,Motley Fool Innovative Growth Factor ETF,ETF,NASDAQ,22.12,0.13,0.60,2026-10-06 05:42
MFIN,메달리언 파이낸셜,주식,NASDAQ,11.81,-0.10,-0.84,2026-10-06 05:42
MFLX,First Trust Flexible Municipal High Income ETF,ETF,NASDAQ,15.89,0.00,0.03,2026-10-06 05:42
MFM,Aberdeen Municipal Income Fund,주식,NYSE,4.78,-0.11,-2.25,2026-10-06 05:42
MFMO,Motley Fool Momentum Factor ETF,ETF,NASDAQ,23.55,0.08,0.35,2026-10-06 05:42
MFP,미데라 푸드 프로세싱,주식,NASDAQ,42.54,0.85,2.04,2026-10-06 05:42
MFSB,MFS Active Core Plus Bond ETF,ETF,NYSE,23.79,-0.02,-0.08,2026-10-06 05:42
MFSD,MFS Active Short Duration Income ETF,ETF,AMEX,24.67,0.02,0.09,2026-10-06 05:42
MFSG,MFS Active Growth ETF,ETF,NYSE,31.30,0.38,1.23,2026-10-06 05:42
MFSI,MFS Active International ETF,ETF,NYSE,32.98,0.28,0.87,2026-10-06 05:42
MFSM,MFS Active Intermediate Muni Bond ETF,ETF,NYSE,23.64,0.06,0.24,2026-10-06 05:42
MFSV,MFS Active Value ETF,ETF,NYSE,28.37,0.11,0.39,2026-10-06 05:42
MFSX,MFS Active Short Muni Bond ETF,ETF,AMEX,24.78,0.08,0.30,2026-10-06 05:42
MFUL,Mindful Conservative ETF,ETF,AMEX,22.14,0.03,0.15,2026-10-06 05:42
MFUS,PIMCO RAFI Dynamic Multi-Factor US Equity ETF,ETF,AMEX,65.32,0.19,0.29,2026-10-06 05:42
MFUT,Cambria Chesapeake Pure Trend ETF,ETF,AMEX,19.93,0.17,0.88,2026-10-06 05:42
MFVL,Motley Fool Value Factor ETF,ETF,NASDAQ,21.28,0.06,0.30,2026-10-06 05:42
MG,미스트라스 그룹,주식,NYSE,20.63,-0.02,-0.10,2026-10-06 05:42
MGA,마그나 인터내셔널,주식,NYSE,64.92,0.35,0.54,2026-10-06 05:42
MGC,Vanguard Morningstar Mega Cap Index Fund,ETF,AMEX,286.75,2.06,0.72,2026-10-06 05:42
MGEE,MGE 에너지,주식,NASDAQ,70.27,-0.50,-0.71,2026-10-06 05:42
MGF,Aberdeen Government Markets Income Fund,주식,NYSE,2.69,-0.02,-0.74,2026-10-06 05:42
MGIH,밀레니엄 그룹 인터내셔널 홀딩스,주식,NASDAQ,1.49,0.00,0.00,2026-10-06 05:42
MGIN,Man Active Global Infrastructure ETF,ETF,AMEX,24.68,0.00,-0.02,2026-10-06 05:42
MGK,Vanguard Morningstar Mega Cap Growth Index Fd,ETF,AMEX,94.59,0.91,0.97,2026-10-06 05:42
MGLD,메리골드 컴퍼니스,주식,AMEX,2.00,-0.03,-1.48,2026-10-06 05:42
MGM,MGM 리조트 인터내셔널,주식,NYSE,30.17,-0.31,-1.02,2026-10-06 05:42
MGMT,Ballast Small/Mid Cap ETF,ETF,AMEX,49.87,0.32,0.64,2026-10-06 05:42
MGN,메간 홀딩스,주식,NASDAQ,3.68,-0.03,-0.81,2026-10-06 05:42
MGNI,매그나이트,주식,NASDAQ,24.96,0.23,0.93,2026-10-06 05:42
MGNR,American Beacon GLG Natural Resources ETF,ETF,AMEX,50.07,0.49,0.99,2026-10-06 05:42
MGNX,매크로제닉스,주식,NASDAQ,3.77,0.19,5.31,2026-10-06 05:42
MGOV,First Trust Intermediate Government Oppty ETF,ETF,AMEX,19.03,-0.02,-0.11,2026-10-06 05:42
MGPI,MGP 인그리디언츠,주식,NASDAQ,12.77,-0.02,-0.16,2026-10-06 05:42
MGR,Affiliated Managers Group 5.875 Junior Subordinated Notes due 2059,주식,NYSE,19.06,-0.09,-0.47,2026-10-06 05:42
MGRB,Affiliated Managers Group 4 750 Junior Subordinated Notes due 2060,주식,NYSE,15.91,0.16,1.02,2026-10-06 05:42
MGRC,맥그래스 렌트코프,주식,NASDAQ,116.57,-0.99,-0.84,2026-10-06 05:42
MGRD,Affiliated Managers Group 4 200 Junior Subordinated Notes due 2061,주식,NYSE,14.19,-0.07,-0.48,2026-10-06 05:42
MGRE,Affiliated Managers Group 6 750 Junior Subordinated Notes Due 2064,주식,NYSE,21.38,-0.26,-1.20,2026-10-06 05:42
MGRT,메가 포춘,주식,NASDAQ,103.99,0.98,0.95,2026-10-06 05:42
MGRX,망고슈티컬스,주식,NASDAQ,0.42,-0.02,-4.37,2026-10-06 05:42
MGTX,메이라 지티 엑스 홀딩스,주식,NASDAQ,10.92,0.13,1.20,2026-10-06 05:42
MGV,Vanguard Morningstar Mega Cap Value Index Fd,ETF,AMEX,161.94,0.23,0.14,2026-10-06 05:42
MGX,메타지노미 테라퓨틱스,주식,NASDAQ,1.04,0.02,1.96,2026-10-06 05:42
MGY,매그놀리아 오일 & 가스,주식,NYSE,24.00,-0.07,-0.29,2026-10-06 05:42
MGYR,마자르 뱅코프,주식,NASDAQ,18.75,-0.57,-2.93,2026-10-06 05:42
MH,맥그로 힐,주식,NYSE,12.59,-0.26,-2.02,2026-10-06 05:42
MHD,BlackRock MuniHoldings Fund，Inc.,주식,NYSE,10.10,-0.23,-2.23,2026-10-06 05:42
MHF,Western Asset Municipal High Income Fund,주식,NYSE,6.13,-0.13,-2.08,2026-10-06 05:42
MHH,메스테크 홀딩스,주식,AMEX,6.92,-0.23,-3.22,2026-10-06 05:42
MHIG,Milliman Healthcare Inflation Guard ETF,ETF,AMEX,19.90,0.05,0.24,2026-10-06 05:42
MHIP,Milliman Healthcare Inflation Plus ETF,ETF,AMEX,20.60,0.11,0.52,2026-10-06 05:42
MHK,모호크 인더스트리스,주식,NYSE,124.93,-1.48,-1.17,2026-10-06 05:42
MHLA,Maiden 6.625 Notes Exp 2046,주식,NYSE,9.04,0.09,1.01,2026-10-06 05:42
MHNC,Maiden Holdings North America 7.75% Notes Exp 01 DEC 2043,주식,NYSE,10.31,-0.07,-0.67,2026-10-06 05:42
MHO,M/I 홈스,주식,NYSE,132.00,-2.76,-2.05,2026-10-06 05:42
MHX,Corgi MARA 2x Daily ETF,ETF,AMEX,16.98,-0.28,-1.61,2026-10-06 05:42
MHY,Man Active High Yield ETF,ETF,AMEX,25.29,0.05,0.18,2026-10-06 05:42
MI,Nft Ltd,주식,AMEX,7.00,6.11,683.00,2026-10-06 05:42
MIAC,메리디안3 인더스트리얼 애퀴지션,주식,NASDAQ,9.81,-0.01,-0.10,2026-10-06 05:42
MIACU,Meridian3 Industrials Acquisition Units,주식,NASDAQ,9.98,0.00,0.00,2026-10-06 05:42
MIAX,마이애미 인터내셔널 홀딩스,주식,NYSE,34.32,1.31,3.97,2026-10-06 05:42
MIC,Corgi MU 2x Daily ETF,ETF,AMEX,15.79,-0.38,-2.36,2026-10-06 05:42
MICC,매그넘 아이스크림 컴퍼니,주식,NYSE,17.11,-0.37,-2.12,2026-10-06 05:42
MID,American Century Mid Cap Growth Impact ETF,ETF,AMEX,72.11,1.18,1.66,2026-10-06 05:42
MIDD,미들비,주식,NASDAQ,105.11,0.54,0.52,2026-10-06 05:42
MIDE,Xtrackers S&P MidCap 400 Scored & Screened ETF,ETF,AMEX,37.01,0.17,0.46,2026-10-06 05:42
MIDU,Direxion Daily Mid Cap Bull 3X ETF,ETF,AMEX,63.37,0.65,1.04,2026-10-06 05:42
MIG,VanEck Moody's Analytics IG Corporate Bond ETF,ETF,AMEX,20.17,0.01,0.05,2026-10-06 05:42
MIGO,MIG Core ETF,ETF,AMEX,30.73,0.31,1.03,2026-10-06 05:42
MILK,Pacer US Cash Cows Bond ETF,ETF,AMEX,23.25,0.00,-0.01,2026-10-06 05:42
MILN,Global X Millennial Consumer ETF,ETF,NASDAQ,42.52,0.29,0.69,2026-10-06 05:42
MIMI,민트,주식,NASDAQ,0.87,-0.02,-2.15,2026-10-06 05:42
MIN,Aberdeen Intermediate Income Fund,주식,NYSE,2.28,-0.05,-2.15,2026-10-06 05:42
MIND,마인드 테크놀로지,주식,NASDAQ,4.53,0.02,0.44,2026-10-06 05:42
MINE,메이페어 골드,주식,AMEX,2.70,0.05,1.89,2026-10-06 05:42
MINN,Mairs & Power Minnesota Municipal Bond ETF,ETF,AMEX,20.91,0.11,0.53,2026-10-06 05:42
MINO,PIMCO Municipal Income Opportunities Active ETF,ETF,AMEX,42.63,0.10,0.24,2026-10-06 05:42
MINT,PIMCO Enhanced Short Maturity Active Exch Tr,ETF,AMEX,100.31,-0.01,-0.01,2026-10-06 05:42
MINV,Matthews Asia Innovators Active ETF,ETF,AMEX,49.57,0.63,1.29,2026-10-06 05:42
MINY,YieldMax Strat Metals & Mining Portfolio Opt Inc,ETF,AMEX,35.73,0.33,0.93,2026-10-06 05:42
MIR,미리온 테크놀로지스,주식,NYSE,14.92,0.32,2.19,2026-10-06 05:42
MIRA,미라 파마슈티컬스,주식,NASDAQ,0.74,0.01,0.74,2026-10-06 05:42
MIRM,미럼 파마슈티컬스,주식,NASDAQ,81.43,-1.50,-1.81,2026-10-06 05:42
MISL,First Trust Indxx Aerospace & Defense ETF,ETF,AMEX,42.23,0.19,0.45,2026-10-06 05:42
MIST,마일스톤 파머수티컬스,주식,NASDAQ,0.78,-0.03,-3.74,2026-10-06 05:42
MITK,마이텍 시스템즈,주식,NASDAQ,17.70,-0.05,-0.28,2026-10-06 05:42
MITN,TPG 모기지 투자신탁 9.5% 선순위채 2029년,주식,NYSE,25.25,-0.10,-0.39,2026-10-06 05:42
MITP,TPG 모기지 투자 신탁 선순위채권 9.5% 만기 29년 5월,주식,NYSE,25.23,-0.14,-0.55,2026-10-06 05:42
MITQ,무빙 이미지 테크놀로지스,주식,AMEX,0.55,-0.03,-4.38,2026-10-06 05:42
MITT,TPG 모기지 인베스트먼트,주식,NYSE,5.63,-0.13,-2.26,2026-10-06 05:42
MIVL,MFS Active International Value ETF,ETF,AMEX,25.11,0.09,0.36,2026-10-06 05:42
MIY,BlackRock MuniYield Michigan Quality Fund，Inc.,주식,NYSE,11.11,-0.06,-0.54,2026-10-06 05:42
MJ,Amplify Alternative Harvest ETF,ETF,AMEX,24.29,-0.44,-1.78,2026-10-06 05:42
MJSC,MUFG Japan Small Cap Active ETF,ETF,AMEX,62.66,-0.01,-0.02,2026-10-06 05:42
MJUN,Pacer Swan SOS Moderate (June) ETF,ETF,AMEX,33.20,0.10,0.29,2026-10-06 05:42
MKAM,MKAM ETF,ETF,NASDAQ,32.44,0.11,0.34,2026-10-06 05:42
MKC,맥코믹 앤 컴퍼니 무의결권주,주식,NYSE,45.54,0.87,1.95,2026-10-06 05:42
MKC.V,매코믹 앤 컴퍼니,주식,NYSE,46.66,0.44,0.95,2026-10-06 05:42
MKDW,MKD웰 테크,주식,NASDAQ,1.38,-0.13,-8.61,2026-10-06 05:42
MKL,마켈,주식,NYSE,1726.58,-10.60,-0.61,2026-10-06 05:42
MKLY,맥킨리 애퀴지션,주식,NASDAQ,10.29,0.02,0.19,2026-10-06 05:42
MKLYR,McKinley Acquisition Rights,주식,NASDAQ,0.25,-0.03,-10.01,2026-10-06 05:42
MKLYU,Mckinley Acquisition Units,주식,NASDAQ,10.52,0.00,0.00,2026-10-06 05:42
MKOR,Matthews Korea Active ETF,ETF,AMEX,65.47,0.03,0.05,2026-10-06 05:42
MKSI,MKS,주식,NASDAQ,280.50,1.35,0.48,2026-10-06 05:42
MKTN,Federated Hermes MDT Market Neutral ETF,ETF,AMEX,28.02,0.02,0.07,2026-10-06 05:42
MKTW,마켓와이즈,주식,NASDAQ,19.69,-0.42,-2.09,2026-10-06 05:42
MKTX,마켓액세스 홀딩스,주식,NASDAQ,164.04,-0.10,-0.06,2026-10-06 05:42
MKZR,맥켄지 리얼티 캐피털,주식,NASDAQ,1.35,0.01,0.83,2026-10-06 05:42
MLAA,마운틴 레이크 애퀴지션 II,주식,NASDAQ,10.01,0.00,0.00,2026-10-06 05:42
MLAAU,Mountain Lake Acquisition II Units,주식,NASDAQ,10.08,0.00,0.00,2026-10-06 05:42
MLAB,메사 래보라토리스,주식,NASDAQ,142.23,9.68,7.30,2026-10-06 05:42
MLCC,Global X MLCC & Electronic Components ETF,ETF,AMEX,57.97,0.62,1.08,2026-10-06 05:42
MLCI,마운트 로건 캐피털,주식,NASDAQ,3.33,-0.07,-2.06,2026-10-06 05:42
MLCIL,Mount Logan Capital 8 00 Notes Due 2031,주식,NASDAQ,22.70,0.28,1.25,2026-10-06 05:42
MLCO,멜코 리조트 & 엔터테인먼트 ADR,주식,NASDAQ,4.23,0.04,0.95,2026-10-06 05:42
MLDR,Global X Intermediate-Term Treasury Ladder ETF,ETF,AMEX,46.53,-0.01,-0.03,2026-10-06 05:42
MLEC,물렉 사이언스,주식,NASDAQ,4.86,0.11,2.32,2026-10-06 05:42
MLGO,마이크로알고,주식,NASDAQ,3.18,0.01,0.32,2026-10-06 05:42
MLI,뮬러 인더스트리스,주식,NYSE,62.97,0.41,0.66,2026-10-06 05:42
MLKN,밀러놀,주식,NASDAQ,20.64,0.40,1.98,2026-10-06 05:42
MLM,마틴 마리에타 머터리얼스,주식,NYSE,485.50,3.23,0.67,2026-10-06 05:42
MLN,VanEck Long Muni ETF,ETF,AMEX,16.31,0.09,0.55,2026-10-06 05:42
MLP,마우이 랜드 & 파인애플,주식,NYSE,15.69,-0.02,-0.13,2026-10-06 05:42
MLPA,Global X Mlp Etf,ETF,AMEX,54.34,0.40,0.74,2026-10-06 05:42
MLPB,UBS ETRACS Alerian MLP Infrastructure Index ETN Series B due 2 April 2040,주식,AMEX,29.78,0.22,0.75,2026-10-06 05:42
MLPD,Global X MLP & Energy Infrastructure Cvrd Call ETF,ETF,AMEX,24.62,0.32,1.31,2026-10-06 05:42
MLPI,NEOS MLP  Energy Infrastructure High Income ETF,ETF,AMEX,51.61,0.44,0.86,2026-10-06 05:42
MLPR,ETRACS Quarterly Pay 1.5X Leveraged Alerian MLP Index ETN,ETF,AMEX,71.99,0.85,1.20,2026-10-06 05:42
MLPX,Global X MLP & Energy Infrastructure ETF,ETF,AMEX,71.76,0.69,0.97,2026-10-06 05:42
MLR,밀러 인더스트리스,주식,NYSE,54.30,-0.09,-0.17,2026-10-06 05:42
MLSS,마일스톤 사이언티픽,주식,AMEX,0.36,-0.02,-4.23,2026-10-06 05:42
MLTX,문레이크 이뮤노테라퓨틱스,주식,NASDAQ,11.38,-0.03,-0.26,2026-10-06 05:42
MLYS,미네랄리스 테라퓨틱스,주식,NASDAQ,23.30,-0.33,-1.40,2026-10-06 05:42
MMA,믹스드 마셜 아츠 그룹,주식,AMEX,0.36,-0.01,-1.91,2026-10-06 05:42
MMAR,Pacer Swan SOS Moderate (March) ETF,ETF,AMEX,33.18,0.09,0.26,2026-10-06 05:42
MMAX,iShares Large Cap Max Buffer Mar ETF,ETF,AMEX,27.52,0.01,0.05,2026-10-06 05:42
MMAY,Pacer Swan SOS Moderate (May) ETF,ETF,AMEX,33.62,0.10,0.30,2026-10-06 05:42
MMCA,NYLIM MacKay California Muni Intermediate ETF,ETF,AMEX,20.59,-0.05,-0.24,2026-10-06 05:42
MMD,NYLIM MacKay DefinedTerm Muni Opportunities Closed End Fund Class A,주식,NYSE,13.47,-0.27,-1.97,2026-10-06 05:42
MMED,미니메드 그룹,주식,NASDAQ,20.16,0.46,2.34,2026-10-06 05:42
MMI,마커스 & 밀리쳅,주식,NYSE,28.62,0.05,0.18,2026-10-06 05:42
MMID,MFS Active Mid Cap ETF,ETF,NYSE,26.09,-0.49,-1.85,2026-10-06 05:42
MMIN,NYLIM MacKay Muni Insured ETF,ETF,AMEX,22.43,0.08,0.36,2026-10-06 05:42
MMIT,NYLIM MacKay Muni Intermediate ETF,ETF,AMEX,23.01,0.00,0.00,2026-10-06 05:42
MMK,State Street Prime Money Market ETF,ETF,NYSE,100.04,0.02,0.02,2026-10-06 05:42
MMKT,Texas Capital Government Money Market ETF,ETF,NYSE,100.18,0.01,0.01,2026-10-06 05:42
MMLP,Martin Midstream Partners Units,주식,NASDAQ,2.10,-0.08,-3.67,2026-10-06 05:42
MMM,쓰리엠 (3M),주식,NYSE,163.19,1.30,0.80,2026-10-06 05:42
MMMA,NYLIM MacKay Muni Allocation ETF,ETF,AMEX,23.94,0.08,0.34,2026-10-06 05:42
MMS,막시무스,주식,NYSE,54.41,1.76,3.34,2026-10-06 05:42
MMSC,First Trust Multi-Manager Sm Cap Opportunities ETF,ETF,AMEX,27.33,0.19,0.71,2026-10-06 05:42
MMSD,NYLIM MacKay Muni Short Duration ETF,ETF,AMEX,24.70,0.01,0.06,2026-10-06 05:42
MMSI,메리트 메디컬 시스템즈,주식,NASDAQ,87.14,1.77,2.07,2026-10-06 05:42
MMT,Aberdeen Multimarket Income Fund,주식,NYSE,4.21,-0.11,-2.55,2026-10-06 05:42
MMTM,State Street SPDR S&P 1500 Momentum Tilt ETF,ETF,AMEX,311.07,0.80,0.26,2026-10-06 05:42
MMTX,밀루나 애퀴지션,주식,NASDAQ,10.21,0.01,0.05,2026-10-06 05:42
MMTXU,Miluna Acquisition Units,주식,NASDAQ,10.10,0.00,0.00,2026-10-06 05:42
MMU,Western Asset Managed Municipals Fund,주식,NYSE,8.84,-0.19,-2.10,2026-10-06 05:42
MMYT,메이크마이트립,주식,NASDAQ,45.00,0.38,0.85,2026-10-06 05:42
MNA,NYLIM Merger Arbitrage ETF,ETF,AMEX,36.78,-0.11,-0.30,2026-10-06 05:42
MNBD,ALPS BBH Intermediate Municipal Bond ETF,ETF,AMEX,25.02,0.07,0.27,2026-10-06 05:42
MNDO,마인드 CTI,주식,NASDAQ,0.98,-0.03,-2.97,2026-10-06 05:42
MNDR,모바일-헬스 네트워크 솔루션스,주식,NASDAQ,1.28,-0.04,-2.98,2026-10-06 05:42
MNDY,먼데이닷컴,주식,NASDAQ,82.66,3.86,4.90,2026-10-06 05:42
MNGB,Yorkville America 2X Inverse MANGOS Plus DT ETF,ETF,AMEX,24.77,0.00,0.00,2026-10-06 05:42
MNGU,Microsectors 3X Long Mangos Ex Private ETNs,ETF,AMEX,35.31,1.65,4.89,2026-10-06 05:42
MNGZ,Yorkville America 2X Long MANGOS Plus Dly Tgt ETF,ETF,AMEX,30.55,1.99,6.96,2026-10-06 05:42
MNKD,맨카인드,주식,NASDAQ,3.82,0.02,0.53,2026-10-06 05:42
MNOV,메디치노바,주식,NASDAQ,1.76,-0.03,-1.40,2026-10-06 05:42
MNPR,모노파 테라퓨틱스,주식,NASDAQ,78.29,0.32,0.41,2026-10-06 05:42
MNR,Mach Natural Resources Units,주식,NYSE,10.55,0.26,2.53,2026-10-06 05:42
MNRO,먼로,주식,NASDAQ,13.64,-0.54,-3.81,2026-10-06 05:42
MNSB,메인스트리트 뱅크셰어스,주식,NASDAQ,24.86,-0.08,-0.30,2026-10-06 05:42
MNSBP,메인스트리트 뱅크셰어스 우선주 시리즈 A 7.50%,주식,NASDAQ,24.82,-0.10,-0.40,2026-10-06 05:42
MNSO,미니소 그룹 홀딩 ADR,주식,NYSE,8.89,0.06,0.68,2026-10-06 05:42
MNST,몬스터 베버리지,주식,NASDAQ,43.51,0.57,1.33,2026-10-06 05:42
MNSX,Corgi MNST 2x Daily ETF,ETF,AMEX,20.49,0.51,2.56,2026-10-06 05:42
MNTK,몬탁 리뉴어블스,주식,NASDAQ,2.91,0.04,1.39,2026-10-06 05:42
MNTN,MNTN,주식,NYSE,10.08,0.19,1.92,2026-10-06 05:42
MNTS,모멘터스,주식,NASDAQ,3.58,-0.13,-3.50,2026-10-06 05:42
MNVR,Pacer Swan SOS Moderate (November) ETF,ETF,AMEX,33.57,0.07,0.20,2026-10-06 05:42
MNVT,Moonvest ETF,ETF,NASDAQ,28.04,0.18,0.65,2026-10-06 05:42
MNY,머니히로,주식,NASDAQ,0.67,0.00,-0.17,2026-10-06 05:42
MNZL,Manzil Russell Halal USA Broad Market ETF,ETF,NASDAQ,61.80,0.27,0.43,2026-10-06 05:42
MO,알트리아그룹,주식,NYSE,67.88,0.53,0.79,2026-10-06 05:42
MOAT,VanEck Morningstar Wide Moat ETF,ETF,AMEX,107.76,1.54,1.45,2026-10-06 05:42
MOB,Mobilicom Limited,주식,NASDAQ,4.02,-0.19,-4.51,2026-10-06 05:42
MOBI,모비아 메디컬,주식,NASDAQ,9.59,0.41,4.47,2026-10-06 05:42
MOBX,모빅스 랩스,주식,NASDAQ,0.65,-0.19,-22.85,2026-10-06 05:42
MOD,모딘 매뉴팩처링,주식,NYSE,182.91,4.71,2.64,2026-10-06 05:42
MODD,모듈러 메디컬,주식,NASDAQ,2.30,0.27,13.30,2026-10-06 05:42
MODL,VictoryShares WestEnd US Sector ETF,ETF,NASDAQ,53.00,0.39,0.74,2026-10-06 05:42
MOG.A,무그 Class A,주식,NYSE,381.04,-11.69,-2.98,2026-10-06 05:42
MOG.B,무그 Class B,주식,NYSE,384.50,-9.96,-2.53,2026-10-06 05:42
MOGU,모구 ADR,주식,NYSE,1.95,0.09,4.84,2026-10-06 05:42
MOH,몰리나 헬스케어,주식,NYSE,194.05,4.51,2.38,2026-10-06 05:42
MOLN,몰레큘러 파트너스 ADR,주식,NASDAQ,3.92,0.01,0.26,2026-10-06 05:42
MOMO,헬로 그룹 ADR,주식,NASDAQ,4.64,-0.08,-1.69,2026-10-06 05:42
MOO,VanEck Agribusiness ETF,ETF,AMEX,82.24,0.90,1.11,2026-10-06 05:42
MOOD,Relative Sentiment Tactical Allocation ETF,ETF,NASDAQ,44.94,0.15,0.33,2026-10-06 05:42
MORN,모닝스타,주식,NASDAQ,189.16,5.61,3.06,2026-10-06 05:42
MORT,VanEck Mortgage REIT Income ETF,ETF,AMEX,7.83,-0.06,-0.76,2026-10-06 05:42
MOS,모자이크,주식,NYSE,21.29,0.22,1.04,2026-10-06 05:42
MOTG,VanEck Morningstar Global Wide Moat ETF,ETF,AMEX,39.53,0.39,1.01,2026-10-06 05:42
MOTI,VanEck Morningstar International Moat ETF,ETF,AMEX,34.62,0.21,0.61,2026-10-06 05:42
MOTO,Guinness Atkinson Smart Trans & Tech ETF,ETF,AMEX,63.05,0.53,0.85,2026-10-06 05:42
MOV,모바도 그룹,주식,NYSE,33.45,-0.21,-0.62,2026-10-06 05:42
MOVE,코벡스,주식,NASDAQ,11.35,-0.30,-2.58,2026-10-06 05:42
MP,MP 머터리얼즈,주식,NYSE,46.84,-0.13,-0.28,2026-10-06 05:42
MPA,BlackRock MuniYield Pennsylvania Quality Closed Fund,주식,NYSE,9.67,-0.07,-0.72,2026-10-06 05:42
MPAA,모터카 파츠 오브 아메리카,주식,NASDAQ,10.62,0.09,0.85,2026-10-06 05:42
MPB,미드 펜 뱅코프,주식,NASDAQ,36.42,0.02,0.05,2026-10-06 05:42
MPC,매러선 페트롤리엄,주식,NYSE,433.47,11.14,2.64,2026-10-06 05:42
MPDB,m+ DynaBuffer ETF,ETF,AMEX,25.09,0.09,0.34,2026-10-06 05:42
MPDY,m+ DualYield Autocall ETF,ETF,AMEX,24.47,0.34,1.42,2026-10-06 05:42
MPG,Leverage Shares 2X Long MP Daily ETF,ETF,NASDAQ,3.61,-0.01,-0.31,2026-10-06 05:42
MPIA,m+ Nasdaq-100 Accelerator Autocall ETF,ETF,NASDAQ,25.82,0.06,0.23,2026-10-06 05:42
MPIM,m+ Income Momentum Autocall ETF,ETF,AMEX,24.63,0.27,1.09,2026-10-06 05:42
MPLT,맵라이트 테라퓨틱스,주식,NASDAQ,9.28,-0.55,-5.55,2026-10-06 05:42
MPLX,MPLX Common Units,주식,NYSE,57.37,0.99,1.76,2026-10-06 05:42
MPLY,Monopoly ETF,ETF,AMEX,33.82,0.45,1.34,2026-10-06 05:42
MPRO,Monarch ProCap Index ETF,ETF,AMEX,31.51,0.07,0.21,2026-10-06 05:42
MPT,메디컬 프로퍼티즈 트러스트,주식,NYSE,3.31,0.04,1.22,2026-10-06 05:42
MPTI,M-트론 인더스트리스,주식,AMEX,75.94,-1.17,-1.52,2026-10-06 05:42
MPU,메가 매트릭스,주식,AMEX,2.60,-0.10,-3.70,2026-10-06 05:42
MPV,Barings Participation Investors,주식,NYSE,16.25,0.27,1.69,2026-10-06 05:42
MPWC,Corgi MPWR 2x Daily ETF,ETF,AMEX,27.43,1.43,5.49,2026-10-06 05:42
MPWR,모놀리식 파워 시스템즈,주식,NASDAQ,1479.89,40.16,2.79,2026-10-06 05:42
MPWX,Tradr 2X Long MPWR Daily ETF,ETF,AMEX,17.58,0.87,5.23,2026-10-06 05:42
MQ,마케타,주식,NASDAQ,17.03,0.48,2.90,2026-10-06 05:42
MQQQ,Tradr 2X Long Innovation 100 Monthly ETF,ETF,NASDAQ,251.31,4.03,1.63,2026-10-06 05:42
MQY,BlackRock MuniYield Quality Fund，Inc.,주식,NYSE,9.85,-0.19,-1.89,2026-10-06 05:42
MRA,Graniteshares Autocallable MARA ETF,ETF,NASDAQ,22.75,0.07,0.32,2026-10-06 05:42
MRAL,GraniteShares 2x Long MARA Daily ETF,ETF,NASDAQ,35.36,-0.18,-0.49,2026-10-06 05:42
MRAM,에버스핀 테크놀러지,주식,NASDAQ,18.22,-0.61,-3.24,2026-10-06 05:42
MRAX,Tradr 2X Long MRAM Daily ETF,ETF,AMEX,29.45,-2.18,-6.88,2026-10-06 05:42
MRBK,메리디안,주식,NASDAQ,18.88,-0.09,-0.47,2026-10-06 05:42
MRCO,머케이터 애퀴지션,주식,NASDAQ,9.85,-0.01,-0.10,2026-10-06 05:42
MRCOU,Mercator Acquisition Units,주식,NASDAQ,10.05,0.00,0.00,2026-10-06 05:42
MRCP,PGIM S&P 500 Buffer 12 ETF - March,ETF,AMEX,35.49,0.09,0.26,2026-10-06 05:42
MRCY,머큐리 시스템즈,주식,NASDAQ,82.94,-1.93,-2.27,2026-10-06 05:42
MRDN,메리디안 홀딩스,주식,NASDAQ,11.55,-0.40,-3.35,2026-10-06 05:42
MREO,메레오 바이오파마 그룹 ADR,주식,NASDAQ,0.39,0.01,2.16,2026-10-06 05:42
MRGR,ProShares Merger ETF,ETF,AMEX,44.94,-0.19,-0.42,2026-10-06 05:42
MRK,머크 앤 코,주식,NYSE,139.54,-4.76,-3.30,2026-10-06 05:42
MRKR,마커 테라퓨틱스,주식,NASDAQ,1.06,0.01,0.95,2026-10-06 05:42
MRLN,멀린,주식,NASDAQ,1.57,-0.14,-8.19,2026-10-06 05:42
MRM,메디롬 헬스케어 테크놀로지스 ADR,주식,NASDAQ,0.54,-0.03,-4.84,2026-10-06 05:42
MRNA,모더나,주식,NASDAQ,203.21,13.20,6.95,2026-10-06 05:42
MRNO,무라노 글로벌 인베스트먼츠,주식,NASDAQ,0.24,-0.02,-8.99,2026-10-06 05:42
MRNX,Defiance Daily Target 2X Long MRNA ETF,ETF,AMEX,154.07,18.32,13.50,2026-10-06 05:42
MRNY,YieldMax MRNA Option Income Strategy ETF,ETF,AMEX,41.19,2.09,5.35,2026-10-06 05:42
MRP,밀로즈 프로퍼티스,주식,NYSE,22.51,-1.31,-5.50,2026-10-06 05:42
MRSH,마쉬 앤 맥레넌 컴퍼니스,주식,NYSE,170.43,0.37,0.22,2026-10-06 05:42
MRSK,Toews Agility Shares Managed Risk ETF,ETF,AMEX,40.01,0.22,0.56,2026-10-06 05:42
MRT,마르티 테크놀로지스,주식,AMEX,1.91,-0.03,-1.55,2026-10-06 05:42
MRTN,마텐 트랜스포트,주식,NASDAQ,13.05,-0.29,-2.17,2026-10-06 05:42
MRVI,마라바이 라이프사이언시스 홀딩스,주식,NASDAQ,8.52,0.62,7.85,2026-10-06 05:42
MRVL,마벨 테크놀로지 그룹,주식,NASDAQ,271.25,-1.04,-0.38,2026-10-06 05:42
MRVU,Direxion Daily MRVL Bull 2X ETF,ETF,NASDAQ,154.22,-1.67,-1.07,2026-10-06 05:42
MRVX,Corgi MRVL 2x Daily ETF,ETF,AMEX,32.52,-0.23,-0.69,2026-10-06 05:42
MRX,마렉스 UK 홀딩스,주식,NASDAQ,75.21,2.46,3.38,2026-10-06 05:42
MS,모간스탠리,주식,NYSE,190.19,-0.12,-0.06,2026-10-06 05:42
MSA,MSA 세이프티,주식,NYSE,183.13,1.90,1.05,2026-10-06 05:42
MSAI,멀티센서 AI 홀딩스,주식,NASDAQ,4.60,-0.11,-2.23,2026-10-06 05:42
MSB,메사비 트러스트,주식,NYSE,18.97,0.07,0.37,2026-10-06 05:42
MSBI,미드랜드 스테이츠 뱅코프,주식,NASDAQ,33.00,-0.14,-0.42,2026-10-06 05:42
MSBIP,미드랜드 스테이츠 뱅코프 우선주 시리즈 A,주식,NASDAQ,25.32,-0.16,-0.61,2026-10-06 05:42
MSBT,Morgan Stanley Bitcoin Trust ETF,ETF,AMEX,24.58,0.41,1.70,2026-10-06 05:42
MSC,스튜디오 시티 인터내셔널 홀딩스 ADR,주식,NYSE,0.99,-0.06,-5.45,2026-10-06 05:42
MSCI,MSCI,주식,NYSE,552.35,16.40,3.06,2026-10-06 05:42
MSD,Morgan Stanley Emerging Markets Debt Closed Fund,주식,NYSE,6.66,-0.05,-0.75,2026-10-06 05:42
MSDL,모간스탠리 다이렉트 렌딩 펀드,주식,NYSE,13.56,0.03,0.22,2026-10-06 05:42
MSEP,Pacer Swan SOS Moderate (September) ETF,ETF,AMEX,33.05,0.11,0.33,2026-10-06 05:42
MSEX,미들섹스 워터,주식,NASDAQ,53.07,-0.49,-0.91,2026-10-06 05:42
MSFC,Corgi MSFT 2x Daily ETF,ETF,AMEX,51.91,1.46,2.89,2026-10-06 05:42
MSFD,Direxion Daily MSFT Bear 1X ETF,ETF,NASDAQ,9.74,-0.15,-1.49,2026-10-06 05:42
MSFL,GraniteShares 2x Long MSFT Daily ETF,ETF,NASDAQ,27.52,0.74,2.78,2026-10-06 05:42
MSFO,YieldMax MSFT Option Income Strategy ETF,ETF,AMEX,12.51,0.13,1.01,2026-10-06 05:42
MSFT,마이크로소프트,주식,NASDAQ,525.18,7.65,1.48,2026-10-06 05:42
MSFU,Direxion Daily MSFT Bull 2X ETF,ETF,NASDAQ,41.20,1.20,3.00,2026-10-06 05:42
MSFW,Roundhill MSFT WeeklyPay ETF,ETF,AMEX,33.38,0.60,1.84,2026-10-06 05:42
MSFX,T-Rex 2X Long Microsoft Daily Target ETF,ETF,AMEX,27.43,0.85,3.20,2026-10-06 05:42
MSFY,Kurv Yield Premium Strategy Microsoft MSFT ETF,ETF,AMEX,21.35,0.36,1.72,2026-10-06 05:42
MSGE,매디슨 스퀘어 가든 엔터테인먼트,주식,NYSE,80.01,0.14,0.18,2026-10-06 05:42
MSGM,모터스포츠 게임즈,주식,NASDAQ,5.38,0.52,10.70,2026-10-06 05:42
MSGS,매디슨 스퀘어 가든 스포츠,주식,NYSE,400.32,-6.63,-1.63,2026-10-06 05:42
MSGY,메이슨글로리,주식,NASDAQ,4.89,0.50,11.26,2026-10-06 05:42
MSI,모토로라 솔루션스,주식,NYSE,455.37,7.96,1.78,2026-10-06 05:42
MSIF,MSC 인컴 펀드,주식,NYSE,11.69,-0.03,-0.26,2026-10-06 05:42
MSIX,Corgi MSI 2x Daily ETF,ETF,AMEX,32.65,1.10,3.48,2026-10-06 05:42
MSLC,Morgan Stanley Pathway Large Cap Equity ETF,ETF,AMEX,60.90,0.46,0.76,2026-10-06 05:42
MSLE,사텔로스 바이오사이언스,주식,NASDAQ,8.05,-0.45,-5.29,2026-10-06 05:42
MSM,MSC 인더스트리얼 다이렉트,주식,NYSE,130.16,0.04,0.03,2026-10-06 05:42
MSMR,McElhenny Sheffield Managed Risk ETF,ETF,AMEX,34.79,0.42,1.22,2026-10-06 05:42
MSN,에머슨 라디오,주식,AMEX,0.39,0.00,-0.99,2026-10-06 05:42
MSOL,Morgan Stanley Solana Trust,ETF,AMEX,32.63,0.65,2.05,2026-10-06 05:42
MSOS,AdvisorShares Pure US Cannabis ETF,ETF,AMEX,4.39,-0.08,-1.79,2026-10-06 05:42
MSOX,AdvisorShares MSOS Daily Leveraged ETF,ETF,AMEX,2.27,-0.08,-3.40,2026-10-06 05:42
MSR,Graniteshares Autocallable MSTR ETF,ETF,NASDAQ,14.89,0.00,0.00,2026-10-06 05:42
MSS,메종 솔루션스,주식,NASDAQ,1.63,0.08,4.82,2026-10-06 05:42
MSSE,Morgan Stanley Ethereum Trust,ETF,AMEX,29.21,0.51,1.76,2026-10-06 05:42
MSSM,Morgan Stanley Pathway Small Mid Cap Equity ETF,ETF,AMEX,57.95,0.29,0.51,2026-10-06 05:42
MSSS,Monarch Select Subsector Index ETF,ETF,AMEX,34.79,0.22,0.64,2026-10-06 05:42
MSST,YieldMax MSTR Performance & Distribution Tg 25 ETF,ETF,AMEX,32.68,0.63,1.96,2026-10-06 05:42
MST,Defiance Leveraged Long + Income MSTR ETF,ETF,NASDAQ,16.67,0.80,5.03,2026-10-06 05:42
MSTB,LHA Market State Tactical Beta ETF,ETF,AMEX,44.40,0.31,0.70,2026-10-06 05:42
MSTC,Corgi MSTR 2x Daily ETF,ETF,AMEX,74.06,4.04,5.77,2026-10-06 05:42
MSTI,Madison Short-Term Strategic Income ETF,ETF,AMEX,19.75,-0.01,-0.03,2026-10-06 05:42
MSTP,GraniteShares 2x Long MSTR Daily ETF,ETF,NASDAQ,32.28,1.76,5.77,2026-10-06 05:42
MSTQ,LHA Market State Tactical Q ETF,ETF,AMEX,40.99,0.39,0.95,2026-10-06 05:42
MSTR,스트래티지,주식,NASDAQ,164.43,4.42,2.76,2026-10-06 05:42
MSTU,T-Rex 2X Long MSTR Daily Target ETF,ETF,AMEX,45.47,2.31,5.35,2026-10-06 05:42
MSTW,Roundhill MSTR WeeklyPay ETF,ETF,AMEX,5.25,0.17,3.41,2026-10-06 05:42
MSTX,Defiance Daily Target 2x Long MSTR ETF,ETF,NASDAQ,20.93,1.11,5.60,2026-10-06 05:42
MSTY,YieldMax MSTR Option Income Strategy ETF,ETF,AMEX,16.74,0.38,2.32,2026-10-06 05:42
MSTZ,T-Rex 2X Inverse MSTR Daily Target ETF,ETF,AMEX,2.35,-0.14,-5.62,2026-10-06 05:42
MT,아르셀로미탈 ADR,주식,NYSE,64.73,0.22,0.34,2026-10-06 05:42
MTA,메탈라 로열티 & 스트리밍,주식,AMEX,9.32,0.13,1.41,2026-10-06 05:42
MTAK,마켓 테크놀로지 애퀴지션,주식,NASDAQ,9.85,-0.01,-0.10,2026-10-06 05:42
MTAKU,Market Technology Acquisition Units,주식,NASDAQ,10.00,0.00,0.00,2026-10-06 05:42
MTAL,메탈스 애퀴지션 II,주식,NYSE,10.15,0.00,0.00,2026-10-06 05:42
MTAL.U,Metals Acquisition II Units,주식,NYSE,10.47,0.00,0.00,2026-10-06 05:42
MTAW,Meta AI Lab Ecosystem ETF,ETF,AMEX,26.56,0.10,0.38,2026-10-06 05:42
MTB,M&T 뱅크,주식,NYSE,218.26,-0.88,-0.40,2026-10-06 05:42
MTBA,Simplify MBS ETF,ETF,AMEX,46.70,-0.02,-0.04,2026-10-06 05:42
MTC,MMTEC,주식,NASDAQ,4.99,-0.02,-0.40,2026-10-06 05:42
MTCH,매치 그룹,주식,NASDAQ,40.33,0.21,0.52,2026-10-06 05:42
MTD,메틀러 톨레도 인터내셔널,주식,NYSE,1541.63,55.44,3.73,2026-10-06 05:42
MTDR,마타도 리소시스,주식,NYSE,53.01,-0.49,-0.92,2026-10-06 05:42
MTEK,마리스 테크,주식,NASDAQ,0.72,-0.02,-2.91,2026-10-06 05:42
MTEN,명등 인터내셔널,주식,NASDAQ,0.96,-0.05,-4.71,2026-10-06 05:42
MTEX,매나테크,주식,NASDAQ,7.43,0.79,11.90,2026-10-06 05:42
MTG,MGIC 인베스트먼트,주식,NYSE,27.12,0.17,0.63,2026-10-06 05:42
MTGP,WisdomTree Mortgage Plus Bond Fund,ETF,AMEX,41.92,-0.05,-0.12,2026-10-06 05:42
MTH,메리티지 홈즈,주식,NYSE,62.28,-1.57,-2.46,2026-10-06 05:42
MTLS,머티리얼라이즈 ADR,주식,NASDAQ,8.55,0.05,0.59,2026-10-06 05:42
MTN,베일 리조트,주식,NYSE,139.30,-1.86,-1.32,2026-10-06 05:42
MTNB,마티나스 바이오팜 홀딩스,주식,AMEX,2.82,0.18,6.82,2026-10-06 05:42
MTNE,CH4 내추럴 솔루션스,주식,NYSE,9.92,0.00,0.00,2026-10-06 05:42
MTNE.U,CH4 Natural Solutions Units,주식,NYSE,10.25,0.00,0.00,2026-10-06 05:42
MTR,메사 로열티 트러스트,주식,NYSE,2.44,-0.03,-1.15,2026-10-06 05:42
MTRA,Invesco International Growth Focus ETF,ETF,AMEX,26.65,0.13,0.48,2026-10-06 05:42
MTRN,마테리언,주식,NYSE,319.18,7.02,2.25,2026-10-06 05:42
MTRX,매트릭스 서비스,주식,NASDAQ,10.42,0.14,1.36,2026-10-06 05:42
MTSG,Leverage Shares 2X Long MTSI Daily ETF,ETF,AMEX,8.32,0.30,3.74,2026-10-06 05:42
MTSI,M/A-컴 테크놀로지 솔루션스 홀딩스,주식,NASDAQ,328.30,6.70,2.08,2026-10-06 05:42
MTUM,iShares MSCI USA Momentum Factor ETF,ETF,AMEX,323.14,0.26,0.08,2026-10-06 05:42
MTUS,메탈루스,주식,NYSE,21.04,1.15,5.78,2026-10-06 05:42
MTVA,메타비아,주식,NASDAQ,1.54,0.00,0.00,2026-10-06 05:42
MTW,매니토웍 컴퍼니,주식,NYSE,23.51,0.29,1.25,2026-10-06 05:42
MTX,미네랄스 테크놀로지스,주식,NYSE,66.20,-0.23,-0.35,2026-10-06 05:42
MTYY,GraniteShares YieldBOOST MSTR ETF,ETF,NASDAQ,17.54,0.11,0.60,2026-10-06 05:42
MTZ,마스텍,주식,NYSE,219.40,3.47,1.61,2026-10-06 05:42
MU,마이크론 테크놀로지,주식,NASDAQ,1063.96,-10.93,-1.02,2026-10-06 05:42
MUA,BlackRock MuniAssets Fund，Inc.,주식,NYSE,9.39,-0.14,-1.47,2026-10-06 05:42
MUB,iShares National Muni Bond ETF,ETF,AMEX,101.12,0.16,0.16,2026-10-06 05:42
MUC,BlackRock MuniHoldings California Quality Fd，Inc.,주식,NYSE,9.64,-0.10,-1.03,2026-10-06 05:42
MUD,Direxion Daily MU Bear 1X ETF,ETF,NASDAQ,9.09,0.09,1.00,2026-10-06 05:42
MUFG,미쓰비시 UFJ 파이낸셜 그룹 ADR,주식,NYSE,22.97,0.15,0.66,2026-10-06 05:42
MUG,Leverage Shares 2X Long MU Daily ETF,ETF,AMEX,18.28,-0.45,-2.38,2026-10-06 05:42
MUIB,Direxion MU Defined Income Boost ETF,ETF,AMEX,32.31,-0.32,-0.99,2026-10-06 05:42
MUJ,BlackRock MuniHoldings New Jersey Quality Fd，Inc.,주식,NYSE,11.10,-0.20,-1.77,2026-10-06 05:42
MULL,GraniteShares 2x Long MU Daily ETF,ETF,NASDAQ,25.35,-0.53,-2.05,2026-10-06 05:42
MULT,Franklin Multisector Income ETF,ETF,NASDAQ,24.20,-0.01,-0.04,2026-10-06 05:42
MUNA,Northern Trust 2030 TE Distributing Ladder ETF,ETF,AMEX,98.59,0.09,0.09,2026-10-06 05:42
MUNB,Northern Trust 2035 TE Distributing Ladder ETF,ETF,AMEX,97.35,-0.14,-0.14,2026-10-06 05:42
MUNC,Northern Trust 2045 TE Distributing Ladder ETF,ETF,AMEX,96.85,-0.20,-0.20,2026-10-06 05:42
MUND,Northern Trust 2055 TE Distributing Ladder ETF,ETF,AMEX,96.86,0.10,0.10,2026-10-06 05:42
MUNF,Northern Trust 2036 Tax-Exempt Dist Ldr ETF,ETF,AMEX,96.93,-0.17,-0.18,2026-10-06 05:42
MUNG,Northern Trust 2046 Tax-Exempt Dist Ldr ETF,ETF,AMEX,96.14,-0.20,-0.21,2026-10-06 05:42
MUNH,Northern Trust 2056 Tax-Exempt Dist Ldr ETF,ETF,AMEX,95.29,-0.19,-0.19,2026-10-06 05:42
MUNI,PIMCO Intermediate Municipal Bond Active ETF,ETF,AMEX,49.79,0.06,0.12,2026-10-06 05:42
MUNJ,Northern Trust 2031 Tax-Exempt Dist Ldr ETF,ETF,AMEX,98.03,-0.02,-0.02,2026-10-06 05:42
MUNX,AMG GW&K Muni Income ETF,ETF,AMEX,23.48,0.10,0.43,2026-10-06 05:42
MUNY,Vanguard New York Tax-Exempt Bond ETF,ETF,AMEX,97.46,0.36,0.37,2026-10-06 05:42
MUR,머피 오일,주식,NYSE,38.39,0.73,1.94,2026-10-06 05:42
MUSA,머피 USA,주식,NYSE,511.68,-3.34,-0.65,2026-10-06 05:42
MUSE,TCW Multisector Credit Income ETF,ETF,NYSE,47.88,-0.03,-0.05,2026-10-06 05:42
MUSQ,MUSQ Global Music Industry Index ETF,ETF,AMEX,24.77,0.18,0.72,2026-10-06 05:42
MUST,Columbia Multi-Sector Municipal Income ETF,ETF,AMEX,19.19,0.07,0.37,2026-10-06 05:42
MUU,Direxion Daily MU Bull 2X ETF,ETF,NASDAQ,36.37,-0.73,-1.97,2026-10-06 05:42
MUX,맥이웬,주식,NYSE,17.90,0.16,0.90,2026-10-06 05:42
MUY,YieldMax MU Option Income Strategy ETF,ETF,NASDAQ,25.50,-0.32,-1.22,2026-10-06 05:42
MUYY,Graniteshares Yieldboost MU ETF,ETF,NASDAQ,18.69,-0.02,-0.09,2026-10-06 05:42
MUZ,Defiance Daily Target 2X Short MU ETF,ETF,AMEX,6.85,0.14,2.09,2026-10-06 05:42
MUZE,뮤제로 애퀴지션,주식,NASDAQ,10.01,0.00,0.00,2026-10-06 05:42
MUZEU,Muzero Acquisition Units,주식,NASDAQ,10.10,0.00,0.00,2026-10-06 05:42
MVAL,VanEck Morningstar Wide Moat Value ETF,ETF,AMEX,36.67,0.37,1.02,2026-10-06 05:42
MVBF,MVB 파이낸셜,주식,NASDAQ,29.92,-0.54,-1.77,2026-10-06 05:42
MVFD,Monarch Volume Factor Dividend Tree Index ETF,ETF,AMEX,30.80,0.17,0.56,2026-10-06 05:42
MVFG,Monarch Volume Factor Global Unconstrained Idx ETF,ETF,AMEX,34.12,0.15,0.46,2026-10-06 05:42
MVIS,마이크로비전,주식,NASDAQ,1.47,-0.01,-0.68,2026-10-06 05:42
MVLL,GraniteShares 2x Long MRVL Daily ETF,ETF,NASDAQ,37.66,-0.29,-0.76,2026-10-06 05:42
MVPA,Miller Value Partners Appreciation ETF,ETF,AMEX,35.05,0.44,1.27,2026-10-06 05:42
MVPL,Miller Value Partners Leverage ETF,ETF,AMEX,44.97,0.51,1.15,2026-10-06 05:42
MVRL,ETRACS Monthly Pay 1.5X Leveraged Mortgage REIT ETN,ETF,AMEX,9.54,-0.12,-1.20,2026-10-06 05:42
MVST,마이크로배스트 홀딩스,주식,NASDAQ,0.62,-0.03,-4.53,2026-10-06 05:42
MVV,ProShares Ultra MidCap400,ETF,AMEX,82.91,0.55,0.67,2026-10-06 05:42
MWA,뮬러 워터 프로덕츠,주식,NYSE,21.76,0.10,0.46,2026-10-06 05:42
MWC,마이크웨어 ADR,주식,NASDAQ,1.57,-0.13,-7.40,2026-10-06 05:42
MWG,멀티 웨이스 홀딩스,주식,AMEX,1.36,-0.07,-4.90,2026-10-06 05:42
MWH,솔브 에너지,주식,NASDAQ,25.09,-0.16,-0.63,2026-10-06 05:42
MWHS,Skylar Electricity Futures ETF,ETF,AMEX,19.96,0.00,0.00,2026-10-06 05:42
MWYN,말윈 홀딩스,주식,NASDAQ,1.26,0.16,14.55,2026-10-06 05:42
MX,매그나칩 세미컨덕터,주식,NYSE,3.54,-0.14,-3.80,2026-10-06 05:42
MXC,멕스코 에너지,주식,AMEX,9.73,-0.33,-3.28,2026-10-06 05:42
MXCT,맥스사이트,주식,NASDAQ,1.08,0.01,0.93,2026-10-06 05:42
MXE,Mexico Equity and Income Closed Fund,주식,NYSE,12.49,0.17,1.38,2026-10-06 05:42
MXF,Mexico Closed Fund,주식,NYSE,20.05,0.12,0.60,2026-10-06 05:42
MXI,iShares Global Materials ETF,ETF,AMEX,108.76,0.96,0.89,2026-10-06 05:42
MXL,맥스리니어,주식,NASDAQ,105.49,-0.44,-0.42,2026-10-06 05:42
MXLL,Leverage Shares 2X Long MXL Daily ETF,ETF,AMEX,29.52,-0.58,-1.94,2026-10-06 05:42
MYCF,State Street My2026 Corporate Bond ETF,ETF,NASDAQ,24.99,0.00,0.00,2026-10-06 05:42
MYCG,State Street My2027 Corporate Bond ETF,ETF,NASDAQ,24.84,-0.02,-0.08,2026-10-06 05:42
MYCH,State Street My2028 Corporate Bond ETF,ETF,NASDAQ,24.56,0.00,0.00,2026-10-06 05:42
MYCI,State Street My2029 Corporate Bond ETF,ETF,NASDAQ,24.22,0.01,0.02,2026-10-06 05:42
MYCJ,State Street My2030 Corporate Bond ETF,ETF,NASDAQ,23.90,0.03,0.12,2026-10-06 05:42
MYCK,State Street My2031 Corporate Bond ETF,ETF,NASDAQ,23.82,0.01,0.03,2026-10-06 05:42
MYCL,State Street My2032 Corporate Bond ETF,ETF,NASDAQ,23.53,0.04,0.17,2026-10-06 05:42
MYCM,State Street My2033 Corporate Bond ETF,ETF,NASDAQ,23.35,0.01,0.03,2026-10-06 05:42
MYCN,State Street My2034 Corporate Bond ETF,ETF,NASDAQ,23.08,0.00,0.01,2026-10-06 05:42
MYCO,State Street My2035 Corporate Bond ETF,ETF,NASDAQ,22.94,0.00,0.02,2026-10-06 05:42
MYCP,State Street My2036 Corporate Bond ETF,ETF,NASDAQ,24.40,-0.01,-0.04,2026-10-06 05:42
MYE,마이어스 인더스트리스,주식,NYSE,31.92,0.29,0.92,2026-10-06 05:42
MYFW,퍼스트 웨스턴 파이낸셜,주식,NASDAQ,30.01,-0.08,-0.27,2026-10-06 05:42
MYGN,미리아드 제네틱스,주식,NASDAQ,4.58,0.04,0.88,2026-10-06 05:42
MYHA,State Street My2027 High Yield Corporate Bond ETF,ETF,NASDAQ,24.66,0.01,0.02,2026-10-06 05:42
MYHB,State Street My2028 High Yield Corporate Bond ETF,ETF,NASDAQ,24.62,0.02,0.09,2026-10-06 05:42
MYHC,State Street My2029 High Yield Corporate Bond ETF,ETF,NASDAQ,24.49,0.03,0.12,2026-10-06 05:42
MYHD,State Street My2030 High Yield Corporate Bond ETF,ETF,NASDAQ,24.16,-0.04,-0.17,2026-10-06 05:42
MYHE,State Street My2031 High Yield Corporate Bond ETF,ETF,NASDAQ,23.84,-0.03,-0.13,2026-10-06 05:42
MYHF,State Street My2032 High Yield Corporate Bond ETF,ETF,NASDAQ,24.49,-0.03,-0.12,2026-10-06 05:42
MYI,BlackRock MuniYield Quality Fund III，Inc.,주식,NYSE,9.54,-0.23,-2.35,2026-10-06 05:42
MYLD,Cambria Micro And SmallCap Shareholder Yield ETF,ETF,AMEX,32.52,0.08,0.25,2026-10-06 05:42
MYMF,State Street My2026 Municipal Bond ETF,ETF,NASDAQ,24.84,0.01,0.04,2026-10-06 05:42
MYMG,State Street My2027 Municipal Bond ETF,ETF,NASDAQ,24.54,0.02,0.08,2026-10-06 05:42
MYMH,State Street My2028 Municipal Bond ETF,ETF,NASDAQ,24.25,-0.04,-0.14,2026-10-06 05:42
MYMI,State Street My2029 Municipal Bond ETF,ETF,NASDAQ,23.84,-0.01,-0.02,2026-10-06 05:42
MYMJ,State Street My2030 Municipal Bond ETF,ETF,NASDAQ,23.93,0.02,0.06,2026-10-06 05:42
MYMK,State Street My2031 Municipal Bond ETF,ETF,NASDAQ,24.19,-0.03,-0.12,2026-10-06 05:42
MYML,State Street My2032 Municipal Bond ETF,ETF,NASDAQ,24.79,-0.08,-0.30,2026-10-06 05:42
MYN,BlackRock MuniYield New York Quality Fund，Inc.,주식,NYSE,8.75,-0.20,-2.23,2026-10-06 05:42
MYND,마인드.ai ADR,주식,AMEX,0.34,-0.03,-6.94,2026-10-06 05:42
MYO,마이모,주식,AMEX,1.67,0.04,2.45,2026-10-06 05:42
MYPS,플레이스튜디오스,주식,NASDAQ,4.75,-0.20,-4.04,2026-10-06 05:42
MYRG,MYR 그룹,주식,NASDAQ,302.65,-2.12,-0.70,2026-10-06 05:42
MYSE,마이지엄 AI,주식,NASDAQ,1.71,0.01,0.59,2026-10-06 05:42
MYSZ,마이 사이즈,주식,NASDAQ,1.58,-0.03,-1.86,2026-10-06 05:42
MYX,메이우드 애퀴지션 2,주식,NASDAQ,10.03,0.00,0.00,2026-10-06 05:42
MYXXR,Maywood Acquisition 2 Rights 24th Feb 2031,주식,NASDAQ,0.18,0.00,0.00,2026-10-06 05:42
MYXXU,Maywood Acquisition 2 Units,주식,NASDAQ,10.20,0.00,0.00,2026-10-06 05:42
MYY,ProShares Short MidCap400,ETF,AMEX,15.69,-0.04,-0.23,2026-10-06 05:42
MZTI,마르제티,주식,NASDAQ,99.49,-0.04,-0.04,2026-10-06 05:42
MZYX,모자익스 애퀴지션,주식,NYSE,10.00,0.01,0.10,2026-10-06 05:42
MZYX.U,MOZAYYX Acquisition Redeemable Units,주식,NYSE,10.09,0.00,0.00,2026-10-06 05:42
MZZ,ProShares UltraShort MidCap400,ETF,AMEX,6.34,-0.02,-0.31,2026-10-06 05:42
NA,나노 랩스,주식,NASDAQ,2.14,-0.06,-2.73,2026-10-06 05:42
NAAS,나스 테크놀로지 ADR,주식,NASDAQ,3.05,-0.25,-7.63,2026-10-06 05:42
NABL,엔-에이블,주식,NYSE,4.46,0.23,5.44,2026-10-06 05:42
NAC,Nuveen California Quality Municipal Income Fund,주식,NYSE,9.99,-0.24,-2.35,2026-10-06 05:42
NACP,Impact Shares NAACP Minority Empowerment ETF,ETF,AMEX,62.05,0.24,0.39,2026-10-06 05:42
NAD,Nuveen Quality Municipal Income Fund,주식,NYSE,9.96,-0.32,-3.11,2026-10-06 05:42
NAGE,나이아젠 바이오사이언스,주식,NASDAQ,2.68,-0.11,-3.94,2026-10-06 05:42
NAII,내추럴 얼터너티브 인터내셔널,주식,NASDAQ,1.43,-0.05,-3.38,2026-10-06 05:42
NAIL,Direxion Daily Homebuilders & Supplies Bull 3X ETF,ETF,AMEX,26.63,-1.14,-4.11,2026-10-06 05:42
NAK,노던 다이너스티 미네랄스,주식,AMEX,1.30,-0.03,-2.26,2026-10-06 05:42
NAKA,나카모토,주식,NASDAQ,10.05,0.39,4.04,2026-10-06 05:42
NAMI,진신 테크놀로지 홀딩 ADR,주식,NASDAQ,2.15,-0.13,-5.70,2026-10-06 05:42
NAMM,나밉 미네랄스,주식,NASDAQ,1.25,-0.02,-1.19,2026-10-06 05:42
NAMS,뉴암스테르담 파마 컴퍼니,주식,NASDAQ,22.80,-0.40,-1.72,2026-10-06 05:42
NAN,Nuveen New York Quality Municipal Income Fund,주식,NYSE,9.76,-0.13,-1.31,2026-10-06 05:42
NANC,Subversive Congressional Democrats Trading ETF,ETF,AMEX,53.24,0.29,0.55,2026-10-06 05:42
NANR,State Street SPDR S&P North American Nat Res ETF,ETF,AMEX,85.72,0.93,1.10,2026-10-06 05:42
NAPR,Innovator Growth-100 Power Buffer ETF - April,ETF,AMEX,61.15,0.11,0.18,2026-10-06 05:42
NASA,Tema Space Innovators ETF,ETF,AMEX,25.33,0.33,1.32,2026-10-06 05:42
NAT,노르딕 아메리칸 탱커,주식,NYSE,8.37,-0.05,-0.59,2026-10-06 05:42
NATH,네이선스 페이머스,주식,NASDAQ,101.52,0.03,0.03,2026-10-06 05:42
NATL,NCR 아틀레오스,주식,NYSE,45.50,0.08,0.18,2026-10-06 05:42
NATO,Themes Transatlantic Defense ETF,ETF,NASDAQ,36.77,-0.12,-0.33,2026-10-06 05:42
NATR,네이처스 선샤인 프로덕츠,주식,NASDAQ,12.40,-0.05,-0.40,2026-10-06 05:42
NAUG,Innovator Growth-100 Power Buffer ETF - August,ETF,AMEX,33.70,0.12,0.35,2026-10-06 05:42
NAUT,노틸러스 바이오테크놀러지,주식,NASDAQ,1.87,-0.09,-4.59,2026-10-06 05:42
NAVI,나비엔트,주식,NASDAQ,9.04,-0.15,-1.63,2026-10-06 05:42
NAVN,나반,주식,NASDAQ,21.84,0.41,1.91,2026-10-06 05:42
NAZ,Nuveen Arizona Quality Municipal Income Fund,주식,NYSE,10.99,0.14,1.29,2026-10-06 05:42
NB,니오코프 디벨롭먼츠,주식,NASDAQ,3.46,-0.01,-0.29,2026-10-06 05:42
NBB,Nuveen Taxable Municipal Income Fund,주식,NYSE,14.08,-0.22,-1.54,2026-10-06 05:42
NBBK,NB 뱅코프,주식,NASDAQ,22.41,-0.16,-0.71,2026-10-06 05:42
NBCE,Neuberger China Equity ETF,ETF,AMEX,37.19,0.40,1.10,2026-10-06 05:42
NBCM,Neuberger Commodity Strategy ETF,ETF,AMEX,31.04,0.02,0.06,2026-10-06 05:42
NBCR,Neuberger Core Equity ETF,ETF,AMEX,34.56,0.20,0.58,2026-10-06 05:42
NBDS,Neuberger Disrupters ETF,ETF,AMEX,42.12,0.47,1.12,2026-10-06 05:42
NBET,Neuberger Energy Transition & Infrastructure ETF,ETF,AMEX,40.27,0.38,0.95,2026-10-06 05:42
NBFC,Neuberger Flexible Credit Income ETF,ETF,AMEX,49.19,0.04,0.08,2026-10-06 05:42
NBFR,Innovator Nasdaq-100 Managed 10 Buffer ETF,ETF,AMEX,27.38,0.16,0.58,2026-10-06 05:42
NBGX,Neuberger Growth ETF,ETF,AMEX,30.76,0.24,0.80,2026-10-06 05:42
NBH,Neuberger Municipal Fund Inc.,주식,AMEX,8.99,-0.16,-1.75,2026-10-06 05:42
NBHC,내셔널 뱅크 홀딩스,주식,NYSE,37.79,-0.27,-0.71,2026-10-06 05:42
NBIC,Corgi NBIS 2x Daily ETF,ETF,AMEX,20.04,-1.79,-8.22,2026-10-06 05:42
NBIE,Neuberger International Core Equity ETF,ETF,AMEX,26.60,0.02,0.08,2026-10-06 05:42
NBIG,Leverage Shares 2X Long NBIS Daily ETF,ETF,NASDAQ,17.62,-1.57,-8.18,2026-10-06 05:42
NBIL,Graniteshares 2X Long NBIS Daily ETF,ETF,NASDAQ,25.60,-2.25,-8.08,2026-10-06 05:42
NBIS,네비우스 그룹,주식,NASDAQ,232.57,-10.24,-4.22,2026-10-06 05:42
NBIX,뉴로크린 바이오사이언시스,주식,NASDAQ,144.21,1.03,0.72,2026-10-06 05:42
NBIZ,Tradr 2X Short NBIS Daily ETF,ETF,AMEX,20.99,1.61,8.31,2026-10-06 05:42
NBJP,Neuberger Japan Equity ETF,ETF,AMEX,36.54,0.34,0.93,2026-10-06 05:42
NBN,노스이스트 뱅크,주식,NASDAQ,125.83,-1.03,-0.81,2026-10-06 05:42
NBOS,Neuberger Option Strategy ETF,ETF,AMEX,28.67,0.03,0.10,2026-10-06 05:42
NBP,노바브리지 바이오사이언스,주식,NASDAQ,1.36,0.01,0.37,2026-10-06 05:42
NBR,네이보스 인더스트리스,주식,NYSE,83.16,3.52,4.42,2026-10-06 05:42
NBRG,뉴브리지 애퀴지션,주식,NASDAQ,10.09,0.03,0.30,2026-10-06 05:42
NBRGR,Newbridge Acquisition Rights,주식,NASDAQ,0.35,0.00,0.00,2026-10-06 05:42
NBRGU,Newbridge Acquisition Units,주식,NASDAQ,10.39,0.00,0.00,2026-10-06 05:42
NBSD,Neuberger Short Duration Income ETF,ETF,AMEX,49.92,0.02,0.04,2026-10-06 05:42
NBSM,Neuberger Small-Mid Cap ETF,ETF,AMEX,27.86,0.19,0.69,2026-10-06 05:42
NBTB,NBT 뱅코프,주식,NASDAQ,50.95,-0.58,-1.13,2026-10-06 05:42
NBTR,Neuberger Total Return Bond ETF,ETF,AMEX,47.49,0.00,0.00,2026-10-06 05:42
NBTX,나노바이오틱스 ADR,주식,NASDAQ,25.10,-0.65,-2.52,2026-10-06 05:42
NBXG,Neuberger Next Gen Connectivity Fund Inc.,주식,NYSE,16.16,0.18,1.13,2026-10-06 05:42
NC,나코 인더스트리스,주식,NYSE,36.70,0.45,1.24,2026-10-06 05:42
NCA,Nuveen California Municipal Value Fund,주식,NYSE,8.27,-0.15,-1.78,2026-10-06 05:42
NCDL,누빈 처칠 다이렉트 렌딩,주식,NYSE,10.94,-0.08,-0.73,2026-10-06 05:42
NCEL,뉴셀X,주식,NASDAQ,2.86,0.01,0.35,2026-10-06 05:42
NCEW,뉴 센추리 로지스틱스,주식,NASDAQ,16.92,0.00,0.00,2026-10-06 05:42
NCI,네오-콘셉트 인터내셔널 그룹 홀딩스,주식,NASDAQ,0.92,0.06,7.10,2026-10-06 05:42
NCIQ,Hashdex Nasdaq CME Crypto Index US ETF,ETF,NASDAQ,21.76,0.68,3.23,2026-10-06 05:42
NCLD,Roundhill Neocloud ETF,ETF,NASDAQ,23.39,-0.69,-2.87,2026-10-06 05:42
NCLH,노르웨이지안 크루즈 라인 홀딩스,주식,NYSE,14.87,-0.27,-1.78,2026-10-06 05:42
NCLO,Nuveen AA-BBB CLO ETF,ETF,AMEX,24.95,-0.05,-0.20,2026-10-06 05:42
NCMI,내셔널 시네미디어,주식,NASDAQ,2.14,0.03,1.42,2026-10-06 05:42
NCNA,누카나 ADR,주식,NASDAQ,1.06,-0.03,-2.75,2026-10-06 05:42
NCNO,엔씨노,주식,NASDAQ,19.28,0.60,3.21,2026-10-06 05:42
NCO,사우던 크로스 애퀴지션 I,주식,NASDAQ,9.96,0.00,0.00,2026-10-06 05:42
NCOOR,Southern Cross Acquisition I Rights Exp 12th June 2031,주식,NASDAQ,0.17,0.00,0.00,2026-10-06 05:42
NCOOU,Southern Cross Acquisition I Units,주식,NASDAQ,10.07,0.00,0.00,2026-10-06 05:42
NCPB,Nuveen Core Plus Bond ETF,ETF,NASDAQ,23.69,-0.03,-0.12,2026-10-06 05:42
NCPL,넷캐피탈,주식,NASDAQ,1.32,-0.08,-5.71,2026-10-06 05:42
NCRA,노세라,주식,NASDAQ,1.64,0.01,0.61,2026-10-06 05:42
NCT,인터콘트,주식,NASDAQ,1.73,0.05,2.98,2026-10-06 05:42
NCTY,더나인 ADR,주식,NASDAQ,3.27,-0.03,-0.91,2026-10-06 05:42
NCV,Virtus Convertible And Income Fund,주식,NYSE,15.05,-0.09,-0.59,2026-10-06 05:42
NCZ,Virtus Convertible and Income Fund II,주식,NYSE,13.86,-0.11,-0.79,2026-10-06 05:42
NDAA,Ned Davis Research 360 Dynamic Allocation ETF,ETF,NASDAQ,24.16,0.11,0.46,2026-10-06 05:42
NDAQ,나스닥,주식,NASDAQ,92.19,1.86,2.06,2026-10-06 05:42
NDEC,Innovator Growth-100 Power Buffer ETF - December,ETF,AMEX,31.17,0.07,0.21,2026-10-06 05:42
NDIA,Global X India Active ETF,ETF,AMEX,25.85,-0.12,-0.46,2026-10-06 05:42
NDIV,Amplify Energy & Natural Resources Coverd Call ETF,ETF,AMEX,33.74,0.41,1.23,2026-10-06 05:42
NDLS,누들스,주식,NASDAQ,13.08,-0.32,-2.39,2026-10-06 05:42
NDMO,Nuveen Dynamic Municipal Opportunities Fund,주식,NYSE,8.78,-0.16,-1.79,2026-10-06 05:42
NDOW,Anydrus Advantage ETF,ETF,AMEX,28.86,0.13,0.45,2026-10-06 05:42
NDRA,엔드라 라이프 사이언스,주식,NASDAQ,6.31,0.25,4.13,2026-10-06 05:42
NDSN,노드슨,주식,NASDAQ,334.43,0.89,0.27,2026-10-06 05:42
NE,노블,주식,NYSE,42.55,1.85,4.55,2026-10-06 05:42
NEA,Nuveen AMT-Free Quality Municipal Income Fund,주식,NYSE,9.81,-0.28,-2.78,2026-10-06 05:42
NEAR,Ishares Short Duration Bond Active ETF,ETF,AMEX,49.80,0.02,0.04,2026-10-06 05:42
NEBX,Tradr 2X Long NBIS Daily ETF,ETF,AMEX,26.15,-2.43,-8.50,2026-10-06 05:42
NECB,노스이스트 커뮤니티 뱅코프,주식,NASDAQ,26.51,-0.14,-0.53,2026-10-06 05:42
NECK,Xetfs Ai Bottlenecks ETF,ETF,AMEX,26.05,0.13,0.50,2026-10-06 05:42
NEE,넥스트에라 에너지,주식,NYSE,76.28,-0.55,-0.72,2026-10-06 05:42
NEGG,뉴에그 커머스,주식,NASDAQ,11.94,0.45,3.92,2026-10-06 05:42
NEHI,NEOS Ethereum High Income ETF,ETF,AMEX,34.01,0.47,1.40,2026-10-06 05:42
NELS,Nelson Select ETF,ETF,AMEX,29.41,0.18,0.63,2026-10-06 05:42
NEM,뉴몬트,주식,NYSE,115.82,0.26,0.23,2026-10-06 05:42
NEMD,Neuberger Emerging Mkts Dbt Hard Currency ETF,ETF,AMEX,50.09,0.20,0.40,2026-10-06 05:42
NEMG,Leverage Shares 2x Long NEM Daily ETF,ETF,NASDAQ,19.50,0.14,0.71,2026-10-06 05:42
NEN,뉴 잉글랜드 리얼티 어소시에이트 DRC,주식,AMEX,49.01,0.00,0.00,2026-10-06 05:42
NEO,네오지노믹스,주식,NASDAQ,19.13,0.66,3.57,2026-10-06 05:42
NEOG,니오젠,주식,NASDAQ,13.01,0.86,7.08,2026-10-06 05:42
NEON,네오노드,주식,NASDAQ,0.91,-0.01,-1.18,2026-10-06 05:42
NEOV,네오볼타,주식,NASDAQ,2.96,-0.09,-2.95,2026-10-06 05:42
NEPH,네프로스,주식,NASDAQ,3.55,-0.12,-3.27,2026-10-06 05:42
NERD,Roundhill Video Games ETF,ETF,AMEX,22.44,0.05,0.24,2026-10-06 05:42
NERV,미네르바 뉴로사이언시스,주식,NASDAQ,3.32,0.04,1.22,2026-10-06 05:42
NESR,내셔널 에너지 서비스 리유나이티드,주식,NASDAQ,24.08,-0.59,-2.39,2026-10-06 05:42
NET,클라우드플레어,주식,NYSE,359.49,10.42,2.99,2026-10-06 05:42
NETG,Leverage Shares 2X Long NET Daily ETF,ETF,NASDAQ,25.69,1.60,6.63,2026-10-06 05:42
NETL,Colterpoint Net Lease Real Estate ETF,ETF,AMEX,23.66,-0.10,-0.43,2026-10-06 05:42
NEU,뉴마켓,주식,NYSE,924.35,0.29,0.03,2026-10-06 05:42
NEUP,뉴포리아 테라퓨틱스,주식,NASDAQ,3.45,-0.02,-0.58,2026-10-06 05:42
NEWP,뉴 퍼시픽 메탈스,주식,AMEX,6.21,-0.07,-1.11,2026-10-06 05:42
NEWT,뉴텍 비즈니스 서비스,주식,NASDAQ,11.15,-0.03,-0.27,2026-10-06 05:42
NEWTG,뉴텍원 선순위 채권 8.50% 만기 2029년 1월,주식,NASDAQ,24.98,-0.12,-0.48,2026-10-06 05:42
NEWTH,뉴텍 선순위 채권 8.625% 만기 29년,주식,NASDAQ,25.12,-0.09,-0.36,2026-10-06 05:42
NEWTI,NewtekOne 8 00 Fixed Rate Senior Notes due 2028,주식,NASDAQ,24.95,-0.15,-0.60,2026-10-06 05:42
NEWTO,뉴텍원 선순위채권 8.50% 만기 31년,주식,NASDAQ,24.97,-0.28,-1.11,2026-10-06 05:42
NEWTP,뉴테크원 우선주 Series B,주식,NASDAQ,24.00,-0.07,-0.29,2026-10-06 05:42
NEWZ,StockSnips AI-Powered Sentiment US All Cap ETF,ETF,NASDAQ,29.85,0.49,1.66,2026-10-06 05:42
NEXA,넥사 리소스,주식,NYSE,12.47,0.23,1.88,2026-10-06 05:42
NEXM,넥스메탈스 마이닝,주식,NASDAQ,1.89,0.03,1.34,2026-10-06 05:42
NEXN,넥슨 인터내셔널,주식,NASDAQ,8.70,-0.11,-1.25,2026-10-06 05:42
NEXR,넥세라 테크놀로지스,주식,NASDAQ,1.01,0.01,0.50,2026-10-06 05:42
NEXT,넥스트데케이드,주식,NASDAQ,6.57,0.09,1.39,2026-10-06 05:42
NFE,뉴 포트리스 에너지,주식,NASDAQ,5.87,-0.70,-10.65,2026-10-06 05:42
NFEB,Innovator Growth-100 Power Buffer ETF - February,ETF,AMEX,31.41,0.06,0.19,2026-10-06 05:42
NFEGP,뉴포트리스 에너지 우선주 Series A,주식,NASDAQ,393.50,-11.51,-2.84,2026-10-06 05:42
NFG,내셔널 퓨얼 가스 컴퍼니,주식,NYSE,76.34,-0.09,-0.12,2026-10-06 05:42
NFGC,뉴 파운드 골드,주식,AMEX,1.57,-0.05,-3.09,2026-10-06 05:42
NFJ,Virtus Dividend  Interest & Prem Str Fd,주식,NYSE,15.11,0.00,0.00,2026-10-06 05:42
NFLP,Kurv Yield Premium Strategy Netflix NFLX ETF,ETF,AMEX,15.57,0.11,0.68,2026-10-06 05:42
NFLT,Virtus Newfleet Multi-Sector Bond,ETF,AMEX,22.12,0.00,0.00,2026-10-06 05:42
NFLU,T-Rex 2X Long NFLX Daily Target ETF,ETF,AMEX,13.70,0.14,1.03,2026-10-06 05:42
NFLW,Roundhill Nflx WeeklyPay ETF,ETF,AMEX,13.62,0.11,0.81,2026-10-06 05:42
NFLX,넷플릭스,주식,NASDAQ,67.50,0.44,0.66,2026-10-06 05:42
NFLY,YieldMax NFLX Option Income Strategy ETF,ETF,AMEX,6.60,0.07,1.00,2026-10-06 05:42
NFRA,Northern Trust STOXX Global Broad Infrastrct ETF,ETF,AMEX,62.89,0.19,0.30,2026-10-06 05:42
NFRX,Harrison Street Infrastructure Active ETF,ETF,NASDAQ,24.69,0.04,0.15,2026-10-06 05:42
NFTY,First Trust India Nifty 50 Equal Weight ETF,ETF,NASDAQ,50.68,-0.05,-0.09,2026-10-06 05:42
NFX,Corgi NFLX 2x Daily ETF,ETF,AMEX,18.59,0.21,1.12,2026-10-06 05:42
NFXL,Direxion Daily NFLX Bull 2X ETF,ETF,NASDAQ,12.99,0.16,1.25,2026-10-06 05:42
NFXS,Direxion Daily NFLX Bear 1X ETF,ETF,NASDAQ,22.35,-0.13,-0.56,2026-10-06 05:42
NG,노바골드 리소시스,주식,AMEX,6.61,0.06,0.92,2026-10-06 05:42
NGEN,너브젠 파마,주식,NASDAQ,1.81,0.03,1.69,2026-10-06 05:42
NGG,내셔널 그리드 ADR,주식,NYSE,76.02,-0.10,-0.13,2026-10-06 05:42
NGHT,Nicholas Bitcoin and Treasuries AfterDark ETF,ETF,NASDAQ,23.42,0.98,4.35,2026-10-06 05:42
NGIF,Nuveen Global Infrastructure Fund,ETF,AMEX,11.94,0.02,0.20,2026-10-06 05:42
NGL,NGL Energy Partners Units,주식,NYSE,15.75,-0.54,-3.31,2026-10-06 05:42
NGNE,뉴로진,주식,NASDAQ,26.47,0.82,3.20,2026-10-06 05:42
NGS,내추럴 가스 서비스 그룹,주식,NYSE,33.58,0.41,1.24,2026-10-06 05:42
NGVC,내추럴 그로서즈 바이 바이타민 코티지,주식,NYSE,30.16,-0.45,-1.47,2026-10-06 05:42
NGVT,인제비티,주식,NYSE,73.14,0.73,1.01,2026-10-06 05:42
NHC,내셔널 헬스케어,주식,AMEX,230.37,2.71,1.19,2026-10-06 05:42
NHI,내셔널 헬스 인베스터스,주식,NYSE,65.02,-0.70,-1.07,2026-10-06 05:42
NHIV,뉴홀드 인베스트먼트 IV,주식,NASDAQ,10.05,0.00,0.00,2026-10-06 05:42
NHIVU,Newhold Investment IV Units,주식,NASDAQ,10.32,0.00,0.00,2026-10-06 05:42
NHP,내셔널 헬스케어 프로퍼티스,주식,NASDAQ,15.87,-0.22,-1.37,2026-10-06 05:42
NHPBP,내셔널 헬스케어 우선주 Series B 7.125%,주식,NASDAQ,25.44,0.01,0.04,2026-10-06 05:42
NHS,Neuberger High Yield Strategies Fund Inc.,주식,AMEX,5.39,-0.05,-0.92,2026-10-06 05:42
NHTC,내추럴 헬스 트렌즈,주식,NASDAQ,0.95,-0.05,-4.99,2026-10-06 05:42
NHYB,Nuveen High Yield Corporate Bond ETF,ETF,AMEX,23.82,0.03,0.11,2026-10-06 05:42
NHYM,Nuveen High Yield Municipal Income ETF,ETF,AMEX,23.12,-0.05,-0.22,2026-10-06 05:42
NI,나이소스,주식,NYSE,39.55,0.12,0.30,2026-10-06 05:42
NIC,니콜렛 뱅크셰어스,주식,NYSE,164.62,-1.85,-1.11,2026-10-06 05:42
NICE,나이스 ADR,주식,NASDAQ,115.83,1.93,1.69,2026-10-06 05:42
NICM,니콜라 마이닝 ADR,주식,NASDAQ,5.40,-0.05,-0.92,2026-10-06 05:42
NICO,Hexis Active Nicotine Engagement ETF,ETF,AMEX,24.75,0.21,0.85,2026-10-06 05:42
NIE,Virtus Equity And Convertible Income Fund,주식,NYSE,24.83,-0.06,-0.24,2026-10-06 05:42
NIHI,NEOS MSCI EAFE High Income ETF,ETF,AMEX,51.12,0.19,0.37,2026-10-06 05:42
NIKI,앱토럼 그룹,주식,NASDAQ,4.73,0.13,2.79,2026-10-06 05:42
NIKL,Sprott Nickel Miners ETF,ETF,NASDAQ,13.36,0.07,0.51,2026-10-06 05:42
NIM,Nuveen Select Maturities Municipal Fund,주식,NYSE,8.61,-0.14,-1.60,2026-10-06 05:42
NINE,나인 에너지 서비스,주식,AMEX,7.92,0.36,4.76,2026-10-06 05:42
NIO,니오 ADR,주식,NYSE,3.42,0.05,1.48,2026-10-06 05:42
NIOG,Leverage Shares 2X Long NIO Daily ETF,ETF,NASDAQ,5.45,0.11,2.12,2026-10-06 05:42
NIPG,NIP 그룹 ADR,주식,NASDAQ,11.21,0.16,1.45,2026-10-06 05:42
NIQ,NIQ 글로벌 인텔리전스,주식,NYSE,17.32,0.68,4.09,2026-10-06 05:42
NISM,NYLIM International Small Mid Cap Equity ETF,ETF,AMEX,25.17,0.03,0.14,2026-10-06 05:42
NITE,The Nightview Fund,ETF,AMEX,39.47,0.69,1.78,2026-10-06 05:42
NIU,NIU 테크놀러지 ADR,주식,NASDAQ,1.94,0.06,3.19,2026-10-06 05:42
NIVF,뉴젠Ivf 그룹,주식,NASDAQ,0.11,-0.02,-14.73,2026-10-06 05:42
NIXT,Research Affiliates Deletions ETF,ETF,NASDAQ,33.11,0.42,1.27,2026-10-06 05:42
NIXX,닉시,주식,NASDAQ,0.32,0.02,5.72,2026-10-06 05:42
NJAN,Innovator Growth-100 Power Buffer ETF - January,ETF,AMEX,61.01,0.13,0.21,2026-10-06 05:42
NJNK,Columbia US High Yield ETF,ETF,AMEX,19.31,0.03,0.13,2026-10-06 05:42
NJR,뉴저지 리소시스,주식,NYSE,50.89,-0.70,-1.36,2026-10-06 05:42
NJUL,Innovator Growth-100 Power Buffer ETF - July,ETF,AMEX,79.37,0.26,0.33,2026-10-06 05:42
NJUN,Innovator Growth-100 Power Buffer ETF - June,ETF,AMEX,33.80,0.13,0.39,2026-10-06 05:42
NKE,나이키,주식,NYSE,33.96,0.09,0.27,2026-10-06 05:42
NKLR,테라 이노바툼 글로벌,주식,NASDAQ,3.44,-0.07,-1.99,2026-10-06 05:42
NKSH,내셔널 뱅크셰어즈,주식,NASDAQ,42.97,0.31,0.73,2026-10-06 05:42
NKTR,넥타 테라퓨틱스,주식,NASDAQ,42.22,-1.36,-3.12,2026-10-06 05:42
NKTX,엔카르타,주식,NASDAQ,2.53,-0.05,-1.75,2026-10-06 05:42
NKX,Nuveen California AMT-Free Quality Municipal In Fd,주식,NYSE,10.41,-0.12,-1.14,2026-10-06 05:42
NL,NLI 홀딩스,주식,NYSE,7.01,0.03,0.43,2026-10-06 05:42
NLOP,넷 리즈 오피스 프로퍼티스,주식,NYSE,9.57,-0.19,-1.95,2026-10-06 05:42
NLR,VanEck Uranium and Nuclear ETF,ETF,AMEX,103.73,0.99,0.96,2026-10-06 05:42
NLSI,NEOS Long Short Equity Income ETF,ETF,AMEX,57.88,0.48,0.84,2026-10-06 05:42
NLY,애널리 캐피털 매니지먼트,주식,NYSE,18.27,-0.23,-1.24,2026-10-06 05:42
NMAD,노마드 파워 솔루션스,주식,NASDAQ,4.02,-0.11,-2.55,2026-10-06 05:42
NMAI,Nuveen Multi-Asset Income Fund,주식,NYSE,13.46,-0.80,-5.61,2026-10-06 05:42
NMAR,Innovator Growth-100 Power Buffer ETF - March,ETF,AMEX,33.32,0.08,0.23,2026-10-06 05:42
NMAX,뉴스맥스,주식,NYSE,9.97,0.45,4.73,2026-10-06 05:42
NMAY,Innovator Growth-100 Power Buffer ETF - May,ETF,AMEX,30.52,0.07,0.22,2026-10-06 05:42
NMB,Simplify National Muni Bond ETF,ETF,AMEX,23.03,0.06,0.24,2026-10-06 05:42
NMBL,NovaTide Flexible Allocation ETF,ETF,AMEX,21.21,0.15,0.69,2026-10-06 05:42
NMCO,Nuveen Municipal Credit Opportunities Fund,주식,NYSE,8.61,-0.10,-1.15,2026-10-06 05:42
NMFC,뉴 마운틴 파이낸스,주식,NASDAQ,6.85,-0.09,-1.30,2026-10-06 05:42
NMFCZ,New Mountain Finance 8 250 Notes due 2028,주식,NASDAQ,25.41,0.04,0.16,2026-10-06 05:42
NMG,누보 몽드 그래파이트,주식,NYSE,1.14,-0.04,-3.39,2026-10-06 05:42
NMI,Nuveen Municipal Income Fund Inc,주식,NYSE,9.19,-0.10,-1.08,2026-10-06 05:42
NMIH,NMI 홀딩스,주식,NASDAQ,39.39,0.56,1.44,2026-10-06 05:42
NML,Neuberger Energy Infra and Income Fund Inc.,주식,AMEX,10.06,0.03,0.30,2026-10-06 05:42
NMM,Navios Maritime Partners Units,주식,NYSE,92.63,0.10,0.11,2026-10-06 05:42
NMP,NMP 애퀴지션,주식,NASDAQ,10.37,0.00,0.00,2026-10-06 05:42
NMPAR,NMP Acquisition Rights Expiry 27th June 2030,주식,NASDAQ,0.24,0.01,3.39,2026-10-06 05:42
NMPAU,NMP Acquisition Units,주식,NASDAQ,10.35,0.00,0.00,2026-10-06 05:42
NMR,노무라 홀딩스 ADR,주식,NYSE,9.75,0.02,0.21,2026-10-06 05:42
NMRA,뉴모라 테라퓨틱스,주식,NASDAQ,0.53,0.03,5.08,2026-10-06 05:42
NMRK,뉴마크 그룹,주식,NASDAQ,12.58,-0.07,-0.55,2026-10-06 05:42
NMS,Nuveen Minnesota Quality Municipal Income Fund,주식,NYSE,9.76,-0.23,-2.30,2026-10-06 05:42
NMT,Nuveen Massachusetts Quality Municipal Income Fund,주식,NYSE,10.15,-0.15,-1.46,2026-10-06 05:42
NMTC,뉴로원 메디컬 테크놀로지스,주식,NASDAQ,1.12,-0.01,-0.45,2026-10-06 05:42
NMZ,Nuveen Municipal High Income Opportunity Closed Fund,주식,NYSE,8.76,-0.19,-2.12,2026-10-06 05:42
NN,넥스트나브,주식,NASDAQ,13.32,-0.66,-4.72,2026-10-06 05:42
NNBR,NN,주식,NASDAQ,4.24,-0.27,-5.99,2026-10-06 05:42
NNDM,나노 디멘션 ADR,주식,NASDAQ,1.61,-0.02,-1.23,2026-10-06 05:42
NNE,나노 뉴클리어 에너지,주식,NASDAQ,15.51,-0.11,-0.70,2026-10-06 05:42
NNI,넬넷,주식,NYSE,125.01,1.14,0.92,2026-10-06 05:42
NNN,내셔널 리테일 프로퍼티즈,주식,NYSE,40.38,-0.57,-1.39,2026-10-06 05:42
NNNN,안비오 바이오테크놀로지,주식,NASDAQ,4.83,-0.72,-12.97,2026-10-06 05:42
NNOV,Innovator Growth-100 Power Buffer ETF - November,ETF,AMEX,32.76,0.05,0.15,2026-10-06 05:42
NNOX,나노-엑스이미징,주식,NASDAQ,0.64,0.01,1.15,2026-10-06 05:42
NNVC,나노바이리사이드스,주식,AMEX,1.45,0.17,13.28,2026-10-06 05:42
NNY,Nuveen New York Municipal Value Fund,주식,NYSE,7.90,0.07,0.89,2026-10-06 05:42
NOA,노스 아메리칸 컨스트럭션 그룹,주식,NYSE,12.25,0.07,0.57,2026-10-06 05:42
NOAH,노아 홀딩스 ADR,주식,NYSE,7.70,-0.09,-1.16,2026-10-06 05:42
NOBL,ProShares S&P 500 Dividend Aristocrats ETF,ETF,AMEX,54.58,0.28,0.52,2026-10-06 05:42
NOC,노스롭 그루만,주식,NYSE,476.11,-1.89,-0.40,2026-10-06 05:42
NOCT,Innovator Growth-100 Power Buffer ETF - October,ETF,AMEX,65.10,0.25,0.39,2026-10-06 05:42
NODE,Vaneck Onchain Economy ETF,ETF,AMEX,39.56,0.05,0.12,2026-10-06 05:42
NODK,NI 홀딩스,주식,NASDAQ,14.96,-0.03,-0.20,2026-10-06 05:42
NOEM,CO2 에너지 트랜지션,주식,NASDAQ,10.51,0.00,0.00,2026-10-06 05:42
NOEMR,CO2 Energy Transition Rights,주식,NASDAQ,0.18,0.01,7.29,2026-10-06 05:42
NOEMU,CO2 Energy Transition Units,주식,NASDAQ,11.73,-0.40,-3.30,2026-10-06 05:42
NOEQ,Northern Trust US Equity ETF,ETF,AMEX,29.80,0.10,0.33,2026-10-06 05:42
NOG,노던 오일 & 가스,주식,NYSE,24.03,0.20,0.84,2026-10-06 05:42
NOK,노키아 ADR,주식,NYSE,10.20,-0.40,-3.77,2026-10-06 05:42
NOMA,노마다르,주식,NASDAQ,1.79,-0.16,-7.97,2026-10-06 05:42
NOMD,노마드 푸드,주식,NYSE,10.69,0.04,0.38,2026-10-06 05:42
NORW,Global X MSCI Norway ETF,ETF,AMEX,35.52,0.02,0.06,2026-10-06 05:42
NOV,NOV,주식,NYSE,19.51,0.71,3.78,2026-10-06 05:42
NOVM,FT Vest US Equity Max Buffer ETF - November,ETF,AMEX,34.33,0.03,0.07,2026-10-06 05:42
NOVP,PGIM S&P 500 Buffer 12 ETF - November,ETF,AMEX,33.86,0.16,0.49,2026-10-06 05:42
NOVT,노밴타,주식,NASDAQ,150.61,1.34,0.90,2026-10-06 05:42
NOVTU,Novanta Tangible Equity Units,주식,NASDAQ,63.02,0.10,0.16,2026-10-06 05:42
NOVZ,TrueShares Structured Outcome (November) ETF,ETF,AMEX,48.11,0.24,0.49,2026-10-06 05:42
NOW,서비스나우,주식,NYSE,136.08,1.70,1.27,2026-10-06 05:42
NOWL,GraniteShares 2x Long NOW Daily ETF,ETF,NASDAQ,7.24,0.18,2.55,2026-10-06 05:42
NOWX,Corgi NOW 2x Daily ETF,ETF,AMEX,33.80,0.92,2.81,2026-10-06 05:42
NP,넵튠 인슈어런스 홀딩스,주식,NYSE,27.12,-0.31,-1.13,2026-10-06 05:42
NPAC,뉴 프로비던스 애퀴지션 III,주식,NASDAQ,10.53,-0.01,-0.07,2026-10-06 05:42
NPACU,New Providence Acquisition III Units,주식,NASDAQ,10.59,0.00,0.00,2026-10-06 05:42
NPB,노스포인트 뱅크셰어스,주식,NYSE,15.36,0.01,0.07,2026-10-06 05:42
NPCE,뉴로페이스,주식,NASDAQ,13.22,0.52,4.09,2026-10-06 05:42
NPCT,Nuveen Core Plus Impact Fund,주식,NYSE,9.05,-0.10,-1.09,2026-10-06 05:42
NPFD,Nuveen Variable Rate Preferred Income Closed End Fund,주식,NYSE,17.41,-0.16,-0.91,2026-10-06 05:42
NPFE,NPF Core Equity ETF,ETF,AMEX,28.51,0.24,0.83,2026-10-06 05:42
NPFI,Nuveen Preferred and Income ETF,ETF,NASDAQ,25.00,0.00,0.00,2026-10-06 05:42
NPK,내셔널 프레스토 인더스트리스,주식,NYSE,151.85,1.12,0.74,2026-10-06 05:42
NPKI,NPK 인터내셔널,주식,NYSE,11.81,0.02,0.17,2026-10-06 05:42
NPO,엔프로,주식,NYSE,332.86,0.30,0.09,2026-10-06 05:42
NPT,텍손 홀딩,주식,NASDAQ,2.26,-0.18,-7.38,2026-10-06 05:42
NPV,Nuveen Virginia Quality Municipal Income Fund,주식,NYSE,9.31,-0.03,-0.32,2026-10-06 05:42
NPWR,넷 파워,주식,NYSE,1.29,-0.10,-7.19,2026-10-06 05:42
NQLT,Neuberger Quality Select ETF,ETF,AMEX,25.47,0.17,0.69,2026-10-06 05:42
NRAM,Yorkville America Next Generation Memory Index ETF,ETF,AMEX,24.99,-0.07,-0.27,2026-10-06 05:42
NRC,NRC 헬스,주식,NASDAQ,20.78,0.43,2.11,2026-10-06 05:42
NRDS,너드월렛,주식,NASDAQ,8.83,0.20,2.32,2026-10-06 05:42
NRDY,너디,주식,NYSE,6.89,-0.76,-9.93,2026-10-06 05:42
NREF,넥스포인트 리얼 에스테이트 파이낸스,주식,NYSE,15.47,-0.34,-2.15,2026-10-06 05:42
NRES,Xtrackers RREEF Global Natural Resources ETF,ETF,NASDAQ,33.91,0.27,0.79,2026-10-06 05:42
NRG,NRG 에너지,주식,NYSE,96.80,1.57,1.65,2026-10-06 05:42
NRGD,MicroSectors Big Oil 3X Inverse Leveraged ETN,ETF,AMEX,12.99,-0.41,-3.04,2026-10-06 05:42
NRGU,MicroSectors Big Oil 3X Leveraged ETN,ETF,AMEX,57.55,2.03,3.66,2026-10-06 05:42
NRGV,에너지 볼트 홀딩스,주식,NYSE,3.87,-0.07,-1.78,2026-10-06 05:42
NRIM,노스림 뱅코프,주식,NASDAQ,24.67,-0.09,-0.36,2026-10-06 05:42
NRIX,누릭스 테라퓨틱스,주식,NASDAQ,22.88,-0.11,-0.48,2026-10-06 05:42
NRK,Nuveen New York AMT-Free Quality Municipal Inc Fd,주식,NYSE,9.17,-0.19,-2.03,2026-10-06 05:42
NRO,Neuberger Real Estate Secs Inc Fund Inc.,주식,AMEX,2.52,-0.05,-1.95,2026-10-06 05:42
NRP,Natural Resource Partners Units,주식,NYSE,109.80,0.30,0.27,2026-10-06 05:42
NRR,Bitwise NEAR ETF,ETF,AMEX,27.11,2.93,12.12,2026-10-06 05:42
NRSH,Aztlan NA Nearshoring Stock Select ETF,ETF,AMEX,31.42,0.09,0.28,2026-10-06 05:42
NRSN,뉴로센스 테라퓨틱스,주식,NASDAQ,4.03,0.10,2.41,2026-10-06 05:42
NRT,North European Oil Royalty Units,주식,NYSE,8.31,-0.15,-1.77,2026-10-06 05:42
NRUC,National Rural Utilities Cooperative Finance 5.500% Subordinated Notes Exp 15,주식,NYSE,20.64,-0.13,-0.63,2026-10-06 05:42
NRXP,NRX 파마슈티컬스,주식,NASDAQ,2.87,-0.04,-1.20,2026-10-06 05:42
NRXS,뉴락시스,주식,AMEX,7.15,0.04,0.56,2026-10-06 05:42
NSAI,노스스트라이브 애퀴지션 I,주식,NASDAQ,9.89,0.02,0.15,2026-10-06 05:42
NSAIR,NorthStrive Acquisition I Rights,주식,NASDAQ,0.14,0.00,0.00,2026-10-06 05:42
NSAIU,NorthStrive Acquisition I Units,주식,NASDAQ,10.04,0.01,0.10,2026-10-06 05:42
NSC,노퍽서던,주식,NYSE,316.23,-1.21,-0.38,2026-10-06 05:42
NSCI,Nuveen Securitized Income ETF,ETF,AMEX,24.86,0.00,0.00,2026-10-06 05:42
NSEP,Innovator Growth-100 Power Buffer ETF - September,ETF,AMEX,32.69,0.16,0.51,2026-10-06 05:42
NSI,National Security Emerging Markets Index ETF,ETF,NASDAQ,39.32,0.70,1.80,2026-10-06 05:42
NSIG,North Square Growth Opportunities ETF,ETF,AMEX,26.20,0.26,1.00,2026-10-06 05:42
NSIT,인사이트 엔터프라이지즈,주식,NASDAQ,159.39,-1.27,-0.79,2026-10-06 05:42
NSIV,North Square Disciplined Value ETF,ETF,AMEX,25.48,0.03,0.13,2026-10-06 05:42
NSLR,네오스텔라 캐피털,주식,NASDAQ,7.50,0.06,0.81,2026-10-06 05:42
NSLRL,Neostellar Capital 6 00 Notes due 2026,주식,NASDAQ,25.01,0.02,0.08,2026-10-06 05:42
NSP,인스페리티,주식,NYSE,47.56,1.08,2.32,2026-10-06 05:42
NSPR,인스파이어MD,주식,NASDAQ,0.58,-0.04,-6.81,2026-10-06 05:42
NSRX,나서스 파마,주식,AMEX,3.85,-0.07,-1.79,2026-10-06 05:42
NSSC,냅코 시큐리티 테크놀로지스,주식,NASDAQ,36.22,0.05,0.14,2026-10-06 05:42
NSTS,NSTS 뱅코프,주식,NASDAQ,14.26,0.00,0.00,2026-10-06 05:42
NSYS,노테크 시스템즈,주식,NASDAQ,11.05,-0.53,-4.58,2026-10-06 05:42
NTAL,GraniteShares 2x Long NTAP Daily ETF,ETF,NASDAQ,43.40,-1.11,-2.49,2026-10-06 05:42
NTAP,넷앱,주식,NASDAQ,223.77,-2.50,-1.10,2026-10-06 05:42
NTB,뱅크 오브 NT 버터필드 & 선,주식,NYSE,58.56,-0.20,-0.34,2026-10-06 05:42
NTCL,넷클래스 테크놀로지,주식,NASDAQ,1.90,-0.05,-2.53,2026-10-06 05:42
NTCT,네트스카우트 시스템즈,주식,NASDAQ,41.20,0.24,0.59,2026-10-06 05:42
NTES,넷이즈 ADR,주식,NASDAQ,119.38,2.17,1.85,2026-10-06 05:42
NTGR,넷기어,주식,NASDAQ,22.94,-0.62,-2.63,2026-10-06 05:42
NTHI,니온 테크놀로지스 홀딩스,주식,NASDAQ,2.92,-0.07,-2.34,2026-10-06 05:42
NTIC,노던 테크놀로지스 인터내셔널,주식,NASDAQ,7.70,0.00,0.00,2026-10-06 05:42
NTIP,네트워크-1 테크놀로지스,주식,AMEX,1.55,-0.08,-4.91,2026-10-06 05:42
NTLA,인텔리아 테라퓨틱스,주식,NASDAQ,12.75,0.49,4.00,2026-10-06 05:42
NTNX,뉴타닉스,주식,NASDAQ,73.41,1.12,1.55,2026-10-06 05:42
NTR,뉴트리엔,주식,NYSE,70.26,0.20,0.29,2026-10-06 05:42
NTRA,나테라,주식,NASDAQ,425.64,15.29,3.73,2026-10-06 05:42
NTRB,뉴트리밴드,주식,NASDAQ,7.47,0.19,2.61,2026-10-06 05:42
NTRL,First Trust Equity Market Neutral ETF,ETF,AMEX,20.41,0.02,0.08,2026-10-06 05:42
NTRP,넥스트트립,주식,NASDAQ,1.92,-0.03,-1.54,2026-10-06 05:42
NTRS,노던 트러스트,주식,NASDAQ,170.67,-0.73,-0.43,2026-10-06 05:42
NTRSO,노던 트러스트 우선주 시리즈 E 4.7%,주식,NASDAQ,18.28,0.08,0.44,2026-10-06 05:42
NTSD,WisdomTree Efficient US Plus International Eqty Fd,ETF,AMEX,47.52,0.27,0.58,2026-10-06 05:42
NTSE,WisdomTree Emerging Markets Efficient Core Fund,ETF,AMEX,47.15,0.53,1.13,2026-10-06 05:42
NTSI,WisdomTree International Efficient Core Fund,ETF,AMEX,45.88,-0.03,-0.07,2026-10-06 05:42
NTSK,넷스코프,주식,NASDAQ,18.42,0.67,3.77,2026-10-06 05:42
NTST,넷에스티리츠,주식,NYSE,17.44,-0.08,-0.46,2026-10-06 05:42
NTSX,WisdomTree US Efficient Core Fund,ETF,AMEX,59.15,0.27,0.45,2026-10-06 05:42
NTWK,넷솔 테크놀로지스,주식,NASDAQ,6.17,0.22,3.70,2026-10-06 05:42
NTWO,뉴버리 스트리트 II 애퀴지션,주식,NASDAQ,10.85,0.04,0.37,2026-10-06 05:42
NTWOU,Newbury Street II Acquisition Units,주식,NASDAQ,11.30,0.00,0.00,2026-10-06 05:42
NU,누 홀딩스,주식,NYSE,15.18,1.75,13.03,2026-10-06 05:42
NUAG,Nuveen Enhanced Yield US Aggregate Bond ETF,ETF,AMEX,19.93,0.00,-0.01,2026-10-06 05:42
NUAI,뉴 에라 에너지 & 디지털,주식,NASDAQ,6.05,-0.24,-3.82,2026-10-06 05:42
NUBD,Nuveen ESG US Aggregate Bond ETF,ETF,AMEX,21.08,-0.01,-0.05,2026-10-06 05:42
NUCL,이글 뉴클리어 에너지,주식,NASDAQ,6.25,0.32,5.40,2026-10-06 05:42
NUDG,Nuveen Dividend Growth Fund,ETF,AMEX,63.38,0.41,0.66,2026-10-06 05:42
NUDM,Nuveen ESG International Developed Markets Eqty,ETF,AMEX,39.67,0.01,0.03,2026-10-06 05:42
NUDV,Nuveen ESG Dividend ETF,ETF,AMEX,32.19,0.04,0.13,2026-10-06 05:42
NUE,뉴코,주식,NYSE,251.41,11.02,4.58,2026-10-06 05:42
NUEM,Nuveen ESG Emerging Markets Equity ETF,ETF,AMEX,43.67,0.60,1.38,2026-10-06 05:42
NUG,Leverage Shares 2X Long NU Daily ETF,ETF,NASDAQ,10.48,2.21,26.74,2026-10-06 05:42
NUGO,Nuveen Growth Opportunities ETF,ETF,AMEX,45.17,0.40,0.90,2026-10-06 05:42
NUGT,Direxion Daily Gold Miners Index Bull 2X ETF,ETF,AMEX,146.32,-0.69,-0.47,2026-10-06 05:42
NUGY,GraniteShares YieldBOOST Gold Miners ETF,ETF,NASDAQ,11.38,0.05,0.44,2026-10-06 05:42
NUHY,Nuveen ESG High Yield Corporate Bond ETF,ETF,AMEX,20.36,0.01,0.05,2026-10-06 05:42
NUIB,Nuveen Impact Bond ETF,ETF,NASDAQ,24.66,-0.06,-0.23,2026-10-06 05:42
NUIF,Nuveen US Infrastructure ETF,ETF,NASDAQ,23.78,0.10,0.40,2026-10-06 05:42
NUKX,Nicholas Nuclear Income ETF,ETF,AMEX,31.85,0.52,1.66,2026-10-06 05:42
NUKZ,Range Nuclear Renaissance Index ETF,ETF,AMEX,61.22,0.38,0.62,2026-10-06 05:42
NULC,Nuveen ESG Large-Cap ETF,ETF,AMEX,56.59,0.53,0.95,2026-10-06 05:42
NULG,Nuveen ESG Large-Cap Growth ETF,ETF,AMEX,116.14,1.33,1.16,2026-10-06 05:42
NULV,Nuveen ESG Large-Cap Value ETF,ETF,AMEX,53.48,0.27,0.51,2026-10-06 05:42
NUMG,Nuveen ESG Mid-Cap Growth ETF,ETF,AMEX,46.83,0.42,0.89,2026-10-06 05:42
NUMI,Nuveen Municipal Income ETF,ETF,AMEX,23.57,-0.04,-0.17,2026-10-06 05:42
NUMV,Nuveen ESG Mid-Cap Value ETF,ETF,AMEX,43.33,0.49,1.14,2026-10-06 05:42
NUR,뉴란 와이어리스,주식,NASDAQ,0.83,-0.05,-5.44,2026-10-06 05:42
NURE,Nuveen Short-Term REIT ETF,ETF,AMEX,29.57,0.08,0.27,2026-10-06 05:42
NUS,뉴스킨 엔터프라이즈,주식,NYSE,4.63,0.02,0.43,2026-10-06 05:42
NUSA,Nuveen ESG 1-5 Year U.S. Aggregate Bond ETF,ETF,AMEX,22.59,-0.01,-0.06,2026-10-06 05:42
NUSB,Nuveen Ultra Short Income ETF,ETF,NASDAQ,25.15,0.01,0.02,2026-10-06 05:42
NUSC,Nuveen ESG Small-Cap ETF,ETF,AMEX,49.62,0.31,0.63,2026-10-06 05:42
NUTX,뉴텍스 헬스,주식,NASDAQ,225.00,8.50,3.93,2026-10-06 05:42
NUV,Nuveen Municipal Value Fund Inc,주식,NYSE,8.14,-0.14,-1.69,2026-10-06 05:42
NUVB,누베이션 바이오,주식,NYSE,4.95,-0.19,-3.70,2026-10-06 05:42
NUW,Nuveen AMT-Free Municipal Value Fund,주식,NYSE,12.89,-0.45,-3.37,2026-10-06 05:42
NUWE,뉴웰리스,주식,NASDAQ,0.69,0.00,0.03,2026-10-06 05:42
NVA,Nova Minerals Corp,주식,AMEX,6.06,0.30,5.21,2026-10-06 05:42
NVAX,노바백스,주식,NASDAQ,12.56,2.10,20.08,2026-10-06 05:42
NVBT,AllianzIM US Equity Buffer10 Nov ETF,ETF,AMEX,41.16,0.22,0.53,2026-10-06 05:42
NVBU,AllianzIM US Equity Buffer15 Uncapped Nov ETF,ETF,AMEX,31.57,0.18,0.58,2026-10-06 05:42
NVBW,AllianzIM US Equity Buffer20 Nov ETF,ETF,AMEX,36.78,0.09,0.26,2026-10-06 05:42
NVC,Corgi NVDA 2x Daily ETF,ETF,AMEX,34.86,1.35,4.04,2026-10-06 05:42
NVCR,노보큐어,주식,NASDAQ,15.20,0.26,1.74,2026-10-06 05:42
NVCT,누벡티스 파마,주식,NASDAQ,21.39,-0.53,-2.42,2026-10-06 05:42
NVD,GraniteShares 2x Short NVDA Daily ETF,ETF,NASDAQ,3.31,-0.14,-4.06,2026-10-06 05:42
NVDA,엔비디아,주식,NASDAQ,238.90,4.95,2.12,2026-10-06 05:42
NVDB,ProShares Ultra NVDA ETF,ETF,AMEX,37.19,1.50,4.20,2026-10-06 05:42
NVDD,Direxion Daily NVDA Bear 1X ETF,ETF,NASDAQ,27.49,-0.60,-2.14,2026-10-06 05:42
NVDG,Leverage Shares 2X Long NVDA Daily ETF,ETF,NASDAQ,22.88,0.96,4.36,2026-10-06 05:42
NVDL,GraniteShares 2x Long NVDA Daily ETF,ETF,NASDAQ,40.17,1.67,4.32,2026-10-06 05:42
NVDQ,T-Rex 2X Inverse Nvidia Daily Target ETF,ETF,AMEX,7.43,-0.33,-4.25,2026-10-06 05:42
NVDS,Tradr 1.5X Short NVDA Daily ETF,ETF,NASDAQ,16.52,-0.52,-3.05,2026-10-06 05:42
NVDU,Direxion Daily NVDA Bull 2X ETF,ETF,NASDAQ,159.37,6.76,4.43,2026-10-06 05:42
NVDW,Roundhill NVDA WeeklyPay ETF,ETF,AMEX,38.91,0.87,2.28,2026-10-06 05:42
NVDX,T-Rex 2X Long Nvidia Daily Target ETF,ETF,AMEX,22.59,0.94,4.34,2026-10-06 05:42
NVDY,YieldMax NVDA Option Income Strategy ETF,ETF,AMEX,13.02,0.19,1.48,2026-10-06 05:42
NVEC,NVE,주식,NASDAQ,114.13,2.71,2.43,2026-10-06 05:42
NVG,Nuveen AMT-Free Municipal Credit Income Fund,주식,NYSE,10.43,-0.28,-2.61,2026-10-06 05:42
NVGS,내비게이터 홀딩스,주식,NYSE,23.72,-0.12,-0.50,2026-10-06 05:42
NVIB,Direxion NVDA Defined Income Boost ETF,ETF,AMEX,29.72,0.58,1.98,2026-10-06 05:42
NVII,REX NVDA Growth & Income ETF,ETF,AMEX,26.04,0.56,2.20,2026-10-06 05:42
NVIR,Horizon Kinetics Energy and Remediation ETF,ETF,AMEX,38.89,0.47,1.21,2026-10-06 05:42
NVIT,YieldMax NVDA Performance Distribution Target 25 ETF,ETF,AMEX,52.62,0.69,1.33,2026-10-06 05:42
NVMI,노바 메저링 인스트루먼츠,주식,NASDAQ,392.86,-3.26,-0.82,2026-10-06 05:42
NVNI,엔비니 그룹,주식,NASDAQ,0.90,0.02,2.07,2026-10-06 05:42
NVNO,엔베노 메디컬,주식,NASDAQ,8.01,-0.09,-1.11,2026-10-06 05:42
NVO,노보 노디스크 ADR,주식,NYSE,37.54,0.22,0.59,2026-10-06 05:42
NVOC,Corgi NVO 2x Daily ETF,ETF,AMEX,13.92,0.17,1.24,2026-10-06 05:42
NVOH,Novo Nordisk A/S (B Shares) ADRhedged,ETF,AMEX,21.19,0.20,0.94,2026-10-06 05:42
NVOX,Defiance Daily Target 2X Long NVO ETF,ETF,AMEX,9.22,0.12,1.32,2026-10-06 05:42
NVPS,PurePlay Nvidia Ecosystem Picks&Shovels Index ETF,ETF,NASDAQ,24.99,-0.04,-0.15,2026-10-06 05:42
NVR,NVR,주식,NYSE,5970.21,-23.64,-0.39,2026-10-06 05:42
NVRI,엔비리,주식,NYSE,20.37,0.16,0.79,2026-10-06 05:42
NVS,노바티스 ADR,주식,NYSE,140.93,-0.07,-0.05,2026-10-06 05:42
NVST,엔비스타 홀딩스,주식,NYSE,23.34,-0.12,-0.51,2026-10-06 05:42
NVT,엔벤트 일렉트릭,주식,NYSE,167.17,-2.39,-1.41,2026-10-06 05:42
NVTC,Corgi NVTS 2x Daily ETF,ETF,AMEX,13.04,-0.18,-1.37,2026-10-06 05:42
NVTS,나비타스 세미컨덕터,주식,NASDAQ,12.34,-0.06,-0.48,2026-10-06 05:42
NVTX,Tradr 2X Long NVTS Daily ETF,ETF,AMEX,17.65,0.00,0.00,2026-10-06 05:42
NVX,노보닉스 ADR,주식,NASDAQ,2.57,-0.06,-2.28,2026-10-06 05:42
NVYY,GraniteShares Yieldboost NVDA ETF,ETF,NASDAQ,11.34,0.02,0.17,2026-10-06 05:42
NWAX,뉴아메리카 애퀴지션,주식,NYSE,10.06,-0.01,-0.10,2026-10-06 05:42
NWAX.U,New America Acquisition I Units,주식,NYSE,10.22,0.00,0.00,2026-10-06 05:42
NWBI,노스웨스트 뱅크셰어스,주식,NASDAQ,15.04,-0.15,-0.99,2026-10-06 05:42
NWCL,뉴클레오,주식,NASDAQ,8.53,0.54,6.76,2026-10-06 05:42
NWE,노스웨스턴 에너지 그룹,주식,NASDAQ,68.76,-0.51,-0.74,2026-10-06 05:42
NWFL,노우드 파이낸셜,주식,NASDAQ,33.76,0.06,0.18,2026-10-06 05:42
NWG,내트웨스트 그룹 ADR,주식,NYSE,17.50,-0.17,-0.96,2026-10-06 05:42
NWGL,CL 워크샵 그룹 ADR,주식,NASDAQ,1.25,-0.19,-13.19,2026-10-06 05:42
NWL,뉴웰브랜즈,주식,NASDAQ,5.48,0.08,1.48,2026-10-06 05:42
NWN,노스웨스트 내추럴 홀딩,주식,NYSE,47.19,-0.19,-0.40,2026-10-06 05:42
NWPX,NWPX 인프라스트럭처,주식,NASDAQ,105.60,-0.39,-0.37,2026-10-06 05:42
NWS,뉴스 코퍼레이션 Class B,주식,NASDAQ,32.00,0.35,1.11,2026-10-06 05:42
NWSA,뉴스 코퍼레이션 Class A,주식,NASDAQ,28.95,0.26,0.91,2026-10-06 05:42
NWTG,뉴턴 골프,주식,NASDAQ,1.13,-0.09,-7.38,2026-10-06 05:42
NX,콰넥스 빌딩 프로덕츠,주식,NYSE,18.91,-0.09,-0.47,2026-10-06 05:42
NXAT,넥서스 어드밴스드 테크놀로지스,주식,NASDAQ,0.86,-0.01,-1.59,2026-10-06 05:42
NXB,넥스트보트,주식,AMEX,1.91,0.00,0.00,2026-10-06 05:42
NXDR,넥스트도어 홀딩스,주식,NYSE,2.47,0.03,1.23,2026-10-06 05:42
NXDT,넥스포인트 다이버시파이드 리얼 에스테이트 트러스트,주식,NYSE,5.16,-0.14,-2.64,2026-10-06 05:42
NXE,넥스젠 에너지,주식,NYSE,9.07,0.07,0.78,2026-10-06 05:42
NXG,NXG NextGen Infrastructure Income Fund,주식,NYSE,56.01,0.56,1.01,2026-10-06 05:42
NXGL,넥스젤,주식,NASDAQ,0.17,0.00,-2.30,2026-10-06 05:42
NXH,네이버후드 인텔리전스,주식,NASDAQ,2.06,-0.70,-25.36,2026-10-06 05:42
NXL,넥살린 테크놀로지,주식,NASDAQ,5.43,-0.30,-5.24,2026-10-06 05:42
NXP,Nuveen Select Tax-Free Income Portfolio,주식,NYSE,13.04,-0.25,-1.88,2026-10-06 05:42
NXPG,Leverage Shares 2X Long NXPI Daily ETF,ETF,AMEX,8.07,-0.13,-1.57,2026-10-06 05:42
NXPI,NXP 세미콘덕터,주식,NASDAQ,241.97,-1.69,-0.69,2026-10-06 05:42
NXPL,넥스트플랫,주식,NASDAQ,9.00,0.45,5.26,2026-10-06 05:42
NXPX,Tradr 2X Long NXPI Daily ETF,ETF,AMEX,12.28,-0.20,-1.64,2026-10-06 05:42
NXRT,넥스포인트 레지덴셜 트러스트,주식,NYSE,18.61,-0.06,-0.32,2026-10-06 05:42
NXST,넥스타 미디어 그룹,주식,NASDAQ,156.66,1.24,0.80,2026-10-06 05:42
NXT,넥스트파워,주식,NASDAQ,82.97,-1.33,-1.58,2026-10-06 05:42
NXTC,넥스큐어,주식,NASDAQ,5.05,-0.04,-0.79,2026-10-06 05:42
NXTE,AXS Green Alpha ETF,ETF,AMEX,49.96,0.49,0.98,2026-10-06 05:42
NXTG,First Trust Indxx NextG ETF,ETF,NASDAQ,157.64,0.12,0.08,2026-10-06 05:42
NXTI,Simplify Next Intangible Core Index ETF,ETF,AMEX,36.33,0.22,0.60,2026-10-06 05:42
NXTS,넥센티스 테크놀로지스,주식,NASDAQ,1.38,-0.11,-7.38,2026-10-06 05:42
NXTT,넥스트 테크놀로지 홀딩,주식,NASDAQ,5.13,-0.48,-8.56,2026-10-06 05:42
NXUS,Nuveen International Aggregate Bond ETF,ETF,AMEX,24.21,0.00,0.01,2026-10-06 05:42
NXXT,넥스트NRG,주식,NASDAQ,0.67,-0.07,-8.97,2026-10-06 05:42
NYAX,나약스,주식,NASDAQ,49.77,0.77,1.57,2026-10-06 05:42
NYC,뉴욕 시티 리츠,주식,NYSE,6.26,-0.25,-3.84,2026-10-06 05:42
NYF,iShares New York Muni Bond ETF,ETF,AMEX,50.57,0.05,0.10,2026-10-06 05:42
NYM,AB New York Intermediate Municipal ETF,ETF,AMEX,24.07,0.01,0.02,2026-10-06 05:42
NYNY,Corgi NYC Based ETF,ETF,AMEX,26.25,0.08,0.31,2026-10-06 05:42
NYSX,Global X NYSE 100 ETF,ETF,AMEX,134.59,1.32,0.99,2026-10-06 05:42
NYT,뉴욕타임스,주식,NYSE,64.00,1.30,2.07,2026-10-06 05:42
NYXH,닉소아,주식,NASDAQ,1.41,0.05,3.68,2026-10-06 05:42
NYYY,Xetfs NVDA Daily Income ETF,ETF,AMEX,47.22,0.92,2.00,2026-10-06 05:42
NZAC,State Street SPDR MSCI ACWI Climate Paris Aln ETF,ETF,NASDAQ,46.93,0.26,0.55,2026-10-06 05:42
NZF,Nuveen Municipal Credit Income Fund,주식,NYSE,10.75,-0.21,-1.92,2026-10-06 05:42
O,리얼티 인컴,주식,NYSE,53.77,-0.36,-0.67,2026-10-06 05:42
OABI,옴니AB,주식,NASDAQ,4.92,0.05,1.03,2026-10-06 05:42
OACC,오크트리 애퀴지션 III 라이프 사이언스,주식,NASDAQ,10.76,0.00,0.00,2026-10-06 05:42
OACCU,Oaktree Acquisition III Units,주식,NASDAQ,11.00,0.00,0.00,2026-10-06 05:42
OACP,OneAscent Core Plus Bond ETF,ETF,AMEX,21.65,-0.01,-0.02,2026-10-06 05:42
OAEM,OneAscent Emerging Markets ETF,ETF,AMEX,50.56,0.50,1.00,2026-10-06 05:42
OAIM,OneAscent International Equity ETF,ETF,AMEX,48.07,0.05,0.11,2026-10-06 05:42
OAIW,OpenAI Lab Ecosystem ETF,ETF,AMEX,25.08,0.11,0.44,2026-10-06 05:42
OAKG,Oakmark Global Large Cap ETF,ETF,AMEX,26.06,0.11,0.44,2026-10-06 05:42
OAKI,Oakmark International Large Cap ETF,ETF,AMEX,25.60,-0.02,-0.07,2026-10-06 05:42
OAKM,Oakmark US Large Cap ETF,ETF,AMEX,29.71,0.29,0.99,2026-10-06 05:42
OALC,OneAscent Large Cap Core ETF,ETF,AMEX,41.78,0.24,0.58,2026-10-06 05:42
OARK,YieldMax Innovation Option Income Strategy ETF,ETF,AMEX,30.64,0.72,2.40,2026-10-06 05:42
OASC,OneAscent Enhanced Small and Mid Cap ETF,ETF,AMEX,34.86,0.19,0.55,2026-10-06 05:42
OBA,옥슬리 브릿지 애퀴지션,주식,NASDAQ,10.35,0.00,0.00,2026-10-06 05:42
OBAI,아우어 본드,주식,NASDAQ,0.21,-0.01,-3.52,2026-10-06 05:42
OBAWU,Oxley Bridge Acquisition Units,주식,NASDAQ,10.37,0.00,0.00,2026-10-06 05:42
OBDC,블루 아울 캐피털,주식,NYSE,10.17,-0.13,-1.26,2026-10-06 05:42
OBE,옵시디안 에너지,주식,AMEX,10.50,0.10,0.96,2026-10-06 05:42
OBIL,F/m US Treasury 12 Month Bill ETF,ETF,NASDAQ,49.88,0.01,0.02,2026-10-06 05:42
OBIO,오케스트라 바이오메드 홀딩스,주식,NASDAQ,6.03,0.08,1.34,2026-10-06 05:42
OBK,오리진 뱅코프,주식,NYSE,53.12,-0.50,-0.93,2026-10-06 05:42
OBND,State Street SPDR Loomis Sayles Opportntsc Bd ETF,ETF,AMEX,24.67,-0.01,-0.06,2026-10-06 05:42
OBOR,KraneShares MSCI One Belt One Road Index ETF,ETF,AMEX,27.16,0.07,0.24,2026-10-06 05:42
OBT,오렌지 카운티 뱅코프,주식,NASDAQ,37.58,-0.15,-0.40,2026-10-06 05:42
OBTC,OSPREY BITCOIN ETP,ETF,NASDAQ,27.43,0.38,1.41,2026-10-06 05:42
OBX,갈레라 테라퓨틱스,주식,NASDAQ,13.84,0.25,1.84,2026-10-06 05:42
OC,오웬스 코닝,주식,NYSE,117.48,-0.88,-0.74,2026-10-06 05:42
OCAC,오션 캐피탈 애퀴지션,주식,NYSE,9.99,-0.01,-0.10,2026-10-06 05:42
OCAC.U,Ocean Capital Acquisition Units,주식,NYSE,10.28,0.00,0.00,2026-10-06 05:42
OCC,옵티컬 케이블,주식,NASDAQ,16.99,-1.25,-6.85,2026-10-06 05:42
OCCI,OFS 크레디트 컴퍼니,주식,NASDAQ,2.19,-0.04,-1.79,2026-10-06 05:42
OCCIM,OFS 크레디트 우선주 Series F 7.875%,주식,NASDAQ,24.85,-0.07,-0.28,2026-10-06 05:42
OCCIN,OFS 크레디트 우선주 Series E 5.25%,주식,NASDAQ,25.00,0.03,0.12,2026-10-06 05:42
OCDB,Aptus October Deep Buffer ETF,ETF,AMEX,26.74,0.10,0.38,2026-10-06 05:42
OCFC,오션퍼스트 파이낸셜,주식,NASDAQ,16.82,0.04,0.24,2026-10-06 05:42
OCG,오리엔탈 컬처 홀딩,주식,NASDAQ,1.65,-0.08,-4.62,2026-10-06 05:42
OCGN,오큐젠,주식,NASDAQ,1.04,0.02,1.96,2026-10-06 05:42
OCIO,ClearShares OCIO ETF,ETF,AMEX,38.21,0.16,0.43,2026-10-06 05:42
OCLT,오션라이트 애퀴지션,주식,NASDAQ,9.89,-0.02,-0.20,2026-10-06 05:42
OCLTR,OceanLight Acquisition Rights Exp 09th July 2031,주식,NASDAQ,0.17,0.00,0.00,2026-10-06 05:42
OCLTU,OceanLight Acquisition Units,주식,NASDAQ,10.13,0.00,0.00,2026-10-06 05:42
OCNL,T-REX 2X Long DOCN Daily Target ETF,ETF,AMEX,27.10,-0.88,-3.15,2026-10-06 05:42
OCS,오쿨리스 홀딩,주식,NASDAQ,8.56,-0.17,-1.95,2026-10-06 05:42
OCSL,오크트리 스페셜티 렌딩,주식,NASDAQ,11.83,-0.08,-0.63,2026-10-06 05:42
OCTB,Aptus October Buffer ETF,ETF,AMEX,28.41,0.09,0.30,2026-10-06 05:42
OCTH,Innovator Premium Income 20 Barrier ETF - October,ETF,AMEX,23.98,0.03,0.13,2026-10-06 05:42
OCTJ,Innovator Premium Income 30 Barrier ETF - October,ETF,AMEX,23.93,-0.01,-0.04,2026-10-06 05:42
OCTM,FT Vest US Equity Max Buffer ETF - Oct,ETF,AMEX,34.23,0.00,0.00,2026-10-06 05:42
OCTP,PGIM S&P 500 Buffer 12 ETF - October,ETF,AMEX,33.78,0.08,0.25,2026-10-06 05:42
OCTT,AllianzIM US Equity Buffer10 Oct ETF,ETF,AMEX,48.89,0.12,0.24,2026-10-06 05:42
OCTU,AllianzIM US Equity Buffer15 Uncapped Oct ETF,ETF,AMEX,31.14,0.14,0.46,2026-10-06 05:42
OCTV,옥타브 인텔리전스,주식,NASDAQ,20.11,1.08,5.68,2026-10-06 05:42
OCTW,AllianzIM US Equity Buffer20 Oct ETF,ETF,AMEX,42.23,0.11,0.26,2026-10-06 05:42
OCTZ,TrueShares Structured Outcome (October) ETF,ETF,AMEX,46.80,0.17,0.37,2026-10-06 05:42
OCUL,오큘라 테라퓨틱스,주식,NASDAQ,7.25,0.29,4.17,2026-10-06 05:42
ODC,오일-드리 코퍼레이션 오브 아메리카,주식,NYSE,87.89,-1.77,-1.97,2026-10-06 05:42
ODD,오디티 테크,주식,NASDAQ,19.59,0.69,3.65,2026-10-06 05:42
ODDS,Pacer BlueStar Digital Entertainment ETF,ETF,NASDAQ,23.72,0.37,1.59,2026-10-06 05:42
ODDZ,Corgi Sports Betting & Gambling ETF,ETF,AMEX,21.14,0.33,1.58,2026-10-06 05:42
ODFL,올드 도미니언 프라이트 라인,주식,NASDAQ,179.37,-1.11,-0.62,2026-10-06 05:42
ODHY,Obra Defensive High Yield ETF,ETF,AMEX,9.70,0.02,0.17,2026-10-06 05:42
ODTE,Vegashares Spx Ndx Rty Premium Income ETF,ETF,NASDAQ,25.25,0.16,0.64,2026-10-06 05:42
ODTX,오디세이 테라퓨틱스,주식,NASDAQ,20.84,0.12,0.55,2026-10-06 05:42
ODYS,오디사이트.AI,주식,NASDAQ,2.78,-0.03,-1.07,2026-10-06 05:42
OEC,오리온,주식,NYSE,5.85,0.06,1.04,2026-10-06 05:42
OEF,iShares S&P 100 ETF,ETF,AMEX,387.23,2.40,0.62,2026-10-06 05:42
OEFA,ALPS O'Shares International Developed Qlty Div ETF,ETF,AMEX,34.33,-0.12,-0.36,2026-10-06 05:42
OEI,Optimized Equity Income ETF,ETF,AMEX,26.44,0.26,1.01,2026-10-06 05:42
OESX,오리온 에너지 시스템즈,주식,NASDAQ,30.05,-0.39,-1.28,2026-10-06 05:42
OFAL,OFA 그룹,주식,NASDAQ,0.46,0.01,2.69,2026-10-06 05:42
OFG,OFG 뱅코프,주식,NYSE,50.97,-0.32,-0.62,2026-10-06 05:42
OFIX,오소픽스 메디컬,주식,NASDAQ,9.50,0.41,4.51,2026-10-06 05:42
OFLX,오메가 플렉스,주식,NASDAQ,25.64,-0.69,-2.62,2026-10-06 05:42
OFRM,원스 어폰 어 팜,주식,NYSE,16.31,0.09,0.55,2026-10-06 05:42
OFS,OFS 캐피털,주식,NASDAQ,3.56,0.08,2.30,2026-10-06 05:42
OFSSH,OFS Capital 4 95 Notes due 2028,주식,NASDAQ,23.98,0.00,0.00,2026-10-06 05:42
OFSSO,OFS Capital 7 50 Notes due 2028,주식,NASDAQ,26.00,0.00,0.00,2026-10-06 05:42
OGC,오셔나골드,주식,NYSE,26.64,-0.47,-1.73,2026-10-06 05:42
OGCP,Empire State Realty Operating Partnership Units Series 60,주식,AMEX,4.10,0.20,5.13,2026-10-06 05:42
OGE,OGE 에너지,주식,NYSE,44.97,0.06,0.13,2026-10-06 05:42
OGEN,오라제닉스,주식,AMEX,0.49,0.00,-0.30,2026-10-06 05:42
OGG,오시스코 골드 그룹,주식,NYSE,2.85,0.04,1.42,2026-10-06 05:42
OGI,오가니그램 글로벌,주식,NASDAQ,0.94,-0.02,-1.69,2026-10-06 05:42
OGIG,ALPS O'Shares Global Internet Giants ETF,ETF,AMEX,51.04,0.77,1.53,2026-10-06 05:42
OGN,오가논 & 코,주식,NYSE,13.70,-0.02,-0.15,2026-10-06 05:42
OGS,원 가스,주식,NYSE,72.57,0.00,0.00,2026-10-06 05:42
OGSP,Obra High Grade Structured Products ETF,ETF,AMEX,9.93,0.00,0.00,2026-10-06 05:42
OHAC,오션호크 애퀴지션,주식,NASDAQ,9.99,0.00,0.00,2026-10-06 05:42
OHACR,Oceanhawk Acquisition Rights Exp 19th May 2031,주식,NASDAQ,0.26,0.00,0.00,2026-10-06 05:42
OHACU,Oceanhawk Acquisition Units,주식,NASDAQ,10.20,0.00,0.00,2026-10-06 05:42
OHI,오메가 헬스케어 인베스터스,주식,NYSE,45.36,-0.36,-0.79,2026-10-06 05:42
OI,O-i 글래스,주식,NYSE,5.57,-0.03,-0.54,2026-10-06 05:42
OIA,Invesco Muni Income Opportunities Trust,주식,NYSE,5.56,-0.04,-0.71,2026-10-06 05:42
OIG,오리온 180 인슈런스 그룹,주식,NASDAQ,9.14,-0.30,-3.18,2026-10-06 05:42
OIH,VanEck Oil Services ETF,ETF,AMEX,394.70,12.00,3.14,2026-10-06 05:42
OII,오셔니어링 인터내셔널,주식,NYSE,45.66,1.34,3.02,2026-10-06 05:42
OILD,MicroSectors Oil & Gas Exp And Prod 3x Inverse Leveraged ETN,ETF,AMEX,29.23,-0.98,-3.23,2026-10-06 05:42
OILK,ProShares K-1 Free Crude Oil ETF,ETF,AMEX,55.72,-0.16,-0.29,2026-10-06 05:42
OILT,Texas Capital Texas Oil Index ETF,ETF,AMEX,31.32,0.32,1.03,2026-10-06 05:42
OILU,MicroSectors Oil & Gas Exp And Prod 3x Leveraged ETN,ETF,AMEX,49.64,1.48,3.06,2026-10-06 05:42
OIM,원IM 애퀴지션,주식,NASDAQ,10.13,0.00,0.00,2026-10-06 05:42
OIMAU,OneIM Acquisition Units,주식,NASDAQ,10.20,-0.01,-0.10,2026-10-06 05:42
OIO,OIO 그룹,주식,NASDAQ,1.73,-0.17,-8.95,2026-10-06 05:42
OIS,오일 스테이츠 인터내셔널,주식,NYSE,8.48,0.25,3.04,2026-10-06 05:42
OKE,원오케이,주식,NYSE,88.58,0.70,0.80,2026-10-06 05:42
OKLC,Corgi OKLO 2x Daily ETF,ETF,AMEX,9.79,0.12,1.20,2026-10-06 05:42
OKLL,Defiance Daily Target 2X Long OKLO ETF,ETF,NASDAQ,8.99,0.04,0.45,2026-10-06 05:42
OKLO,오클로,주식,NYSE,35.97,0.10,0.28,2026-10-06 05:42
OKTA,옥타,주식,NASDAQ,218.29,6.80,3.22,2026-10-06 05:42
OKTG,Leverage Shares 2X Long OKTA Daily ETF,ETF,NASDAQ,62.52,3.75,6.38,2026-10-06 05:42
OKUR,온큐어 테라퓨틱스,주식,NASDAQ,2.63,0.07,2.73,2026-10-06 05:42
OKYO,OKYO Pharma Ltd,주식,NASDAQ,1.47,0.00,0.00,2026-10-06 05:42
OLB,오엘비 그룹,주식,NASDAQ,0.19,0.00,-0.42,2026-10-06 05:42
OLED,유니버설 디스플레이,주식,NASDAQ,79.80,-0.57,-0.71,2026-10-06 05:42
OLLI,올리스 바겐 아웃렛 홀딩스,주식,NASDAQ,86.85,-1.21,-1.37,2026-10-06 05:42
OLMA,올레마 파마슈티컬,주식,NASDAQ,8.25,0.03,0.30,2026-10-06 05:42
OLN,올린,주식,NYSE,16.27,0.37,2.33,2026-10-06 05:42
OLOX,오레녹스 인더스트리스,주식,NASDAQ,0.88,0.04,4.58,2026-10-06 05:42
OLP,원 리버티 프로퍼티즈,주식,NYSE,21.92,-0.11,-0.50,2026-10-06 05:42
OM,아웃셋 메디컬,주식,NASDAQ,4.10,0.14,3.54,2026-10-06 05:42
OMAB,그루포 에어로포르투아리오 센트로노테 ADR,주식,NASDAQ,94.98,0.79,0.84,2026-10-06 05:42
OMAH,VistaShares Target 15 Berkshire Select Income ETF,ETF,AMEX,17.58,0.05,0.29,2026-10-06 05:42
OMC,옴니콤 그룹,주식,NYSE,75.25,1.10,1.48,2026-10-06 05:42
OMCL,옴니셀,주식,NASDAQ,34.64,1.04,3.10,2026-10-06 05:42
OMDA,오마다 헬스,주식,NASDAQ,20.95,0.58,2.85,2026-10-06 05:42
OMER,오메로스,주식,NASDAQ,18.90,0.29,1.56,2026-10-06 05:42
OMEX,오디세이 마린 익스플로레이션,주식,NASDAQ,0.64,-0.02,-3.34,2026-10-06 05:42
OMF,원메인 홀딩스,주식,NYSE,56.24,0.22,0.39,2026-10-06 05:42
OMFL,Invesco Russell 1000 Dynamic Multifactor ETF,ETF,AMEX,70.81,0.51,0.72,2026-10-06 05:42
OMFS,Invesco Russell 2000 Dynamic Multifactor ETF,ETF,AMEX,50.27,0.35,0.70,2026-10-06 05:42
OMH,오마이홈,주식,NASDAQ,2.71,0.06,2.26,2026-10-06 05:42
OMSE,OMS 에너지 테크놀로지스,주식,NASDAQ,4.43,0.04,0.91,2026-10-06 05:42
ON,온 세미콘덕터,주식,NASDAQ,85.93,1.04,1.23,2026-10-06 05:42
ONB,올드 내셔널 뱅코프,주식,NASDAQ,24.86,-0.10,-0.40,2026-10-06 05:42
ONBPO,올드 내셔널 뱅코프 40 우선주 시리즈 C,주식,NASDAQ,24.80,-0.01,-0.04,2026-10-06 05:42
ONBPP,올드 내셔널 뱅코프 40 우선주 시리즈 A,주식,NASDAQ,25.03,0.22,0.87,2026-10-06 05:42
ONC,비원 메디슨스 ADR,주식,NASDAQ,361.65,3.58,1.00,2026-10-06 05:42
ONCH,1RT 애퀴지션,주식,NASDAQ,10.34,0.00,0.00,2026-10-06 05:42
ONCHU,1RT Acquisition Units,주식,NASDAQ,10.41,0.00,0.00,2026-10-06 05:42
ONCO,온코네틱스,주식,NASDAQ,0.67,-0.06,-8.27,2026-10-06 05:42
ONCY,온콜리틱스 바이오텍,주식,NASDAQ,0.60,-0.03,-5.40,2026-10-06 05:42
OND,ProShares On-Demand ETF,ETF,AMEX,33.19,0.35,1.08,2026-10-06 05:42
ONDC,Corgi ONDS 2x Daily ETF,ETF,AMEX,17.81,0.92,5.43,2026-10-06 05:42
ONDG,Leverage Shares 2X Long ONDS Daily ETF,ETF,NASDAQ,2.18,0.11,5.27,2026-10-06 05:42
ONDL,Defiance Daily Target 2X Long ONDS ETF,ETF,AMEX,5.34,0.25,4.91,2026-10-06 05:42
ONDS,온다스,주식,NASDAQ,7.42,0.18,2.49,2026-10-06 05:42
ONDU,Tradr 2X Long ONDS Daily ETF,ETF,AMEX,14.04,0.68,5.09,2026-10-06 05:42
ONEG,원컨스트럭션 그룹,주식,NASDAQ,0.92,-0.08,-7.82,2026-10-06 05:42
ONEH,TrueShares Equity Hedge ETF,ETF,AMEX,24.45,0.09,0.35,2026-10-06 05:42
ONEN,헤네시 캐피털 인베스트먼트 VII,주식,NASDAQ,2.13,0.26,13.90,2026-10-06 05:42
ONEO,State Street SPDR Russell 1000 Momentum Focus ETF,ETF,AMEX,151.04,0.72,0.48,2026-10-06 05:42
ONEQ,Fidelity NASDAQ Composite Index ETF,ETF,NASDAQ,108.34,1.23,1.15,2026-10-06 05:42
ONEV,State Street SPDR Russell 1000 Low Vol Focus ETF,ETF,AMEX,140.45,0.78,0.56,2026-10-06 05:42
ONEW,원워터 마린,주식,NASDAQ,9.67,-0.15,-1.53,2026-10-06 05:42
ONEY,State Street SPDR Russell 1000 Yield Focus ETF,ETF,AMEX,124.19,0.30,0.24,2026-10-06 05:42
ONEZ,TrueShares Seasonality Laddered Buffered ETF,ETF,AMEX,28.29,0.13,0.46,2026-10-06 05:42
ONFO,온폴리오 홀딩스,주식,NASDAQ,0.87,0.01,1.17,2026-10-06 05:42
ONG,Leverage Shares 2X Long On Daily ETF,ETF,AMEX,5.59,0.14,2.57,2026-10-06 05:42
ONIT,오니티 그룹,주식,NYSE,27.50,0.24,0.88,2026-10-06 05:42
ONL,오리온 프로퍼티스,주식,NYSE,2.36,-0.05,-2.07,2026-10-06 05:42
ONLN,ProShares Online Retail ETF,ETF,AMEX,55.05,0.97,1.79,2026-10-06 05:42
ONMD,원메드넷,주식,NASDAQ,5.11,-0.28,-5.19,2026-10-06 05:42
ONOF,Global X Adaptive US Risk Management ETF,ETF,AMEX,41.46,0.27,0.66,2026-10-06 05:42
ONON,온 홀딩,주식,NYSE,31.88,1.03,3.34,2026-10-06 05:42
ONT,온테리스,주식,NYSE,14.21,1.50,11.80,2026-10-06 05:42
ONTO,온투 이노베이션,주식,NYSE,325.41,-2.36,-0.72,2026-10-06 05:42
ONTX,Corgi ONTO 2x Daily ETF,ETF,AMEX,20.27,-0.21,-1.01,2026-10-06 05:42
ONX,Tradr 2X Long ON Daily ETF,ETF,AMEX,8.89,0.22,2.48,2026-10-06 05:42
OOMA,우마,주식,NYSE,21.00,0.20,0.96,2026-10-06 05:42
OOSP,Obra Opportunistic Structured Products ETF,ETF,AMEX,9.99,-0.01,-0.10,2026-10-06 05:42
OPAL,오팔 퓨얼,주식,NASDAQ,1.78,0.04,2.30,2026-10-06 05:42
OPBK,OP 뱅코프,주식,NASDAQ,15.20,-0.28,-1.81,2026-10-06 05:42
OPCH,옵션 케어 헬스,주식,NASDAQ,23.37,0.73,3.22,2026-10-06 05:42
OPEG,Leverage Shares 2X Long OPEN Daily ETF,ETF,NASDAQ,0.93,-0.09,-8.43,2026-10-06 05:42
OPEN,오픈도어 테크놀로지스,주식,NASDAQ,2.31,-0.13,-5.33,2026-10-06 05:42
OPER,ClearShares Ultra-Short Maturity ETF,ETF,AMEX,100.12,-0.01,-0.01,2026-10-06 05:42
OPEX,Tradr 2X Long OPEN Daily ETF,ETF,AMEX,3.59,-0.37,-9.34,2026-10-06 05:42
OPFI,옵파이,주식,NYSE,6.04,0.07,1.17,2026-10-06 05:42
OPHC,옵티멈뱅크 홀딩스,주식,AMEX,8.60,-0.44,-4.87,2026-10-06 05:42
OPI,오피스 프로퍼티스 인컴 트러스트,주식,NASDAQ,15.40,-0.39,-2.47,2026-10-06 05:42
OPK,옵코 헬스,주식,NASDAQ,1.57,0.01,0.64,2026-10-06 05:42
OPLN,오픈레인,주식,NYSE,35.32,-0.21,-0.59,2026-10-06 05:42
OPP,RiverNorth/DoubleLine Strategic Opportunity Fund,주식,NYSE,6.91,-0.04,-0.58,2026-10-06 05:42
OPPE,WisdomTree European Opportunities Fund,ETF,AMEX,57.36,-0.13,-0.23,2026-10-06 05:42
OPPG,WisdomTree GeoAlpha Opportunities Fund,ETF,AMEX,36.52,0.22,0.60,2026-10-06 05:42
OPPJ,WisdomTree Japan Opportunities Fund,ETF,NASDAQ,60.23,0.30,0.50,2026-10-06 05:42
OPRA,오페라 ADR,주식,NASDAQ,17.71,0.01,0.06,2026-10-06 05:42
OPRT,오포툰 파이낸셜,주식,NASDAQ,8.38,0.03,0.36,2026-10-06 05:42
OPRX,옵티마이즈알엑스,주식,NASDAQ,8.72,0.15,1.75,2026-10-06 05:42
OPTH,옵티미 헬스,주식,NASDAQ,4.30,-0.20,-4.34,2026-10-06 05:42
OPTT,오션 파워 테크놀로지스,주식,AMEX,0.96,-0.06,-5.94,2026-10-06 05:42
OPTU,옵티멈 커뮤니케이션스,주식,NYSE,0.99,0.07,7.98,2026-10-06 05:42
OPTX,신텍 옵틱스 홀딩스,주식,NASDAQ,9.80,0.66,7.22,2026-10-06 05:42
OPTZ,Optimize Strategy Index ETF,ETF,NASDAQ,46.35,0.20,0.43,2026-10-06 05:42
OPXS,옵텍스 시스템스 홀딩스,주식,NASDAQ,10.32,-0.13,-1.24,2026-10-06 05:42
OPY,오펜하이머 홀딩스,주식,NYSE,121.68,1.55,1.29,2026-10-06 05:42
OR,OR 로열티스,주식,NYSE,34.46,-0.01,-0.03,2026-10-06 05:42
ORA,오마트 테크놀로지스,주식,NYSE,91.29,-1.57,-1.69,2026-10-06 05:42
ORAC,Corgi ORCL 2x Daily ETF,ETF,AMEX,20.92,-0.11,-0.52,2026-10-06 05:42
ORBS,에이토 홀딩스,주식,NASDAQ,1.08,-0.08,-6.90,2026-10-06 05:42
ORBX,Global X Space Tech ETF,ETF,NASDAQ,43.61,0.25,0.58,2026-10-06 05:42
ORC,오키드 아일랜드 캐피털,주식,NYSE,5.05,-0.06,-1.17,2026-10-06 05:42
ORCL,오라클,주식,NYSE,142.48,0.18,0.13,2026-10-06 05:42
ORCS,Direxion Daily ORCL Bear 1X ETF,ETF,NASDAQ,29.43,0.00,0.00,2026-10-06 05:42
ORCU,Direxion Daily ORCL Bull 2X ETF,ETF,NASDAQ,7.05,0.01,0.14,2026-10-06 05:42
ORCX,Defiance Daily Target 2X Long ORCL ETF,ETF,NASDAQ,19.77,0.02,0.10,2026-10-06 05:42
ORCZ,Tradr 2X Short ORCL Daily ETF,ETF,AMEX,16.60,0.01,0.06,2026-10-06 05:42
ORGO,오가노제네시스홀딩스,주식,NASDAQ,1.29,-0.04,-3.01,2026-10-06 05:42
ORI,올드 리퍼블릭 인터내셔널,주식,NYSE,37.79,-0.27,-0.71,2026-10-06 05:42
ORIC,오릭 파마슈티컬스,주식,NASDAQ,12.49,0.29,2.34,2026-10-06 05:42
ORIO,오리온 디지털,주식,NASDAQ,1.05,0.00,0.00,2026-10-06 05:42
ORIQ,오리진 인베스트먼트 I,주식,NASDAQ,10.41,0.00,0.00,2026-10-06 05:42
ORIQU,Origin Investment I Units,주식,NASDAQ,10.35,0.00,0.00,2026-10-06 05:42
ORKA,오루카 테라퓨틱스,주식,NASDAQ,84.38,-0.14,-0.17,2026-10-06 05:42
ORKT,오렌지클라우드 테크놀로지,주식,NASDAQ,0.99,-0.02,-2.04,2026-10-06 05:42
ORLY,오레일리 오토모티브,주식,NASDAQ,83.90,-1.00,-1.18,2026-10-06 05:42
ORMP,오라메드 파마슈티컬스,주식,NASDAQ,4.55,0.06,1.34,2026-10-06 05:42
ORN,오라이언 그룹 홀딩스,주식,NYSE,9.26,-0.04,-0.43,2026-10-06 05:42
ORO,Arrow Valtoro ETF,ETF,AMEX,20.98,0.28,1.33,2026-10-06 05:42
ORR,Militia Long/Short Equity ETF,ETF,NASDAQ,38.20,0.32,0.84,2026-10-06 05:42
ORRF,오스타운 파이낸셜 서비스,주식,NASDAQ,41.40,-0.27,-0.65,2026-10-06 05:42
OSBC,올드 세컨드 뱅코프,주식,NASDAQ,24.87,-0.08,-0.32,2026-10-06 05:42
OSCR,오스카 헬스,주식,NYSE,32.42,1.48,4.78,2026-10-06 05:42
OSCV,Opus Small Cap Value ETF,ETF,AMEX,39.98,0.13,0.33,2026-10-06 05:42
OSCX,Defiance Daily Target 2X Long OSCR ETF,ETF,NASDAQ,37.36,3.16,9.23,2026-10-06 05:42
OSEA,Harbor International Compounders ETF,ETF,AMEX,29.45,0.16,0.54,2026-10-06 05:42
OSG,옥타브 스페셜티 그룹,주식,NYSE,4.58,-0.02,-0.43,2026-10-06 05:42
OSIS,OSI 시스템즈,주식,NASDAQ,197.87,1.09,0.55,2026-10-06 05:42
OSK,오시코시,주식,NYSE,132.67,-1.18,-0.88,2026-10-06 05:42
OSPN,원스팬,주식,NASDAQ,18.42,0.30,1.66,2026-10-06 05:42
OSPR,오스프리 애퀴지션 III,주식,NASDAQ,9.82,0.00,0.00,2026-10-06 05:42
OSPRU,Osprey Acquisition III Units,주식,NASDAQ,9.99,0.00,0.00,2026-10-06 05:42
OSS,OSS(원 스탑 시스템),주식,NASDAQ,8.33,-0.33,-3.81,2026-10-06 05:42
OSSL,Defiance Daily Target 2x Long OSS ETF,ETF,AMEX,3.11,-0.27,-8.07,2026-10-06 05:42
OST,오스틴 테크놀로지 그룹,주식,NASDAQ,1.70,0.00,0.00,2026-10-06 05:42
OSTX,OS 테라퓨틱스,주식,AMEX,1.60,-0.02,-1.23,2026-10-06 05:42
OSUR,오라슈어 테크놀로지스,주식,NASDAQ,4.11,0.15,3.66,2026-10-06 05:42
OSW,원스파월드 홀딩스,주식,NASDAQ,22.92,-0.70,-2.96,2026-10-06 05:42
OTAI,스타링크 AI 애퀴지션,주식,NYSE,10.02,0.01,0.11,2026-10-06 05:42
OTAI.U,Starlink AI Acquisition Units,주식,NYSE,10.17,0.03,0.30,2026-10-06 05:42
OTAX,Optimal Tax Managed Equity ETF,ETF,NYSE,50.70,0.25,0.50,2026-10-06 05:42
OTEX,오픈 텍스트,주식,NASDAQ,22.50,0.28,1.26,2026-10-06 05:42
OTF,블루 아울 테크놀로지 파이낸스,주식,NYSE,9.44,-0.14,-1.46,2026-10-06 05:42
OTGA,OTG 애퀴지션 I,주식,NASDAQ,10.27,0.01,0.10,2026-10-06 05:42
OTGAU,OTG Acquisition I Units,주식,NASDAQ,10.40,0.00,0.00,2026-10-06 05:42
OTGL,OTG Latin America ETF,ETF,NASDAQ,11.32,0.65,6.11,2026-10-06 05:42
OTIS,오티스 월드와이드,주식,NYSE,65.88,1.83,2.86,2026-10-06 05:42
OTLK,아웃룩 테라퓨틱스,주식,NASDAQ,0.60,0.00,0.42,2026-10-06 05:42
OTLY,오틀리 그룹 ADR,주식,NASDAQ,10.47,-0.08,-0.76,2026-10-06 05:42
OTTR,오터 테일,주식,NASDAQ,88.42,-0.45,-0.51,2026-10-06 05:42
OUNZ,VanEck Merk Gold ETF,ETF,AMEX,39.78,-0.07,-0.18,2026-10-06 05:42
OUSA,ALPS O'Shares US Quality Dividend ETF,ETF,AMEX,59.99,0.35,0.59,2026-10-06 05:42
OUSL,Defiance Daily Target 2X Long OUST ETF,ETF,AMEX,18.32,-0.30,-1.61,2026-10-06 05:42
OUSM,ALPS O'Shares US Small-Cap Quality Dividend ETF,ETF,AMEX,46.89,0.35,0.75,2026-10-06 05:42
OUST,아우스터,주식,NASDAQ,44.12,-0.27,-0.61,2026-10-06 05:42
OUT,아웃프론트 미디어,주식,NYSE,28.89,0.19,0.66,2026-10-06 05:42
OVB,Overlay Shares Core Bond ETF,ETF,AMEX,19.45,-0.02,-0.10,2026-10-06 05:42
OVBC,오하이오 밸리 뱅크,주식,NASDAQ,44.72,0.11,0.25,2026-10-06 05:42
OVF,Overlay Shares Foreign Equity ETF,ETF,AMEX,31.11,0.19,0.61,2026-10-06 05:42
OVID,오비드 테라퓨틱스,주식,NASDAQ,2.34,-0.04,-1.68,2026-10-06 05:42
OVL,Overlay Shares Large Cap Equity ETF,ETF,AMEX,57.37,0.43,0.76,2026-10-06 05:42
OVLH,Overlay Shares Hedged Large Cap Equity ETF,ETF,AMEX,42.63,0.21,0.50,2026-10-06 05:42
OVLY,오크 밸리 뱅코프,주식,NASDAQ,34.28,0.19,0.56,2026-10-06 05:42
OVM,Overlay Shares Municipal Bond ETF,ETF,AMEX,20.48,0.08,0.39,2026-10-06 05:42
OVS,Overlay Shares Small Cap Equity ETF,ETF,AMEX,39.07,0.17,0.43,2026-10-06 05:42
OVT,Overlay Shares Short Term Bond ETF,ETF,AMEX,21.30,0.05,0.25,2026-10-06 05:42
OVV,오빈티브,주식,NYSE,60.95,0.61,1.01,2026-10-06 05:42
OWL,블루 아울 캐피털,주식,NYSE,8.97,-0.11,-1.21,2026-10-06 05:42
OWLS,오북 홀딩스,주식,NASDAQ,5.44,-0.02,-0.37,2026-10-06 05:42
OWLT,오울렛,주식,NYSE,5.06,0.00,0.00,2026-10-06 05:42
OWN,Inside Ownership 100 ETF,ETF,AMEX,25.43,0.24,0.95,2026-10-06 05:42
OWNB,Bitwise Bitcoin Standard Corporations ETF,ETF,AMEX,22.83,0.17,0.76,2026-10-06 05:42
OWNS,CCM Affordable Housing MBS ETF,ETF,AMEX,16.30,-0.03,-0.15,2026-10-06 05:42
OXBR,옥스브리지 리 홀딩스,주식,NASDAQ,1.14,0.02,1.79,2026-10-06 05:42
OXLC,옥스포드 레인 캐피털,주식,NASDAQ,8.93,0.02,0.22,2026-10-06 05:42
OXLCG,Oxford Lane Capital 7 95 Notes due 2032,주식,NASDAQ,24.97,0.18,0.73,2026-10-06 05:42
OXLCI,Oxford Lane Capital Corp 8 75 Notes due 2030,주식,NASDAQ,25.32,-0.01,-0.04,2026-10-06 05:42
OXLCL,Oxford Lane Capital 6 75 Notes due 2031,주식,NASDAQ,23.85,0.04,0.15,2026-10-06 05:42
OXLCM,옥스퍼드 레인 우선주 8.25%,주식,NASDAQ,25.02,0.01,0.03,2026-10-06 05:42
OXLCN,옥스포트 레인 캐피털 우선주 7.125%,주식,NASDAQ,24.32,-0.06,-0.23,2026-10-06 05:42
OXLCO,옥스포드 레인 캐피털 우선주 7.50%,주식,NASDAQ,23.56,0.06,0.26,2026-10-06 05:42
OXLCZ,Oxford Lane Capital 5 00 Notes due 2027,주식,NASDAQ,24.97,0.03,0.12,2026-10-06 05:42
OXM,옥스포드 인더스트리스,주식,NYSE,25.38,0.45,1.81,2026-10-06 05:42
OXSQ,옥스포드 스퀘어 캐피털,주식,NASDAQ,1.27,-0.01,-0.78,2026-10-06 05:42
OXSQG,Oxford Square Capital 5 50 Notes due 2028,주식,NASDAQ,24.34,-0.05,-0.22,2026-10-06 05:42
OXSQH,Oxford Square Capital 7 75 Notes due 2030,주식,NASDAQ,25.00,0.02,0.08,2026-10-06 05:42
OXY,옥시덴털 페트롤리움,주식,NYSE,58.31,0.23,0.40,2026-10-06 05:42
OYSE,오이스터 엔터프라이시스 II 애퀴지션,주식,NASDAQ,10.42,0.02,0.14,2026-10-06 05:42
OYSER,Oyster Enterprises II Acquisition Rights Exp 22nd May 2030,주식,NASDAQ,0.13,0.00,0.00,2026-10-06 05:42
OYSEU,Oyster Enterprises II Acquisition Units,주식,NASDAQ,10.66,0.00,0.00,2026-10-06 05:42
OZ,Belpointe PREP Units Class A,주식,AMEX,41.23,0.33,0.79,2026-10-06 05:42
OZEM,Roundhill GLP 1 And Weight Loss ETF,ETF,NASDAQ,29.96,0.02,0.08,2026-10-06 05:42
OZK,뱅크 오즈크,주식,NASDAQ,46.59,-0.12,-0.25,2026-10-06 05:42
OZKAP,뱅크 오즈크 우선주 시리즈 A 4.625%,주식,NASDAQ,14.80,-0.08,-0.54,2026-10-06 05:42
P,에버퓨어,주식,NYSE,143.88,3.74,2.67,2026-10-06 05:42
PAA,Plains All American Pipeline Units,주식,NASDAQ,23.91,0.16,0.67,2026-10-06 05:42
PAAA,PGIM AAA CLO ETF,ETF,AMEX,51.31,-0.01,-0.02,2026-10-06 05:42
PAAC,프로엠 애퀴지션 I,주식,NASDAQ,10.01,-0.01,-0.10,2026-10-06 05:42
PAACU,Proem Acquisition Units,주식,NASDAQ,10.30,0.03,0.29,2026-10-06 05:42
PAAI,파라디움 AI,주식,AMEX,1.06,-0.10,-8.62,2026-10-06 05:42
PAAS,팬 아메리카 실버,주식,NYSE,45.32,-0.19,-0.42,2026-10-06 05:42
PAB,PGIM Active Aggregate Bond ETF,ETF,AMEX,40.14,-0.03,-0.07,2026-10-06 05:42
PABD,iShares Paris-Aligned Clim Opt MSCI Wd ex USA ETF,ETF,NASDAQ,67.92,-0.11,-0.16,2026-10-06 05:42
PABU,iShares Paris-Aligned Climate Optmzd MSCI USA ETF,ETF,NASDAQ,79.77,0.62,0.79,2026-10-06 05:42
PAC,그루포 에어로포르투아리오 파시피코 B ADR,주식,NYSE,210.00,9.10,4.53,2026-10-06 05:42
PACB,퍼시픽 바이오사이언시스 오브 캘리포니아,주식,NASDAQ,2.87,0.33,12.99,2026-10-06 05:42
PACH,파이어니어 애퀴지션 I,주식,NASDAQ,10.40,0.00,0.00,2026-10-06 05:42
PACHU,Pioneer Acquisition I Units,주식,NASDAQ,10.38,0.00,0.00,2026-10-06 05:42
PACK,란팍 홀딩스,주식,NYSE,3.96,-0.13,-3.18,2026-10-06 05:42
PACS,팩스 그룹,주식,NYSE,42.71,-0.14,-0.33,2026-10-06 05:42
PAG,펜스케 오토모티브 그룹,주식,NYSE,200.59,-3.44,-1.69,2026-10-06 05:42
PAGP,Plains GP Holdings Limited Partner Interests Units Class A,주식,NASDAQ,26.18,0.12,0.46,2026-10-06 05:42
PAGS,파그세구로 디지털,주식,NYSE,10.95,1.93,21.40,2026-10-06 05:42
PAHC,피브로 애니멀 헬스,주식,NASDAQ,37.19,-0.05,-0.13,2026-10-06 05:42
PAI,Western Asset Investment Grade Income Closed End Fund Inc,주식,NYSE,11.35,-0.03,-0.26,2026-10-06 05:42
PAII,파이로파이트 애퀴지션 II,주식,NYSE,10.34,0.01,0.10,2026-10-06 05:42
PAII.U,Pyrophyte Acquisition II Units,주식,NYSE,11.00,0.00,0.00,2026-10-06 05:42
PAL,프로피시언트 오토 로지스틱스,주식,NASDAQ,3.59,0.03,0.84,2026-10-06 05:42
PALC,Pacer Lunt Large Cap Multi-Factor Alternator ETF,ETF,AMEX,54.37,0.43,0.80,2026-10-06 05:42
PALD,Direxion Daily PANW Bear 1X ETF,ETF,NASDAQ,9.06,-0.07,-0.76,2026-10-06 05:42
PALI,팔리사드 바이오,주식,NASDAQ,1.46,0.02,1.39,2026-10-06 05:42
PALL,abrdn Physical Palladium Shares ETF,ETF,AMEX,21.28,0.03,0.14,2026-10-06 05:42
PALO,팔로마 애퀴지션 I,주식,NASDAQ,9.99,0.00,0.00,2026-10-06 05:42
PALOU,Paloma Acquisition I Units,주식,NASDAQ,10.05,0.00,0.00,2026-10-06 05:42
PALU,Direxion Daily PANW Bull 2X ETF,ETF,NASDAQ,65.34,0.96,1.49,2026-10-06 05:42
PAM,팜파 에네르히아 ADR,주식,NYSE,79.99,3.60,4.71,2026-10-06 05:42
PAMC,Pacer Lunt MidCap Multi-Factor Alternator ETF,ETF,AMEX,52.70,0.25,0.47,2026-10-06 05:42
PAMT,PAMT,주식,NASDAQ,12.02,-0.22,-1.80,2026-10-06 05:42
PANG,Leverage Shares 2X Long PANW Daily ETF,ETF,NASDAQ,40.21,0.63,1.60,2026-10-06 05:42
PANL,팡게아 로지스틱스 솔루션스,주식,NASDAQ,8.53,0.10,1.19,2026-10-06 05:42
PANW,팔로 알토 네트웍스,주식,NASDAQ,406.76,3.52,0.87,2026-10-06 05:42
PAPI,Parametric Equity Premium Income ETF,ETF,AMEX,26.60,0.07,0.26,2026-10-06 05:42
PAPL,파인애플 파이낸셜,주식,AMEX,0.87,-0.06,-6.20,2026-10-06 05:42
PAPR,Innovator US Equity Power Buffer ETF - April,ETF,AMEX,43.30,0.02,0.05,2026-10-06 05:42
PAR,파 테크놀로지,주식,NYSE,14.62,0.37,2.60,2026-10-06 05:42
PARA,반자이 인터내셔널,주식,NASDAQ,0.59,0.07,13.55,2026-10-06 05:42
PARK,파크 덴탈 파트너스,주식,NASDAQ,21.09,1.25,6.30,2026-10-06 05:42
PARR,파 퍼시픽 홀딩스,주식,NYSE,87.52,3.52,4.19,2026-10-06 05:42
PASG,패시지 바이오,주식,NASDAQ,4.09,-0.03,-0.73,2026-10-06 05:42
PASW,핑안 바이오메디컬,주식,NASDAQ,0.13,0.00,1.36,2026-10-06 05:42
PATH,유아이패스,주식,NYSE,13.16,0.04,0.30,2026-10-06 05:42
PATK,패트릭 인더스트리스,주식,NASDAQ,66.59,-0.57,-0.85,2026-10-06 05:42
PATN,Pacer Nasdaq International Patent Leaders ETF,ETF,NASDAQ,36.58,-0.05,-0.12,2026-10-06 05:42
PATX,Tradr 2X Long PATH Daily ETF,ETF,AMEX,9.69,0.09,0.94,2026-10-06 05:42
PAUG,Innovator US Equity Power Buffer ETF - August,ETF,AMEX,47.01,0.14,0.31,2026-10-06 05:42
PAVE,Global X US Infrastructure Development ETF,ETF,AMEX,54.11,0.23,0.43,2026-10-06 05:42
PAVM,파브메드,주식,NASDAQ,2.66,-0.21,-7.32,2026-10-06 05:42
PAVS,파라노부스 엔터테인먼트 테크놀로지,주식,NASDAQ,3.77,0.02,0.53,2026-10-06 05:42
PAWZ,ProShares Pet Care ETF,ETF,AMEX,46.84,0.08,0.17,2026-10-06 05:42
PAX,파트리아 인베스트먼트,주식,NASDAQ,11.10,0.89,8.72,2026-10-06 05:42
PAXS,PIMCO Access Income Fund,주식,NYSE,13.12,-0.27,-2.02,2026-10-06 05:42
PAY,페이먼트어스 홀딩스,주식,NYSE,31.62,0.79,2.56,2026-10-06 05:42
PAYC,페이콤 소프트웨어,주식,NYSE,225.79,4.80,2.17,2026-10-06 05:42
PAYH,TrueShares S&P Autocallable High Income ETF,ETF,AMEX,25.03,0.30,1.21,2026-10-06 05:42
PAYM,TrueShares S&P Autocallable Defensive Income ETF,ETF,AMEX,25.51,0.14,0.55,2026-10-06 05:42
PAYO,페이오니아 글로벌,주식,NASDAQ,7.15,0.00,0.00,2026-10-06 05:42
PAYP,페이페이 ADR,주식,NASDAQ,15.26,0.34,2.28,2026-10-06 05:42
PAYR,Federated Hermes Enhanced Income ETF,ETF,AMEX,52.05,0.05,0.10,2026-10-06 05:42
PAYS,페이사인,주식,NASDAQ,14.81,0.58,4.08,2026-10-06 05:42
PAYX,페이첵스,주식,NASDAQ,99.78,0.84,0.85,2026-10-06 05:42
PB,프로스페리티 뱅크셰어스,주식,NYSE,67.22,-0.16,-0.24,2026-10-06 05:42
PBA,펨비나 파이프라인,주식,NYSE,46.11,0.22,0.48,2026-10-06 05:42
PBAM,프라이빗 뱅코프 오브 아메리카,주식,NASDAQ,86.35,-0.55,-0.63,2026-10-06 05:42
PBAP,PGIM S&P 500 Buffer 20 ETF - April,ETF,AMEX,31.72,-0.01,-0.02,2026-10-06 05:42
PBAU,PGIM S&P 500 Buffer 20 ETF - August,ETF,AMEX,32.25,0.04,0.14,2026-10-06 05:42
PBCS,Portfolio Bldg Blk World Consumer Staples ETF,ETF,NASDAQ,24.34,0.09,0.37,2026-10-06 05:42
PBD,Invesco Global Clean Energy ETF,ETF,AMEX,16.97,-0.14,-0.81,2026-10-06 05:42
PBDC,Putnam BDC Income ETF,ETF,AMEX,26.55,-0.27,-1.01,2026-10-06 05:42
PBDE,PGIM S&P 500 Buffer 20 ETF - December,ETF,AMEX,31.84,0.04,0.13,2026-10-06 05:42
PBE,Invesco Biotechnology & Genome ETF,ETF,AMEX,97.04,1.97,2.07,2026-10-06 05:42
PBEU,Portfolio Building Block European Banks Index ETF,ETF,NASDAQ,33.32,0.23,0.68,2026-10-06 05:42
PBF,PBF 에너지,주식,NYSE,84.16,3.38,4.18,2026-10-06 05:42
PBFB,PGIM S&P 500 Buffer 20 ETF - February,ETF,AMEX,32.75,0.03,0.08,2026-10-06 05:42
PBFR,PGIM Laddered S&P 500 Buffer 20 ETF,ETF,AMEX,31.38,0.00,0.00,2026-10-06 05:42
PBFS,파이오니아 뱅코프,주식,NASDAQ,17.37,-0.40,-2.25,2026-10-06 05:42
PBH,프레스티지 컨슈머 헬스케어,주식,NYSE,45.60,0.34,0.75,2026-10-06 05:42
PBHC,패트파인더 뱅코프,주식,NASDAQ,16.89,-0.54,-3.10,2026-10-06 05:42
PBI,피트니보우스,주식,NYSE,16.81,0.05,0.30,2026-10-06 05:42
PBJ,Invesco Food & Beverage ETF,ETF,AMEX,45.45,0.14,0.32,2026-10-06 05:42
PBJA,PGIM S&P 500 Buffer 20 ETF - January,ETF,AMEX,33.16,0.05,0.15,2026-10-06 05:42
PBJL,PGIM S&P 500 Buffer 20 ETF - July,ETF,AMEX,32.04,0.06,0.19,2026-10-06 05:42
PBJN,PGIM S&P 500 Buffer 20 ETF - June,ETF,AMEX,31.57,0.07,0.22,2026-10-06 05:42
PBK,파워뱅크,주식,NASDAQ,0.23,0.00,0.00,2026-10-06 05:42
PBL,PGIM Portfolio Ballast ETF,ETF,AMEX,33.59,0.09,0.28,2026-10-06 05:42
PBLS,파라빌리스 메디슨스,주식,NASDAQ,29.53,-0.75,-2.48,2026-10-06 05:42
PBM,사이언스 바이오메디컬,주식,NASDAQ,5.08,-0.08,-1.55,2026-10-06 05:42
PBMR,PGIM S&P 500 Buffer 20 ETF - March,ETF,AMEX,32.90,0.03,0.11,2026-10-06 05:42
PBMY,PGIM S&P 500 Buffer 20 ETF - May,ETF,AMEX,31.95,0.05,0.16,2026-10-06 05:42
PBNV,PGIM S&P 500 Buffer 20 ETF - November,ETF,AMEX,31.97,0.04,0.14,2026-10-06 05:42
PBOC,PGIM S&P 500 Buffer 20 ETF - October,ETF,AMEX,31.63,0.05,0.16,2026-10-06 05:42
PBOG,Portfolio BB IO and Gas and Exp and Prod Index ETF,ETF,NASDAQ,34.96,0.01,0.02,2026-10-06 05:42
PBOT,Pictet AI & Automation ETF,ETF,AMEX,36.13,0.28,0.79,2026-10-06 05:42
PBP,Invesco S&P 500 BuyWrite ETF,ETF,AMEX,23.47,0.06,0.26,2026-10-06 05:42
PBPH,Portfolio Building Block World P and B Index ETF,ETF,NASDAQ,27.75,-0.08,-0.27,2026-10-06 05:42
PBQQ,PGIM Laddered Nasdaq-100 Buffer 12 ETF,ETF,NASDAQ,32.69,0.11,0.35,2026-10-06 05:42
PBR,페트로브라스 ADR,주식,NYSE,24.14,2.49,11.50,2026-10-06 05:42
PBR.A,페트로브라스 우선주 ADR,주식,NYSE,22.12,2.52,12.86,2026-10-06 05:42
PBRG,Leverage Shares 2X Long PBR Daily ETF,ETF,NASDAQ,60.29,11.35,23.20,2026-10-06 05:42
PBSC,Pacer Barings Secured Credit Flex ETF,ETF,NASDAQ,24.87,0.01,0.04,2026-10-06 05:42
PBSE,PGIM S&P 500 Buffer 20 ETF - September,ETF,AMEX,31.51,0.05,0.14,2026-10-06 05:42
PBT,Permian Basin Royalty Units,주식,NYSE,32.34,0.77,2.44,2026-10-06 05:42
PBTP,Invesco 0-5 Yr US TIPS ETF,ETF,AMEX,25.50,0.00,0.00,2026-10-06 05:42
PBUB,Portfolio Building Block US Banks ETF,ETF,NASDAQ,24.59,0.03,0.11,2026-10-06 05:42
PBUS,Invesco MSCI USA ETF,ETF,AMEX,77.74,0.55,0.71,2026-10-06 05:42
PBW,Invesco WilderHill Clean Energy ETF,ETF,AMEX,29.32,-0.20,-0.68,2026-10-06 05:42
PBWN,Portfolio Bldg Blk World Ex US Industrials ETF,ETF,NASDAQ,24.65,-0.16,-0.63,2026-10-06 05:42
PBYI,퓨마 바이오테크놀러지,주식,NASDAQ,9.67,0.16,1.68,2026-10-06 05:42
PC,프리미엄 케이터링 홀딩스,주식,NASDAQ,9.40,0.00,0.00,2026-10-06 05:42
PCAP,프로캡 애퀴지션,주식,NASDAQ,10.40,-0.01,-0.10,2026-10-06 05:42
PCAPU,Procap Acquisition Units A,주식,NASDAQ,10.47,-0.01,-0.10,2026-10-06 05:42
PCAR,파카,주식,NASDAQ,109.36,-0.32,-0.29,2026-10-06 05:42
PCB,PCB 뱅코프,주식,NASDAQ,28.03,0.02,0.07,2026-10-06 05:42
PCEB,Polen Euro High Yield Bond ETF,ETF,AMEX,23.11,-0.11,-0.47,2026-10-06 05:42
PCEF,Invesco CEF Income Composite ETF,ETF,AMEX,19.33,-0.13,-0.67,2026-10-06 05:42
PCF,High Income Securities Fund,주식,NYSE,5.06,-0.05,-0.98,2026-10-06 05:42
PCFI,Polen Floating Rate Income ETF,ETF,AMEX,22.47,-0.01,-0.02,2026-10-06 05:42
PCG,퍼시픽 가스 & 일렉트릭,주식,NYSE,12.35,0.03,0.24,2026-10-06 05:42
PCHI,Polen High Income ETF,ETF,AMEX,23.42,-0.09,-0.36,2026-10-06 05:42
PCI,PGIM Corporate Bond 5-10 Year ETF,ETF,AMEX,47.28,0.04,0.09,2026-10-06 05:42
PCL,PGIM Corporate Bond 10+ Year ETF,ETF,AMEX,45.19,-0.06,-0.13,2026-10-06 05:42
PCLA,피코셀라 ADR,주식,NASDAQ,6.60,-0.14,-2.08,2026-10-06 05:42
PCLC,Polen 5Perspectives Large Growth ETF,ETF,AMEX,26.18,0.23,0.88,2026-10-06 05:42
PCLG,Polen Focus Growth ETF,ETF,AMEX,23.25,0.32,1.39,2026-10-06 05:42
PCLN,Pictet Cleaner Planet ETF,ETF,AMEX,31.77,0.26,0.82,2026-10-06 05:42
PCLO,Virtus Seix AAA Private Credit CLO ETF,ETF,AMEX,24.92,0.00,0.01,2026-10-06 05:42
PCM,PCM Fund Inc,주식,NYSE,5.00,-0.05,-0.99,2026-10-06 05:42
PCMM,BondBloxx Private Credit CLO ETF,ETF,NASDAQ,49.82,-0.01,-0.02,2026-10-06 05:42
PCN,PIMCO Corporate & Income Strategy Fund,주식,NYSE,10.61,-0.26,-2.39,2026-10-06 05:42
PCOR,프로코어테크놀러지스,주식,NYSE,54.18,3.23,6.34,2026-10-06 05:42
PCOV,Principal Equity Premium Income ETF,ETF,AMEX,23.96,0.10,0.43,2026-10-06 05:42
PCPC,Porter & Company Property & Casualty Index ETF,ETF,AMEX,24.54,0.13,0.54,2026-10-06 05:42
PCPI,PIMCO Inflation PLUS Active Exchange-Traded Fund,ETF,NASDAQ,50.18,-0.07,-0.14,2026-10-06 05:42
PCPP,Porter & Company Porter Portfolio Index ETF,ETF,AMEX,26.74,0.12,0.43,2026-10-06 05:42
PCQ,PIMCO California Municipal Income Fund,주식,NYSE,7.63,-0.13,-1.68,2026-10-06 05:42
PCR,Simplify VettaFi Private Credit Strategy ETF,ETF,AMEX,18.00,-0.13,-0.74,2026-10-06 05:42
PCRX,파시라 바이오사이언스,주식,NASDAQ,25.05,-0.16,-0.63,2026-10-06 05:42
PCS,PGIM Corporate Bond 0-5 Year ETF,ETF,AMEX,49.16,0.18,0.36,2026-10-06 05:42
PCSA,프로세사 파마슈티컬스,주식,NASDAQ,1.49,-0.12,-7.45,2026-10-06 05:42
PCSG,Polen 5Perspectives Small-Mid Growth ETF,ETF,AMEX,23.28,0.13,0.56,2026-10-06 05:42
PCT,퓨어사이클 테크놀러지,주식,NASDAQ,4.09,-0.30,-6.83,2026-10-06 05:42
PCTTU,PureCycle Technologies Units,주식,NASDAQ,5.99,0.00,0.00,2026-10-06 05:42
PCTY,페일로시티 홀딩,주식,NASDAQ,147.39,2.92,2.02,2026-10-06 05:42
PCVX,백사이트,주식,NASDAQ,73.82,17.34,30.70,2026-10-06 05:42
PCY,Invesco Emerging Markets Sovereign Debt ETF,ETF,AMEX,19.80,0.00,0.00,2026-10-06 05:42
PCYO,퓨어 사이클,주식,NASDAQ,10.86,-0.04,-0.37,2026-10-06 05:42
PD,페이져듀티,주식,NYSE,15.59,0.25,1.63,2026-10-06 05:42
PDBA,Invesco Agriculture Commodity Strategy No K-1 ETF,ETF,NASDAQ,38.01,0.34,0.90,2026-10-06 05:42
PDBC,Invesco Optimum Yld Dvsfd Cmd Str No K-1 ETF,ETF,NASDAQ,19.25,-0.19,-0.98,2026-10-06 05:42
PDC,퍼페추얼스 닷컴 ADR,주식,NASDAQ,3.29,-0.17,-4.91,2026-10-06 05:42
PDCC,펄 다이버 크레디트,주식,NYSE,8.40,0.03,0.30,2026-10-06 05:42
PDD,핀둬둬 ADR,주식,NASDAQ,77.90,2.52,3.34,2026-10-06 05:42
PDDL,GraniteShares 2x Long PDD Daily ETF,ETF,NASDAQ,10.69,0.68,6.79,2026-10-06 05:42
PDEC,Innovator US Equity Power Buffer ETF - December,ETF,AMEX,47.43,0.14,0.29,2026-10-06 05:42
PDEX,프로-덱스,주식,NASDAQ,65.41,1.34,2.08,2026-10-06 05:42
PDFS,PDF 솔루션스,주식,NASDAQ,56.08,0.58,1.05,2026-10-06 05:42
PDI,PIMCO Dynamic Income Fund,주식,NYSE,14.20,-0.20,-1.39,2026-10-06 05:42
PDLB,폰스 파이낸셜 그룹,주식,NASDAQ,20.28,-0.07,-0.34,2026-10-06 05:42
PDM,피드몬트 리얼티 트러스트,주식,NYSE,8.96,-0.04,-0.44,2026-10-06 05:42
PDN,Invesco RAFI Developed Mkts ex-US SM ETF,ETF,AMEX,46.01,0.06,0.14,2026-10-06 05:42
PDO,PIMCO Dynamic Income Opportunities Fund,주식,NYSE,11.79,-0.32,-2.64,2026-10-06 05:42
PDP,Invesco Dorsey Wright Momentum ETF,ETF,NASDAQ,141.22,0.94,0.67,2026-10-06 05:42
PDPA,펄 다이버 크레딧 우선주 Series A 8.00%,주식,NYSE,24.96,0.00,0.00,2026-10-06 05:42
PDS,프레시전 드릴링,주식,NYSE,88.22,3.31,3.90,2026-10-06 05:42
PDSB,PDS 바이오테크놀러지,주식,NASDAQ,1.20,0.45,60.32,2026-10-06 05:42
PDT,John Hancock Premium Dividend Fund,주식,NYSE,11.68,-0.10,-0.85,2026-10-06 05:42
PDX,PIMCO Dynamic Income Strategy Fund,주식,NYSE,20.66,-0.10,-0.48,2026-10-06 05:42
PDYN,팔라다인 AI,주식,NASDAQ,5.12,-0.21,-3.94,2026-10-06 05:42
PEB,페블브룩 호텔 트러스트,주식,NYSE,19.10,0.03,0.16,2026-10-06 05:42
PEBK,피플스 뱅코프 오브 노스캐롤라이나,주식,NASDAQ,43.58,-0.69,-1.56,2026-10-06 05:42
PEBO,피플스 뱅코프,주식,NASDAQ,37.11,-0.37,-0.99,2026-10-06 05:42
PECE,피스 애퀴지션,주식,NASDAQ,10.00,-0.01,-0.10,2026-10-06 05:42
PECER,Peace Acquisition Rights Exp 19th May 2031,주식,NASDAQ,0.41,0.04,9.46,2026-10-06 05:42
PECEU,Peace Acquisition Units,주식,NASDAQ,10.42,0.00,0.00,2026-10-06 05:42
PECO,필립스 에디슨 & 코,주식,NASDAQ,37.36,-0.40,-1.06,2026-10-06 05:42
PED,페데브코,주식,AMEX,12.93,0.12,0.94,2026-10-06 05:42
PEG,퍼블릭 서비스 엔터프라이즈,주식,NYSE,68.68,0.61,0.90,2026-10-06 05:42
PEGA,페가시스템즈,주식,NASDAQ,34.53,0.60,1.77,2026-10-06 05:42
PEJ,Invesco Leisure and Entertainment ETF,ETF,AMEX,62.56,0.05,0.08,2026-10-06 05:42
PEMX,Putnam Emerging Markets ex-China ETF,ETF,AMEX,89.14,1.40,1.60,2026-10-06 05:42
PEN,페넘브라,주식,NYSE,317.11,-0.44,-0.14,2026-10-06 05:42
PENG,펭귄 솔루션스,주식,NASDAQ,60.71,-0.65,-1.06,2026-10-06 05:42
PENN,펜 엔터테인먼트,주식,NASDAQ,15.10,0.33,2.23,2026-10-06 05:42
PENU,T-REX 2X Long PENG Daily Target ETF,ETF,AMEX,25.22,-0.51,-1.98,2026-10-06 05:42
PEO,Adams Natural Resources Fund，Inc.,주식,NYSE,28.07,0.25,0.90,2026-10-06 05:42
PEP,펩시코,주식,NASDAQ,125.65,-0.24,-0.19,2026-10-06 05:42
PEPG,펩젠,주식,NASDAQ,2.36,0.08,3.51,2026-10-06 05:42
PEPS,Parametric Equity Plus ETF,ETF,NASDAQ,33.46,0.25,0.76,2026-10-06 05:42
PERF,퍼펙트,주식,NYSE,1.92,0.01,0.52,2026-10-06 05:42
PERI,페리언 네트워크,주식,NASDAQ,8.51,0.01,0.12,2026-10-06 05:42
PESI,퍼마-픽스 인바이런먼털 서비스,주식,NASDAQ,15.49,-0.07,-0.45,2026-10-06 05:42
PETS,펫메드 익스프레스,주식,NASDAQ,1.32,-0.04,-2.94,2026-10-06 05:42
PETZ,TDH 홀딩스,주식,NASDAQ,1.23,-0.07,-5.38,2026-10-06 05:42
PEVC,Pacer PE/VC ETF,ETF,AMEX,32.54,0.42,1.32,2026-10-06 05:42
PEW,그랩어건 디지털 홀딩스,주식,NYSE,1.98,0.05,2.59,2026-10-06 05:42
PEX,ProShares Global Listed Private Equity ETF,ETF,AMEX,22.17,-0.23,-1.01,2026-10-06 05:42
PEXL,Pacer US Export Leaders ETF,ETF,AMEX,75.23,0.43,0.57,2026-10-06 05:42
PEY,Invesco High Yield Equity Dividend Achvrs ETF,ETF,NASDAQ,22.85,-0.04,-0.18,2026-10-06 05:42
PEZ,Invesco Dorsey Wright Consumer Cyclicals Mo ETF,ETF,NASDAQ,94.20,0.22,0.23,2026-10-06 05:42
PFAI,피너클 푸드 그룹,주식,NASDAQ,2.69,0.16,6.23,2026-10-06 05:42
PFBC,프리퍼드 은행,주식,NASDAQ,105.23,-0.45,-0.43,2026-10-06 05:42
PFD,Flaherty Crumrine Preferred and Income Mutual Fund  Incorporated,주식,NYSE,10.53,-0.16,-1.50,2026-10-06 05:42
PFDE,Pathfinder Disciplined US Equity ETF,ETF,NASDAQ,28.55,0.14,0.49,2026-10-06 05:42
PFE,화이자,주식,NYSE,27.41,-0.39,-1.40,2026-10-06 05:42
PFEB,Innovator US Equity Power Buffer ETF - February,ETF,AMEX,44.36,0.14,0.32,2026-10-06 05:42
PFF,iShares Preferred and Income Securities ETF,ETF,NASDAQ,29.49,-0.07,-0.24,2026-10-06 05:42
PFFA,Virtus InfraCap US Preferred Stock ETF,ETF,AMEX,19.75,-0.02,-0.10,2026-10-06 05:42
PFFD,Global X Us Preferred Etf,ETF,AMEX,17.55,-0.07,-0.40,2026-10-06 05:42
PFFL,UBS ETRACS 2xMonthly Pay Leveraged Preferred Stock Index ETN,주식,AMEX,6.76,-0.07,-0.95,2026-10-06 05:42
PFFR,InfraCap REIT Preferred ETF,ETF,AMEX,16.74,-0.19,-1.12,2026-10-06 05:42
PFFV,Global X Variable Rate Preferred ETF,ETF,AMEX,21.63,-0.03,-0.14,2026-10-06 05:42
PFG,프린시펄 파이낸셜 그룹,주식,NASDAQ,111.03,-0.93,-0.83,2026-10-06 05:42
PFGC,퍼포먼스 푸드 그룹,주식,NYSE,92.58,-1.27,-1.35,2026-10-06 05:42
PFH,Prudential Financial 4 125 Junior Subordinated Notes due 2060,주식,NYSE,14.96,0.09,0.61,2026-10-06 05:42
PFI,Invesco Dorsey Wright Financial Momentum ETF,ETF,NASDAQ,58.56,0.31,0.54,2026-10-06 05:42
PFIG,Invesco Fundmntl Invest Grade Corp Bond ETF,ETF,AMEX,23.03,0.00,0.01,2026-10-06 05:42
PFIS,피플스 파이낸셜 서비스,주식,NASDAQ,69.08,-0.21,-0.30,2026-10-06 05:42
PFIX,Simplify Interest Rate Hedge ETF,ETF,AMEX,67.32,2.22,3.41,2026-10-06 05:42
PFL,Pimco Income Strategy Closed Fund,주식,NYSE,6.85,-0.13,-1.86,2026-10-06 05:42
PFLA,Pennantpark Floating Rate Capital 7 375 Notes Due 2031,주식,NYSE,24.85,0.05,0.20,2026-10-06 05:42
PFLD,AAM Low Duration Preferred and Income Sec ETF,ETF,AMEX,19.15,-0.05,-0.23,2026-10-06 05:42
PFLT,페넌트파크 플로팅 레이트 캐피탈,주식,NYSE,6.78,-0.06,-0.88,2026-10-06 05:42
PFM,Invesco Dividend Achievers ETF,ETF,NASDAQ,55.46,0.20,0.37,2026-10-06 05:42
PFN,Pimco Income Strategy II Closed Fund,주식,NYSE,6.19,-0.15,-2.37,2026-10-06 05:42
PFO,Flaherty Crumrine Preferred and Income Opportunity Mutual Fund  Incorporated,주식,NYSE,8.51,-0.10,-1.16,2026-10-06 05:42
PFOE,Pathfinder Focused Opportunities ETF,ETF,NASDAQ,22.51,0.46,2.08,2026-10-06 05:42
PFRL,PGIM Floating Rate Income ETF,ETF,AMEX,49.47,-0.04,-0.08,2026-10-06 05:42
PFRX,Putnam Focused U S Research ETF,ETF,AMEX,33.53,0.24,0.73,2026-10-06 05:42
PFS,프로비던트 파이낸셜 서비스,주식,NYSE,22.38,-0.20,-0.89,2026-10-06 05:42
PFSA,프로퓨사,주식,NASDAQ,1.75,0.06,3.55,2026-10-06 05:42
PFSI,페니맥 파이낸셜 서비스,주식,NYSE,62.95,0.95,1.53,2026-10-06 05:42
PFX,피닉스핀,주식,NASDAQ,44.87,-0.01,-0.01,2026-10-06 05:42
PFXF,VanEck Preferred Securities ex Financials ETF,ETF,AMEX,17.69,-0.06,-0.34,2026-10-06 05:42
PFXNZ,PhenixFIN 5 25 Notes due 2028,주식,NASDAQ,23.94,-0.01,-0.04,2026-10-06 05:42
PG,P&G(프록터 & 갬블),주식,NYSE,145.94,1.03,0.71,2026-10-06 05:42
PGAC,팬티지스 캐피털 애퀴지션,주식,NASDAQ,10.78,0.00,0.00,2026-10-06 05:42
PGACR,Pantages Capital Acquisition Rights,주식,NASDAQ,0.16,0.00,0.00,2026-10-06 05:42
PGACU,Pantages Capital Acquisition Units,주식,NASDAQ,10.85,0.00,0.00,2026-10-06 05:42
PGC,피팩 글래드스턴 파이낸셜,주식,NASDAQ,44.34,-0.24,-0.54,2026-10-06 05:42
PGEN,프레시젠,주식,NASDAQ,7.74,-0.80,-9.37,2026-10-06 05:42
PGF,Invesco Financial Preferred ETF,ETF,AMEX,12.70,-0.11,-0.86,2026-10-06 05:42
PGHY,Invesco Global ex-US High Yield Corporate Bond ETF,ETF,AMEX,19.01,-0.02,-0.11,2026-10-06 05:42
PGJ,Invesco Golden Dragon China ETF,ETF,NASDAQ,21.63,0.38,1.78,2026-10-06 05:42
PGNY,프로지니,주식,NASDAQ,25.86,0.63,2.50,2026-10-06 05:42
PGP,PIMCO Global StocksPLUS & Income Fund,주식,NYSE,8.32,-0.10,-1.22,2026-10-06 05:42
PGR,프로그레시브,주식,NYSE,212.62,2.31,1.10,2026-10-06 05:42
PGRI,Putnam International Stock ETF,ETF,AMEX,26.39,-0.03,-0.12,2026-10-06 05:42
PGRO,Putnam Focused Large Cap Growth ETF,ETF,AMEX,49.15,0.46,0.95,2026-10-06 05:42
PGX,Invesco Preferred ETF,ETF,AMEX,10.07,-0.07,-0.69,2026-10-06 05:42
PGY,파가야 테크놀로지스,주식,NASDAQ,18.40,0.42,2.34,2026-10-06 05:42
PGZ,Principal Real Estate Income Fund,주식,NYSE,8.87,-0.25,-2.74,2026-10-06 05:42
PH,파커-하니핀,주식,NYSE,975.68,3.13,0.32,2026-10-06 05:42
PHAR,파밍 그룹 ADR,주식,NASDAQ,9.80,0.05,0.51,2026-10-06 05:42
PHAT,패썸 파마슈티컬스,주식,NASDAQ,6.70,-0.22,-3.18,2026-10-06 05:42
PHDG,Invesco S&P 500 Downside Hedged ETF,ETF,AMEX,41.74,0.18,0.43,2026-10-06 05:42
PHEQ,Parametric Hedged Equity ETF,ETF,AMEX,35.67,0.06,0.16,2026-10-06 05:42
PHG,코닝클레이커 필립스 ADR,주식,NYSE,23.91,-0.01,-0.04,2026-10-06 05:42
PHI,PLDT ADR,주식,NYSE,18.15,0.59,3.36,2026-10-06 05:42
PHIN,피니아,주식,NYSE,60.18,0.40,0.67,2026-10-06 05:42
PHIO,피오 파마슈티컬스,주식,NASDAQ,0.99,0.01,0.60,2026-10-06 05:42
PHK,PIMCO High Income Fund,주식,NYSE,4.06,-0.09,-2.17,2026-10-06 05:42
PHM,풀티 그룹,주식,NYSE,113.98,-1.75,-1.51,2026-10-06 05:42
PHO,Invesco Water Resources ETF,ETF,NASDAQ,68.88,0.81,1.19,2026-10-06 05:42
PHOE,피닉스 아시아 홀딩스,주식,NASDAQ,19.17,0.27,1.43,2026-10-06 05:42
PHOS,퍼스트 포스페이트 ADR,주식,NASDAQ,14.67,-0.31,-2.07,2026-10-06 05:42
PHOX,Aura AI Photonics ETF,ETF,AMEX,24.96,-0.09,-0.35,2026-10-06 05:42
PHR,프리시아,주식,NYSE,10.37,0.30,2.98,2026-10-06 05:42
PHUN,펀웨어,주식,NASDAQ,2.06,0.06,2.75,2026-10-06 05:42
PHVS,파바비스 NV,주식,NASDAQ,30.49,-0.70,-2.24,2026-10-06 05:42
PHYL,PGIM Active High Yield Bond ETF,ETF,AMEX,33.51,0.03,0.09,2026-10-06 05:42
PHYS,Sprott Physical Gold Trust USD,ETF,AMEX,31.20,-0.01,-0.03,2026-10-06 05:42
PI,임핀지,주식,NASDAQ,185.19,-4.42,-2.33,2026-10-06 05:42
PICB,Invesco International Corporate Bond ETF,ETF,AMEX,22.16,-0.07,-0.29,2026-10-06 05:42
PICK,iShares MSCI Global Metals & Mining Producers ETF,ETF,AMEX,61.24,0.74,1.22,2026-10-06 05:42
PICS,픽스,주식,NASDAQ,11.62,2.53,27.83,2026-10-06 05:42
PID,Invesco International Dividend Achievers ETF,ETF,NASDAQ,21.48,0.24,1.13,2026-10-06 05:42
PIE,Invesco Dorsey Wright Emerging Markets Mo ETF,ETF,NASDAQ,35.48,0.70,2.03,2026-10-06 05:42
PIEL,Pacer International Export Leaders ETF,ETF,AMEX,28.79,0.04,0.15,2026-10-06 05:42
PIEQ,Principal International Equity ETF,ETF,AMEX,36.21,0.33,0.92,2026-10-06 05:42
PIFI,ClearShares Piton Intermediate Fixed Income ETF,ETF,AMEX,90.83,0.04,0.04,2026-10-06 05:42
PII,폴라리스,주식,NYSE,52.66,-1.05,-1.95,2026-10-06 05:42
PIII,P3 헬스 파트너스,주식,NASDAQ,6.17,-0.19,-2.99,2026-10-06 05:42
PILL,Direxion Daily Pharmaceutical & Medical Bl 3X ETF,ETF,AMEX,14.82,-0.02,-0.13,2026-10-06 05:42
PIM,Franklin Master Intermediate Income Trust,주식,NYSE,2.97,-0.02,-0.67,2026-10-06 05:42
PINC,PGIM Securitized Income ETF,ETF,AMEX,49.07,-0.04,-0.08,2026-10-06 05:42
PINE,알파인 인컴 프로퍼티 트러스트,주식,NYSE,17.55,-0.13,-0.74,2026-10-06 05:42
PINK,Simplify Health Care ETF,ETF,AMEX,38.42,0.29,0.76,2026-10-06 05:42
PINS,핀터레스트,주식,NYSE,20.06,0.80,4.15,2026-10-06 05:42
PIO,Invesco Global Water ETF,ETF,NASDAQ,44.18,0.85,1.96,2026-10-06 05:42
PIPE,Invesco SteelPath MLP & Energy Infrastructure ETF,ETF,AMEX,29.14,0.19,0.66,2026-10-06 05:42
PIPR,파이퍼 샌들러 컴퍼니스,주식,NYSE,65.63,0.27,0.41,2026-10-06 05:42
PIT,VanEck Commodity Strategy ETF,ETF,AMEX,81.63,-0.50,-0.61,2026-10-06 05:42
PIZ,Invesco Dorsey Wright Developed Markets Mo ETF,ETF,NASDAQ,52.46,0.27,0.52,2026-10-06 05:42
PJAN,Innovator US Equity Power Buffer ETF - January,ETF,AMEX,51.02,0.13,0.26,2026-10-06 05:42
PJFG,PGIM Jennison Focused Growth ETF,ETF,AMEX,123.25,1.13,0.93,2026-10-06 05:42
PJFM,PGIM Jennison Focused Mid-Cap ETF,ETF,AMEX,65.99,-0.01,-0.02,2026-10-06 05:42
PJFV,PGIM Jennison Focused Value ETF,ETF,AMEX,100.65,0.38,0.38,2026-10-06 05:42
PJIN,PGIM Jennison International Core Equity ETF,ETF,AMEX,49.14,0.09,0.19,2026-10-06 05:42
PJIO,PGIM Jennison Focused International Equity ETF,ETF,AMEX,64.81,0.52,0.81,2026-10-06 05:42
PJP,Invesco Pharmaceuticals ETF,ETF,AMEX,121.10,0.22,0.18,2026-10-06 05:42
PJSM,PGIM Jennison Small-Mid Cap Core Equity ETF,ETF,AMEX,49.73,0.22,0.44,2026-10-06 05:42
PJT,PJT 파트너스,주식,NYSE,137.95,-0.74,-0.53,2026-10-06 05:42
PJUL,Innovator US Equity Power Buffer ETF - July,ETF,AMEX,50.08,0.21,0.43,2026-10-06 05:42
PJUN,Innovator US Equity Power Buffer ETF - June,ETF,AMEX,44.35,0.15,0.34,2026-10-06 05:42
PJUS,PGIM Jennison U.S. Core Equity ETF,ETF,AMEX,53.22,0.30,0.57,2026-10-06 05:42
PK,파크 호텔 & 리조트,주식,NYSE,15.26,-0.27,-1.74,2026-10-06 05:42
PKB,Invesco Building & Construction ETF,ETF,AMEX,92.53,-0.10,-0.11,2026-10-06 05:42
PKBK,파크 뱅코프,주식,NASDAQ,32.76,-0.11,-0.33,2026-10-06 05:42
PKE,파크 에어로스페이스,주식,NYSE,30.05,-0.37,-1.22,2026-10-06 05:42
PKG,패키징 코퍼레이션 오브 아메리카,주식,NYSE,229.31,0.77,0.34,2026-10-06 05:42
PKOH,파크-오하이오 홀딩스,주식,NASDAQ,47.76,0.39,0.82,2026-10-06 05:42
PKW,Invesco Buyback Achievers ETF,ETF,NASDAQ,145.78,1.21,0.84,2026-10-06 05:42
PKX,포스코 홀딩스 ADR,주식,NYSE,58.23,0.64,1.11,2026-10-06 05:42
PL,플래닛 랩스 PBC,주식,NYSE,17.36,-0.14,-0.80,2026-10-06 05:42
PLA,Graniteshares Autocallable PLTR ETF,ETF,NASDAQ,25.96,-0.02,-0.08,2026-10-06 05:42
PLAB,포트로닉스,주식,NASDAQ,31.07,-0.42,-1.33,2026-10-06 05:42
PLAG,플래닛 그린 홀딩스,주식,AMEX,0.75,0.06,8.70,2026-10-06 05:42
PLAY,데이브 & 버스터스 엔터테인먼트,주식,NASDAQ,6.76,0.01,0.15,2026-10-06 05:42
PLBC,플루마스 뱅코프,주식,NASDAQ,61.76,-0.78,-1.25,2026-10-06 05:42
PLBL,폴리벨리 그룹,주식,NASDAQ,5.67,0.02,0.35,2026-10-06 05:42
PLBY,플레이보이,주식,NASDAQ,1.03,-0.01,-0.96,2026-10-06 05:42
PLCE,칠드런스 플레이스,주식,NASDAQ,1.91,-0.08,-4.02,2026-10-06 05:42
PLCI,펠리컨 애퀴지션 II,주식,NASDAQ,9.92,0.00,0.00,2026-10-06 05:42
PLCIR,Pelican Acquisition II Rights Exp 11th June 2031,주식,NASDAQ,0.13,0.00,0.00,2026-10-06 05:42
PLCIU,Pelican Acquisition II Units,주식,NASDAQ,10.03,0.00,0.00,2026-10-06 05:42
PLD,프로로지스,주식,NYSE,128.08,-0.83,-0.64,2026-10-06 05:42
PLG,플래티넘 그룹 메탈스,주식,AMEX,1.29,0.03,2.38,2026-10-06 05:42
PLGI,PL Growth and Income ETF,ETF,AMEX,25.63,0.17,0.65,2026-10-06 05:42
PLGO,펠라고스 인슈어런스 캐피탈,주식,NYSE,24.53,0.28,1.15,2026-10-06 05:42
PLIB,Direxion PLTR Defined Income Boost ETF,ETF,AMEX,33.44,0.16,0.48,2026-10-06 05:42
PLMK,플럼 애퀴지션 IV,주식,NASDAQ,10.69,0.05,0.42,2026-10-06 05:42
PLMKU,Plum Acquisition IV Units,주식,NASDAQ,10.76,0.00,0.00,2026-10-06 05:42
PLMR,팔로마 홀딩스,주식,NASDAQ,127.34,0.85,0.67,2026-10-06 05:42
PLNT,플래닛 피트니스,주식,NYSE,42.07,-0.34,-0.80,2026-10-06 05:42
PLOW,더글라스 다이내믹스,주식,NYSE,40.69,0.18,0.44,2026-10-06 05:42
PLPC,프리폼드 라인 프로덕츠,주식,NASDAQ,416.10,-3.35,-0.80,2026-10-06 05:42
PLRX,플리언트 테라퓨틱스,주식,NASDAQ,1.03,-0.01,-0.48,2026-10-06 05:42
PLRZ,폴리존,주식,NASDAQ,9.26,-0.35,-3.64,2026-10-06 05:42
PLSE,펄스 바이오사이언스,주식,NASDAQ,50.50,2.60,5.43,2026-10-06 05:42
PLSM,펄센모어,주식,NASDAQ,2.21,0.02,0.91,2026-10-06 05:42
PLTA,ProShares Ultra PLTR ETF,ETF,AMEX,21.81,0.16,0.75,2026-10-06 05:42
PLTD,Direxion Daily PLTR Bear 1X ETF,ETF,NASDAQ,4.74,0.00,0.00,2026-10-06 05:42
PLTG,Leverage Shares 2X Long PLTR Daily ETF,ETF,NASDAQ,20.35,0.14,0.67,2026-10-06 05:42
PLTK,플레이티카 홀딩,주식,NASDAQ,2.18,0.00,0.00,2026-10-06 05:42
PLTL,Corgi PLTR 2x Daily ETF,ETF,AMEX,67.52,0.50,0.74,2026-10-06 05:42
PLTM,GraniteShares Platinum Trust,ETF,AMEX,16.52,0.17,1.04,2026-10-06 05:42
PLTR,팔란티어 테크놀로지스,주식,NASDAQ,189.40,0.65,0.34,2026-10-06 05:42
PLTS,플래티넘 애널리틱스 케이맨,주식,NASDAQ,17.50,0.00,0.00,2026-10-06 05:42
PLTU,Direxion Daily PLTR Bull 2X ETF,ETF,NASDAQ,57.65,0.30,0.52,2026-10-06 05:42
PLTW,Roundhill PLTR WeeklyPay ETF,ETF,AMEX,24.75,0.05,0.18,2026-10-06 05:42
PLTY,YieldMax PLTR Option Income Strategy ETF,ETF,AMEX,36.74,0.07,0.19,2026-10-06 05:42
PLTZ,Defiance Daily Target 2x Short PLTR ETF,ETF,NASDAQ,7.74,-0.05,-0.64,2026-10-06 05:42
PLU,Defiance Daily Target 2X Long PL ETF,ETF,AMEX,5.04,-0.12,-2.33,2026-10-06 05:42
PLUG,플러그 파워,주식,NASDAQ,1.89,-0.01,-0.53,2026-10-06 05:42
PLUL,Leverage Shares 2X Long PLUG Daily ETF,ETF,NASDAQ,5.80,0.00,0.04,2026-10-06 05:42
PLUN,플루토니안 애퀴지션 II,주식,NYSE,10.10,0.01,0.10,2026-10-06 05:42
PLUN.U,Plutonian Acquisition II Units,주식,NYSE,10.19,0.00,0.00,2026-10-06 05:42
PLUR,플루리,주식,NASDAQ,1.04,0.03,2.48,2026-10-06 05:42
PLUS,이플러스,주식,NASDAQ,93.02,-0.38,-0.41,2026-10-06 05:42
PLUT,플루투스 파이낸션 그룹,주식,NASDAQ,2.72,0.07,2.55,2026-10-06 05:42
PLX,프로탈릭스 바이오테라퓨틱스,주식,AMEX,2.71,0.00,0.00,2026-10-06 05:42
PLXS,플렉서스,주식,NASDAQ,273.18,0.05,0.02,2026-10-06 05:42
PLYX,폴라릭스 테라퓨틱스,주식,NASDAQ,2.07,-0.01,-0.48,2026-10-06 05:42
PLYY,GraniteShares YieldBOOST PLTR ETF,ETF,NASDAQ,8.14,0.02,0.25,2026-10-06 05:42
PM,필립 모리스 인터내셔널,주식,NYSE,189.53,2.07,1.10,2026-10-06 05:42
PMA,밍싱 그룹 홀딩스,주식,NASDAQ,1.20,-0.03,-2.44,2026-10-06 05:42
PMAP,PGIM S&P 500 Max Buffer ETF - April,ETF,AMEX,27.67,0.01,0.02,2026-10-06 05:42
PMAR,Innovator US Equity Power Buffer ETF - March,ETF,AMEX,49.17,0.11,0.23,2026-10-06 05:42
PMAU,PGIM S&P 500 Max Buffer ETF - August,ETF,AMEX,27.03,0.03,0.11,2026-10-06 05:42
PMAX,파웰 맥스,주식,NASDAQ,0.82,-0.03,-3.68,2026-10-06 05:42
PMAY,Innovator US Equity Power Buffer ETF - May,ETF,AMEX,42.50,0.13,0.30,2026-10-06 05:42
PMBS,Pimco Mortgage Backed Securities Active ETF,ETF,NASDAQ,45.92,-0.12,-0.25,2026-10-06 05:42
PMCB,파마사이트 바이오테크,주식,NASDAQ,0.39,-0.01,-2.50,2026-10-06 05:42
PMDE,PGIM S&P 500 Max Buffer ETF December,ETF,AMEX,26.32,0.03,0.10,2026-10-06 05:42
PMEC,프라이메크 홀딩스,주식,NASDAQ,0.59,0.09,17.72,2026-10-06 05:42
PMFB,PGIM S&P 500 Max Buffer ETF - February,ETF,AMEX,27.77,0.04,0.13,2026-10-06 05:42
PMI,피카드 메디컬,주식,AMEX,6.93,1.15,19.90,2026-10-06 05:42
PMIO,PGIM Municipal Income Opportunities ETF,ETF,AMEX,48.64,0.01,0.02,2026-10-06 05:42
PMJA,PGIM S&P 500 Max Buffer ETF - January,ETF,AMEX,27.91,0.02,0.05,2026-10-06 05:42
PMJL,PGIM S&P 500 Max Buffer ETF July,ETF,AMEX,27.03,0.05,0.17,2026-10-06 05:42
PMJN,PGIM S&P 500 Max Buffer ETF June,ETF,AMEX,27.07,0.05,0.19,2026-10-06 05:42
PML,PIMCO Municipal Income Fund II,주식,NYSE,6.47,-0.08,-1.22,2026-10-06 05:42
PMM,Franklin Managed Municipal Income Trust,주식,NYSE,5.47,-0.18,-3.19,2026-10-06 05:42
PMMF,iShares Prime Money Market ETF,ETF,NYSE,100.31,0.04,0.04,2026-10-06 05:42
PMMR,PGIM S&P 500 Max Buffer ETF - March,ETF,AMEX,27.53,0.03,0.11,2026-10-06 05:42
PMMY,PGIM S&P 500 Max Buffer ETF - May,ETF,AMEX,27.19,0.03,0.09,2026-10-06 05:42
PMN,프로미스 뉴로사이언시스,주식,NASDAQ,9.37,-0.03,-0.32,2026-10-06 05:42
PMNV,PGIM S&P 500 Max Buffer ETF - November,ETF,AMEX,26.51,0.03,0.09,2026-10-06 05:42
PMO,Franklin Municipal Opportunities Trust,주식,NYSE,9.07,-0.14,-1.52,2026-10-06 05:42
PMOC,PGIM S&P 500 Max Buffer ETF - October,ETF,AMEX,26.62,0.03,0.11,2026-10-06 05:42
PMSE,PGIM S&P 500 Max Buffer ETF September,ETF,AMEX,26.72,0.04,0.13,2026-10-06 05:42
PMT,페니맥 모기지 인베스트먼트,주식,NYSE,7.87,0.07,0.90,2026-10-06 05:42
PMTL,First Trust Indxx Quality Precious Metals Mnrs ETF,ETF,AMEX,23.49,-0.02,-0.07,2026-10-06 05:42
PMTR,페리미터 애퀴지션 I,주식,NASDAQ,10.43,0.01,0.10,2026-10-06 05:42
PMTRU,Perimeter Acquisition I Units,주식,NASDAQ,11.00,0.00,0.00,2026-10-06 05:42
PMTS,CPI 카드 그룹,주식,NASDAQ,24.69,-0.17,-0.68,2026-10-06 05:42
PMTU,페니맥 모기지 인베스트먼트 선순위 채권 8.5% 만기 2028년,주식,NYSE,25.19,-0.03,-0.10,2026-10-06 05:42
PMTV,페니맥 모기지 인베스트먼트 선순위 채권 9.00% 만기 30년 2월,주식,NYSE,25.18,0.00,0.00,2026-10-06 05:42
PMTW,페니맥 모기지 투자 9.00% 선순위채 2030년 6월,주식,NYSE,25.11,-0.08,-0.32,2026-10-06 05:42
PMVP,PMV 파마슈티컬스,주식,NASDAQ,1.78,-0.01,-0.56,2026-10-06 05:42
PN,PN 스마트 에너지,주식,NASDAQ,2.42,-0.17,-6.56,2026-10-06 05:42
PNAQ,피너클 애퀴지션,주식,NYSE,9.85,0.03,0.31,2026-10-06 05:42
PNAQ.U,Pinnacle Acquisition Units,주식,NYSE,10.18,0.17,1.70,2026-10-06 05:42
PNBK,패트리엇 내셔널 뱅코프,주식,NASDAQ,0.93,-0.01,-0.56,2026-10-06 05:42
PNC,PNC 파이낸셜 서비스,주식,NYSE,220.28,-0.75,-0.34,2026-10-06 05:42
PNFP,피너클 파이낸셜 파트너스,주식,NYSE,96.02,-0.07,-0.07,2026-10-06 05:42
PNI,PIMCO New York Municipal Income Fund II,주식,NYSE,6.13,-0.06,-0.97,2026-10-06 05:42
PNNT,페넌트파크 인베트스트먼트,주식,NYSE,3.23,-0.02,-0.62,2026-10-06 05:42
PNOV,Innovator US Equity Power Buffer ETF - November,ETF,AMEX,46.02,0.19,0.41,2026-10-06 05:42
PNQI,Invesco Nasdaq Internet ETF,ETF,NASDAQ,51.44,0.73,1.44,2026-10-06 05:42
PNR,펜테어,주식,NYSE,52.78,-0.25,-0.47,2026-10-06 05:42
PNRG,프라임에너지 리소스,주식,NASDAQ,209.67,5.01,2.45,2026-10-06 05:42
PNTG,페넌트 그룹,주식,NASDAQ,40.30,1.06,2.70,2026-10-06 05:42
PNW,피너클 웨스트 캐피털,주식,NYSE,95.96,0.04,0.04,2026-10-06 05:42
POAS,파오스 테크놀로지 홀딩스,주식,AMEX,0.14,0.00,3.50,2026-10-06 05:42
POCI,프리시전 옵틱스,주식,NASDAQ,4.46,0.00,0.00,2026-10-06 05:42
POCT,Innovator US Equity Power Buffer ETF - October,ETF,AMEX,48.32,0.19,0.39,2026-10-06 05:42
PODC,포드캐스톤,주식,NASDAQ,2.27,-0.08,-3.40,2026-10-06 05:42
PODD,인슐릿,주식,NASDAQ,135.62,3.93,2.98,2026-10-06 05:42
POEL,Defiance Daily Target 2X Long POET ETF,ETF,AMEX,8.26,0.01,0.06,2026-10-06 05:42
POET,포엣 테크놀로지,주식,NASDAQ,7.81,0.02,0.26,2026-10-06 05:42
POLA,폴라 파워,주식,NASDAQ,1.15,-0.01,-0.86,2026-10-06 05:42
POLE,안드레티 애퀴지션 II,주식,NASDAQ,10.74,0.00,0.00,2026-10-06 05:42
POLEU,Andretti Acquisition II Units,주식,NASDAQ,10.74,0.00,0.00,2026-10-06 05:42
POM,폼닥터 ADR,주식,NASDAQ,0.93,0.07,8.13,2026-10-06 05:42
PONO,포노 캐피탈 포,주식,NASDAQ,10.04,0.01,0.10,2026-10-06 05:42
PONOR,Pono Capital Four Rights,주식,NASDAQ,0.24,0.00,0.00,2026-10-06 05:42
PONOU,Pono Capital Four Units,주식,NASDAQ,10.47,0.00,0.00,2026-10-06 05:42
PONX,Tradr 2X Long PONY Daily ETF,ETF,AMEX,11.03,0.22,2.04,2026-10-06 05:42
PONY,포니 AI ADR,주식,NASDAQ,6.11,0.04,0.66,2026-10-06 05:42
POOL,풀,주식,NASDAQ,159.35,-2.08,-1.29,2026-10-06 05:42
POR,포틀랜드 제너럴 일렉트릭,주식,NYSE,44.25,-0.30,-0.67,2026-10-06 05:42
POST,포스트 홀딩스,주식,NYSE,72.68,0.12,0.17,2026-10-06 05:42
POW,VistaShares Electrification Supercycle ETF,ETF,AMEX,27.15,0.07,0.25,2026-10-06 05:42
POWA,Invesco Bloomberg Pricing Power ETF,ETF,AMEX,87.58,0.40,0.46,2026-10-06 05:42
POWI,파워 인티그레이션,주식,NASDAQ,54.36,-0.10,-0.18,2026-10-06 05:42
POWL,파월 인더스트리스,주식,NASDAQ,197.84,1.74,0.89,2026-10-06 05:42
POWR,iShares US Power Infrastructure ETF,ETF,AMEX,24.88,0.13,0.53,2026-10-06 05:42
POWW,아웃도어 홀딩,주식,NASDAQ,2.24,-0.05,-2.18,2026-10-06 05:42
POWWP,아웃도어 홀딩 우선주 시리즈 A 8.75%,주식,NASDAQ,23.80,0.19,0.80,2026-10-06 05:42
PPA,Invesco Aerospace & Defense ETF,ETF,AMEX,155.46,-0.23,-0.15,2026-10-06 05:42
PPBT,퍼플 바이오테크 ADR,주식,NASDAQ,1.56,0.05,3.31,2026-10-06 05:42
PPC,필그림즈 프라이드,주식,NASDAQ,27.99,0.49,1.78,2026-10-06 05:42
PPCB,프로팽 바이오파마,주식,NASDAQ,0.50,-0.01,-1.48,2026-10-06 05:42
PPG,PPG 인더스트리스,주식,NYSE,105.27,0.12,0.11,2026-10-06 05:42
PPH,VanEck Pharmaceutical ETF,ETF,NASDAQ,107.61,-0.45,-0.42,2026-10-06 05:42
PPHC,퍼블릭 폴리시 홀딩 컴퍼니,주식,NASDAQ,10.64,0.10,0.95,2026-10-06 05:42
PPI,Astoria Real Assets ETF,ETF,NASDAQ,20.39,0.05,0.26,2026-10-06 05:42
PPIH,퍼마-파이프 인터내셔널 홀딩스,주식,NASDAQ,32.02,0.16,0.50,2026-10-06 05:42
PPL,PPL,주식,NYSE,32.95,0.15,0.46,2026-10-06 05:42
PPLC,Ppl Units,주식,NYSE,44.81,0.14,0.30,2026-10-06 05:42
PPLI,피플 인코포레이티드,주식,NASDAQ,41.73,0.45,1.09,2026-10-06 05:42
PPLT,abrdn Physical Platinum Shares ETF,ETF,AMEX,15.58,0.15,0.97,2026-10-06 05:42
PPSI,파이어니어 파워 솔루션스,주식,NASDAQ,3.25,-0.06,-1.81,2026-10-06 05:42
PPT,Franklin Premier Income Trust,주식,NYSE,3.27,0.00,0.00,2026-10-06 05:42
PPTA,퍼페투아 리소시스,주식,NASDAQ,20.33,-0.05,-0.25,2026-10-06 05:42
PPTY,US Diversified Real Estate ETF,ETF,AMEX,31.35,-0.10,-0.32,2026-10-06 05:42
PQAP,PGIM Nasdaq-100 Buffer 12 ETF - April,ETF,NASDAQ,33.19,0.07,0.20,2026-10-06 05:42
PQDI,Principal Spectrum Preferred and Income ETF,ETF,AMEX,18.54,-0.07,-0.38,2026-10-06 05:42
PQJA,PGIM Nasdaq-100 Buffer 12 ETF - January,ETF,NASDAQ,32.97,0.07,0.20,2026-10-06 05:42
PQJL,PGIM Nasdaq-100 Buffer 12 ETF - July,ETF,NASDAQ,32.12,0.17,0.54,2026-10-06 05:42
PQNT,Pictet AI Enhanced International Equity ETF,ETF,AMEX,22.90,0.05,0.22,2026-10-06 05:42
PQOC,PGIM Nasdaq-100 Buffer 12 ETF - October,ETF,NASDAQ,32.76,0.15,0.45,2026-10-06 05:42
PQUS,Pictet AI Enhanced US Equity ETF,ETF,AMEX,28.94,0.16,0.54,2026-10-06 05:42
PQV,Pgim S&P 500 Quarterly Buffer 5 ETF,ETF,AMEX,25.72,0.10,0.38,2026-10-06 05:42
PQX,Pgim S&P 500 Quarterly Buffer 10 ETF,ETF,AMEX,25.63,0.06,0.24,2026-10-06 05:42
PQXV,Pgim S&P 500 Quarterly Buffer 15 ETF,ETF,AMEX,25.59,0.04,0.14,2026-10-06 05:42
PQXX,Pgim S&P 500 Quarterly Buffer 20 ETF,ETF,AMEX,25.57,0.03,0.12,2026-10-06 05:42
PR,페르미안 리소시스,주식,NYSE,22.23,0.11,0.50,2026-10-06 05:42
PRAA,PRA 그룹,주식,NASDAQ,19.41,0.54,2.86,2026-10-06 05:42
PRAB,State Street IG Public & Private ABS ETF,ETF,AMEX,24.67,-0.02,-0.06,2026-10-06 05:42
PRAE,PlanRock Alternative Growth ETF,ETF,AMEX,42.42,0.36,0.85,2026-10-06 05:42
PRAM,Defiance Memory & Photonics ETF,ETF,AMEX,26.78,0.13,0.49,2026-10-06 05:42
PRAX,프락시스 프리시젼 메디신,주식,NASDAQ,283.56,-11.95,-4.04,2026-10-06 05:42
PRAY,FIS Christian Stock Fund,ETF,AMEX,35.43,0.25,0.70,2026-10-06 05:42
PRCH,포치 그룹,주식,NASDAQ,17.35,0.04,0.23,2026-10-06 05:42
PRCS,Parnassus Core Select ETF,ETF,NYSE,29.18,0.26,0.90,2026-10-06 05:42
PRCT,프로셉트 바이오로보틱스,주식,NASDAQ,17.82,0.66,3.85,2026-10-06 05:42
PRDO,퍼도세오 에듀케이션,주식,NASDAQ,31.54,-0.37,-1.16,2026-10-06 05:42
PRE,프레네틱스 글로벌,주식,NASDAQ,20.96,0.79,3.92,2026-10-06 05:42
PREF,Principal Spectrum Preferred Securities Active ETF,ETF,AMEX,18.28,0.00,0.00,2026-10-06 05:42
PRF,Invesco RAFI US 1000 ETF,ETF,AMEX,55.12,0.29,0.53,2026-10-06 05:42
PRFD,PIMCO Preferred and Capital Securities Active ETF,ETF,AMEX,48.60,-0.01,-0.02,2026-10-06 05:42
PRFX,PRF 테크놀로지스,주식,NASDAQ,0.88,-0.04,-3.88,2026-10-06 05:42
PRFZ,Invesco RAFI US 1500 Small-Mid ETF,ETF,NASDAQ,53.61,0.41,0.77,2026-10-06 05:42
PRG,PROG 홀딩스,주식,NYSE,30.90,-0.10,-0.32,2026-10-06 05:42
PRGO,페리고,주식,NYSE,14.44,0.18,1.26,2026-10-06 05:42
PRGS,프로그레스 소프트웨어,주식,NASDAQ,37.22,0.32,0.85,2026-10-06 05:42
PRH,Prudential Financial 5 950 Junior Subordinated Notes due 2062,주식,NYSE,20.64,-0.14,-0.67,2026-10-06 05:42
PRHI,프리슈어런스 홀딩스,주식,NASDAQ,7.50,0.64,9.33,2026-10-06 05:42
PRHIZ,프리슈어런스 홀딩스 선순위채권 9.75% 만기 28년,주식,NASDAQ,26.04,1.54,6.29,2026-10-06 05:42
PRI,프라이메리카,주식,NYSE,277.97,2.55,0.93,2026-10-06 05:42
PRIM,프리모리스 서비시스,주식,NYSE,80.57,1.49,1.88,2026-10-06 05:42
PRIV,State Street IG Public & Private Credit ETF,ETF,AMEX,23.89,-0.01,-0.04,2026-10-06 05:42
PRIZ,Zacks Preferred Income ETF,ETF,AMEX,24.58,-0.05,-0.20,2026-10-06 05:42
PRK,파크 내셔널,주식,AMEX,181.02,-2.13,-1.16,2026-10-06 05:42
PRKS,유나이티드 파크 & 리조트,주식,NYSE,34.39,1.93,5.95,2026-10-06 05:42
PRLB,프로토 랩스,주식,NYSE,98.68,0.47,0.48,2026-10-06 05:42
PRLD,프렐류드 테라퓨틱스,주식,NASDAQ,3.77,0.10,2.72,2026-10-06 05:42
PRM,페리미터 솔루션스,주식,NYSE,28.07,0.62,2.26,2026-10-06 05:42
PRMB,프리모 브랜드,주식,NYSE,19.88,0.37,1.90,2026-10-06 05:42
PRME,프라임 메디슨,주식,NASDAQ,3.21,0.23,7.72,2026-10-06 05:42
PRMR,PeakShares RMR Prime Equity ETF,ETF,NASDAQ,28.90,0.10,0.35,2026-10-06 05:42
PRN,Invesco Dorsey Wright Industrials Momentum ETF,ETF,NASDAQ,202.18,0.20,0.10,2026-10-06 05:42
PRNT,3D Printing Etf,ETF,AMEX,25.61,0.37,1.48,2026-10-06 05:42
PROF,프로파운드 메디컬,주식,NASDAQ,6.03,0.19,3.25,2026-10-06 05:42
PROK,프로키드니,주식,NASDAQ,1.58,-0.14,-8.14,2026-10-06 05:42
PROP,프레리 오퍼레이팅,주식,NASDAQ,0.38,0.01,1.73,2026-10-06 05:42
PROV,프로비던트 파이낸셜 홀딩스,주식,NASDAQ,18.23,-0.08,-0.44,2026-10-06 05:42
PRPL,퍼플 이노베이션,주식,NASDAQ,2.18,0.08,3.81,2026-10-06 05:42
PRPO,프리시피오,주식,NASDAQ,24.00,0.87,3.76,2026-10-06 05:42
PRQR,프로큐알테라퓨틱스,주식,NASDAQ,1.67,0.04,2.14,2026-10-06 05:42
PRS,Prudential Financial 5.625% Junior Subordinated Notes Exp 2058,주식,NYSE,19.67,-0.15,-0.76,2026-10-06 05:42
PRSD,SPDR SSGA Short Duration IG Pub & Pvte Cr ETF,ETF,AMEX,24.66,0.07,0.28,2026-10-06 05:42
PRSO,페라소,주식,NASDAQ,0.45,-0.02,-4.35,2026-10-06 05:42
PRSU,퍼슈트 어트랙션스 앤 호스피탈리티,주식,NYSE,52.29,-0.09,-0.17,2026-10-06 05:42
PRT,PermRock Royalty Units,주식,NYSE,1.88,0.00,0.01,2026-10-06 05:42
PRTA,프로테나,주식,NASDAQ,8.27,-0.09,-1.08,2026-10-06 05:42
PRTH,프라이오리티 테크놀러지 홀딩스,주식,NASDAQ,7.78,0.00,0.00,2026-10-06 05:42
PRTO,RCN Pareto Strategic Allocation ETF,ETF,AMEX,27.45,0.10,0.35,2026-10-06 05:42
PRTS,카파츠닷컴,주식,NASDAQ,8.52,-0.11,-1.27,2026-10-06 05:42
PRU,푸르덴셜 파이낸셜,주식,NYSE,113.48,0.88,0.78,2026-10-06 05:42
PRVA,프리비아 헬스 그룹,주식,NASDAQ,20.45,0.15,0.74,2026-10-06 05:42
PRVS,Parnassus Value Select ETF,ETF,NYSE,32.68,0.19,0.59,2026-10-06 05:42
PRXG,Praxis Impact Large Cap Growth ETF,ETF,AMEX,41.62,0.34,0.83,2026-10-06 05:42
PRXI,Praxis Impact International ETF,ETF,AMEX,24.85,-0.01,-0.06,2026-10-06 05:42
PRXV,Praxis Impact Large Cap Value ETF,ETF,AMEX,34.94,0.12,0.34,2026-10-06 05:42
PRZO,파라제로 테크놀로지스,주식,NASDAQ,0.62,0.01,2.12,2026-10-06 05:42
PS,퍼싱 스퀘어,주식,NYSE,54.87,2.11,4.00,2026-10-06 05:42
PSA,퍼블릭 스토리지,주식,NYSE,281.66,-2.15,-0.76,2026-10-06 05:42
PSAI,Pacer S&P 500 3AI Top 100 ETF,ETF,AMEX,27.62,0.23,0.84,2026-10-06 05:42
PSBD,파머 스퀘어 캐피털 BDC,주식,NYSE,9.67,-0.10,-1.02,2026-10-06 05:42
PSC,Principal U.S. Small-Cap ETF,ETF,NASDAQ,68.15,0.61,0.90,2026-10-06 05:42
PSCC,Invesco S&P SmallCap Consumer Staples ETF,ETF,NASDAQ,33.25,-0.18,-0.55,2026-10-06 05:42
PSCD,Invesco S&P SmallCap Cnsmr Discretionary ETF,ETF,NASDAQ,108.28,-0.40,-0.37,2026-10-06 05:42
PSCE,Invesco S&P SmallCap Energy ETF,ETF,NASDAQ,60.11,1.01,1.70,2026-10-06 05:42
PSCF,Invesco S&P SmallCap Financials ETF,ETF,NASDAQ,61.54,0.04,0.06,2026-10-06 05:42
PSCH,Invesco S&P SmallCap Health Care ETF,ETF,NASDAQ,52.52,0.89,1.73,2026-10-06 05:42
PSCI,Invesco S&P SmallCap Industrials ETF,ETF,NASDAQ,164.75,0.79,0.48,2026-10-06 05:42
PSCJ,Pacer Swan SOS Conservative (July) ETF,ETF,AMEX,32.46,0.10,0.30,2026-10-06 05:42
PSCM,Invesco S&P SmallCap Materials ETF,ETF,NASDAQ,97.18,1.13,1.18,2026-10-06 05:42
PSCQ,Pacer Swan SOS Conservative (October) ETF,ETF,AMEX,32.46,0.10,0.29,2026-10-06 05:42
PSCT,Invesco S&P SmallCap Information Tech ETF,ETF,NASDAQ,83.68,-0.26,-0.31,2026-10-06 05:42
PSCU,Invesco S&P SmallCap Utilities & Comm Svcs,ETF,NASDAQ,59.66,-0.45,-0.75,2026-10-06 05:42
PSCW,Pacer Swan SOS Conservative (April) ETF,ETF,AMEX,30.78,0.05,0.15,2026-10-06 05:42
PSCX,Pacer Swan SOS Conservative January ETF,ETF,AMEX,33.69,0.09,0.27,2026-10-06 05:42
PSDM,PGIM Short Duration Multi-Sector Bond ETF,ETF,AMEX,50.06,0.01,0.02,2026-10-06 05:42
PSEC,프로스펙트 캐피털,주식,NASDAQ,1.93,-0.07,-3.50,2026-10-06 05:42
PSEP,Innovator US Equity Power Buffer ETF - September,ETF,AMEX,47.27,0.20,0.42,2026-10-06 05:42
PSET,Principal Quality ETF,ETF,NASDAQ,79.85,0.86,1.08,2026-10-06 05:42
PSF,Cohen & Steers Select Preferred and Income Fd Inc,주식,NYSE,18.05,-0.21,-1.15,2026-10-06 05:42
PSFD,Pacer Swan SOS Flex January ETF,ETF,AMEX,41.20,0.12,0.29,2026-10-06 05:42
PSFE,페이 세이프,주식,NYSE,5.63,0.24,4.45,2026-10-06 05:42
PSFF,Pacer Swan SOS Fund of Funds ETF,ETF,AMEX,35.36,0.07,0.20,2026-10-06 05:42
PSFJ,Pacer Swan SOS Flex (July) ETF,ETF,AMEX,36.26,0.13,0.36,2026-10-06 05:42
PSFM,Pacer Swan SOS Flex (April) ETF,ETF,AMEX,35.86,0.06,0.15,2026-10-06 05:42
PSFO,Pacer Swan SOS Flex (October) ETF,ETF,AMEX,36.23,0.14,0.38,2026-10-06 05:42
PSH,PGIM Short Duration High Yield ETF,ETF,AMEX,48.82,0.09,0.18,2026-10-06 05:42
PSHG,퍼포먼스 쉬핑,주식,NASDAQ,1.70,0.01,0.59,2026-10-06 05:42
PSI,Invesco Semiconductors ETF,ETF,AMEX,160.12,-0.82,-0.51,2026-10-06 05:42
PSIG,PS 인터내셔널 그룹,주식,NASDAQ,4.60,0.02,0.44,2026-10-06 05:42
PSIL,AdvisorShares Psychedelics ETF,ETF,AMEX,21.61,-0.24,-1.10,2026-10-06 05:42
PSIX,파워 솔루션스 인터내셔널,주식,NASDAQ,44.87,0.02,0.04,2026-10-06 05:42
PSK,State Street SPDR ICE Preferred Securities ETF,ETF,AMEX,28.27,-0.09,-0.32,2026-10-06 05:42
PSKY,파라마운트 스카이댄스,주식,NASDAQ,9.78,0.28,2.89,2026-10-06 05:42
PSL,Invesco Dorsey Wright Consumer Staples Mo ETF,ETF,NASDAQ,107.81,-0.11,-0.10,2026-10-06 05:42
PSLV,Sprott Physical Silver Trust USD,ETF,AMEX,19.78,0.23,1.18,2026-10-06 05:42
PSMD,Pacer Swan SOS Moderate January ETF,ETF,AMEX,35.37,0.10,0.27,2026-10-06 05:42
PSMJ,Pacer Swan SOS Moderate (July) ETF,ETF,AMEX,34.73,0.09,0.27,2026-10-06 05:42
PSMO,Pacer Swan SOS Moderate (October) ETF,ETF,AMEX,33.80,0.07,0.19,2026-10-06 05:42
PSMR,Pacer Swan SOS Moderate (April) ETF,ETF,AMEX,33.04,0.05,0.15,2026-10-06 05:42
PSMT,프라이스스마트,주식,NASDAQ,171.81,1.13,0.66,2026-10-06 05:42
PSN,파슨스,주식,NYSE,42.11,1.32,3.24,2026-10-06 05:42
PSNL,퍼스날리스,주식,NASDAQ,16.40,0.12,0.74,2026-10-06 05:42
PSNY,폴스타 오토모티브 홀딩 UK ADR,주식,NASDAQ,6.10,-0.13,-2.09,2026-10-06 05:42
PSNYW,폴스타 오토모티브 홀딩 UK ADR,주식,NASDAQ,4.19,0.00,0.00,2026-10-06 05:42
PSO,피어슨 ADR,주식,NYSE,16.24,0.12,0.74,2026-10-06 05:42
PSOX,Tema MLCC & PowerSemi ETF,ETF,AMEX,50.86,0.10,0.20,2026-10-06 05:42
PSP,Invesco Global Listed Private Equity ETF,ETF,AMEX,55.93,-0.33,-0.59,2026-10-06 05:42
PSQ,ProShares Short QQQ,ETF,AMEX,24.30,-0.22,-0.90,2026-10-06 05:42
PSQA,Palmer Square CLO Senior Debt ETF,ETF,AMEX,20.56,-0.04,-0.19,2026-10-06 05:42
PSQH,PSQ 홀딩스,주식,NYSE,4.12,-0.58,-12.34,2026-10-06 05:42
PSQL,Bleichroeder Acquisition Corp II,주식,NASDAQ,6.19,0.14,2.31,2026-10-06 05:42
PSQO,Palmer Square Credit Opportunities ETF,ETF,AMEX,20.57,0.06,0.27,2026-10-06 05:42
PSR,Invesco Active US Real Estate ETF,ETF,AMEX,95.98,-0.26,-0.27,2026-10-06 05:42
PST,ProShares UltraShort 7-10 Year Treasury,ETF,AMEX,25.46,0.06,0.24,2026-10-06 05:42
PSTL,포스털 리얼티 트러스트,주식,NYSE,22.38,-0.31,-1.37,2026-10-06 05:42
PSTP,Innovator Power Buffer Step-Up Strategy ETF,ETF,AMEX,37.71,0.11,0.29,2026-10-06 05:42
PSTR,PeakShares Sector Rotation ETF,ETF,NASDAQ,31.54,0.24,0.75,2026-10-06 05:42
PSUS,퍼싱 스퀘어 USA,주식,NYSE,37.35,0.21,0.57,2026-10-06 05:42
PSWD,Xtrackers Cybersecurity Select Equity ETF,ETF,NASDAQ,49.05,0.45,0.93,2026-10-06 05:42
PSX,필립스 66,주식,NYSE,269.72,5.14,1.94,2026-10-06 05:42
PTA,Cohen & Steers Tax-Adv Pref Secs and Inc Fund,주식,NYSE,17.04,-0.30,-1.73,2026-10-06 05:42
PTAC,패트리엇 애퀴지션,주식,NASDAQ,9.96,0.00,0.00,2026-10-06 05:42
PTACU,Patriot Acquisition Units,주식,NASDAQ,10.05,0.00,0.00,2026-10-06 05:42
PTBD,Pacer Trendpilot US Bond ETF,ETF,AMEX,18.36,-0.09,-0.48,2026-10-06 05:42
PTC,PTC,주식,NASDAQ,192.26,48.23,33.49,2026-10-06 05:42
PTCT,PTC 테라퓨틱스,주식,NASDAQ,63.65,0.19,0.30,2026-10-06 05:42
PTEN,패터슨-UTI 에너지,주식,NASDAQ,11.55,0.34,3.03,2026-10-06 05:42
PTEU,Pacer Trendpilot European Index ETF,ETF,AMEX,32.27,-0.11,-0.33,2026-10-06 05:42
PTF,Invesco Dorsey Wright Technology Momentum ETF,ETF,NASDAQ,112.89,0.63,0.57,2026-10-06 05:42
PTGX,프로타고니스트 테라퓨틱스,주식,NASDAQ,140.63,0.57,0.41,2026-10-06 05:42
PTH,Invesco Dorsey Wright Healthcare Momentum ETF,ETF,NASDAQ,61.30,1.09,1.81,2026-10-06 05:42
PTHS,펠소스 테라퓨틱스,주식,AMEX,20.50,-0.10,-0.49,2026-10-06 05:42
PTIN,Pacer Trendpilot International ETF,ETF,AMEX,36.82,-0.01,-0.02,2026-10-06 05:42
PTIR,GraniteShares 2x Long PLTR Daily ETF,ETF,NASDAQ,21.55,0.15,0.70,2026-10-06 05:42
PTL,Inspire 500 ETF,ETF,AMEX,277.20,1.36,0.49,2026-10-06 05:42
PTLC,Pacer Trendpilot US Large Cap ETF,ETF,AMEX,60.50,0.44,0.73,2026-10-06 05:42
PTLE,PTL,주식,NASDAQ,7.06,-0.48,-6.37,2026-10-06 05:42
PTLO,포틸로스,주식,NASDAQ,3.55,0.04,1.14,2026-10-06 05:42
PTMC,Pacer Trendpilot US Mid Cap ETF,ETF,AMEX,40.01,0.13,0.33,2026-10-06 05:42
PTN,팔라틴 테크놀로지스,주식,NASDAQ,9.48,0.15,1.61,2026-10-06 05:42
PTNQ,Pacer Trendpilot 100 ETF,ETF,NASDAQ,91.26,0.89,0.98,2026-10-06 05:42
PTNT,Corgi IP Licensing & Royalties ETF,ETF,AMEX,24.62,0.06,0.26,2026-10-06 05:42
PTON,펠로튼 인터랙티브,주식,NASDAQ,5.01,0.09,1.83,2026-10-06 05:42
PTOR,프레토리안 애퀴지션,주식,NASDAQ,9.96,0.00,0.00,2026-10-06 05:42
PTORU,Praetorian Acquisition Units,주식,NASDAQ,10.08,0.00,0.00,2026-10-06 05:42
PTRB,PGIM Total Return Bond ETF,ETF,AMEX,39.39,-0.03,-0.06,2026-10-06 05:42
PTRN,패턴 그룹,주식,NASDAQ,17.41,0.08,0.46,2026-10-06 05:42
PTY,PIMCO Corporate & Income Opportunity Fund,주식,NYSE,10.80,-0.24,-2.17,2026-10-06 05:42
PUBM,퍼브매틱,주식,NASDAQ,18.60,0.18,0.98,2026-10-06 05:42
PUI,Invesco Dorsey Wright Utilities Momentum ETF,ETF,NASDAQ,41.49,0.04,0.10,2026-10-06 05:42
PUK,푸르덴셜 ADR,주식,NYSE,24.51,-0.06,-0.24,2026-10-06 05:42
PUL,GraniteShares 2x Long P Daily ETF,ETF,NASDAQ,73.72,3.35,4.76,2026-10-06 05:42
PULM,풀매트릭스,주식,NASDAQ,1.48,-0.09,-5.73,2026-10-06 05:42
PULS,PGIM Ultra Short Bond ETF,ETF,AMEX,49.47,0.00,0.00,2026-10-06 05:42
PUMP,프로페트로 홀딩,주식,NYSE,9.59,0.32,3.45,2026-10-06 05:42
PUR,Defiance Daily Target 2X Long PURR ETF,ETF,NASDAQ,35.83,5.34,17.50,2026-10-06 05:42
PURR,하이퍼리퀴드 스트래티지스,주식,NASDAQ,12.92,1.03,8.66,2026-10-06 05:42
PUSA,아우레우스 그린웨이 홀딩스,주식,NASDAQ,2.90,-0.27,-8.39,2026-10-06 05:42
PUSH,PGIM Ultra Short Municipal Bond ETF,ETF,AMEX,49.82,-0.04,-0.08,2026-10-06 05:42
PVAL,Putnam Focused Large Cap Value ETF,ETF,AMEX,53.16,0.38,0.72,2026-10-06 05:42
PVEX,TrueShares ConVequity ETF,ETF,AMEX,31.23,0.23,0.75,2026-10-06 05:42
PVH,필립스 반 휴센,주식,NYSE,74.90,-0.63,-0.83,2026-10-06 05:42
PVI,Invesco Floating Rate Municipal Income ETF,ETF,AMEX,24.90,0.02,0.09,2026-10-06 05:42
PVL,Permianville Royalty Unit,주식,NYSE,1.79,-0.04,-1.92,2026-10-06 05:42
PVLA,팔벨라 테라퓨틱스,주식,NASDAQ,132.16,-0.31,-0.23,2026-10-06 05:42
PW,파워 리츠,주식,AMEX,7.15,0.50,7.52,2026-10-06 05:42
PWB,Invesco Large Cap Growth ETF,ETF,AMEX,166.47,0.59,0.36,2026-10-06 05:42
PWCM,파워컴퓨트,주식,NASDAQ,0.96,0.06,7.00,2026-10-06 05:42
PWER,Nomura Energy Transition ETF,ETF,AMEX,44.28,0.21,0.49,2026-10-06 05:42
PWP,파렐라 와인버그 파트너스,주식,NASDAQ,15.80,-0.02,-0.13,2026-10-06 05:42
PWR,콴타 서비스,주식,NYSE,683.42,6.86,1.01,2026-10-06 05:42
PWRD,TCW Transform Systems ETF,ETF,NASDAQ,108.29,0.70,0.65,2026-10-06 05:42
PWRL,파워로10,주식,NASDAQ,12.40,1.00,8.77,2026-10-06 05:42
PWRX,Westwood Salient Enhanced Power & Infrastructure ETF,ETF,AMEX,25.72,0.27,1.06,2026-10-06 05:42
PWRZ,TrueShares Eagle Global Next Gen Power Infra ETF,ETF,AMEX,28.91,-0.18,-0.63,2026-10-06 05:42
PWS,Pacer WealthShield ETF,ETF,AMEX,32.34,0.18,0.55,2026-10-06 05:42
PWV,Invesco Large Cap Value ETF,ETF,AMEX,77.03,0.35,0.46,2026-10-06 05:42
PWZ,Invesco California AMT-Free Municipal Bond ETF,ETF,AMEX,22.32,0.07,0.31,2026-10-06 05:42
PXE,Invesco Energy Exploration & Production ETF,ETF,AMEX,41.39,0.60,1.47,2026-10-06 05:42
PXED,피닉스 에듀케이션 파트너스,주식,NYSE,24.51,-0.60,-2.39,2026-10-06 05:42
PXF,Invesco RAFI Developed Mkts ex-US ETF,ETF,AMEX,76.49,0.10,0.13,2026-10-06 05:42
PXH,Invesco RAFI Emerging Markets ETF,ETF,AMEX,29.72,0.63,2.17,2026-10-06 05:42
PXI,Invesco Dorsey Wright Energy Momentum ETF,ETF,NASDAQ,64.24,1.20,1.90,2026-10-06 05:42
PXJ,Invesco Oil & Gas Services ETF,ETF,AMEX,45.37,0.95,2.14,2026-10-06 05:42
PXLW,픽셀웍스,주식,NASDAQ,6.82,-0.21,-2.99,2026-10-06 05:42
PXS,픽시스 탱커스,주식,NASDAQ,7.91,0.18,2.33,2026-10-06 05:42
PY,Principal Value ETF,ETF,NASDAQ,56.08,0.12,0.21,2026-10-06 05:42
PYLD,PIMCO Multisector Bond Active ETF,ETF,AMEX,25.23,0.01,0.04,2026-10-06 05:42
PYPD,폴리피드,주식,NASDAQ,5.20,0.01,0.19,2026-10-06 05:42
PYPG,Leverage Shares 2X Long PYPL Daily ETF,ETF,NASDAQ,7.36,0.41,5.89,2026-10-06 05:42
PYPL,페이팔 홀딩스,주식,NASDAQ,54.41,1.61,3.05,2026-10-06 05:42
PYPU,Direxion Daily PYPL Bull 2X ETF,ETF,AMEX,31.96,1.84,6.11,2026-10-06 05:42
PYPY,YieldMax PYPL Option Income Strategy ETF,ETF,AMEX,25.96,1.12,4.51,2026-10-06 05:42
PYT,프리퍼드플러스 우선주 시리즈 GSC-2,주식,NYSE,23.74,0.00,0.00,2026-10-06 05:42
PYXS,픽시스 온콜로지,주식,NASDAQ,2.24,0.10,4.67,2026-10-06 05:42
PYZ,Invesco Dorsey Wright Basic Materials Momentum ETF,ETF,NASDAQ,116.48,1.55,1.35,2026-10-06 05:42
PZA,Invesco National AMT-Free Municipal Bond ETF,ETF,AMEX,21.44,0.13,0.61,2026-10-06 05:42
PZG,파라마운트 골드 네바다,주식,AMEX,1.15,-0.05,-4.17,2026-10-06 05:42
PZIV,Pzena International Value ETF,ETF,AMEX,29.13,0.01,0.05,2026-10-06 05:42
PZLV,Pzena U.S. Large Cap Value ETF,ETF,AMEX,30.19,0.20,0.68,2026-10-06 05:42
PZT,Invesco New York AMT-Free Municipal Bond ETF,ETF,AMEX,20.42,-0.10,-0.49,2026-10-06 05:42
PZZA,파파 존스 인터내셔널,주식,NASDAQ,19.54,0.11,0.57,2026-10-06 05:42
Q,큐니티 일렉트로닉스,주식,NYSE,131.53,0.05,0.04,2026-10-06 05:42
QABA,First Trust NASDAQ ABA Community Bank Index Fund,ETF,NASDAQ,65.22,-0.37,-0.57,2026-10-06 05:42
QADR,QDRO 애퀴지션,주식,NASDAQ,10.01,0.00,0.00,2026-10-06 05:42
QADRU,QDRO Acquisition Units,주식,NASDAQ,10.10,0.00,0.00,2026-10-06 05:42
QAI,NYLIM Hedge Multi Strategy Tracker ETF,ETF,AMEX,36.29,0.05,0.14,2026-10-06 05:42
QALT,SEI DBi Multi Strategy Alternative ETF,ETF,NASDAQ,26.48,0.12,0.46,2026-10-06 05:42
QARP,Xtrackers Russell 1000 US Qlty at a Rsnbl Prce ETF,ETF,AMEX,67.55,0.38,0.57,2026-10-06 05:42
QAT,iShares MSCI Qatar ETF,ETF,NASDAQ,16.35,0.06,0.37,2026-10-06 05:42
QAU,Corgi Growth and Technology 10 Structured Buffer ETF  August Series,ETF,AMEX,26.38,0.12,0.46,2026-10-06 05:42
QB,ProShares Nasdaq-100 Dynamic Buffer ETF,ETF,NASDAQ,49.46,0.14,0.28,2026-10-06 05:42
QBER,TrueShares Quarterly Bear Hedge ETF,ETF,AMEX,23.82,-0.01,-0.03,2026-10-06 05:42
QBF,Innovator Uncapped Bitcoin 20Floor ETF - Quarterly,ETF,AMEX,19.00,0.24,1.29,2026-10-06 05:42
QBIF,Allianzim International Equity Buffer15 ETF,ETF,AMEX,26.02,0.05,0.17,2026-10-06 05:42
QBIG,Invesco Top QQQ ETF,ETF,NASDAQ,42.93,0.47,1.11,2026-10-06 05:42
QBIV,Allianzim International Equity Buffer5 ETF,ETF,AMEX,26.55,0.02,0.06,2026-10-06 05:42
QBKF,Allianzim US Small Cap Buffer15 ETF,ETF,AMEX,26.13,0.02,0.06,2026-10-06 05:42
QBKV,Allianzim US Small Cap Buffer5 ETF,ETF,AMEX,27.10,0.09,0.35,2026-10-06 05:42
QBQF,AllianzIM Growth-100 Buffer15 ETF,ETF,AMEX,26.15,0.06,0.23,2026-10-06 05:42
QBQV,AllianzIM Growth-100 Buffer5 ETF,ETF,AMEX,27.43,0.15,0.54,2026-10-06 05:42
QBSF,AllianzIM US Equity Buffer15 ETF,ETF,AMEX,27.57,0.04,0.15,2026-10-06 05:42
QBSV,Allianzim US Equity Buffer5 ETF,ETF,AMEX,27.37,0.06,0.22,2026-10-06 05:42
QBTS,디 웨이브 퀀텀,주식,NASDAQ,15.64,-0.13,-0.82,2026-10-06 05:42
QBTX,Tradr 2X Long QBTS Daily ETF,ETF,AMEX,20.12,-0.45,-2.19,2026-10-06 05:42
QBTZ,Defiance Daily Target 2X Short QBTS ETF,ETF,NASDAQ,18.75,0.28,1.53,2026-10-06 05:42
QBUF,Innovator Nasdaq-100 10 Buffer ETF - Quarterly,ETF,NASDAQ,31.09,0.11,0.35,2026-10-06 05:42
QBUL,TrueShares Quarterly Bull Hedge ETF,ETF,AMEX,24.11,0.03,0.12,2026-10-06 05:42
QBY,GraniteShares YieldBoost QBTS ETF,ETF,NASDAQ,5.44,-0.04,-0.64,2026-10-06 05:42
QCAP,FT Vest Nasdaq-100 Conservative Buffer ETF - April,ETF,AMEX,25.70,0.09,0.36,2026-10-06 05:42
QCJA,FT Vest Nasdaq-100 Conservative Buffer ETF - Jan,ETF,AMEX,24.06,0.04,0.15,2026-10-06 05:42
QCJL,FT Vest Nasdaq-100 Conservative Buffer ETF - July,ETF,AMEX,26.29,0.08,0.30,2026-10-06 05:42
QCLN,First Trust NASDAQ Clean Edge Green Energy Idx Fd,ETF,NASDAQ,50.16,0.09,0.18,2026-10-06 05:42
QCLR,Global X NASDAQ 100 Collar 95-110 ETF,ETF,NASDAQ,28.42,0.12,0.42,2026-10-06 05:42
QCLS,Q/C 테크놀로지스,주식,NASDAQ,0.68,-0.07,-9.02,2026-10-06 05:42
QCMD,Direxion Daily QCOM Bear 1X ETF,ETF,NASDAQ,16.02,0.38,2.45,2026-10-06 05:42
QCML,GraniteShares 2x Long QCOM Daily ETF,ETF,NASDAQ,17.50,-0.88,-4.77,2026-10-06 05:42
QCMU,Direxion Daily QCOM Bull 2X ETF,ETF,NASDAQ,21.68,-1.03,-4.51,2026-10-06 05:42
QCOC,FT Vest Nasdaq-100 Conservative Buffer ETF - Oct,ETF,AMEX,24.62,0.03,0.10,2026-10-06 05:42
QCOM,퀄컴,주식,NASDAQ,180.79,-4.08,-2.21,2026-10-06 05:42
QCRH,QCR 홀딩스,주식,NASDAQ,100.03,-0.92,-0.91,2026-10-06 05:42
QDEC,FT Vest Nasdaq-100 Buffer ETF - December,ETF,AMEX,37.12,0.09,0.23,2026-10-06 05:42
QDEF,Northern Trust Quality Dividend Defensive ETF,ETF,AMEX,90.11,0.42,0.47,2026-10-06 05:42
QDEL,퀴델오쏘,주식,NASDAQ,12.14,1.37,12.72,2026-10-06 05:42
QDF,Northern Trust Quality Dividend ETF,ETF,AMEX,91.37,0.35,0.38,2026-10-06 05:42
QDIV,Global X S&P 500 Quality Dividend ETF,ETF,AMEX,38.23,0.04,0.11,2026-10-06 05:42
QDPL,Pacer Metaurus US Large Cap Div Multiplier 400 ETF,ETF,AMEX,46.79,0.56,1.21,2026-10-06 05:42
QDTE,Roundhill Innov-100 0DTE Covered Call Strat ETF,ETF,AMEX,29.81,0.25,0.83,2026-10-06 05:42
QDTY,YieldMax Nasdaq 100 0DTE Covered Call Strategy ETF,ETF,NASDAQ,39.81,0.37,0.93,2026-10-06 05:42
QDVO,Amplify CWP Growth & Income ETF,ETF,AMEX,30.34,0.13,0.43,2026-10-06 05:42
QEFA,State Street SPDR MSCI EAFE StrategicFactors ETF,ETF,AMEX,97.47,0.01,0.01,2026-10-06 05:42
QEMM,State Street SPDR MSCI Emerg Mkts StratFacts ETF,ETF,AMEX,82.31,1.21,1.50,2026-10-06 05:42
QETA,퀘타 애퀴지션,주식,NASDAQ,11.79,0.00,0.00,2026-10-06 05:42
QETAR,Quetta Acquisition Rights,주식,NASDAQ,0.49,0.08,19.45,2026-10-06 05:42
QETAU,Quetta Acquisition Units,주식,NASDAQ,11.51,0.00,0.00,2026-10-06 05:42
QETH,Invesco Galaxy Ethereum ETF,ETF,AMEX,26.95,0.42,1.58,2026-10-06 05:42
QEW,Invesco QQQ Equal Weight ETF,ETF,NASDAQ,30.30,0.24,0.81,2026-10-06 05:42
QFF,Qualivian Focus Fund ETF,ETF,NASDAQ,24.59,0.18,0.74,2026-10-06 05:42
QFHD,Pacer S&P 500 Quality FCF High Dividend ETF,ETF,AMEX,26.48,0.03,0.10,2026-10-06 05:42
QFIN,큐핀 홀딩스 ADR,주식,NASDAQ,6.56,0.10,1.47,2026-10-06 05:42
QFLR,Innovator Nasdaq-100 Managed Floor ETF,ETF,AMEX,36.68,0.25,0.69,2026-10-06 05:42
QFRD,Pacer S&P 500 Quality FCF R&D Leaders,ETF,AMEX,31.39,0.22,0.70,2026-10-06 05:42
QGEN,퀴아젠,주식,NYSE,45.79,1.04,2.32,2026-10-06 05:42
QGRD,Horizon Nasdaq-100 Defined Risk ETF,ETF,NASDAQ,30.54,0.20,0.66,2026-10-06 05:42
QGRO,American Century US Quality Growth ETF,ETF,AMEX,118.69,0.84,0.71,2026-10-06 05:42
QGRW,WisdomTree US Quality Growth Fund,ETF,AMEX,70.15,0.61,0.88,2026-10-06 05:42
QH,취훠,주식,NASDAQ,3.74,0.06,1.63,2026-10-06 05:42
QHY,WisdomTree US High Yield Corporate Bond Fund,ETF,AMEX,44.31,0.07,0.15,2026-10-06 05:42
QID,ProShares UltraShort QQQ,ETF,AMEX,12.64,-0.23,-1.79,2026-10-06 05:42
QIDX,Indexperts Quality Earnings Focused ETF,ETF,AMEX,11.51,0.04,0.38,2026-10-06 05:42
QIG,WisdomTree US Corporate Bond Fund,ETF,AMEX,42.07,-0.01,-0.02,2026-10-06 05:42
QINT,American Century Quality Diversified Internatl ETF,ETF,AMEX,69.74,0.14,0.20,2026-10-06 05:42
QIS,Simplify Multi-QIS Alternative ETF,ETF,AMEX,10.95,-0.10,-0.92,2026-10-06 05:42
QJL,Corgi Growth&Technology10% Strctrd Bffr ETF-July S,ETF,AMEX,26.06,0.14,0.56,2026-10-06 05:42
QJN,Corgi Growth & Tech 10% Structrd Buffr ETF-June S,ETF,AMEX,25.68,0.14,0.56,2026-10-06 05:42
QJUN,FT Vest Nasdaq-100 Buffer ETF - June,ETF,AMEX,34.79,0.24,0.68,2026-10-06 05:42
QLC,Northern Trust US Quality Large Cap ETF,ETF,AMEX,92.14,0.44,0.48,2026-10-06 05:42
QLD,ProShares Ultra QQQ,ETF,AMEX,99.84,1.71,1.74,2026-10-06 05:42
QLDY,Defiance Nasdaq 100 LightningSpread Income ETF,ETF,NASDAQ,41.82,0.39,0.94,2026-10-06 05:42
QLEP,퀀텀 리프 애퀴지션,주식,NYSE,10.05,0.00,0.00,2026-10-06 05:42
QLTA,iShares Aaa - A Rated Corporate Bond ETF,ETF,AMEX,44.87,0.01,0.02,2026-10-06 05:42
QLTI,GMO International Quality ETF,ETF,AMEX,26.68,0.00,0.00,2026-10-06 05:42
QLTY,GMO US Quality ETF,ETF,AMEX,43.66,0.51,1.18,2026-10-06 05:42
QLV,Northern Trust US Quality Low Volatility ETF,ETF,AMEX,79.24,0.47,0.60,2026-10-06 05:42
QLVD,Northern Trust Developed Mkt exUS Qlty Lw Vlty ETF,ETF,AMEX,32.94,-0.06,-0.17,2026-10-06 05:42
QLVE,Northern Trust Emerging Mkts Qlty Low Volty ETF,ETF,AMEX,34.44,0.37,1.08,2026-10-06 05:42
QLYS,퀄리스,주식,NASDAQ,198.68,5.68,2.94,2026-10-06 05:42
QMAG,FT Vest Nasdaq-100 Moderate Buffer ETF - Aug,ETF,AMEX,26.51,0.05,0.19,2026-10-06 05:42
QMAR,FT Vest Nasdaq-100 Buffer ETF - March,ETF,AMEX,38.65,0.09,0.23,2026-10-06 05:42
QMCO,퀀텀,주식,NASDAQ,34.01,-0.50,-1.43,2026-10-06 05:42
QMFE,FT Vest Nasdaq-100 Moderate Buffer ETF - February,ETF,AMEX,25.08,0.03,0.10,2026-10-06 05:42
QMID,WisdomTree US MidCap Quality Growth Fund,ETF,NASDAQ,29.22,0.33,1.13,2026-10-06 05:42
QMLS,큐뮬러스AI,주식,NASDAQ,6.16,-0.37,-5.67,2026-10-06 05:42
QMMY,FT Vest Nasdaq-100 Moderate Buffer ETF - May,ETF,AMEX,27.33,0.13,0.48,2026-10-06 05:42
QMNV,FT Vest Nasdaq-100 Moderate Buffer ETF - November,ETF,AMEX,25.95,0.03,0.12,2026-10-06 05:42
QMOM,Alpha Architect US Quantitative Momentum ETF,ETF,NASDAQ,74.49,0.54,0.73,2026-10-06 05:42
QMY,Corgi Grwth & Tchnlgy 10% SB ETF- May S,ETF,AMEX,26.85,0.15,0.57,2026-10-06 05:42
QNBC,QNB,주식,NASDAQ,45.11,-0.50,-1.10,2026-10-06 05:42
QNC,퀀텀 이모션,주식,AMEX,1.64,0.05,3.14,2026-10-06 05:42
QNCX,퀸스 테라퓨틱스,주식,NASDAQ,28.10,-1.10,-3.77,2026-10-06 05:42
QNDX,State Street SPDR Portfolio Nasdaq 100 ETF,ETF,NASDAQ,25.61,0.22,0.87,2026-10-06 05:42
QNME,쿼놈 테크놀로지스,주식,NASDAQ,0.58,0.02,3.46,2026-10-06 05:42
QNRX,코인 파마슈티컬스 ADR,주식,NASDAQ,4.56,0.09,1.90,2026-10-06 05:42
QNST,퀸스트리트,주식,NASDAQ,14.99,0.02,0.13,2026-10-06 05:42
QNT,퀀티넘,주식,NASDAQ,45.53,-0.55,-1.19,2026-10-06 05:42
QNTM,퀀텀 바이오파마,주식,NASDAQ,3.27,-0.17,-4.94,2026-10-06 05:42
QNTU,Tradr 2X Long QNT Daily ETF,ETF,AMEX,6.15,-0.15,-2.38,2026-10-06 05:42
QNXT,iShares Nasdaq 100 ex Top 30 ETF,ETF,NASDAQ,31.32,0.29,0.92,2026-10-06 05:42
QOWZ,Invesco Nasdaq Free Cash Flow Achievers ETF,ETF,NASDAQ,37.32,0.63,1.72,2026-10-06 05:42
QPUX,Defiance 2X Daily Long Pure Quantum ETF,ETF,NASDAQ,12.35,-0.22,-1.74,2026-10-06 05:42
QPX,AdvisorShares Q Dynamic Growth ETF,ETF,AMEX,48.94,0.17,0.35,2026-10-06 05:42
QQA,Invesco QQQ Income Advantage ETF,ETF,NASDAQ,58.04,0.44,0.76,2026-10-06 05:42
QQAU,Corgi Growth & Tech 15% Strctrd Bffr ETF-Aug S,ETF,AMEX,26.26,0.12,0.44,2026-10-06 05:42
QQBF,FT Vest Nasdaq-100 Quarterly 15 Buffer ETF,ETF,AMEX,20.41,0.02,0.10,2026-10-06 05:42
QQDN,ProShares UltraShort Top QQQ Mega,ETF,NASDAQ,19.12,-0.43,-2.18,2026-10-06 05:42
QQEW,First Trust NASDAQ-100 Select Equal Weight ETF,ETF,NASDAQ,165.61,1.95,1.19,2026-10-06 05:42
QQH,HCM Defender 100 Index ETF,ETF,AMEX,89.87,1.01,1.14,2026-10-06 05:42
QQHG,Invesco QQQ Hedged Advantage ETF,ETF,NASDAQ,68.52,1.20,1.78,2026-10-06 05:42
QQI,Invesco Nasdaq International Innovators 100 ETF,ETF,NASDAQ,25.49,0.23,0.89,2026-10-06 05:42
QQJL,Corgi Growth & Technology 15% Structured Bffr ETF,ETF,AMEX,25.98,0.12,0.46,2026-10-06 05:42
QQJN,Corgi Growth & Technology 15% SB ETF-June Series,ETF,AMEX,25.66,0.12,0.45,2026-10-06 05:42
QQLV,Invesco QQQ Low Volatility ETF,ETF,NASDAQ,24.17,0.01,0.03,2026-10-06 05:42
QQMG,Invesco ESG NASDAQ 100 ETF,ETF,NASDAQ,52.80,0.38,0.72,2026-10-06 05:42
QQMY,Corgi Growth&Technology 15% Struct Buffr ETF-May S,ETF,AMEX,26.67,0.09,0.35,2026-10-06 05:42
QQQ,Invesco QQQ Trust  Series 1,ETF,NASDAQ,756.20,6.62,0.88,2026-10-06 05:42
QQQA,ProShares Nasdaq-100 Dorsey Wright Momentum ETF,ETF,NASDAQ,73.47,0.44,0.61,2026-10-06 05:42
QQQB,VistaShares Shield Nasdaq 100 Enhanced Protection,ETF,NASDAQ,25.08,0.03,0.12,2026-10-06 05:42
QQQD,Direxion Daily Magnificent 7 Bear 1X ETF,ETF,AMEX,11.53,-0.15,-1.24,2026-10-06 05:42
QQQE,Direxion NASDAQ-100 Equal Weighted Index ETF,ETF,NASDAQ,122.29,0.90,0.74,2026-10-06 05:42
QQQG,Pacer Nasdaq 100 Top 50 Cash Cows Growth Ldrs ETF,ETF,NASDAQ,33.03,0.31,0.96,2026-10-06 05:42
QQQH,NEOS Nasdaq-100 Hedged Equity Income ETF,ETF,NASDAQ,56.11,0.26,0.46,2026-10-06 05:42
QQQI,NEOS Nasdaq-100 High Income ETF,ETF,NASDAQ,56.43,0.35,0.62,2026-10-06 05:42
QQQJ,Invesco NASDAQ Next Gen 100 ETF,ETF,NASDAQ,44.94,0.49,1.10,2026-10-06 05:42
QQQM,Invesco NASDAQ 100 ETF,ETF,NASDAQ,311.40,2.71,0.88,2026-10-06 05:42
QQQP,Tradr 2X Long Innovation 100 Quarterly ETF,ETF,NASDAQ,241.35,3.87,1.63,2026-10-06 05:42
QQQS,Invesco NASDAQ Future Gen 200 ETF,ETF,NASDAQ,43.22,0.35,0.81,2026-10-06 05:42
QQQT,Defiance Nasdaq 100 Income Target ETF,ETF,NASDAQ,18.30,0.10,0.57,2026-10-06 05:42
QQQU,Direxion Daily Magnificent 7 Bull 2X ETF,ETF,AMEX,64.97,1.46,2.30,2026-10-06 05:42
QQQX,Nuveen Nasdaq 100 Dynamic Overwrite Fund,주식,NASDAQ,30.49,-0.19,-0.62,2026-10-06 05:42
QQQY,Defiance Nasdaq 100 Weekly Distribution ETF,ETF,NASDAQ,22.86,0.16,0.71,2026-10-06 05:42
QQSE,Corgi Growth & Tech 15% Strctrd Bffr ETF-Sep S,ETF,AMEX,25.84,0.11,0.41,2026-10-06 05:42
QQUP,ProShares Ultra Top QQQ Mega,ETF,NASDAQ,67.14,1.44,2.19,2026-10-06 05:42
QQWZ,Pacer Cash COWZ 100-Nasdaq 100 Rotator ETF,ETF,NASDAQ,28.14,0.23,0.83,2026-10-06 05:42
QQXL,ProShares Ultra QQQ Top 30,ETF,NASDAQ,62.07,0.99,1.63,2026-10-06 05:42
QQXT,First Trust NASDAQ-100 Ex-Technology Sector Idx Fd,ETF,NASDAQ,96.63,0.74,0.77,2026-10-06 05:42
QRED,퀘사에지 애퀴지션,주식,NYSE,10.05,0.00,-0.01,2026-10-06 05:42
QRED.U,QuasarEdge Acquisition Units,주식,NYSE,10.27,0.00,0.00,2026-10-06 05:42
QRHC,퀘스트 리소스 홀딩,주식,NASDAQ,1.40,0.03,2.19,2026-10-06 05:42
QRMI,Global X NASDAQ 100 Risk Managed Income ETF,ETF,NASDAQ,15.29,0.00,0.01,2026-10-06 05:42
QRVO,코보,주식,NASDAQ,114.17,0.00,0.00,2026-10-06 05:42
QS,퀀텀스케이프,주식,NASDAQ,4.62,0.05,1.09,2026-10-06 05:42
QSE,Corgi Growth & Tech 10% Strctrd Bffr ETF-Sep S,ETF,AMEX,26.00,0.13,0.52,2026-10-06 05:42
QSEA,쿼츠씨 애퀴지션,주식,NASDAQ,10.72,0.03,0.23,2026-10-06 05:42
QSEAR,Quartzsea Acquisition Rights,주식,NASDAQ,0.25,0.00,0.00,2026-10-06 05:42
QSEAU,Quartzsea Acquisition Units,주식,NASDAQ,10.98,0.00,0.00,2026-10-06 05:42
QSI,퀀텀-Si,주식,NASDAQ,1.28,-0.27,-17.42,2026-10-06 05:42
QSIG,WisdomTree US Short-Term Corporate Bond Fund,ETF,AMEX,47.31,0.07,0.14,2026-10-06 05:42
QSIX,Pacer Metaurus Nasdaq 100 Div Multiplier 600 ETF,ETF,NASDAQ,44.09,0.34,0.77,2026-10-06 05:42
QSML,WisdomTree US SmallCap Quality Growth Fund,ETF,NASDAQ,33.04,0.26,0.80,2026-10-06 05:42
QSOL,Invesco Galaxy Solana ETF,ETF,AMEX,12.07,0.22,1.86,2026-10-06 05:42
QSPT,FT Vest Nasdaq-100 Buffer ETF - September,ETF,AMEX,36.92,0.17,0.46,2026-10-06 05:42
QSR,레스토랑 브랜즈 인터내셔널,주식,NYSE,69.87,-0.04,-0.06,2026-10-06 05:42
QSU,Defiance Daily Target 2X Long QS ETF,ETF,AMEX,3.97,0.12,3.12,2026-10-06 05:42
QTAC,Q3 All-Season Tactical Advantage ETF,ETF,AMEX,26.23,0.32,1.22,2026-10-06 05:42
QTAP,Innovator Growth Accelerated Plus ETF - April,ETF,AMEX,53.40,0.09,0.17,2026-10-06 05:42
QTEC,First Trust NASDAQ-100-Technology Sector Index Fd,ETF,NASDAQ,338.85,2.51,0.75,2026-10-06 05:42
QTEX,큐트렉스 퀀텀,주식,NASDAQ,1.54,0.44,40.00,2026-10-06 05:42
QTI,QT 이미징 홀딩스,주식,NASDAQ,2.61,-0.06,-2.25,2026-10-06 05:42
QTJA,Innovator Growth Accelerated Plus ETF - January,ETF,AMEX,34.53,0.06,0.16,2026-10-06 05:42
QTJL,Innovator Growth Accelerated Plus ETF - July,ETF,AMEX,44.30,0.28,0.64,2026-10-06 05:42
QTOC,Innovator Growth Accelerated Plus ETF - October,ETF,AMEX,39.87,0.24,0.60,2026-10-06 05:42
QTOP,iShares Nasdaq Top 30 Stocks ETF,ETF,NASDAQ,40.12,0.34,0.84,2026-10-06 05:42
QTPI,North Square RCIM Tax-Adv Pref and Inc Sec ETF,ETF,AMEX,24.75,-0.08,-0.31,2026-10-06 05:42
QTR,Global X NASDAQ 100 Tail Risk ETF,ETF,NASDAQ,35.43,0.27,0.76,2026-10-06 05:42
QTRX,퀀테릭스,주식,NASDAQ,3.81,0.17,4.67,2026-10-06 05:42
QTTB,Q32 바이오,주식,NASDAQ,8.37,0.14,1.70,2026-10-06 05:42
QTUM,Defiance Quantum ETF,ETF,NASDAQ,156.40,0.34,0.22,2026-10-06 05:42
QTUP,Defiance Pure Quantum ETF,ETF,AMEX,15.60,-0.20,-1.27,2026-10-06 05:42
QTWO,Q2 홀딩스,주식,NYSE,58.21,1.83,3.25,2026-10-06 05:42
QUA,Corgi QBTS 2x Daily ETF,ETF,AMEX,11.13,-0.23,-1.99,2026-10-06 05:42
QUAD,쿼드/그래픽스,주식,NYSE,9.50,0.08,0.85,2026-10-06 05:42
QUAL,iShares MSCI USA Quality Factor ETF,ETF,AMEX,225.88,1.40,0.62,2026-10-06 05:42
QUBT,퀀텀 컴퓨팅,주식,NASDAQ,7.94,-0.24,-2.93,2026-10-06 05:42
QUBX,Tradr 2X Long QUBT Daily ETF,ETF,AMEX,24.85,-1.33,-5.08,2026-10-06 05:42
QUCY,퀀텀 사이버,주식,NASDAQ,1.35,0.02,1.50,2026-10-06 05:42
QUIK,퀵로직,주식,NASDAQ,11.65,-0.22,-1.85,2026-10-06 05:42
QUIZ,Zacks Quality International ETF,ETF,AMEX,28.86,0.07,0.24,2026-10-06 05:42
QUMS,퀀텀스피어 애퀴지션,주식,NASDAQ,10.35,0.00,0.00,2026-10-06 05:42
QUMSR,Quantumsphere Acquisition Rights,주식,NASDAQ,0.06,0.00,0.00,2026-10-06 05:42
QUMSU,Quantumsphere Acquisition Units,주식,NASDAQ,10.38,0.00,0.00,2026-10-06 05:42
QURE,유니큐어,주식,NASDAQ,22.80,-0.66,-2.81,2026-10-06 05:42
QUS,State Street SPDR MSCI USA StrategicFactors ETF,ETF,AMEX,192.64,1.13,0.59,2026-10-06 05:42
QUSA,VistaShares Target 15 USA Quality Income ETF,ETF,AMEX,17.97,0.13,0.73,2026-10-06 05:42
QVAL,Alpha Architect US Quantitative Value ETF,ETF,NASDAQ,59.26,0.29,0.48,2026-10-06 05:42
QVCG,QVC 그룹,주식,NASDAQ,14.07,-0.39,-2.70,2026-10-06 05:42
QVML,Invesco S&P 500 QVM Multi-factor ETF,ETF,AMEX,45.83,0.25,0.55,2026-10-06 05:42
QVMM,Invesco S&P MidCap 400 QVM Multi-factor ETF,ETF,AMEX,34.24,0.09,0.26,2026-10-06 05:42
QVMS,Invesco S&P SmallCap 600 QVM Multi-factor ETF,ETF,AMEX,32.69,0.10,0.31,2026-10-06 05:42
QVMT,Invesco S&P 500 Concentrated QVM ETF,ETF,AMEX,65.82,0.28,0.43,2026-10-06 05:42
QVOL,Infrastructure Capital Nasdaq Option Income ETF,ETF,NASDAQ,102.43,0.58,0.57,2026-10-06 05:42
QVOY,Q3 All-Season Active Rotation ETF,ETF,AMEX,28.27,0.10,0.35,2026-10-06 05:42
QWLD,State Street SPDR MSCI World StrategicFactors ETF,ETF,AMEX,155.31,0.26,0.17,2026-10-06 05:42
QXL,퀀텀 X 랩스,주식,NASDAQ,4.16,-0.15,-3.48,2026-10-06 05:42
QXO,QXO,주식,NYSE,11.88,-0.18,-1.49,2026-10-06 05:42
QXQ,SGI Enhanced Nasdaq-100 ETF,ETF,NASDAQ,33.59,0.27,0.82,2026-10-06 05:42
QYLD,Global X NASDAQ 100 Covered Call ETF,ETF,NASDAQ,18.66,0.03,0.16,2026-10-06 05:42
QYLG,Global X Nasdaq 100 Covered Call & Growth ETF,ETF,NASDAQ,30.81,0.12,0.41,2026-10-06 05:42
R,라이더 시스템,주식,NYSE,235.94,-1.30,-0.55,2026-10-06 05:42
RA,Brookfield Real Assets Income Closed Fund,주식,NYSE,11.42,-0.19,-1.64,2026-10-06 05:42
RAA,SMI 3Fourteen REAL Asset Allocation ETF,ETF,NASDAQ,30.22,0.11,0.36,2026-10-06 05:42
RAAA,Reckoner Yield Enhanced AAA CLO ETF,ETF,AMEX,25.04,0.00,0.00,2026-10-06 05:42
RAAR,Reckoner Yield Enhanced AAA CLO Reinvesting ETF,ETF,AMEX,51.63,0.01,0.01,2026-10-06 05:42
RAAX,VanEck Real Assets ETF,ETF,AMEX,40.43,0.11,0.27,2026-10-06 05:42
RAAY,Reckoner Yield Enhanced AAA CLO Annual ETF,ETF,AMEX,103.28,0.00,0.00,2026-10-06 05:42
RAC,리듬 애퀴지션,주식,NYSE,10.56,0.01,0.09,2026-10-06 05:42
RAC.U,Rithm Acquisition Units,주식,NYSE,10.65,0.00,0.00,2026-10-06 05:42
RACC,리서치 얼라이언스 III,주식,NASDAQ,10.37,-0.35,-3.26,2026-10-06 05:42
RACD,리서치 얼라이언스 IV,주식,NASDAQ,11.70,0.20,1.74,2026-10-06 05:42
RACE,페라리,주식,NYSE,383.40,-4.93,-1.27,2026-10-06 05:42
RACK,Vaneck Data Center Supply Chain ETF,ETF,AMEX,50.28,0.23,0.46,2026-10-06 05:42
RADX,라디오팜 테라노스틱스 ADR,주식,NASDAQ,1.27,-0.15,-10.56,2026-10-06 05:42
RAFE,PIMCO RAFI ESG US ETF,ETF,AMEX,49.30,0.18,0.36,2026-10-06 05:42
RAIL,프레이트카 아메리카,주식,NASDAQ,6.76,-0.14,-2.03,2026-10-06 05:42
RAIN,레인 인한스먼트 테크놀로지스,주식,NASDAQ,0.76,-0.01,-1.44,2026-10-06 05:42
RAL,랠리언트,주식,NYSE,73.96,0.76,1.04,2026-10-06 05:42
RAM,Roundhill T-REX 2X Long DRAM Daily Target ETF,ETF,AMEX,14.24,-0.07,-0.49,2026-10-06 05:42
RAML,Leverage Shares 2X Long Memory Daily ETF,ETF,AMEX,14.76,-0.09,-0.59,2026-10-06 05:42
RAMP,라이브램프 홀딩스,주식,NYSE,37.71,0.06,0.16,2026-10-06 05:42
RAMZ,T-REX 2X INVERSE DRAM DAILY TARGET ETF,ETF,AMEX,13.27,0.03,0.23,2026-10-06 05:42
RAND,랜드 캐피탈,주식,NASDAQ,9.95,-0.24,-2.35,2026-10-06 05:42
RANG,레인지 캐피탈 애퀴지션,주식,NASDAQ,10.86,0.00,0.00,2026-10-06 05:42
RANGR,Range Capital Acquisition Rights Exp 23rd Jun 2026,주식,NASDAQ,0.30,0.01,3.45,2026-10-06 05:42
RANGU,Range Capital Acquisition Units,주식,NASDAQ,11.32,0.00,0.00,2026-10-06 05:42
RANI,라니 테라퓨틱스 홀딩스,주식,NASDAQ,0.77,-0.04,-4.43,2026-10-06 05:42
RANK,Defiance KSM TipRanks Analyst ETF,ETF,AMEX,19.72,0.11,0.57,2026-10-06 05:42
RAPP,라포르 테라퓨틱스,주식,NASDAQ,32.19,0.02,0.06,2026-10-06 05:42
RARE,울트라제닉스 파마슈티컬,주식,NASDAQ,14.50,-0.72,-4.73,2026-10-06 05:42
RAUS,RACWI US ETF,ETF,NASDAQ,30.43,0.17,0.56,2026-10-06 05:42
RAVE,레이브 레스토랑 그룹,주식,NASDAQ,2.29,-0.02,-0.87,2026-10-06 05:42
RAVI,Northern Trust Ultra-Short Fixed Income ETF,ETF,AMEX,74.99,0.02,0.03,2026-10-06 05:42
RAYA,에라약 파워 솔루션 그룹,주식,NASDAQ,1.89,-0.08,-4.06,2026-10-06 05:42
RB,ProShares Russell 2000 Dynamic Buffer ETF,ETF,AMEX,46.41,0.04,0.08,2026-10-06 05:42
RBA,RB 글로벌,주식,NYSE,82.30,0.42,0.51,2026-10-06 05:42
RBB,RBB 뱅코프,주식,NASDAQ,26.22,0.03,0.11,2026-10-06 05:42
RBBN,리본 커뮤니케이션,주식,NASDAQ,1.70,-0.07,-3.95,2026-10-06 05:42
RBC,리갈 벨로이트,주식,NYSE,512.58,-2.98,-0.58,2026-10-06 05:42
RBCAA,리퍼블릭 뱅코프,주식,NASDAQ,93.59,-0.11,-0.11,2026-10-06 05:42
RBIL,F/m Ultrashort Treasury Inflation-Protected Secu,ETF,NASDAQ,49.98,-0.01,-0.03,2026-10-06 05:42
RBKB,라인벡 뱅코프,주식,NASDAQ,13.23,0.08,0.61,2026-10-06 05:42
RBLD,First Trust Alerian US NextGen Infrastructure ETF,ETF,AMEX,84.56,0.57,0.68,2026-10-06 05:42
RBLU,T-Rex 2X Long RBLX Daily Target ETF,ETF,AMEX,4.58,0.09,1.89,2026-10-06 05:42
RBLX,로블록스,주식,NYSE,44.58,0.46,1.04,2026-10-06 05:42
RBLY,YieldMax RBLX Option Income Strategy ETF,ETF,AMEX,9.06,0.01,0.10,2026-10-06 05:42
RBNE,로빈 에너지,주식,NASDAQ,2.16,-0.09,-4.00,2026-10-06 05:42
RBRK,루브릭,주식,NYSE,122.68,4.10,3.46,2026-10-06 05:42
RBUF,Innovator U.S. Small Cap 10 Buffer ETF - Quarterly,ETF,AMEX,31.18,0.06,0.19,2026-10-06 05:42
RC,레디 캐피털,주식,NYSE,1.10,-0.03,-2.65,2026-10-06 05:42
RCAT,레드 캣 홀딩스,주식,NASDAQ,6.35,-0.06,-0.86,2026-10-06 05:42
RCAX,Defiance Daily Target 2X Long RCAT ETF,ETF,NASDAQ,8.04,-0.10,-1.17,2026-10-06 05:42
RCBC,RCB,주식,NASDAQ,54.45,0.28,0.52,2026-10-06 05:42
RCD,레디 캐피탈 선순위 채권 9.00% 만기 29년,주식,NYSE,22.68,-0.15,-0.66,2026-10-06 05:42
RCEL,아비타 메디컬,주식,NASDAQ,13.25,0.53,4.17,2026-10-06 05:42
RCG,RENN Fund,주식,AMEX,2.98,-0.01,-0.38,2026-10-06 05:42
RCGE,RockCreek Global Equality ETF,ETF,NASDAQ,28.94,-0.01,-0.05,2026-10-06 05:42
RCI,로저스 커뮤니케이션스,주식,NYSE,30.38,-0.45,-1.46,2026-10-06 05:42
RCKT,로켓 파머슈티컬스,주식,NASDAQ,2.61,0.05,1.95,2026-10-06 05:42
RCKY,로키 브랜즈,주식,NASDAQ,46.14,-0.60,-1.28,2026-10-06 05:42
RCL,로얄 캐리비안 크루즈,주식,NYSE,275.03,-2.71,-0.98,2026-10-06 05:42
RCLO,Reckoner BBB-B CLO ETF,ETF,AMEX,25.01,0.02,0.08,2026-10-06 05:42
RCLR,Reckoner BBB-B CLO Reinvesting ETF,ETF,AMEX,51.75,0.01,0.02,2026-10-06 05:42
RCLY,Reckoner BBB-B CLO Annual ETF,ETF,AMEX,103.55,0.02,0.02,2026-10-06 05:42
RCMT,RCM 테크놀로지스,주식,NASDAQ,41.59,-0.42,-1.00,2026-10-06 05:42
RCON,레콘 테크놀러지,주식,NASDAQ,1.25,0.00,0.00,2026-10-06 05:42
RCS,PIMCO Strategic Income Fund Inc,주식,NYSE,5.04,0.03,0.60,2026-10-06 05:42
RCT,레드클라우드 홀딩스,주식,NASDAQ,0.18,-0.01,-4.83,2026-10-06 05:42
RCTR,First Trust Bloomberg Nuclear Power ETF,ETF,AMEX,32.37,0.26,0.82,2026-10-06 05:42
RCUS,아쿠스 바이오사이언스,주식,NYSE,24.74,0.30,1.23,2026-10-06 05:42
RDAC,라이징 드래곤 애퀴지션,주식,NASDAQ,5.52,0.02,0.37,2026-10-06 05:42
RDACR,Rising Dragon Acquisition Rights,주식,NASDAQ,0.11,0.00,0.00,2026-10-06 05:42
RDACU,Rising Dragon Acquisition Units,주식,NASDAQ,6.10,0.00,0.00,2026-10-06 05:42
RDAG,리퍼블릭 디지털 애퀴지션,주식,NASDAQ,10.44,0.00,0.00,2026-10-06 05:42
RDAGU,Republic Digital Acquisition Units,주식,NASDAQ,10.53,0.00,0.00,2026-10-06 05:42
RDCM,래드콤,주식,NASDAQ,10.41,0.12,1.17,2026-10-06 05:42
RDDC,Corgi RDDT 2x Daily ETF,ETF,AMEX,11.59,0.36,3.20,2026-10-06 05:42
RDDT,레딧,주식,NYSE,150.42,2.56,1.73,2026-10-06 05:42
RDFI,Rareview Dynamic Fixed Income ETF,ETF,AMEX,21.29,-0.23,-1.09,2026-10-06 05:42
RDGT,리지테크,주식,NASDAQ,0.89,0.01,1.44,2026-10-06 05:42
RDHL,레드힐 바이오파마 ADR,주식,NASDAQ,0.49,-0.01,-1.44,2026-10-06 05:42
RDI,리딩 인터내셔널 Class A,주식,NASDAQ,1.85,-0.12,-5.85,2026-10-06 05:42
RDIB,리딩 인터내셔널 Class B,주식,NASDAQ,14.29,-1.79,-11.13,2026-10-06 05:42
RDIV,Invesco S&P Ultra Dividend Revenue ETF,ETF,AMEX,56.93,-0.19,-0.33,2026-10-06 05:42
RDN,라디안 그룹,주식,NYSE,33.50,0.93,2.86,2026-10-06 05:42
RDNT,래드넷,주식,NASDAQ,70.57,0.64,0.92,2026-10-06 05:42
RDNW,라이드나우 그룹,주식,NASDAQ,4.95,-0.43,-7.99,2026-10-06 05:42
RDOG,ALPS REIT Dividend Dogs ETF,ETF,AMEX,37.50,-0.14,-0.36,2026-10-06 05:42
RDTE,Roundhill Russell 2000 0DTE Covered Call Strat ETF,ETF,AMEX,26.59,0.06,0.23,2026-10-06 05:42
RDTL,GraniteShares 2x Long RDDT Daily ETF,ETF,NASDAQ,12.54,0.43,3.55,2026-10-06 05:42
RDTY,YieldMax Russell 2000 0DTE Covered Call Strat ETF,ETF,NASDAQ,35.26,0.30,0.85,2026-10-06 05:42
RDVI,FT Vest Rising Dividend Achievers Target Inc,ETF,AMEX,28.25,0.09,0.32,2026-10-06 05:42
RDVT,레드 바이올렛,주식,NASDAQ,79.89,0.62,0.78,2026-10-06 05:42
RDVY,First Trust Rising Dividend Achievers ETF,ETF,NASDAQ,79.56,0.35,0.44,2026-10-06 05:42
RDW,레드와이어,주식,NYSE,10.43,-0.45,-4.14,2026-10-06 05:42
RDWR,라드웨어,주식,NASDAQ,30.68,-0.02,-0.07,2026-10-06 05:42
RDWU,T-REX 2X Long RDW Daily Target ETF,ETF,AMEX,5.66,-0.49,-7.97,2026-10-06 05:42
RDY,닥터 레디스 래보라토리스 ADR,주식,NYSE,12.32,0.07,0.57,2026-10-06 05:42
RDYY,YieldMax RDDT Option Income Strategy ETF,ETF,AMEX,15.07,0.20,1.37,2026-10-06 05:42
RDZN,로드젠,주식,NASDAQ,1.19,-0.03,-2.46,2026-10-06 05:42
REA,레어 어스 아메리카스,주식,AMEX,10.09,0.06,0.60,2026-10-06 05:42
REAI,Intelligent Real Estate ETF,ETF,NASDAQ,19.74,0.02,0.10,2026-10-06 05:42
REAL,리얼리얼,주식,NASDAQ,9.32,0.42,4.72,2026-10-06 05:42
REAX,리얼 브로커리지,주식,NASDAQ,16.44,0.03,0.18,2026-10-06 05:42
REBN,리본 커피,주식,NASDAQ,2.00,-0.18,-8.26,2026-10-06 05:42
RECI,Columbia High Dividend Premium Income ETF,ETF,AMEX,20.51,0.05,0.27,2026-10-06 05:42
RECS,Columbia Research Enhanced Core ETF,ETF,AMEX,45.78,0.31,0.68,2026-10-06 05:42
RECT,렉티튜드 홀딩스,주식,NASDAQ,1.26,-0.02,-1.56,2026-10-06 05:42
REED,리즈,주식,AMEX,0.67,-0.03,-3.64,2026-10-06 05:42
REET,iShares Global REIT ETF,ETF,AMEX,25.53,-0.11,-0.43,2026-10-06 05:42
REF,리포메이션,주식,NYSE,13.02,0.17,1.32,2026-10-06 05:42
REFA,Columbia Research Enhanced International Eqty ETF,ETF,AMEX,23.01,0.06,0.26,2026-10-06 05:42
REFI,시카고 애틀랜틱 리얼 에스테이트 파이낸스,주식,NASDAQ,9.81,-0.25,-2.49,2026-10-06 05:42
REFR,리서치 프런티어스,주식,NASDAQ,0.73,0.00,-0.05,2026-10-06 05:42
REG,리젠시 센터스,주식,NASDAQ,71.33,-0.27,-0.38,2026-10-06 05:42
REGCO,리젠시 센터스 우선주 Series B 5.875%,주식,NASDAQ,20.69,-0.10,-0.46,2026-10-06 05:42
REGCP,리젠시 센터스 우선주 Series A 6.25%,주식,NASDAQ,21.85,0.13,0.62,2026-10-06 05:42
REGL,ProShares S&P MidCap 400 Dividend Aristocrats ETF,ETF,AMEX,87.68,-0.04,-0.05,2026-10-06 05:42
REGN,리제네론 파마슈티컬스,주식,NASDAQ,726.47,-8.73,-1.19,2026-10-06 05:42
REGS,Columbia Large Cap Growth ETF,ETF,AMEX,11.79,0.12,0.99,2026-10-06 05:42
REI,링 에너지,주식,AMEX,1.34,0.03,2.29,2026-10-06 05:42
REIT,ALPS Active REIT ETF,ETF,NASDAQ,28.20,-0.13,-0.46,2026-10-06 05:42
REIX,NYLIM CBRE Real Estate And Infrastructure ETF,ETF,AMEX,28.20,-0.02,-0.08,2026-10-06 05:42
REK,ProShares Short Real Estate,ETF,AMEX,16.91,0.06,0.36,2026-10-06 05:42
REKR,레코 시스템,주식,NASDAQ,0.36,-0.01,-1.99,2026-10-06 05:42
RELL,리처드슨 일렉트로닉스,주식,NASDAQ,18.78,-0.21,-1.11,2026-10-06 05:42
RELX,렐엑스 ADR,주식,NYSE,33.82,0.40,1.20,2026-10-06 05:42
RELY,리미틀리 글로벌,주식,NASDAQ,22.91,1.14,5.24,2026-10-06 05:42
REM,Ishares Mortgage Real Estate Etf,ETF,AMEX,17.60,-0.16,-0.90,2026-10-06 05:42
REMC,Columbia Research Enhanced Mid Cap ETF,ETF,AMEX,23.00,0.13,0.58,2026-10-06 05:42
REMG,Russell Investments Emerging Markets Equity ETF,ETF,NASDAQ,37.72,0.68,1.83,2026-10-06 05:42
REMX,VanEck Rare Earth and Strategic Metals ETF,ETF,AMEX,63.54,0.33,0.52,2026-10-06 05:42
RENT,렌트 더 런웨이,주식,NASDAQ,1.55,0.00,0.00,2026-10-06 05:42
RENX,렌엑스 엔터프라이즈,주식,NASDAQ,1.89,-0.11,-5.26,2026-10-06 05:42
REPL,레플리뮨 그룹,주식,NASDAQ,13.15,0.08,0.61,2026-10-06 05:42
REPX,라일리 익스플로레이션 퍼미안,주식,AMEX,42.93,0.74,1.75,2026-10-06 05:42
RERE,AT리뉴 ADR,주식,NYSE,3.76,0.12,3.30,2026-10-06 05:42
RES,RPC,주식,NYSE,6.10,0.24,4.10,2026-10-06 05:42
RESM,Columbia Research Enhanced Small Cap ETF,ETF,AMEX,23.47,0.17,0.74,2026-10-06 05:42
RETL,Direxion Daily Retail Bull 3X ETF,ETF,AMEX,7.29,0.08,1.11,2026-10-06 05:42
RETO,리토 에코-솔루션,주식,NASDAQ,1.95,0.40,25.81,2026-10-06 05:42
REVB,레벨레이션 바이오사이언시스,주식,NASDAQ,0.78,0.01,1.77,2026-10-06 05:42
REVS,Columbia Research Enhanced Value ETF,ETF,AMEX,33.16,0.17,0.52,2026-10-06 05:42
REW,ProShares UltraShort Technology,ETF,AMEX,9.79,-0.13,-1.31,2026-10-06 05:42
REX,렉스 아메리칸 리소시즈,주식,NYSE,43.41,0.04,0.09,2026-10-06 05:42
REXC,Sprott Rare Earths Ex-China ETF,ETF,NASDAQ,15.38,-0.08,-0.52,2026-10-06 05:42
REXR,렉스포드 인더스트리얼 리얼티,주식,NYSE,36.69,0.00,0.00,2026-10-06 05:42
REYN,레이놀드 컨슈머 프라덕츠,주식,NASDAQ,22.23,-0.09,-0.40,2026-10-06 05:42
REZ,iShares Residential and Multisector Real Estate,ETF,AMEX,87.17,-0.53,-0.60,2026-10-06 05:42
REZI,레지디오 테크놀러지,주식,NYSE,18.56,0.21,1.14,2026-10-06 05:42
RF,리전스 파이낸셜,주식,NYSE,27.07,-0.03,-0.11,2026-10-06 05:42
RFAI,RF 애퀴지션 II,주식,NASDAQ,37.55,-0.78,-2.04,2026-10-06 05:42
RFAIR,RF Acquisition Corp II Rights Exp 15th Feb 2027,주식,NASDAQ,0.16,-0.01,-3.13,2026-10-06 05:42
RFAIU,RF Acquisition II Units,주식,NASDAQ,42.12,-3.58,-7.83,2026-10-06 05:42
RFAM,RF 애퀴지션 III,주식,NASDAQ,9.99,0.00,0.00,2026-10-06 05:42
RFAMR,RF Acquisition III Rights,주식,NASDAQ,0.11,-0.03,-20.71,2026-10-06 05:42
RFAMU,RF Acquisition III Units,주식,NASDAQ,10.19,0.00,0.00,2026-10-06 05:42
RFCI,ALPS Dynamic Core Income ETF,ETF,AMEX,21.38,0.02,0.07,2026-10-06 05:42
RFDA,ALPS Dynamic US Dividend Advantage ETF,ETF,AMEX,71.26,0.15,0.22,2026-10-06 05:42
RFFC,ALPS Active Equity Opportunity ETF,ETF,AMEX,77.33,0.30,0.39,2026-10-06 05:42
RFG,Invesco S&P MidCap 400 Pure Growth ETF,ETF,AMEX,60.52,0.32,0.53,2026-10-06 05:42
RFI,Cohen Steers Total Return Realty Closed Fund,주식,NYSE,10.34,-0.15,-1.43,2026-10-06 05:42
RFIL,RF 인더스트리스,주식,NASDAQ,8.42,0.02,0.24,2026-10-06 05:42
RFIX,Simplify Bond Bull ETF,ETF,AMEX,36.89,0.66,1.81,2026-10-06 05:42
RFL,라파엘 홀딩스,주식,NYSE,1.47,-0.07,-4.55,2026-10-06 05:42
RFLR,Innovator US Small Cap Managed Floor ETF,ETF,AMEX,31.74,0.08,0.26,2026-10-06 05:42
RFM,RiverNorth Flexible Municipal Income Fund Inc.,주식,NYSE,12.78,-0.22,-1.69,2026-10-06 05:42
RFMZ,RiverNorth Flexible Municipal Income Fund II Inc.,주식,NYSE,11.67,-0.14,-1.19,2026-10-06 05:42
RFV,Invesco S&P MidCap 400 Pure Value ETF,ETF,AMEX,145.87,0.72,0.50,2026-10-06 05:42
RGA,리인슈어런스 그룹 오브 아메리카,주식,NYSE,251.04,1.63,0.65,2026-10-06 05:42
RGC,리젠셀 바이오사이언스 홀딩스,주식,NASDAQ,7.24,0.42,6.16,2026-10-06 05:42
RGCO,RGC 리소스,주식,NASDAQ,21.64,-0.16,-0.73,2026-10-06 05:42
RGEF,Rockefeller Global Equity ETF,ETF,AMEX,35.70,0.20,0.57,2026-10-06 05:42
RGEN,레플리젠,주식,NASDAQ,189.50,7.80,4.29,2026-10-06 05:42
RGLD,로얄 골드,주식,NASDAQ,233.64,-1.00,-0.43,2026-10-06 05:42
RGLO,Russell Investments Global Equity ETF,ETF,NASDAQ,33.55,0.22,0.66,2026-10-06 05:42
RGNT,리젠티스 바이오머티리얼즈,주식,AMEX,1.67,-0.18,-9.73,2026-10-06 05:42
RGNX,리젠엑스바이오,주식,NASDAQ,7.76,0.33,4.44,2026-10-06 05:42
RGP,리소스 커넥션,주식,NASDAQ,3.74,-0.15,-3.86,2026-10-06 05:42
RGR,스텀 루거 앤 컴퍼니,주식,NYSE,44.41,0.04,0.09,2026-10-06 05:42
RGS,레지스,주식,NASDAQ,29.28,0.23,0.79,2026-10-06 05:42
RGT,Royce Global Trust Inc,주식,NYSE,14.29,0.05,0.35,2026-10-06 05:42
RGTC,Corgi RGTI 2x Daily ETF,ETF,AMEX,20.62,-0.28,-1.33,2026-10-06 05:42
RGTI,리게티 컴퓨팅,주식,NASDAQ,15.15,-0.10,-0.66,2026-10-06 05:42
RGTU,Tradr 2X Long RGTI Daily ETF,ETF,AMEX,9.74,-0.12,-1.22,2026-10-06 05:42
RGTX,Defiance Daily Target 2X Long RGTI ETF,ETF,NASDAQ,8.69,-0.09,-1.03,2026-10-06 05:42
RGTZ,Defiance Daily Target 2X Short RGTI ETF,ETF,NASDAQ,16.54,0.19,1.17,2026-10-06 05:42
RGYY,GraniteShares YieldBoost RGTI ETF,ETF,NASDAQ,5.57,-0.03,-0.55,2026-10-06 05:42
RH,RH,주식,NYSE,117.45,-3.01,-2.50,2026-10-06 05:42
RHI,로버트 하프 인터내셔널,주식,NYSE,34.32,-1.80,-4.98,2026-10-06 05:42
RHLD,레졸루트 홀딩스 매니지먼트,주식,NYSE,115.63,-0.28,-0.24,2026-10-06 05:42
RHP,라이먼 호스피탤리티 프로퍼티스,주식,NYSE,120.62,-1.04,-0.85,2026-10-06 05:42
RHRX,RH Tactical Rotation ETF,ETF,AMEX,21.75,0.13,0.59,2026-10-06 05:42
RHTX,RH Tactical Outlook ETF,ETF,AMEX,19.98,0.10,0.49,2026-10-06 05:42
RIBB,리본 애퀴지션,주식,NASDAQ,7.40,-0.56,-7.04,2026-10-06 05:42
RIBBR,Ribbon Acquisition Rights,주식,NASDAQ,0.25,-0.03,-9.26,2026-10-06 05:42
RIBBU,Ribbon Acquisition Units,주식,NASDAQ,15.75,0.70,4.65,2026-10-06 05:42
RICK,RCI 호스피탤리티 홀딩스,주식,NASDAQ,26.03,-0.59,-2.22,2026-10-06 05:42
RIET,Hoya Capital High Dividend Yield ETF,ETF,AMEX,8.35,-0.09,-1.01,2026-10-06 05:42
RIFR,Russell Investments Global Infrastrctr ETF,ETF,NASDAQ,26.81,0.01,0.03,2026-10-06 05:42
RIG,트랜스오션,주식,NYSE,5.51,0.34,6.58,2026-10-06 05:42
RIGL,리겔 파마슈티컬스,주식,NASDAQ,47.79,0.64,1.36,2026-10-06 05:42
RIGS,ALPS Strategic Income Fund,ETF,AMEX,21.93,0.03,0.15,2026-10-06 05:42
RILA,Indexperts Gorilla Aggressive Growth ETF,ETF,AMEX,12.44,0.10,0.78,2026-10-06 05:42
RILY,BRC 그룹 홀딩스,주식,NASDAQ,4.88,0.02,0.41,2026-10-06 05:42
RILYG,BRC 그룹 홀딩스 선순위 채권 5.000% 만기 2026년,주식,NASDAQ,24.94,0.11,0.44,2026-10-06 05:42
RILYL,BRC 그룹 홀딩스 우선주 시리즈 B 7.375%,주식,NASDAQ,10.63,-0.28,-2.57,2026-10-06 05:42
RILYP,BRC 그룹 홀딩스 우선주 시리즈 A 6.875%,주식,NASDAQ,10.19,0.16,1.64,2026-10-06 05:42
RILYT,BRC 그룹 홀딩스 선순위채권 6.00% 만기 28년,주식,NASDAQ,21.55,0.01,0.05,2026-10-06 05:42
RILYZ,BRC 그룹 홀딩스 선순위 채권 5.250% 만기 2028년,주식,NASDAQ,19.60,0.06,0.31,2026-10-06 05:42
RIME,알고리듬 홀딩스,주식,NASDAQ,0.17,0.00,1.16,2026-10-06 05:42
RINF,ProShares Inflation Expectations ETF,ETF,AMEX,32.63,-0.05,-0.15,2026-10-06 05:42
RING,iShares MSCI Global Gold Miners ETF,ETF,NASDAQ,76.41,-0.28,-0.37,2026-10-06 05:42
RINT,Russell Investments International Developed Eq ETF,ETF,NASDAQ,32.14,0.12,0.37,2026-10-06 05:42
RIO,리오 틴토 ADR,주식,NYSE,95.65,1.44,1.53,2026-10-06 05:42
RIOT,라이엇 플랫폼즈,주식,NASDAQ,19.32,-0.41,-2.08,2026-10-06 05:42
RIOX,Defiance Daily Target 2X Long RIOT ETF,ETF,AMEX,21.02,-0.97,-4.41,2026-10-06 05:42
RISE,Pictet Emerging Markets Rising Economies ETF,ETF,AMEX,18.70,0.58,3.22,2026-10-06 05:42
RISN,Inspire Capital Appreciation ETF,ETF,AMEX,30.50,0.21,0.69,2026-10-06 05:42
RISR,FolioBeyond Alternative Income and Int Rt Hdg ETF,ETF,AMEX,37.07,0.08,0.22,2026-10-06 05:42
RITA,ETFB Green SRI REITs ETF,ETF,AMEX,19.78,-0.06,-0.29,2026-10-06 05:42
RITM,리듬 캐피탈,주식,NYSE,8.74,0.03,0.34,2026-10-06 05:42
RIV,RiverNorth Opportunities Fund Inc,주식,NYSE,10.40,-0.09,-0.86,2026-10-06 05:42
RIVC,Corgi RIVN 2x Daily ETF,ETF,AMEX,16.37,0.73,4.66,2026-10-06 05:42
RIVN,리비안,주식,NASDAQ,14.60,0.30,2.10,2026-10-06 05:42
RIZE,Principal Inflation Protection ETF,ETF,AMEX,24.32,0.03,0.12,2026-10-06 05:42
RJCA,RJ Clarivest Capital Appreciation ETF,ETF,AMEX,75.86,0.52,0.69,2026-10-06 05:42
RJDI,RJ Eagle GCM Dividend Select Income ETF,ETF,AMEX,28.89,0.04,0.14,2026-10-06 05:42
RJET,리퍼블릭 에어웨이즈 홀딩스,주식,NASDAQ,17.06,-0.58,-3.29,2026-10-06 05:42
RJF,레이먼드 제임스 파이낸셜,주식,NYSE,160.80,2.59,1.64,2026-10-06 05:42
RJMI,RJ Eagle Municipal Income ETF,ETF,AMEX,24.02,0.03,0.13,2026-10-06 05:42
RJVI,RJ Eagle Vertical Income ETF,ETF,AMEX,23.97,0.00,0.00,2026-10-06 05:42
RKDA,아카디아 바이오사이언스,주식,NASDAQ,0.29,0.00,-0.52,2026-10-06 05:42
RKLB,로켓 랩,주식,NASDAQ,73.02,-0.90,-1.22,2026-10-06 05:42
RKLX,Defiance Daily Target 2X Long RKLB ETF,ETF,NASDAQ,18.68,-0.44,-2.30,2026-10-06 05:42
RKLZ,Defiance Daily Target 2X Short RKLB ETF,ETF,NASDAQ,14.11,0.37,2.67,2026-10-06 05:42
RKNG,Defiance Retail Kings ETF,ETF,NASDAQ,26.03,0.16,0.62,2026-10-06 05:42
RKSG,Ruk Strategic Growth ETF,ETF,AMEX,28.57,0.22,0.78,2026-10-06 05:42
RKT,로켓 컴퍼니스,주식,NYSE,11.68,-0.02,-0.17,2026-10-06 05:42
RKTO,로켓 원,주식,NASDAQ,0.71,0.01,1.76,2026-10-06 05:42
RKX,Corgi RKLB 2x Daily ETF,ETF,AMEX,11.71,-0.31,-2.59,2026-10-06 05:42
RL,랄프 로렌,주식,NYSE,365.54,2.17,0.60,2026-10-06 05:42
RLAY,릴레이 테라퓨틱스,주식,NASDAQ,19.39,0.43,2.27,2026-10-06 05:42
RLGT,레이디언트 로지스틱스,주식,AMEX,9.25,-0.11,-1.18,2026-10-06 05:42
RLI,알리,주식,NYSE,56.08,0.14,0.25,2026-10-06 05:42
RLJ,RLJ 로징 트러스트,주식,NYSE,11.16,-0.06,-0.53,2026-10-06 05:42
RLMD,렐마다 테라퓨틱스,주식,NASDAQ,3.48,-0.12,-3.33,2026-10-06 05:42
RLTY,Cohen & Steers Real Estate Opps and Income Fund,주식,NYSE,13.62,-0.21,-1.52,2026-10-06 05:42
RLX,RLX 테크놀로지 ADR,주식,NYSE,1.72,0.01,0.58,2026-10-06 05:42
RLY,State Street SPDR SSGA Multi-Asset Real Return ETF,ETF,AMEX,36.51,0.13,0.36,2026-10-06 05:42
RLYB,랠리바이오,주식,NASDAQ,16.90,-0.18,-1.05,2026-10-06 05:42
RM,리저널 매니지먼트,주식,NYSE,32.77,0.97,3.05,2026-10-06 05:42
RMBC,Corgi RMBS 2x Daily ETF,ETF,AMEX,15.53,-0.52,-3.24,2026-10-06 05:42
RMBI,리치몬드 뮤추얼 뱅코포레이션,주식,NASDAQ,15.32,-0.12,-0.78,2026-10-06 05:42
RMBS,램버스,주식,NASDAQ,110.30,-1.67,-1.49,2026-10-06 05:42
RMBX,Tradr 2X Long RMBS Daily ETF,ETF,AMEX,14.73,-0.55,-3.59,2026-10-06 05:42
RMCA,Rockefeller California Municipal Bond ETF,ETF,AMEX,22.65,0.04,0.18,2026-10-06 05:42
RMCF,로키 마운틴 초콜릿 팩토리,주식,NASDAQ,0.87,-0.01,-1.62,2026-10-06 05:42
RMCO,로열티 매니지먼트 홀딩,주식,NASDAQ,2.48,-0.04,-1.59,2026-10-06 05:42
RMD,레스메드,주식,NYSE,222.86,3.97,1.81,2026-10-06 05:42
RMHY,Global X Adaptive Risk Managed Yield ETF,ETF,AMEX,24.08,-0.04,-0.17,2026-10-06 05:42
RMI,RiverNorth Opportunistic Municipal Income Fund Inc,주식,NYSE,13.81,0.03,0.22,2026-10-06 05:42
RMIX,선크리트,주식,NASDAQ,11.69,-0.53,-4.34,2026-10-06 05:42
RML,레졸루션 미네랄스 ADR,주식,NASDAQ,5.53,0.03,0.55,2026-10-06 05:42
RMM,RiverNorth Managed Duration Muni Income Fd Inc,주식,NYSE,12.55,-0.23,-1.80,2026-10-06 05:42
RMME,Rareview Government Money Market ETF,ETF,AMEX,100.10,0.03,0.03,2026-10-06 05:42
RMMZ,RiverNorth Managed Duration Muni Income Fd II Inc.,주식,NYSE,13.03,-0.24,-1.81,2026-10-06 05:42
RMNI,리미니스트리트,주식,NASDAQ,4.18,-0.06,-1.42,2026-10-06 05:42
RMNY,Rockefeller New York Municipal Bond ETF,ETF,AMEX,23.01,0.06,0.27,2026-10-06 05:42
RMOP,Rockefeller Opportunistic Municipal Bond ETF,ETF,AMEX,23.44,-0.04,-0.17,2026-10-06 05:42
RMR,RMR 그룹,주식,NASDAQ,17.44,-0.29,-1.64,2026-10-06 05:42
RMRC,ARMOR Core Risk-Managed ETF,ETF,AMEX,25.08,0.13,0.52,2026-10-06 05:42
RMSG,리얼 메신저,주식,NASDAQ,0.28,-0.01,-4.86,2026-10-06 05:42
RMT,Royce Micro Cap Closed Fund,주식,NYSE,13.66,0.06,0.44,2026-10-06 05:42
RMTI,록웰 메디컬,주식,NASDAQ,8.23,-0.42,-4.86,2026-10-06 05:42
RNA,아트리움 테라퓨틱스,주식,NASDAQ,7.97,0.13,1.66,2026-10-06 05:42
RNAC,카르테시안 테라퓨틱스,주식,NASDAQ,7.14,-0.22,-2.99,2026-10-06 05:42
RNAQ,레이니어 애퀴지션,주식,NASDAQ,10.04,-0.01,-0.10,2026-10-06 05:42
RNAQU,Rainier Acquisition Units,주식,NASDAQ,10.12,0.06,0.55,2026-10-06 05:42
RNAZ,트랜스코드 테라퓨틱스,주식,NASDAQ,1.76,0.19,12.10,2026-10-06 05:42
RND,First Trust Bloomberg R&D Leaders ETF,ETF,AMEX,34.02,0.27,0.79,2026-10-06 05:42
RNEM,First Trust Emerging Markets Equity Select ETF,ETF,NASDAQ,55.71,0.91,1.65,2026-10-06 05:42
RNG,링센트럴,주식,NYSE,79.06,0.78,1.00,2026-10-06 05:42
RNGR,레인져 에너지 서비스,주식,NYSE,15.99,0.33,2.11,2026-10-06 05:42
RNGT,레인지 캐피털 애퀴지션 II,주식,NASDAQ,10.19,0.00,0.00,2026-10-06 05:42
RNGTU,Range Capital Acquisition II Units,주식,NASDAQ,10.46,0.00,0.00,2026-10-06 05:42
RNIN,Bushido Capital US SMID Cap Equity ETF,ETF,NASDAQ,36.16,0.31,0.87,2026-10-06 05:42
RNMN,RiverNorth Market Neutral ETF,ETF,AMEX,25.96,-0.03,-0.11,2026-10-06 05:42
RNP,Cohen & Steers REIT & Preferred & Income Fund Inc,주식,NYSE,18.11,-0.42,-2.27,2026-10-06 05:42
RNR,르네상스리 홀딩스,주식,NYSE,323.39,-2.14,-0.66,2026-10-06 05:42
RNRG,Global X Renewable Energy Producers ETF,ETF,NASDAQ,32.18,0.20,0.62,2026-10-06 05:42
RNST,르네산트,주식,NYSE,39.64,-0.28,-0.70,2026-10-06 05:42
RNTX,레인 테라퓨틱스,주식,NASDAQ,0.83,0.02,3.03,2026-10-06 05:42
RNTY,YieldMax Target 12 Real Estate Option Income ETF,ETF,AMEX,46.07,0.15,0.33,2026-10-06 05:42
RNW,리뉴 에너지 글로벌,주식,NASDAQ,6.88,0.04,0.58,2026-10-06 05:42
RNXT,레노보Rx,주식,NASDAQ,1.47,-0.11,-6.96,2026-10-06 05:42
ROAD,컨스트럭션 파트너스,주식,NASDAQ,90.50,-0.58,-0.64,2026-10-06 05:42
ROAM,Hartford Multifactor Emerging Markets ETF,ETF,AMEX,36.07,0.44,1.23,2026-10-06 05:42
ROBN,T-Rex 2X Long HOOD Daily Target ETF,ETF,AMEX,33.13,0.79,2.44,2026-10-06 05:42
ROBO,ROBO Global Robotics and Automation Index ETF,ETF,AMEX,83.34,0.52,0.63,2026-10-06 05:42
ROBT,First Trust Nasdaq AI and Robotics ETF,ETF,NASDAQ,61.06,0.87,1.45,2026-10-06 05:42
ROBX,Amplify Top 10 Robotics ETF,ETF,AMEX,24.58,0.10,0.39,2026-10-06 05:42
ROC,랭크 원 컴퓨팅,주식,NASDAQ,3.96,-0.13,-3.18,2026-10-06 05:42
ROCK,지브롤터 인더스트리스,주식,NASDAQ,40.32,0.17,0.42,2026-10-06 05:42
ROCQ,JPMorgan Nasdaq Equity Premium Yield ETF,ETF,NASDAQ,56.71,0.33,0.59,2026-10-06 05:42
ROCY,JPMorgan Equity Premium Yield ETF,ETF,NASDAQ,55.47,0.36,0.66,2026-10-06 05:42
RODM,Hartford Multifactor Developed Markets (ex-US) ETF,ETF,AMEX,40.81,0.01,0.02,2026-10-06 05:42
ROE,Astoria US Equal Weight Quality Kings ETF,ETF,NASDAQ,43.64,0.37,0.87,2026-10-06 05:42
ROG,로저스,주식,NYSE,159.10,-0.90,-0.56,2026-10-06 05:42
ROIV,로이반트 사이언시스,주식,NASDAQ,35.78,0.06,0.17,2026-10-06 05:42
ROK,로크웰 오토메이션,주식,NYSE,455.18,0.83,0.18,2026-10-06 05:42
ROKT,State Street SPDR S&P Kensho Final Frontiers ETF,ETF,AMEX,105.62,-0.04,-0.04,2026-10-06 05:42
ROKU,로쿠,주식,NASDAQ,153.41,1.02,0.67,2026-10-06 05:42
ROL,롤린스,주식,NYSE,29.69,-0.47,-1.56,2026-10-06 05:42
ROLR,하이 롤러 테크놀러지스,주식,AMEX,4.87,-0.02,-0.41,2026-10-06 05:42
ROM,ProShares Ultra Technology,ETF,AMEX,167.48,1.89,1.14,2026-10-06 05:42
ROMA,로마 그린 파이낸스,주식,NASDAQ,8.80,0.20,2.33,2026-10-06 05:42
ROMO,Newfound/ReSolve Robust Momentum ETF,ETF,AMEX,34.51,0.17,0.49,2026-10-06 05:42
RONB,Baron First Principles ETF,ETF,NYSE,25.02,0.95,3.95,2026-10-06 05:42
ROOT,루트,주식,NASDAQ,47.42,1.16,2.51,2026-10-06 05:42
ROP,로퍼 테크놀로지스,주식,NASDAQ,363.38,9.06,2.56,2026-10-06 05:42
ROPE,Coastal Compass 100 ETF,ETF,AMEX,29.11,0.08,0.28,2026-10-06 05:42
ROSC,Hartford Multifactor Small Cap ETF,ETF,AMEX,54.33,0.23,0.42,2026-10-06 05:42
ROST,로스 스토어스,주식,NASDAQ,226.37,-2.17,-0.95,2026-10-06 05:42
ROUS,Hartford Multifactor US Equity ETF,ETF,AMEX,67.53,0.31,0.46,2026-10-06 05:42
RPAR,RPAR Risk Parity ETF,ETF,AMEX,21.17,0.03,0.15,2026-10-06 05:42
RPAY,리페이 홀딩스,주식,NASDAQ,3.90,0.08,2.09,2026-10-06 05:42
RPC,리지포스트 캐피탈,주식,NYSE,7.89,0.27,3.54,2026-10-06 05:42
RPD,래피드7,주식,NASDAQ,12.36,0.17,1.39,2026-10-06 05:42
RPG,Invesco S&P 500 Pure Growth ETF,ETF,AMEX,59.83,0.19,0.32,2026-10-06 05:42
RPGL,리퍼블릭 파워 그룹,주식,NASDAQ,34.89,-2.30,-6.18,2026-10-06 05:42
RPID,래피드 마이크로 바이오시스템스,주식,NASDAQ,0.98,0.06,6.13,2026-10-06 05:42
RPM,RPM 인터내셔널,주식,NYSE,95.30,-3.89,-3.92,2026-10-06 05:42
RPRX,로열티 파마,주식,NASDAQ,56.66,-0.50,-0.87,2026-10-06 05:42
RPT,리듬 프로퍼티 트러스트,주식,NYSE,10.95,-0.15,-1.35,2026-10-06 05:42
RPV,Invesco S&P 500 Pure Value ETF,ETF,AMEX,116.43,0.69,0.60,2026-10-06 05:42
RQI,Cohen & Steers Quality Income Realty Fund Inc,주식,NYSE,10.93,-0.13,-1.18,2026-10-06 05:42
RR,리치테크 로보틱스,주식,NASDAQ,1.72,0.04,2.38,2026-10-06 05:42
RRBI,레드 리버 뱅크셰어스,주식,NASDAQ,102.97,-0.44,-0.43,2026-10-06 05:42
RRC,레인지 리소시스,주식,NYSE,38.67,0.44,1.15,2026-10-06 05:42
RREV,RRE 벤처스 애퀴지션,주식,NASDAQ,9.92,0.00,0.00,2026-10-06 05:42
RREVU,RRE Ventures Acquisition Units,주식,NASDAQ,10.07,0.01,0.05,2026-10-06 05:42
RRGB,레드 로빈 고메 버거스,주식,NASDAQ,8.05,0.10,1.26,2026-10-06 05:42
RRR,레드 락 리조트,주식,NASDAQ,51.06,0.75,1.49,2026-10-06 05:42
RRX,리걸 렉스노드,주식,NYSE,161.26,1.39,0.87,2026-10-06 05:42
RS,릴라이언스,주식,NYSE,408.24,7.93,1.98,2026-10-06 05:42
RSBA,Return Stacked Bonds & Merger Arbitrage ETF,ETF,AMEX,19.86,-0.02,-0.12,2026-10-06 05:42
RSBT,Return Stacked Bonds & Managed Futures ETF,ETF,AMEX,19.48,-0.01,-0.05,2026-10-06 05:42
RSBY,Return Stacked Bonds & Futures Yield ETF,ETF,AMEX,17.91,-0.02,-0.14,2026-10-06 05:42
RSDE,FT Vest US Equity Equal Weight Buff ETF - December,ETF,AMEX,23.62,0.04,0.17,2026-10-06 05:42
RSEE,Rareview Systematic Equity ETF,ETF,AMEX,39.59,0.34,0.85,2026-10-06 05:42
RSF,RiverNorth Capital and Income Interval Fund,주식,NYSE,14.31,0.00,-0.02,2026-10-06 05:42
RSG,리퍼블릭 서비스,주식,NYSE,212.83,3.27,1.56,2026-10-06 05:42
RSI,러시 스트리트 인터랙티브,주식,NYSE,20.99,0.98,4.90,2026-10-06 05:42
RSIT,Return Stacked International Stock & Mngd Ftrs ETF,ETF,AMEX,21.80,0.00,0.00,2026-10-06 05:42
RSJN,FT Vest US Eqty Equal Weight Buff - Jun,ETF,AMEX,37.33,0.18,0.49,2026-10-06 05:42
RSKD,리스키파이드,주식,NYSE,7.81,-0.05,-0.64,2026-10-06 05:42
RSMC,Rockefeller US Small-Mid Cap ETF,ETF,AMEX,28.00,0.09,0.34,2026-10-06 05:42
RSMR,FT Vest US Equity Equal Weight Buffer ETF March,ETF,AMEX,23.90,0.08,0.35,2026-10-06 05:42
RSMV,Relative Strength Managed Volatility Strategy ETF,ETF,AMEX,28.76,0.12,0.41,2026-10-06 05:42
RSP,Invesco S&P 500 Equal Weight ETF,ETF,AMEX,211.12,1.39,0.66,2026-10-06 05:42
RSPA,Invesco S&P 500 Equal Weight Income Advantage ETF,ETF,AMEX,52.14,0.27,0.52,2026-10-06 05:42
RSPC,Invesco S&P 500 Equal Weight Communication Svc ETF,ETF,AMEX,35.10,0.43,1.25,2026-10-06 05:42
RSPD,Invesco S&P 500 Eql Wght Con DiscrtN ETF,ETF,AMEX,51.75,-0.08,-0.15,2026-10-06 05:42
RSPE,Invesco ESG S&P 500 Equal Weight ETF,ETF,AMEX,33.76,0.13,0.40,2026-10-06 05:42
RSPF,Invesco S&P 500 Eql Wght Financials ETF,ETF,AMEX,78.18,0.64,0.83,2026-10-06 05:42
RSPG,Invesco S&P 500 Eql Wght Energy ETF,ETF,AMEX,112.11,1.60,1.45,2026-10-06 05:42
RSPH,Invesco S&P 500 Eql Wght Health Care ETF,ETF,AMEX,37.28,0.66,1.80,2026-10-06 05:42
RSPM,Invesco S&P 500 Eql Wght Materials ETF,ETF,AMEX,37.65,0.44,1.18,2026-10-06 05:42
RSPN,Invesco S&P 500 Eql Wght Industrials ETF,ETF,AMEX,58.89,0.06,0.10,2026-10-06 05:42
RSPR,Invesco S&P 500 Equal Weight Real Estate ETF,ETF,AMEX,33.01,-0.09,-0.29,2026-10-06 05:42
RSPS,Invesco S&P 500 Eql Wght Con Staples ETF,ETF,AMEX,28.78,0.15,0.51,2026-10-06 05:42
RSPT,Invesco S&P 500 Eql Wght Technology ETF,ETF,AMEX,68.69,0.57,0.84,2026-10-06 05:42
RSPU,Invesco S&P 500 Eql Wght Utilities ETF,ETF,AMEX,70.95,0.20,0.28,2026-10-06 05:42
RSSB,Return Stacked Global Stocks & Bonds ETF,ETF,AMEX,29.97,0.06,0.20,2026-10-06 05:42
RSSE,FT Vest US Equity Equal Weight Buffer ETF,ETF,AMEX,23.42,0.10,0.41,2026-10-06 05:42
RSSL,Global X Russell 2000 ETF,ETF,AMEX,110.66,0.51,0.46,2026-10-06 05:42
RSSS,리서치 솔루션스,주식,NASDAQ,2.09,-0.06,-2.79,2026-10-06 05:42
RSST,Return Stacked US Stocks & Managed Futures ETF,ETF,AMEX,36.11,0.31,0.87,2026-10-06 05:42
RSSX,Return Stacked US Stocks & Gold/Bitcoin ETF,ETF,AMEX,27.47,0.29,1.07,2026-10-06 05:42
RSSY,Return Stacked US Stocks & Futures Yield ETF,ETF,AMEX,26.63,0.02,0.08,2026-10-06 05:42
RSVR,레저보아르 미디어,주식,NASDAQ,9.55,0.03,0.32,2026-10-06 05:42
RTAC,레나투스 택티컬 애퀴지션 I,주식,NASDAQ,10.43,-0.01,-0.10,2026-10-06 05:42
RTACU,Renatus Tactical Acquisition I Units,주식,NASDAQ,10.71,-0.04,-0.33,2026-10-06 05:42
RTAI,Rareview Tax Advantaged Income ETF,ETF,AMEX,18.56,-0.33,-1.76,2026-10-06 05:42
RTB,RTB 디지털,주식,NASDAQ,8.89,-0.37,-4.00,2026-10-06 05:42
RTH,VanEck Retail ETF,ETF,NASDAQ,251.91,0.35,0.14,2026-10-06 05:42
RTO,렌토킬 이니셜 ADR,주식,NYSE,20.02,0.07,0.35,2026-10-06 05:42
RTOO,VistaShares Robotics Supercycle ETF,ETF,AMEX,24.71,0.04,0.18,2026-10-06 05:42
RTRE,Rareview Total Return Bond ETF,ETF,AMEX,23.45,-0.06,-0.26,2026-10-06 05:42
RTX,RTX,주식,NYSE,184.33,-0.35,-0.19,2026-10-06 05:42
RTXG,Leverage Shares 2X Long RTX Daily ETF,ETF,NASDAQ,20.34,-0.02,-0.09,2026-10-06 05:42
RTYY,GraniteShares YieldBoost RIOT ETF,ETF,NASDAQ,7.65,-0.04,-0.53,2026-10-06 05:42
RUBI,루비코,주식,NASDAQ,1.05,-0.03,-2.78,2026-10-06 05:42
RULE,Adaptive Core ETF,ETF,AMEX,31.19,0.25,0.79,2026-10-06 05:42
RUM,럼 그룹,주식,NASDAQ,7.38,-0.20,-2.57,2026-10-06 05:42
RUN,선런,주식,NASDAQ,7.61,-0.10,-1.30,2026-10-06 05:42
RUNN,Running Oak Efficient Growth ETF,ETF,NASDAQ,32.98,0.30,0.91,2026-10-06 05:42
RUSC,Russell Investments US Small Cap Equity ETF,ETF,NASDAQ,36.95,0.22,0.61,2026-10-06 05:42
RUSHA,러시 엔터프라이즈 Class A,주식,NASDAQ,47.16,-0.02,-0.04,2026-10-06 05:42
RUSHB,러시 엔터프라이즈 Class B,주식,NASDAQ,56.30,-0.41,-0.72,2026-10-06 05:42
RVER,Trenchless Fund ETF,ETF,AMEX,37.31,0.29,0.79,2026-10-06 05:42
RVI,Robinhood Ventures Fund I,주식,NYSE,27.01,-0.43,-1.57,2026-10-06 05:42
RVII,Robinhood Ventures Fund II Closed End Fund,주식,NYSE,21.82,0.27,1.25,2026-10-06 05:42
RVLV,리볼브 그룹,주식,NYSE,21.05,0.30,1.45,2026-10-06 05:42
RVMD,레볼루션 메디신,주식,NASDAQ,207.68,1.04,0.50,2026-10-06 05:42
RVNL,GraniteShares 2x Long RIVN Daily ETF,ETF,NASDAQ,20.02,0.82,4.25,2026-10-06 05:42
RVNU,Xtrackers Municipal Infrastructure Rev Bd Act ETF,ETF,AMEX,23.20,-0.12,-0.51,2026-10-06 05:42
RVP,리트랙터블 테크놀로지스,주식,AMEX,0.70,0.00,-0.26,2026-10-06 05:42
RVSB,리버뷰 뱅코프,주식,NASDAQ,5.99,0.00,0.00,2026-10-06 05:42
RVSN,레일 비전,주식,NASDAQ,3.68,0.28,8.08,2026-10-06 05:42
RVT,Royce Small-Cap Trust Inc,주식,NYSE,17.22,-0.05,-0.29,2026-10-06 05:42
RVTY,레비티,주식,NYSE,157.36,5.83,3.85,2026-10-06 05:42
RW,Rainwater Equity ETF,ETF,AMEX,24.65,0.11,0.45,2026-10-06 05:42
RWAY,런웨이 그로스 파이낸스,주식,NASDAQ,6.44,-0.11,-1.68,2026-10-06 05:42
RWAYI,Runway Growth Finance 7 25 Notes due 2031,주식,NASDAQ,24.50,0.08,0.31,2026-10-06 05:42
RWAYL,Runway Growth Finance 7 50 Notes due 28th July 2027,주식,NASDAQ,25.15,0.02,0.08,2026-10-06 05:42
RWEM,Rayliant NxtGen Multifactor Emerging Mkts Eqty ETF,ETF,AMEX,36.60,0.40,1.09,2026-10-06 05:42
RWIN,Rayliant NxtGen Multifactor International Eq ETF,ETF,NASDAQ,26.81,0.04,0.14,2026-10-06 05:42
RWJ,Invesco S&P SmallCap 600 Revenue ETF,ETF,AMEX,57.52,0.32,0.56,2026-10-06 05:42
RWK,Invesco S&P MidCap 400 Revenue ETF,ETF,AMEX,141.90,0.17,0.12,2026-10-06 05:42
RWL,Invesco S&P 500 Revenue ETF,ETF,AMEX,130.61,0.82,0.63,2026-10-06 05:42
RWLC,Rayliant Nxtgen Multifactor US Equity ETF,ETF,AMEX,39.22,0.46,1.17,2026-10-06 05:42
RWM,ProShares Short Russell2000,ETF,AMEX,14.13,-0.09,-0.63,2026-10-06 05:42
RWO,State Street SPDR Dow Jones Global Real Estate ETF,ETF,AMEX,46.15,-0.18,-0.39,2026-10-06 05:42
RWR,State Street SPDR Dow Jones REIT ETF,ETF,AMEX,104.12,-0.53,-0.51,2026-10-06 05:42
RWT,레드우드 트러스트,주식,NYSE,3.44,-0.09,-2.55,2026-10-06 05:42
RWTN,레드우드 트러스트 선순위 채권 9.125% 만기 2029년 3월,주식,NYSE,22.62,-0.68,-2.92,2026-10-06 05:42
RWTO,레드우드 트러스트 선순위채권 9.00% 만기 2029년 9월,주식,NYSE,21.91,-0.23,-1.04,2026-10-06 05:42
RWTP,레드우드 트러스트 선순위채권 9.125% 만기 30년 3월,주식,NYSE,22.20,-0.33,-1.44,2026-10-06 05:42
RWTQ,레드우드 선순위채권 9.5% 만기 30년,주식,NYSE,20.94,-0.13,-0.62,2026-10-06 05:42
RWTS,레드우드 선순위채권 9.75% 만기 31년 6월,주식,NYSE,20.91,-0.26,-1.21,2026-10-06 05:42
RWX,State Street SPDR Dow Jones Intl Real Est ETF,ETF,AMEX,24.97,-0.04,-0.16,2026-10-06 05:42
RXD,ProShares UltraShort Health Care ETF,ETF,AMEX,15.11,-0.22,-1.43,2026-10-06 05:42
RXI,iShares Global Consumer Discretionary ETF,ETF,AMEX,186.28,0.85,0.46,2026-10-06 05:42
RXL,ProShares Ultra Health Care,ETF,AMEX,57.82,0.77,1.35,2026-10-06 05:42
RXO,RXO,주식,NYSE,28.65,5.27,22.54,2026-10-06 05:42
RXRX,리커젼 파마슈티컬스,주식,NASDAQ,4.78,0.66,16.02,2026-10-06 05:42
RXST,Rx사이트,주식,NASDAQ,4.76,0.08,1.71,2026-10-06 05:42
RXT,랙스페이스 테크놀로지,주식,NASDAQ,3.90,-0.22,-5.34,2026-10-06 05:42
RY,로열 뱅크 오브 캐나다,주식,NYSE,194.67,-1.00,-0.51,2026-10-06 05:42
RYAAY,라이언에어 홀딩스 ADR,주식,NASDAQ,54.70,-0.35,-0.64,2026-10-06 05:42
RYAM,레이오니어 어드밴스드 머티리얼,주식,NYSE,6.94,-0.18,-2.53,2026-10-06 05:42
RYAN,라이언 스페셜티 홀딩스,주식,NYSE,37.98,0.31,0.82,2026-10-06 05:42
RYDE,라이드 그룹,주식,AMEX,0.71,-0.01,-0.84,2026-10-06 05:42
RYET,루안윈 에다이 테크놀로지,주식,NASDAQ,0.88,0.02,2.22,2026-10-06 05:42
RYLD,Global X Russell 2000 Covered Call ETF,ETF,AMEX,15.67,0.07,0.45,2026-10-06 05:42
RYLG,Global X Russell 2000 Covered Call & Growth ETF,ETF,AMEX,23.77,0.13,0.55,2026-10-06 05:42
RYM,리듬,주식,NASDAQ,19.00,-0.60,-3.06,2026-10-06 05:42
RYN,레이어니어,주식,NYSE,18.01,-0.05,-0.28,2026-10-06 05:42
RYOJ,rYojbaba,주식,NASDAQ,2.80,-0.05,-1.75,2026-10-06 05:42
RYTM,리듬 파머수티컬스,주식,NASDAQ,92.45,-0.38,-0.41,2026-10-06 05:42
RYZ,라이어슨 홀딩,주식,NYSE,26.97,1.40,5.48,2026-10-06 05:42
RZAI,ROZE AI INC,주식,NASDAQ,12.91,-6.99,-35.13,2026-10-06 05:42
RZC,르네상스 그룹 오브 아메리카 후순위 채권 7.125% 만기 2052년,주식,NYSE,25.15,-0.15,-0.59,2026-10-06 05:42
RZG,Invesco S&P SmallCap 600 Pure Growth ETF,ETF,AMEX,63.44,0.12,0.18,2026-10-06 05:42
RZLT,레졸루트,주식,NASDAQ,4.33,0.32,7.98,2026-10-06 05:42
RZLV,리졸브 AI,주식,NASDAQ,2.23,0.17,8.25,2026-10-06 05:42
RZV,Invesco S&P SmallCap 600 Pure Value ETF,ETF,AMEX,141.97,0.67,0.48,2026-10-06 05:42
S,센티넬원,주식,NYSE,25.43,0.37,1.48,2026-10-06 05:42
SA,시브리지 골드,주식,NYSE,27.16,0.19,0.70,2026-10-06 05:42
SAA,ProShares Ultra SmallCap600,ETF,AMEX,32.83,0.19,0.58,2026-10-06 05:42
SAAQ,스페이스 애셋 애퀴지션,주식,NASDAQ,10.05,0.00,0.00,2026-10-06 05:42
SAAQU,Space Asset Acquisition Units,주식,NASDAQ,10.19,0.02,0.20,2026-10-06 05:42
SABA,Saba Capital Income & Opportunities Fund II,주식,NYSE,7.90,-0.03,-0.38,2026-10-06 05:42
SABR,세이버,주식,NASDAQ,1.93,-0.04,-2.03,2026-10-06 05:42
SABS,SAB 바이오테라퓨틱스,주식,NASDAQ,3.10,0.12,4.03,2026-10-06 05:42
SAC,세이프가드 애퀴지션,주식,NYSE,10.10,0.00,0.00,2026-10-06 05:42
SAC.U,Safeguard Acquisition Units,주식,NYSE,10.49,0.00,0.00,2026-10-06 05:42
SACH,새켐 캐피털,주식,AMEX,0.90,-0.02,-1.84,2026-10-06 05:42
SAFE,세이프홀드,주식,NYSE,11.90,-0.16,-1.33,2026-10-06 05:42
SAFT,세이프티 인슈어런스 그룹,주식,NASDAQ,103.89,-0.03,-0.03,2026-10-06 05:42
SAFX,XCF 글로벌,주식,NASDAQ,0.30,-0.03,-8.80,2026-10-06 05:42
SAGP,Strategas Global Policy Opportunities ETF,ETF,AMEX,35.17,0.16,0.45,2026-10-06 05:42
SAGT,새그텍 글로벌,주식,NASDAQ,0.57,0.00,-0.09,2026-10-06 05:42
SAGU,슈레아 애퀴지션 그룹,주식,NYSE,10.05,0.00,0.00,2026-10-06 05:42
SAGU.U,Shreya Acquisition Group Units,주식,NYSE,10.11,0.00,0.00,2026-10-06 05:42
SAH,소닉 오토모티브,주식,NYSE,62.63,-0.20,-0.32,2026-10-06 05:42
SAIA,사이아,주식,NASDAQ,346.14,-4.98,-1.42,2026-10-06 05:42
SAIC,사이언스 어플리케이션스 인터내셔널,주식,NASDAQ,126.90,1.64,1.31,2026-10-06 05:42
SAIH,사이히트,주식,NASDAQ,26.74,2.03,8.22,2026-10-06 05:42
SAIL,세일포인트,주식,NASDAQ,20.29,-0.14,-0.69,2026-10-06 05:42
SAJ,Saratoga Investment 8 00 Notes due 2027,주식,NYSE,25.24,0.02,0.08,2026-10-06 05:42
SALI,Schroders US Autocallable Ladder Income ETF,ETF,AMEX,25.57,0.20,0.80,2026-10-06 05:42
SAM,보스턴 비어,주식,NYSE,167.69,0.19,0.11,2026-10-06 05:42
SAMG,실버크레스트 애셋 매니지먼트 그룹,주식,NASDAQ,10.52,-0.02,-0.19,2026-10-06 05:42
SAMM,Strategas Macro Momentum ETF,ETF,AMEX,36.47,0.30,0.83,2026-10-06 05:42
SAMO,사모스 에너지 애퀴지션,주식,NYSE,9.80,-0.03,-0.31,2026-10-06 05:42
SAMO.U,Samos Energy Acquisition Units,주식,NYSE,9.95,0.00,0.00,2026-10-06 05:42
SAMT,Strategas Macro Thematic Opportunities ETF,ETF,AMEX,42.52,0.31,0.72,2026-10-06 05:42
SAN,방코 산탄데르 ADR,주식,NYSE,13.90,0.54,4.04,2026-10-06 05:42
SANA,사나 바이오테크놀로지,주식,NASDAQ,2.88,-0.01,-0.35,2026-10-06 05:42
SANG,샌고마 테크놀로지스,주식,NASDAQ,4.84,-0.04,-0.74,2026-10-06 05:42
SANM,산미나,주식,NASDAQ,225.08,-3.96,-1.73,2026-10-06 05:42
SAP,SAP ADR,주식,NYSE,207.74,-0.83,-0.40,2026-10-06 05:42
SAPH,SAP SE ADRhedged,ETF,AMEX,39.12,0.00,0.00,2026-10-06 05:42
SAR,사라토가 인베스트먼트,주식,NYSE,16.61,0.13,0.79,2026-10-06 05:42
SARK,Tradr 1X Short Innovation Daily ETF,ETF,NASDAQ,22.74,-0.79,-3.36,2026-10-06 05:42
SARO,스탠다드에어로,주식,NYSE,21.04,-0.01,-0.05,2026-10-06 05:42
SASS,MD Sass Concentrated Value ETF,ETF,AMEX,23.82,-0.04,-0.18,2026-10-06 05:42
SATA,스트라이브 우선주 Series A,주식,NASDAQ,100.01,0.05,0.05,2026-10-06 05:42
SATL,스텔로직,주식,NASDAQ,5.32,-0.41,-7.16,2026-10-06 05:42
SATO,Invesco Alerian Galaxy Crypto Economy ETF,ETF,AMEX,18.95,0.17,0.89,2026-10-06 05:42
SAUG,FT Vest US Small Cp Moderate Buffer ETF - Aug,ETF,AMEX,27.38,0.06,0.22,2026-10-06 05:42
SAV,Saratoga Investment 7 50 Notes due 2031,주식,NYSE,24.70,0.01,0.04,2026-10-06 05:42
SAWG,AAM Sawgrass US Large Cap Quality Growth ETF,ETF,AMEX,25.01,0.17,0.70,2026-10-06 05:42
SAWS,AAM Sawgrass US Small Cap Quality Growth ETF,ETF,AMEX,23.38,0.14,0.62,2026-10-06 05:42
SAX,Saratoga Investment 8 00 Notes due 2031,주식,NYSE,25.37,-0.24,-0.92,2026-10-06 05:42
SAY,Saratoga Investment 8.125 Notes,주식,NYSE,25.20,0.00,0.01,2026-10-06 05:42
SAZ,Saratoga Investment 8 50 Notes due 2028,주식,NYSE,25.27,0.02,0.08,2026-10-06 05:42
SB,세이프 벌커스,주식,NYSE,8.75,-0.06,-0.68,2026-10-06 05:42
SBAC,SBA 커뮤니케이션스,주식,NASDAQ,161.82,3.33,2.10,2026-10-06 05:42
SBAR,Simplify Barrier Income ETF,ETF,AMEX,25.45,0.06,0.24,2026-10-06 05:42
SBB,ProShares Short SmallCap600,ETF,AMEX,23.55,-0.08,-0.32,2026-10-06 05:42
SBC,SBC 메디컬 그룹 홀딩스,주식,NASDAQ,5.34,0.25,4.91,2026-10-06 05:42
SBCF,시코스트 뱅킹 코퍼레이션 오브 플로리다,주식,NASDAQ,32.49,-0.19,-0.58,2026-10-06 05:42
SBET,샤프링크,주식,NASDAQ,9.59,0.24,2.57,2026-10-06 05:42
SBFG,SB 파이낸셜 그룹,주식,NASDAQ,29.01,-0.39,-1.33,2026-10-06 05:42
SBFM,선샤인 바이오파마,주식,NASDAQ,0.42,-0.25,-36.97,2026-10-06 05:42
SBGI,싱클레어 브로드캐스트 그룹,주식,NASDAQ,12.64,0.21,1.69,2026-10-06 05:42
SBH,샐리 뷰티 홀딩스,주식,NYSE,16.04,-0.20,-1.23,2026-10-06 05:42
SBI,Western Asset Intermediate Muni Fund,주식,NYSE,6.93,-0.08,-1.14,2026-10-06 05:42
SBIL,Simplify Government Money Market ETF,ETF,AMEX,100.14,0.02,0.02,2026-10-06 05:42
SBIO,ALPS Medical Breakthroughs ETF,ETF,AMEX,56.26,0.11,0.20,2026-10-06 05:42
SBIT,ProShares UltraShort Bitcoin ETF,ETF,AMEX,28.85,-1.02,-3.41,2026-10-06 05:42
SBLK,스타 벌크 캐리어스,주식,NASDAQ,30.84,0.09,0.29,2026-10-06 05:42
SBMT,실버 보우 마이닝,주식,AMEX,8.36,0.16,1.95,2026-10-06 05:42
SBND,Columbia Short Duration Bond ETF,ETF,AMEX,18.28,0.03,0.16,2026-10-06 05:42
SBR,Sabine Royalty Units,주식,NYSE,71.38,0.97,1.38,2026-10-06 05:42
SBRA,사브라 헬스케어 리츠,주식,NASDAQ,19.07,-0.09,-0.47,2026-10-06 05:42
SBS,콤파니아 데 사네아멘투 바지쿠 상파울루 - SABESP,주식,NYSE,6.26,0.88,16.36,2026-10-06 05:42
SBSI,사우스사이드 뱅크셰어스,주식,NYSE,30.43,-0.30,-0.98,2026-10-06 05:42
SBSW,시바니 스틸워터 ADR,주식,NYSE,10.02,0.06,0.60,2026-10-06 05:42
SBTU,T-REX 2X Long SBET Daily Target ETF,ETF,AMEX,50.12,2.42,5.07,2026-10-06 05:42
SBUX,스타벅스,주식,NASDAQ,94.43,-0.28,-0.30,2026-10-06 05:42
SBXD,실버박스 IV,주식,NYSE,11.39,0.00,0.00,2026-10-06 05:42
SBXD.U,SilverBox IV Units,주식,NYSE,11.52,0.00,0.00,2026-10-06 05:42
SBXE,실버박스 V,주식,NYSE,10.11,0.00,0.00,2026-10-06 05:42
SBXE.U,SilverBox V Units,주식,NYSE,10.30,0.00,0.00,2026-10-06 05:42
SCA,Graniteshares Autocallable SMCI ETF,ETF,NASDAQ,26.32,-0.05,-0.19,2026-10-06 05:42
SCAG,스케이지 퓨처 ADR,주식,NASDAQ,0.22,0.01,2.39,2026-10-06 05:42
SCAP,Infrastructure Capital Small Cap Income ETF,ETF,AMEX,36.25,0.02,0.05,2026-10-06 05:42
SCATU,Southern Cross Acquisition II Units,주식,NASDAQ,10.04,0.01,0.10,2026-10-06 05:42
SCAU,Corgi Intl Dev Eqtys 15% SB ETF - Aug S,ETF,AMEX,24.66,0.08,0.34,2026-10-06 05:42
SCC,ProShares UltraShort Consumer Discretionary,ETF,AMEX,16.16,-0.08,-0.49,2026-10-06 05:42
SCCD,Sachem Capital 6 00 Notes due 2026,주식,AMEX,24.77,-0.07,-0.26,2026-10-06 05:42
SCCE,Sachem Capital 6 00 Notes due 2027,주식,AMEX,24.46,-0.14,-0.57,2026-10-06 05:42
SCCF,Sachem Capital 7 125 Notes due 2027,주식,AMEX,24.53,0.03,0.13,2026-10-06 05:42
SCCG,Sachem Capital 8 00 Notes due 2027,주식,AMEX,24.67,0.03,0.12,2026-10-06 05:42
SCCO,서던 코퍼,주식,NYSE,205.29,-0.25,-0.12,2026-10-06 05:42
SCCR,Schwab Core Bond ETF,ETF,AMEX,24.22,-0.02,-0.06,2026-10-06 05:42
SCD,LMP Capital & Income Fund,주식,NYSE,14.68,0.02,0.14,2026-10-06 05:42
SCDS,JPMorgan Fundamental Data Science Small Core ETF,ETF,NASDAQ,73.06,0.23,0.32,2026-10-06 05:42
SCDV,Bahl & Gaynor Small Cap Dividend ETF,ETF,AMEX,26.27,0.05,0.18,2026-10-06 05:42
SCEC,Sterling Capital Enhanced Core Bond ETF,ETF,AMEX,23.65,-0.04,-0.15,2026-10-06 05:42
SCEP,Sterling Capital Hedged Equity Premium Income ETF,ETF,AMEX,25.04,0.19,0.76,2026-10-06 05:42
SCHA,Schwab US Small-Cap ETF,ETF,AMEX,33.24,0.19,0.57,2026-10-06 05:42
SCHB,Schwab US Broad Market ETF,ETF,AMEX,29.81,0.20,0.68,2026-10-06 05:42
SCHC,Schwab International Small-Cap Equity ETF,ETF,AMEX,49.78,-0.02,-0.04,2026-10-06 05:42
SCHD,Schwab US Dividend Equity ETF,ETF,AMEX,32.72,0.00,0.00,2026-10-06 05:42
SCHE,Schwab Emerging Markets Equity ETF,ETF,AMEX,37.27,0.71,1.94,2026-10-06 05:42
SCHF,Schwab International Equity ETF,ETF,AMEX,27.59,0.01,0.04,2026-10-06 05:42
SCHG,Schwab US Large-Cap Growth ETF,ETF,AMEX,36.72,0.38,1.05,2026-10-06 05:42
SCHH,Schwab US REIT ETF,ETF,AMEX,21.85,-0.10,-0.46,2026-10-06 05:42
SCHI,Schwab 5-10 Year Corporate Bond ETF,ETF,AMEX,21.36,0.01,0.05,2026-10-06 05:42
SCHJ,Schwab 1-5 Year Corporate Bond ETF,ETF,AMEX,24.06,0.02,0.08,2026-10-06 05:42
SCHK,Schwab 1000 Index ETF,ETF,AMEX,37.30,0.28,0.76,2026-10-06 05:42
SCHL,스콜라스틱,주식,NASDAQ,37.41,1.21,3.34,2026-10-06 05:42
SCHM,Schwab US Mid-Cap ETF,ETF,AMEX,34.77,0.20,0.58,2026-10-06 05:42
SCHO,Schwab Short Term US Treasury ETF,ETF,AMEX,23.83,0.01,0.04,2026-10-06 05:42
SCHP,Schwab US TIPS ETF,ETF,AMEX,25.08,-0.02,-0.08,2026-10-06 05:42
SCHQ,Schwab Long-Term US Treasury ETF,ETF,AMEX,28.21,-0.11,-0.39,2026-10-06 05:42
SCHR,Schwab Intermediate-Term US Treasury ETF,ETF,AMEX,23.64,0.00,0.00,2026-10-06 05:42
SCHV,Schwab US Large-Cap Value ETF,ETF,AMEX,33.62,0.08,0.24,2026-10-06 05:42
SCHW,찰스 슈왑,주식,NYSE,97.96,1.26,1.30,2026-10-06 05:42
SCHX,Schwab US Large-Cap ETF,ETF,AMEX,30.54,0.22,0.73,2026-10-06 05:42
SCHY,Schwab International Dividend Equity ETF,ETF,AMEX,31.31,-0.01,-0.03,2026-10-06 05:42
SCHZ,Schwab US Aggregate Bond ETF,ETF,AMEX,21.99,-0.04,-0.18,2026-10-06 05:42
SCI,서비스 코퍼레이션 인터내셔널,주식,NYSE,75.94,-1.20,-1.56,2026-10-06 05:42
SCII,SC II 애퀴지션,주식,NASDAQ,10.17,-0.01,-0.10,2026-10-06 05:42
SCIIR,SC II Acquisition Rights Exp 26 Nov 2030,주식,NASDAQ,0.15,0.00,0.00,2026-10-06 05:42
SCIIU,SC II Acquisition Units,주식,NASDAQ,10.27,0.00,0.00,2026-10-06 05:42
SCIO,FT Structured Credit Income Opportunities ETF,ETF,AMEX,19.92,-0.05,-0.25,2026-10-06 05:42
SCJ,iShares MSCI Japan Small-Cap ETF,ETF,AMEX,110.65,0.50,0.45,2026-10-06 05:42
SCJL,Corgi U.S. Small-Cap 15% Structured Bffr ETF-Jul S,ETF,AMEX,24.57,0.10,0.41,2026-10-06 05:42
SCJN,Corgi U.S. Small-Cap 15% Structured Buffer ETF - J,ETF,AMEX,25.14,0.09,0.36,2026-10-06 05:42
SCKT,소켓 모바일,주식,NASDAQ,0.93,0.22,31.61,2026-10-06 05:42
SCL,스테판,주식,NYSE,62.74,-0.26,-0.41,2026-10-06 05:42
SCLX,사일렉스 홀딩,주식,NASDAQ,3.82,-0.24,-5.91,2026-10-06 05:42
SCLZ,Swan Enhanced Dividend Income ETF,ETF,AMEX,57.39,0.27,0.46,2026-10-06 05:42
SCM,스텔러스 캐피털 인베스트먼트,주식,NYSE,7.35,-0.06,-0.81,2026-10-06 05:42
SCMB,Schwab Municipal Bond ETF,ETF,AMEX,24.03,0.00,0.00,2026-10-06 05:42
SCMC,Sterling Capital Multi-Strategy Income ETF,ETF,AMEX,24.34,0.00,0.00,2026-10-06 05:42
SCMY,Corgi US Small-Cap 15% SB ETF - May S,ETF,AMEX,25.18,0.09,0.37,2026-10-06 05:42
SCNI,시나이 이뮤노테라퓨틱스 ADR,주식,NASDAQ,1.26,-0.07,-5.26,2026-10-06 05:42
SCNM,Sterling Capital National Municipal Bond ETF,ETF,AMEX,23.56,0.05,0.20,2026-10-06 05:42
SCNX,사이언처 홀딩스,주식,NASDAQ,3.71,-0.26,-6.55,2026-10-06 05:42
SCO,ProShares UltraShort Bloomberg Crude Oil,ETF,AMEX,19.58,0.11,0.57,2026-10-06 05:42
SCOP,Sprott Physical Copper Units,ETF,AMEX,12.05,-0.12,-0.99,2026-10-06 05:42
SCOR,컴스코어,주식,NASDAQ,4.30,0.06,1.42,2026-10-06 05:42
SCOW,Pacer S&P SmallCap 600 Quality FCF Aristocrats ETF,ETF,AMEX,22.28,0.11,0.51,2026-10-06 05:42
SCPQ,소셜 커머스 파트너스,주식,NASDAQ,10.07,-0.03,-0.25,2026-10-06 05:42
SCPQU,Social Commerce Partners Units,주식,NASDAQ,10.30,0.00,0.00,2026-10-06 05:42
SCSB,Sterling Capital Short Duration Bond ETF,ETF,AMEX,24.54,0.01,0.04,2026-10-06 05:42
SCSC,스캔소스,주식,NASDAQ,61.01,-0.72,-1.17,2026-10-06 05:42
SCSE,Corgi US Small-Cap 15% Strctrd Bffr ETF - Sep S,ETF,AMEX,24.78,0.08,0.33,2026-10-06 05:42
SCTX,스크라이브 테라퓨틱스,주식,NASDAQ,16.21,-0.58,-3.45,2026-10-06 05:42
SCUB,Sterling Capital Ultra Short Bond ETF,ETF,AMEX,24.90,0.01,0.04,2026-10-06 05:42
SCUS,Schwab Ultra-Short Income ETF,ETF,AMEX,25.04,0.01,0.04,2026-10-06 05:42
SCWO,374워터,주식,NASDAQ,2.95,-0.13,-4.22,2026-10-06 05:42
SCYB,Schwab High Yield Bond ETF,ETF,AMEX,25.09,0.02,0.08,2026-10-06 05:42
SCYX,사이넥시스,주식,NASDAQ,5.03,-0.09,-1.76,2026-10-06 05:42
SCZ,iShares MSCI EAFE Small Cap ETF,ETF,NASDAQ,84.34,0.02,0.02,2026-10-06 05:42
SCZM,산타크루즈 실버 마이닝,주식,NASDAQ,8.93,0.13,1.48,2026-10-06 05:42
SD,샌드리지 에너지,주식,NYSE,13.72,0.10,0.73,2026-10-06 05:42
SDA,선카 테크놀로지 그룹,주식,NASDAQ,0.41,-0.02,-4.92,2026-10-06 05:42
SDCI,USCF SummerHaven Dynamic Commodity Strat No K-1 Fd,ETF,AMEX,31.11,-0.02,-0.06,2026-10-06 05:42
SDCP,Virtus Newfleet Short Duration Core Plus Bond ETF,ETF,AMEX,25.08,-0.02,-0.06,2026-10-06 05:42
SDD,ProShares UltraShort SmallCap600,ETF,AMEX,9.13,-0.04,-0.44,2026-10-06 05:42
SDEM,Global X MSCI SuperDividend Emerging Markets ETF,ETF,AMEX,33.98,1.24,3.80,2026-10-06 05:42
SDEV,스테이블코인 디벨롭먼트,주식,AMEX,3.94,-3.54,-47.33,2026-10-06 05:42
SDFI,AB Short Duration Income ETF,ETF,AMEX,34.78,0.08,0.22,2026-10-06 05:42
SDG,iShares MSCI Global Sustainable Development Goals,ETF,NASDAQ,86.88,0.21,0.24,2026-10-06 05:42
SDGR,슈뢰딩거,주식,NASDAQ,32.60,2.29,7.56,2026-10-06 05:42
SDHC,스미스 더글러스 홈스,주식,NYSE,10.07,-0.01,-0.10,2026-10-06 05:42
SDHI,시디 애퀴지션,주식,NASDAQ,10.55,-0.01,-0.09,2026-10-06 05:42
SDHIR,Siddhi Acquisition Rights,주식,NASDAQ,0.15,0.00,0.00,2026-10-06 05:42
SDHIU,Siddhi Acquisition Units,주식,NASDAQ,10.62,0.00,0.00,2026-10-06 05:42
SDHY,PGIM Short Duration High Yield Opportunities Fund,주식,NYSE,15.23,-0.06,-0.39,2026-10-06 05:42
SDIV,Global X SuperDividend Etf,ETF,AMEX,23.67,0.43,1.85,2026-10-06 05:42
SDMF,Simplify DBi CTA Managed Futures Index ETF,ETF,AMEX,27.57,0.13,0.47,2026-10-06 05:42
SDOG,ALPS Sector Dividend Dogs ETF,ETF,AMEX,68.57,-0.08,-0.12,2026-10-06 05:42
SDOT,사돗 그룹,주식,NASDAQ,11.08,0.37,3.45,2026-10-06 05:42
SDOW,ProShares UltraPro Short Dow30 ETF,ETF,AMEX,25.58,-0.15,-0.58,2026-10-06 05:42
SDP,ProShares UltraShort Utilities ETF,ETF,AMEX,27.37,-0.11,-0.39,2026-10-06 05:42
SDRL,시드릴,주식,NYSE,45.79,1.94,4.42,2026-10-06 05:42
SDS,ProShares UltraShort S&P500,ETF,AMEX,52.87,-0.72,-1.34,2026-10-06 05:42
SDSI,American Century Short Duration Strat Income ETF,ETF,NASDAQ,50.58,0.03,0.06,2026-10-06 05:42
SDST,스타더스트 파워,주식,NASDAQ,0.09,0.01,7.89,2026-10-06 05:42
SDTY,YieldMax S&P 500 0DTE Covered Call Strategy ETF,ETF,NASDAQ,41.04,0.26,0.64,2026-10-06 05:42
SDUR,Aristotle Short Term Income ETF,ETF,AMEX,24.80,0.04,0.16,2026-10-06 05:42
SDVD,FT Vest SMID Rising Dividend Achievers Tgt In,ETF,AMEX,22.00,0.01,0.05,2026-10-06 05:42
SDVY,First Trust SMID Cap Rising Dividend Achievers ETF,ETF,NASDAQ,41.44,0.16,0.39,2026-10-06 05:42
SDY,State Street SPDR S&P Dividend ETF,ETF,AMEX,147.71,0.14,0.09,2026-10-06 05:42
SE,씨 ADR,주식,NYSE,96.85,1.66,1.74,2026-10-06 05:42
SEA,US Global Sea to Sky Cargo ETF,ETF,AMEX,20.72,0.00,-0.02,2026-10-06 05:42
SEAT,비비드 싯츠,주식,NASDAQ,3.28,-0.24,-6.82,2026-10-06 05:42
SEB,씨보드,주식,AMEX,3978.74,-45.54,-1.13,2026-10-06 05:42
SECA,Main Active Rotation ETF,ETF,AMEX,25.40,0.13,0.51,2026-10-06 05:42
SECR,NYLIM MacKay Securitized Income ETF,ETF,AMEX,24.03,-0.08,-0.32,2026-10-06 05:42
SECT,Main Sector Rotation ETF,ETF,AMEX,72.88,0.48,0.66,2026-10-06 05:42
SECU,iShares Securitized Income Active ETF,ETF,AMEX,48.38,0.06,0.12,2026-10-06 05:42
SECZ,시큐리타이즈,주식,NYSE,11.70,-1.29,-9.93,2026-10-06 05:42
SEDG,솔라에지 테크놀로지스,주식,NASDAQ,34.38,1.29,3.90,2026-10-06 05:42
SEED,오리진 애그리테크,주식,NASDAQ,0.84,0.10,13.51,2026-10-06 05:42
SEEM,SEI Select Emerging Markets Equity ETF,ETF,NASDAQ,39.56,0.54,1.38,2026-10-06 05:42
SEER,시어,주식,NASDAQ,2.33,0.08,3.56,2026-10-06 05:42
SEF,ProShares Short Financials ETF,ETF,AMEX,31.31,-0.22,-0.68,2026-10-06 05:42
SEG,씨포트 엔터테인먼트 그룹,주식,NYSE,22.50,0.12,0.54,2026-10-06 05:42
SEGG,스포 엔터,주식,NASDAQ,2.20,-0.15,-6.18,2026-10-06 05:42
SEI,솔라리스 에너지 인프라스트럭처,주식,NYSE,74.75,-0.18,-0.24,2026-10-06 05:42
SEIC,SEI 인베스트먼트,주식,NASDAQ,103.26,0.83,0.81,2026-10-06 05:42
SEIE,SEI Select International Equity ETF,ETF,NASDAQ,35.54,0.08,0.24,2026-10-06 05:42
SEIM,SEI QiM U.S. Large Cap Momentum Active ETF,ETF,AMEX,54.90,0.11,0.19,2026-10-06 05:42
SEIQ,SEI QiM U.S. Large Cap Quality Active ETF,ETF,AMEX,41.45,0.44,1.07,2026-10-06 05:42
SEIS,SEI Select Small Cap ETF,ETF,NASDAQ,31.94,0.25,0.80,2026-10-06 05:42
SEIV,SEI QiM U.S. Large Cap Value Active ETF,ETF,AMEX,49.74,0.19,0.38,2026-10-06 05:42
SEIX,Virtus Seix Senior Loan ETF,ETF,AMEX,23.16,-0.02,-0.09,2026-10-06 05:42
SELF,글로벌 셀프 스토리지,주식,NASDAQ,4.90,0.05,1.03,2026-10-06 05:42
SELV,SEI QiM U.S. Large Cap Low Volatility Active ETF,ETF,AMEX,34.15,0.30,0.89,2026-10-06 05:42
SEMG,Suncoast Select Growth ETF,ETF,AMEX,28.30,0.32,1.15,2026-10-06 05:42
SEMI,Columbia Select Technology ETF,ETF,AMEX,41.25,0.40,0.97,2026-10-06 05:42
SEMY,GraniteShares YieldBOOST Semiconductor ETF,ETF,NASDAQ,12.59,0.01,0.04,2026-10-06 05:42
SENEA,세네카 푸즈 Class A,주식,NASDAQ,177.66,0.00,0.00,2026-10-06 05:42
SENEB,세네카 푸즈 Class B,주식,NASDAQ,180.23,6.01,3.45,2026-10-06 05:42
SENS,센서닉스 홀딩스,주식,NASDAQ,10.31,0.43,4.35,2026-10-06 05:42
SEPC,Corgi U.S. Equities 10% Srtctrd Bffr ETF-Sep S,ETF,AMEX,25.48,0.11,0.42,2026-10-06 05:42
SEPI,Shelton Equity Premium Income ETF,ETF,AMEX,29.03,0.06,0.21,2026-10-06 05:42
SEPM,FT Vest US Equity Max Buffer ETF - Sept,ETF,AMEX,33.49,0.07,0.19,2026-10-06 05:42
SEPN,셉테르나,주식,NASDAQ,37.87,0.16,0.42,2026-10-06 05:42
SEPP,PGIM S&P 500 Buffer 12 ETF - September,ETF,AMEX,33.45,0.11,0.34,2026-10-06 05:42
SEPQ,STF Tactical Growth & Income ETF,ETF,NASDAQ,28.01,0.06,0.22,2026-10-06 05:42
SEPT,AllianzIM US Equity Buffer10 Sep ETF,ETF,AMEX,38.73,0.15,0.38,2026-10-06 05:42
SEPU,AllianzIM US Equity Buffer15 Uncapped Sep ETF,ETF,AMEX,32.00,0.17,0.52,2026-10-06 05:42
SEPW,AllianzIM US Equity Buffer20 Sep ETF,ETF,AMEX,34.10,0.07,0.20,2026-10-06 05:42
SEPZ,TrueShares Structured Outcome (September) ETF,ETF,AMEX,46.66,0.22,0.47,2026-10-06 05:42
SER,세리나 테라퓨틱스,주식,AMEX,2.04,0.08,4.08,2026-10-06 05:42
SERA,세라 프로그노스틱스,주식,NASDAQ,2.00,-0.09,-4.31,2026-10-06 05:42
SERV,서브 로보틱스,주식,NASDAQ,4.88,0.27,5.74,2026-10-06 05:42
SES,SES AI,주식,NYSE,0.84,-0.05,-5.53,2026-10-06 05:42
SETH,ProShares Short Ether ETF,ETF,AMEX,29.97,-0.44,-1.44,2026-10-06 05:42
SETM,Sprott Critical Materials ETF,ETF,NASDAQ,29.30,0.07,0.24,2026-10-06 05:42
SEUS,SEI QiM US Equity Factor Allocation Active ETF,ETF,NASDAQ,25.92,0.13,0.50,2026-10-06 05:42
SEV,압테라 모터스,주식,NASDAQ,1.58,-0.08,-4.53,2026-10-06 05:42
SEVN,세븐 힐즈 리얼티 트러스트,주식,NASDAQ,6.84,0.09,1.33,2026-10-06 05:42
SEZL,세즐,주식,NASDAQ,110.85,3.44,3.20,2026-10-06 05:42
SF,스티펄 파이낸셜,주식,NYSE,70.63,0.35,0.50,2026-10-06 05:42
SFB,스티펄 파이낸셜 선순위 채권 5.200% 만기 2047년 10월,주식,NYSE,18.77,-0.14,-0.74,2026-10-06 05:42
SFBC,사운드 파이낸셜 뱅코프,주식,NASDAQ,43.05,-3.16,-6.84,2026-10-06 05:42
SFBS,서비스퍼스트 뱅크셰어스,주식,NYSE,39.51,-0.64,-1.59,2026-10-06 05:42
SFD,스미스필드 푸드,주식,NASDAQ,18.73,-0.13,-0.69,2026-10-06 05:42
SFEB,FT Vest US Small Cp Moderate Buffer ETF - Feb,ETF,AMEX,26.00,0.05,0.18,2026-10-06 05:42
SFGV,Sequoia Global Value ETF,ETF,AMEX,35.44,0.11,0.31,2026-10-06 05:42
SFHG,샘파인 크리에이션 홀딩스 그룹,주식,NASDAQ,2.08,-0.02,-0.95,2026-10-06 05:42
SFIX,스티치 픽스,주식,NASDAQ,2.68,0.07,2.68,2026-10-06 05:42
SFL,SFL 코퍼레이션,주식,NYSE,13.50,0.05,0.37,2026-10-06 05:42
SFLO,VictoryShares Small Cap Free Cash Flow ETF,ETF,NASDAQ,38.02,0.40,1.05,2026-10-06 05:42
SFLR,Innovator Equity Managed Floor ETF,ETF,AMEX,39.71,0.34,0.86,2026-10-06 05:42
SFM,스프라우츠 파머스 마켓,주식,NASDAQ,64.92,0.45,0.70,2026-10-06 05:42
SFNC,시몬스 퍼스트 내셔널,주식,NASDAQ,22.71,-0.19,-0.83,2026-10-06 05:42
SFST,서던 퍼스트 뱅크셰어스,주식,NASDAQ,60.67,-0.18,-0.30,2026-10-06 05:42
SFTX,Horizon International Managed Risk ETF,ETF,AMEX,31.00,0.15,0.47,2026-10-06 05:42
SFTY,Horizon Managed Risk,ETF,AMEX,32.10,0.19,0.58,2026-10-06 05:42
SFWL,생풍 디벨롭먼트,주식,NASDAQ,8.82,0.47,5.63,2026-10-06 05:42
SFY,SoFi Select 500 ETF,ETF,AMEX,156.40,1.27,0.82,2026-10-06 05:42
SFYF,SoFi Social 50 ETF,ETF,AMEX,66.25,0.68,1.04,2026-10-06 05:42
SFYI,SoFi Social 50 Income ETF,ETF,AMEX,25.35,0.21,0.85,2026-10-06 05:42
SG,스윗그린,주식,NYSE,9.09,-0.01,-0.11,2026-10-06 05:42
SGA,사가 커뮤니케이션스,주식,NASDAQ,8.36,-0.11,-1.30,2026-10-06 05:42
SGC,슈페리어 유니폼 그룹,주식,NASDAQ,13.00,0.02,0.15,2026-10-06 05:42
SGDJ,Sprott Junior Gold Miners ETF,ETF,AMEX,87.53,-0.10,-0.11,2026-10-06 05:42
SGDM,Sprott Gold Miners ETF,ETF,AMEX,73.29,-0.51,-0.69,2026-10-06 05:42
SGHC,SGHC,주식,NYSE,11.47,0.22,1.96,2026-10-06 05:42
SGHT,사이트 사이언시스,주식,NASDAQ,8.92,0.39,4.57,2026-10-06 05:42
SGI,솜니그룹 인터내셔널,주식,NYSE,62.29,0.32,0.52,2026-10-06 05:42
SGLC,SGI US Large Cap Core ETF,ETF,AMEX,46.12,0.22,0.47,2026-10-06 05:42
SGLD,스콜피오 골드 ADR,주식,NASDAQ,3.58,-0.27,-7.01,2026-10-06 05:42
SGLY,싱귤러리티 퓨처 테크놀로지,주식,NASDAQ,0.98,0.25,34.10,2026-10-06 05:42
SGML,시그마 리튬,주식,NASDAQ,9.56,0.47,5.17,2026-10-06 05:42
SGMT,새기멧 바이오사이언시스,주식,NASDAQ,9.03,-0.11,-1.20,2026-10-06 05:42
SGOL,abrdn Physical Gold Shares ETF,ETF,AMEX,39.42,-0.04,-0.10,2026-10-06 05:42
SGOV,iShares 0-3 Month Treasury Bond ETF,ETF,NYSE,100.45,0.01,0.01,2026-10-06 05:42
SGP,스파이글래스 파마,주식,NASDAQ,25.59,0.67,2.69,2026-10-06 05:42
SGRT,SMART Earnings Growth 30 ETF,ETF,AMEX,35.52,0.10,0.29,2026-10-06 05:42
SGRW,Harbor Active Small Cap Growth ETF,ETF,AMEX,25.34,0.19,0.75,2026-10-06 05:42
SGRX,생그릭스,주식,NASDAQ,1.12,-0.14,-11.11,2026-10-06 05:42
SGRY,서저리 파트너스,주식,NASDAQ,13.33,0.01,0.08,2026-10-06 05:42
SGU,Star Group Units,주식,NYSE,12.90,0.02,0.16,2026-10-06 05:42
SGVA,F/m Accumulator Ultrashort US Treasury Fund,ETF,NASDAQ,101.09,0.04,0.03,2026-10-06 05:42
SGVT,Schwab Government Money Market ETF,ETF,AMEX,100.54,0.01,0.01,2026-10-06 05:42
SH,ProShares Short S&P500 ETF,ETF,AMEX,31.91,-0.21,-0.65,2026-10-06 05:42
SHAG,WisdomTree Yield Enhanced US Sh-Tr Aggregate Bond,ETF,AMEX,46.43,0.04,0.08,2026-10-06 05:42
SHAK,쉐이크쉑,주식,NYSE,62.40,1.42,2.33,2026-10-06 05:42
SHAZ,샤론AI 홀딩스,주식,NASDAQ,47.70,-3.11,-6.12,2026-10-06 05:42
SHBI,쇼어 뱅크셰어스,주식,NASDAQ,22.83,-0.17,-0.74,2026-10-06 05:42
SHC,소테라 헬스,주식,NASDAQ,18.55,0.33,1.81,2026-10-06 05:42
SHDG,Soundwatch Hedged Equity ETF,ETF,AMEX,33.74,0.09,0.25,2026-10-06 05:42
SHE,State Street SPDR MSCI USA Gender Diversity ETF,ETF,AMEX,158.84,0.23,0.15,2026-10-06 05:42
SHEH,Shell plc ADRhedged,ETF,AMEX,71.13,0.22,0.31,2026-10-06 05:42
SHEL,쉘 ADR,주식,NYSE,96.52,0.29,0.30,2026-10-06 05:42
SHEN,셰넌도어 텔레커뮤니케이션스,주식,NASDAQ,11.20,0.34,3.13,2026-10-06 05:42
SHFS,SHF 홀딩스,주식,NASDAQ,0.88,-0.30,-25.25,2026-10-06 05:42
SHG,신한금융지주 ADR,주식,NYSE,78.46,0.43,0.55,2026-10-06 05:42
SHIM,심믹,주식,NASDAQ,3.11,-0.04,-1.27,2026-10-06 05:42
SHIP,시너지 마리타임 홀딩스,주식,NASDAQ,17.67,-0.15,-0.84,2026-10-06 05:42
SHLD,Global X Defense Tech ETF,ETF,AMEX,60.41,0.18,0.30,2026-10-06 05:42
SHLS,숄즈 테크놀로지스 그룹,주식,NASDAQ,8.15,-0.15,-1.81,2026-10-06 05:42
SHM,State Street SPDR Nuveen ICE Sht Term Muni Bd ETF,ETF,AMEX,46.69,-0.02,-0.04,2026-10-06 05:42
SHMD,슈미드 그룹,주식,NASDAQ,4.50,-0.07,-1.53,2026-10-06 05:42
SHNY,MicroSectors Gold 3X Leveraged ETN due January 29 2043,ETF,AMEX,7.85,-0.05,-0.63,2026-10-06 05:42
SHO,선스톤 호텔 인베스터스,주식,NYSE,11.32,-0.07,-0.61,2026-10-06 05:42
SHOC,Strive US Semiconductor ETF,ETF,NYSE,115.78,0.32,0.28,2026-10-06 05:42
SHOE,슈 스테이션 그룹,주식,NASDAQ,12.82,0.24,1.91,2026-10-06 05:42
SHOO,스티븐 매든,주식,NASDAQ,45.68,-0.29,-0.63,2026-10-06 05:42
SHOP,쇼피파이,주식,NASDAQ,160.11,8.72,5.76,2026-10-06 05:42
SHOT,RMG ML Sports Holdings,주식,NASDAQ,9.86,0.00,0.00,2026-10-06 05:42
SHOTR,RMG ML Sports Holdings Rights,주식,NASDAQ,0.13,0.00,0.00,2026-10-06 05:42
SHOTU,RMG ML Sports Holdings Units,주식,NASDAQ,10.02,0.00,0.00,2026-10-06 05:42
SHPH,셔틀 파마슈티컬스,주식,NASDAQ,4.01,-0.16,-3.84,2026-10-06 05:42
SHPP,Pacer Industrials and Logistics ETF,ETF,AMEX,33.54,-0.11,-0.33,2026-10-06 05:42
SHPU,Direxion Daily SHOP Bull 2X ETF,ETF,NASDAQ,19.30,1.98,11.45,2026-10-06 05:42
SHRD,Arimathea Catholic Core Bond ETF,ETF,AMEX,23.83,-0.02,-0.08,2026-10-06 05:42
SHRT,Gotham Short Strategies ETF,ETF,AMEX,6.81,0.00,0.00,2026-10-06 05:42
SHRY,First Trust Bloomberg Shareholder Yield ETF,ETF,NASDAQ,45.04,0.27,0.60,2026-10-06 05:42
SHUS,Stratified LargeCap Hedged ETF,ETF,AMEX,50.36,0.26,0.52,2026-10-06 05:42
SHV,iShares 0-1 Year Treasury Bond ETF,ETF,NYSE,110.09,0.02,0.02,2026-10-06 05:42
SHW,셔윈-윌리엄즈,주식,NYSE,318.46,-1.05,-0.33,2026-10-06 05:42
SHY,iShares 1-3 Year Treasury Bond ETF,ETF,NASDAQ,81.08,0.03,0.04,2026-10-06 05:42
SHYD,VanEck Short High Yield Muni ETF,ETF,AMEX,22.00,0.02,0.09,2026-10-06 05:42
SHYG,iShares 0-5 Year High Yield Corporate Bond ETF,ETF,AMEX,41.10,0.03,0.07,2026-10-06 05:42
SHYL,Xtrackers Short Duration High Yield Bond ETF,ETF,AMEX,42.89,0.13,0.29,2026-10-06 05:42
SHYM,iShares Short Duration High Yield Muni Active ETF,ETF,AMEX,21.28,-0.05,-0.23,2026-10-06 05:42
SI,숄더 이노베이션스,주식,NYSE,19.60,0.59,3.10,2026-10-06 05:42
SIBN,시-본,주식,NASDAQ,19.81,1.73,9.57,2026-10-06 05:42
SID,콤파니아 시데루르지카 나시오나우 ADR,주식,NYSE,1.24,0.08,6.90,2026-10-06 05:42
SIDU,싸이더스 스페이스,주식,NASDAQ,1.75,-0.06,-3.31,2026-10-06 05:42
SIEB,시버트 파이낸셜 코퍼레이션,주식,NASDAQ,2.24,0.04,1.82,2026-10-06 05:42
SIF,SIFCO 인더스트리,주식,AMEX,23.00,-0.62,-2.62,2026-10-06 05:42
SIFI,Harbor Ares Systematic Multi-Sector Income ETF,ETF,AMEX,42.02,0.06,0.14,2026-10-06 05:42
SIFY,사이피 테크놀러지 ADR,주식,NASDAQ,13.33,0.02,0.15,2026-10-06 05:42
SIG,시그넷 주얼러스,주식,NYSE,100.89,0.31,0.31,2026-10-06 05:42
SIGA,시가 테크놀로지스,주식,NASDAQ,3.48,0.10,2.96,2026-10-06 05:42
SIGI,셀렉티브 인슈어런스 그룹,주식,NASDAQ,85.25,-0.34,-0.40,2026-10-06 05:42
SIGIP,셀렉티브 인슈어런스 그룹 우선주 시리즈 B 4.6%,주식,NASDAQ,15.11,0.11,0.73,2026-10-06 05:42
SIHY,Harbor Ares Systematic High Yield ETF,ETF,AMEX,44.07,0.07,0.16,2026-10-06 05:42
SII,스프롯,주식,NYSE,115.76,-0.55,-0.47,2026-10-06 05:42
SIJ,ProShares UltraShort Industrials,ETF,AMEX,18.31,0.01,0.04,2026-10-06 05:42
SIL,Global X Silver Miners ETF,ETF,AMEX,86.15,-0.35,-0.40,2026-10-06 05:42
SILC,실리콤,주식,NASDAQ,61.17,1.14,1.90,2026-10-06 05:42
SILJ,Amplify Junior Silver Miners ETF,ETF,AMEX,27.11,-0.12,-0.44,2026-10-06 05:42
SILO,사일로 파마,주식,NASDAQ,1.49,0.03,2.19,2026-10-06 05:42
SIM,그루포 시멕 ADR,주식,AMEX,28.70,0.70,2.50,2026-10-06 05:42
SIMA,SIM 애퀴지션 I,주식,NASDAQ,11.10,0.13,1.19,2026-10-06 05:42
SIMAU,SM Acquisition Units,주식,NASDAQ,11.25,0.00,0.00,2026-10-06 05:42
SIMO,실리콘 모션 테크놀로지 ADR,주식,NASDAQ,282.45,1.95,0.70,2026-10-06 05:42
SIMS,State Street SPDR S&P Kensho Intelligent Struc ETF,ETF,AMEX,42.92,0.05,0.12,2026-10-06 05:42
SIMX,Corgi SIMO 2x Daily ETF,ETF,AMEX,14.47,0.19,1.34,2026-10-06 05:42
SIND,신다,주식,NYSE,12.98,-0.94,-6.75,2026-10-06 05:42
SINT,SINTX 테크놀로지스,주식,NASDAQ,2.18,-0.03,-1.36,2026-10-06 05:42
SIO,Touchstone Strategic Income ETF,ETF,AMEX,24.56,-0.01,-0.04,2026-10-06 05:42
SION,시오나 테라퓨틱스,주식,NASDAQ,4.85,-0.06,-1.22,2026-10-06 05:42
SIOO,VistaShares Target 15 S&P 100 Distribution ETF,ETF,AMEX,19.71,0.04,0.20,2026-10-06 05:42
SIRI,시리우스 XM 홀딩스,주식,NASDAQ,26.31,0.59,2.29,2026-10-06 05:42
SITC,사이트 센터스,주식,NYSE,3.24,-0.18,-5.26,2026-10-06 05:42
SITE,사이트원 랜드스케이프 서플라이,주식,NYSE,87.66,-1.90,-2.12,2026-10-06 05:42
SITM,Si타임,주식,NASDAQ,710.04,0.60,0.08,2026-10-06 05:42
SITX,Tradr 2X Long SITM Daily ETF,ETF,AMEX,23.90,-0.02,-0.09,2026-10-06 05:42
SIVR,abrdn Physical Silver Shares ETF,ETF,AMEX,57.97,0.40,0.69,2026-10-06 05:42
SIXA,ETC 6 Meridian Mega Cap Equity ETF,ETF,AMEX,56.73,-0.13,-0.22,2026-10-06 05:42
SIXD,AllianzIM US Equity 6 Month Buffer10 Jun/Dec ETF,ETF,AMEX,31.72,0.10,0.32,2026-10-06 05:42
SIXF,AllianzIM US Equity 6 Month Buffer10 Feb/Aug ETF,ETF,AMEX,35.46,0.07,0.20,2026-10-06 05:42
SIXH,ETC 6 Meridian Hedged Equity-Index Option Strt ETF,ETF,AMEX,43.64,-0.29,-0.65,2026-10-06 05:42
SIXJ,AllianzIM US Equity 6 Month Buffer10 Jan/Jul,ETF,AMEX,37.61,0.09,0.23,2026-10-06 05:42
SIXL,ETC 6 Meridian Low Beta Equity Strategy ETF,ETF,AMEX,37.77,0.18,0.48,2026-10-06 05:42
SIXO,AllianzIM US Equity 6 Month Buffer10 Apr/Oct,ETF,AMEX,36.84,0.07,0.18,2026-10-06 05:42
SIXP,AllianzIM US Equity 6 Month Buffer10 Mar/Sep ETF,ETF,AMEX,34.76,0.07,0.20,2026-10-06 05:42
SIXS,ETC 6 Meridian Small Cap Equity ETF,ETF,AMEX,55.26,0.20,0.36,2026-10-06 05:42
SIXZ,AllianzIM US Equity 6 Month Buffer10 May/Nov ETF,ETF,AMEX,32.64,0.06,0.18,2026-10-06 05:42
SIZE,iShares MSCI USA Size Factor ETF,ETF,AMEX,176.84,1.33,0.76,2026-10-06 05:42
SJ,사이언조이 홀딩,주식,NASDAQ,0.88,0.05,6.27,2026-10-06 05:42
SJB,ProShares Short High Yield,ETF,AMEX,15.48,-0.01,-0.06,2026-10-06 05:42
SJCP,SanJac Alpha Core Plus Bond ETF,ETF,NASDAQ,24.66,-0.02,-0.06,2026-10-06 05:42
SJLD,SanJac Alpha Low Duration ETF,ETF,NASDAQ,24.81,-0.01,-0.02,2026-10-06 05:42
SJM,J. M. 스머커,주식,NYSE,116.23,-0.96,-0.82,2026-10-06 05:42
SJNK,State Street SPDR Bloomberg Shrt Trm Hg Yld Bd ETF,ETF,AMEX,24.16,0.02,0.08,2026-10-06 05:42
SJT,San Juan Basin Royalty Units,주식,NYSE,3.69,-0.07,-1.86,2026-10-06 05:42
SK,Corgi SK hynix 2x Daily ETF,ETF,AMEX,31.20,-0.12,-0.38,2026-10-06 05:42
SKDD,GraniteShares 2x Short SK Hynix Daily ETF,ETF,NASDAQ,6.29,0.02,0.32,2026-10-06 05:42
SKE,스키나 리소시스,주식,NYSE,30.24,0.30,1.00,2026-10-06 05:42
SKF,ProShares UltraShort Financials ETF,ETF,AMEX,25.76,-0.39,-1.49,2026-10-06 05:42
SKHA,Tradr 2X Long SK hynix Daily ETF,ETF,AMEX,40.46,-0.26,-0.64,2026-10-06 05:42
SKHL,Direxion Daily SK Hynix Bull 2X ETF,ETF,AMEX,12.07,-0.03,-0.25,2026-10-06 05:42
SKHN,Tradr 2X Short SK hynix Daily ETF,ETF,AMEX,9.26,0.00,0.00,2026-10-06 05:42
SKHQ,Leverage Shares 2X Short SK Hynix Daily ETF,ETF,AMEX,9.14,0.03,0.34,2026-10-06 05:42
SKHU,ProShares Ultra SK hynix,ETF,AMEX,24.46,-0.06,-0.24,2026-10-06 05:42
SKHX,Leverage Shares 2X Long SK Hynix Daily ETF,ETF,AMEX,18.73,0.00,0.00,2026-10-06 05:42
SKHY,SK하이닉스 ADR,주식,NASDAQ,195.02,-0.11,-0.06,2026-10-06 05:42
SKHZ,Leverage Shares 1X Short SK Hynix Daily ETF,ETF,AMEX,9.05,0.00,0.00,2026-10-06 05:42
SKIL,스킬소프트,주식,NYSE,5.64,-0.07,-1.23,2026-10-06 05:42
SKIN,스킨헬스 시스템즈,주식,NASDAQ,0.60,-0.03,-4.76,2026-10-06 05:42
SKK,SKK 홀딩스,주식,NASDAQ,4.49,0.09,2.05,2026-10-06 05:42
SKM,SK텔레콤 ADR,주식,NYSE,36.40,-0.39,-1.06,2026-10-06 05:42
SKOR,Northern Trust Credit-Scored US Corporate Bond ETF,ETF,NASDAQ,46.67,0.03,0.07,2026-10-06 05:42
SKRE,Tuttle Capital Daily 2X Inverse Regional Banks ETF,ETF,NASDAQ,6.98,0.08,1.19,2026-10-06 05:42
SKT,텐저,주식,NYSE,34.59,-0.52,-1.48,2026-10-06 05:42
SKUU,GraniteShares 2x Long SK Hynix Daily ETF,ETF,NASDAQ,31.41,-0.09,-0.29,2026-10-06 05:42
SKWD,스카이워드 스페셜티 인슈어런스 그룹,주식,NASDAQ,55.19,0.18,0.33,2026-10-06 05:42
SKY,챔피언 홈스,주식,NYSE,85.76,-2.34,-2.66,2026-10-06 05:42
SKYA,SKYAI,주식,NASDAQ,1.87,0.03,1.63,2026-10-06 05:42
SKYE,스카이 바이오사이언스,주식,NASDAQ,1.73,0.05,2.98,2026-10-06 05:42
SKYH,스카이 하버 그룹,주식,NYSE,9.34,0.05,0.54,2026-10-06 05:42
SKYQ,스카이 쿼리,주식,NASDAQ,2.54,0.08,3.25,2026-10-06 05:42
SKYU,ProShares Ultra Nasdaq Cloud Computing,ETF,NASDAQ,55.69,1.15,2.11,2026-10-06 05:42
SKYW,스카이웨스트,주식,NASDAQ,96.06,-0.37,-0.38,2026-10-06 05:42
SKYX,스카이엑스 플랫폼스,주식,NASDAQ,1.15,-0.03,-2.54,2026-10-06 05:42
SKYY,First Trust Cloud Computing ETF,ETF,NASDAQ,169.84,1.70,1.01,2026-10-06 05:42
SLAB,실리콘 래보라토리스,주식,NASDAQ,222.80,0.04,0.02,2026-10-06 05:42
SLB,SLB,주식,NYSE,50.28,1.54,3.16,2026-10-06 05:42
SLBT,Sl 사이언스 홀딩,주식,NASDAQ,1.59,0.02,1.27,2026-10-06 05:42
SLDB,솔리드 바이오사이언스,주식,NASDAQ,7.06,0.21,3.07,2026-10-06 05:42
SLDE,슬라이드 인슈어런스 홀딩스,주식,NASDAQ,24.14,0.53,2.24,2026-10-06 05:42
SLDP,솔리드 파워,주식,NASDAQ,2.30,-0.03,-1.29,2026-10-06 05:42
SLDR,Global X Short-Term Treasury Ladder ETF,ETF,AMEX,49.37,0.01,0.01,2026-10-06 05:42
SLE,슈퍼 리그 엔터프라이즈,주식,NASDAQ,5.11,-0.19,-3.58,2026-10-06 05:42
SLF,선 라이프 파이낸셜,주식,NYSE,78.61,0.04,0.05,2026-10-06 05:42
SLG,SL 그린 리얼티,주식,NYSE,48.01,-0.80,-1.64,2026-10-06 05:42
SLGB,스마트 로지스틱스 글로벌,주식,NASDAQ,0.30,0.01,4.72,2026-10-06 05:42
SLGL,솔젤 테크놀러지,주식,NASDAQ,78.95,6.95,9.65,2026-10-06 05:42
SLGN,실간 홀딩스,주식,NYSE,34.99,0.12,0.34,2026-10-06 05:42
SLI,스탠다드 리튬,주식,AMEX,1.72,-0.02,-1.15,2026-10-06 05:42
SLJY,Amplify SILJ Junior Silver Miners Covered Call ETF,ETF,AMEX,27.59,0.13,0.47,2026-10-06 05:42
SLM,SLM,주식,NASDAQ,22.74,-0.01,-0.02,2026-10-06 05:42
SLMBP,SLM 우선주 시리즈 B,주식,NASDAQ,73.75,0.00,0.00,2026-10-06 05:42
SLMT,브레라 홀딩스,주식,NASDAQ,3.95,-0.38,-8.78,2026-10-06 05:42
SLN,사일런스 테라퓨틱스 ADR,주식,NASDAQ,10.14,-0.50,-4.70,2026-10-06 05:42
SLND,사우스랜드 홀딩스,주식,AMEX,0.66,-0.01,-1.49,2026-10-06 05:42
SLNG,스태빌리스 솔루션스,주식,NASDAQ,5.01,0.14,2.87,2026-10-06 05:42
SLNH,솔루나 홀딩스,주식,NASDAQ,1.03,-0.04,-3.74,2026-10-06 05:42
SLNHP,솔루나 홀딩스 우선주 시리즈 A 9%,주식,NASDAQ,10.84,-0.93,-7.90,2026-10-06 05:42
SLNZ,TCW Senior Loan ETF,ETF,NYSE,45.34,-0.02,-0.04,2026-10-06 05:42
SLON,ProShares Ultra Solana ETF,ETF,AMEX,43.18,1.48,3.55,2026-10-06 05:42
SLP,시뮬레이션스 플러스,주식,NASDAQ,18.50,0.00,0.00,2026-10-06 05:42
SLQD,iShares 0-5 Year Investment Grade Corporate Bd ETF,ETF,NASDAQ,49.38,0.06,0.11,2026-10-06 05:42
SLQT,셀렉트코트,주식,NYSE,0.42,0.01,1.92,2026-10-06 05:42
SLRC,SLR 인베스트먼트,주식,NASDAQ,11.44,-0.11,-0.95,2026-10-06 05:42
SLS,셀라스 라이프 사이언스 그룹,주식,NASDAQ,11.63,-0.11,-0.94,2026-10-06 05:42
SLSN,솔레센스,주식,NASDAQ,0.81,-0.01,-1.28,2026-10-06 05:42
SLSR,솔라리스 리소시스,주식,AMEX,7.12,0.03,0.42,2026-10-06 05:42
SLTY,YieldMax Ultra Short Option Income Strategy ETF,ETF,AMEX,20.33,0.06,0.28,2026-10-06 05:42
SLV,iShares Silver Trust,ETF,AMEX,55.13,0.39,0.71,2026-10-06 05:42
SLVM,실바모,주식,NYSE,33.37,0.89,2.74,2026-10-06 05:42
SLVO,Ubs Ag Etracs Silver Shares Covered Call ETN Exp 21 Apr 2033,ETF,NASDAQ,65.00,0.71,1.10,2026-10-06 05:42
SLVP,iShares MSCI Global Silver and Metals Miners ETF,ETF,AMEX,34.94,-0.19,-0.54,2026-10-06 05:42
SLVR,Sprott Silver Miners & Physical Silver ETF,ETF,NASDAQ,54.42,-0.05,-0.09,2026-10-06 05:42
SLVX,Nicholas Silver Income ETF,ETF,AMEX,13.77,0.07,0.49,2026-10-06 05:42
SLVY,FT Vest Silver Strategy & Target Income ETF,ETF,AMEX,20.57,0.16,0.80,2026-10-06 05:42
SLWS,SLW Short Duration Income ETF,ETF,AMEX,100.24,0.10,0.09,2026-10-06 05:42
SLX,VanEck Steel ETF,ETF,AMEX,105.13,1.60,1.54,2026-10-06 05:42
SLXN,실렉시온 테라퓨틱스,주식,NASDAQ,0.27,0.01,2.35,2026-10-06 05:42
SLYG,State Street SPDR S&P 600 Small Cap Growth ETF,ETF,AMEX,109.43,0.41,0.38,2026-10-06 05:42
SLYV,State Street SPDR S&P 600 Small Cap Value ETF,ETF,AMEX,104.36,0.38,0.37,2026-10-06 05:42
SM,SM 에너지,주식,NYSE,35.05,-0.19,-0.54,2026-10-06 05:42
SMA,스마트스톱 셀프 스토리지 REIT,주식,NYSE,32.47,-0.04,-0.12,2026-10-06 05:42
SMAX,iShares Large Cap Max Buffer Sep ETF,ETF,AMEX,28.62,0.06,0.19,2026-10-06 05:42
SMAY,FT Vest US Small Cp Moderate Buffer ETF - May,ETF,AMEX,27.94,0.07,0.24,2026-10-06 05:42
SMB,VanEck Short Muni ETF,ETF,AMEX,16.93,0.02,0.09,2026-10-06 05:42
SMBC,서던 미주리 뱅코프,주식,NASDAQ,71.90,-0.69,-0.95,2026-10-06 05:42
SMBK,스마트파이낸셜,주식,NYSE,50.59,-0.40,-0.78,2026-10-06 05:42
SMBS,Schwab Mortgage-Backed Securities ETF,ETF,AMEX,23.91,0.01,0.04,2026-10-06 05:42
SMC,서밋 미드스트림,주식,NYSE,32.07,1.23,3.99,2026-10-06 05:42
SMCC,Corgi SMCI 2x Daily ETF,ETF,AMEX,45.54,-1.13,-2.43,2026-10-06 05:42
SMCI,슈퍼 마이크로 컴퓨터,주식,NASDAQ,43.19,-0.50,-1.14,2026-10-06 05:42
SMCIP,슈퍼 마이크로 컴퓨터 우선주 Series A,주식,NASDAQ,72.00,-0.57,-0.79,2026-10-06 05:42
SMCL,Graniteshares 2X Long SMCI Daily ETF,ETF,NASDAQ,21.12,-0.50,-2.33,2026-10-06 05:42
SMCO,Hilton Small-MidCap Opportunity ETF,ETF,NASDAQ,28.11,0.15,0.55,2026-10-06 05:42
SMCP,Smart Mid Cap ETF,ETF,AMEX,27.55,0.40,1.48,2026-10-06 05:42
SMCX,Defiance Daily Target 2X Long SMCI ETF,ETF,NASDAQ,15.10,-0.33,-2.14,2026-10-06 05:42
SMCY,YieldMax SMCI Option Income Strategy ETF,ETF,AMEX,5.50,-0.05,-0.90,2026-10-06 05:42
SMCZ,Defiance Daily Target 2X Short SMCI ETF,ETF,NASDAQ,4.14,0.08,1.97,2026-10-06 05:42
SMDD,ProShares UltraPro Short MidCap400,ETF,AMEX,8.58,-0.09,-1.03,2026-10-06 05:42
SMDV,ProShares Russell 2000 Dividend Growers ETF,ETF,AMEX,72.81,-0.16,-0.22,2026-10-06 05:42
SMDX,Intech S&P Small Mid Cap Diversified Alpha ETF,ETF,AMEX,26.07,0.12,0.48,2026-10-06 05:42
SMFG,스미토모 미쓰이 파이낸셜그룹 ADR,주식,NYSE,25.63,0.23,0.91,2026-10-06 05:42
SMG,스코츠 미러클 그로,주식,NYSE,49.10,0.08,0.16,2026-10-06 05:42
SMH,VanEck Semiconductor ETF,ETF,NASDAQ,633.90,3.30,0.52,2026-10-06 05:42
SMHB,ETRACS 2xMonthly Pay Leveraged US Small Cap High Dividend ETN Series B,주식,AMEX,3.25,0.01,0.16,2026-10-06 05:42
SMHC,VanEck China Semiconductor ETF,ETF,NASDAQ,43.83,0.61,1.42,2026-10-06 05:42
SMHD,MicroSectors 3x Short Semiconductor ETN,ETF,AMEX,28.66,-0.38,-1.29,2026-10-06 05:42
SMHI,시코 마린 홀딩스,주식,NYSE,8.69,0.42,5.08,2026-10-06 05:42
SMHU,MicroSectors 3x Long Semiconductor ETN,ETF,AMEX,35.81,0.44,1.23,2026-10-06 05:42
SMHX,VanEck Fabless Semiconductor ETF,ETF,NASDAQ,63.56,0.34,0.54,2026-10-06 05:42
SMID,스미스-미드랜드,주식,NASDAQ,21.95,-0.24,-1.08,2026-10-06 05:42
SMIG,Bahl & Gaynor Small/Mid Cap Income Growth ETF,ETF,AMEX,31.42,0.10,0.32,2026-10-06 05:42
SMIN,iShares MSCI India Small-Cap ETF,ETF,AMEX,68.37,0.02,0.03,2026-10-06 05:42
SMIZ,Zacks Small/Mid Cap ETF,ETF,AMEX,42.12,0.19,0.46,2026-10-06 05:42
SMJF,SMJ 인터내셔널 홀딩스,주식,AMEX,1.75,-0.10,-5.41,2026-10-06 05:42
SMLF,iShares US Small-Cap Equity Factor ETF,ETF,AMEX,85.66,0.66,0.78,2026-10-06 05:42
SMLL,Harbor Active Small Cap ETF,ETF,AMEX,20.34,0.18,0.91,2026-10-06 05:42
SMLV,SPDR SSGA US Small Cap Low Volatility Index ETF,ETF,AMEX,152.33,0.20,0.13,2026-10-06 05:42
SMMD,iShares Russell 2500 ETF,ETF,AMEX,87.10,0.47,0.54,2026-10-06 05:42
SMMT,Summit Therapeutics Inc.,주식,NASDAQ,17.27,0.52,3.07,2026-10-06 05:42
SMMU,PIMCO Short Term Municipal Bond Active Exch Tr Fd,ETF,AMEX,49.48,0.04,0.08,2026-10-06 05:42
SMMV,iShares MSCI USA Small-Cap Min Vol Factor ETF,ETF,AMEX,44.96,0.14,0.31,2026-10-06 05:42
SMN,ProShares UltraShort Materials ETF,ETF,AMEX,21.13,-0.49,-2.29,2026-10-06 05:42
SMOG,VanEck Low Carbon Energy ETF,ETF,AMEX,135.69,0.62,0.46,2026-10-06 05:42
SMOM,Symmetry Panoramic Sector Momentum ETF,ETF,NASDAQ,29.42,0.17,0.58,2026-10-06 05:42
SMOT,VanEck Morningstar SMID Moat ETF,ETF,AMEX,37.98,0.34,0.89,2026-10-06 05:42
SMOX,Horizon Small/Mid Cap Core Equity ETF,ETF,AMEX,29.53,0.10,0.34,2026-10-06 05:42
SMP,스탠다드 모터 프로덕츠,주식,NYSE,37.42,-0.10,-0.27,2026-10-06 05:42
SMPL,더 심플리 굿 푸드,주식,NASDAQ,9.94,0.11,1.12,2026-10-06 05:42
SMR,뉴스케일 파워,주식,NYSE,7.68,-0.07,-0.90,2026-10-06 05:42
SMRF,ALPS Nautilus SMR Nuclear & Technology ETF,ETF,AMEX,22.98,0.15,0.65,2026-10-06 05:42
SMRI,Bushido Capital US Equity ETF,ETF,NASDAQ,45.09,0.17,0.38,2026-10-06 05:42
SMRT,스마트렌트,주식,NYSE,1.20,0.00,0.00,2026-10-06 05:42
SMRX,Corgi SMR 2x Daily ETF,ETF,AMEX,14.53,-0.15,-1.02,2026-10-06 05:42
SMSI,스미스 마이크로 소프트웨어,주식,NASDAQ,2.65,0.00,0.00,2026-10-06 05:42
SMST,Defiance Daily Target 2x Short MSTR ETF,ETF,NASDAQ,11.51,-0.65,-5.35,2026-10-06 05:42
SMTC,셈텍,주식,NASDAQ,192.83,-2.05,-1.05,2026-10-06 05:42
SMTG,Leverage Shares 2X Long SMTC Daily ETF,ETF,AMEX,13.30,-0.33,-2.42,2026-10-06 05:42
SMTH,ALPS Smith Core Plus Bond ETF,ETF,AMEX,24.53,0.01,0.02,2026-10-06 05:42
SMTI,사나라 메드테크,주식,NASDAQ,35.00,0.15,0.43,2026-10-06 05:42
SMTK,스마트켐,주식,NASDAQ,1.22,-0.43,-26.06,2026-10-06 05:42
SMU,Tradr 2X Long Smr Daily ETF,ETF,AMEX,15.09,-0.33,-2.14,2026-10-06 05:42
SMUP,T-REX 2X Long SMR Daily Target ETF,ETF,AMEX,3.03,-0.04,-1.30,2026-10-06 05:42
SMWB,시밀러웹,주식,NYSE,8.08,0.12,1.51,2026-10-06 05:42
SMX,SMX (시큐리티 매터스),주식,NASDAQ,3.90,0.08,2.09,2026-10-06 05:42
SMXT,솔라맥스 테크놀로지,주식,NASDAQ,2.37,0.21,9.72,2026-10-06 05:42
SMYY,Graniteshares Yieldboost SMCI ETF,ETF,NASDAQ,5.95,0.00,0.08,2026-10-06 05:42
SMZ,Tradr 2X Short SMR Daily ETF,ETF,AMEX,19.76,0.22,1.15,2026-10-06 05:42
SN,샤크닌자,주식,NYSE,182.69,0.12,0.07,2026-10-06 05:42
SNA,스냅-온,주식,NYSE,367.40,-1.50,-0.41,2026-10-06 05:42
SNAG,Leverage Shares 2X Long SNAP Daily ETF,ETF,NASDAQ,5.68,0.00,-0.06,2026-10-06 05:42
SNAL,스네일,주식,NASDAQ,2.30,0.13,5.99,2026-10-06 05:42
SNAP,스냅,주식,NYSE,5.61,0.03,0.54,2026-10-06 05:42
SNAV,Mohr Sector Nav ETF,ETF,AMEX,39.31,0.27,0.68,2026-10-06 05:42
SND,스마트 샌드,주식,NASDAQ,5.35,0.01,0.19,2026-10-06 05:42
SNDA,소니다 시니어 리빙,주식,NYSE,36.72,-0.98,-2.60,2026-10-06 05:42
SNDC,Corgi SNDK 2x Daily ETF,ETF,AMEX,8.35,-0.17,-2.00,2026-10-06 05:42
SNDG,Leverage Shares 2X Long SNDK Daily ETF,ETF,AMEX,9.90,-0.18,-1.79,2026-10-06 05:42
SNDK,샌디스크,주식,NASDAQ,1704.16,-15.83,-0.92,2026-10-06 05:42
SNDL,SNDL,주식,NASDAQ,1.25,0.01,0.81,2026-10-06 05:42
SNDQ,Tradr 2X Short SNDK Daily ETF,ETF,AMEX,11.05,0.16,1.47,2026-10-06 05:42
SNDR,슈나이더 내셔널,주식,NYSE,32.32,-0.57,-1.73,2026-10-06 05:42
SNDU,T-REX 2X Long SNDK Daily Target ETF,ETF,AMEX,24.63,-0.54,-2.15,2026-10-06 05:42
SNDX,신닥스 파마슈티컬스,주식,NASDAQ,17.83,0.23,1.31,2026-10-06 05:42
SNES,시네스텍,주식,NASDAQ,0.83,0.06,7.18,2026-10-06 05:42
SNEX,스토넥스 그룹,주식,NASDAQ,67.43,1.62,2.46,2026-10-06 05:42
SNFCA,시큐리티 내셔널 파이낸셜,주식,NASDAQ,9.13,0.06,0.66,2026-10-06 05:42
SNGX,솔리제닉스,주식,NASDAQ,0.36,-0.01,-1.75,2026-10-06 05:42
SNK,Graniteshares 2x Short SpaceX Daily ETF,ETF,AMEX,10.87,-1.99,-15.47,2026-10-06 05:42
SNN,스미스 & 네퓨 ADR,주식,NYSE,26.92,0.50,1.89,2026-10-06 05:42
SNOA,소노마 파머수티컬스,주식,NASDAQ,1.22,-0.02,-1.61,2026-10-06 05:42
SNOU,T-Rex 2X Long SNOW Daily Target ETF,ETF,AMEX,67.29,-0.78,-1.14,2026-10-06 05:42
SNOV,FT Vest US Small Cp Moderate Buffer ETF - Nov,ETF,AMEX,27.49,0.09,0.33,2026-10-06 05:42
SNOW,스노우플레이크,주식,NYSE,338.99,-2.05,-0.60,2026-10-06 05:42
SNOY,YieldMax SNOW Option Income Strategy ETF,ETF,AMEX,11.37,0.03,0.26,2026-10-06 05:42
SNPD,Xtrackers S&P Dividend Aristocrats Screened ETF,ETF,AMEX,28.71,-0.03,-0.11,2026-10-06 05:42
SNPE,Xtrackers S&P 500 Scored & Screened ETF,ETF,AMEX,71.14,0.55,0.78,2026-10-06 05:42
SNPG,Xtrackers S&P 500 Growth Scored & Screened ETF,ETF,AMEX,60.68,0.36,0.60,2026-10-06 05:42
SNPS,시놉시스,주식,NASDAQ,488.47,-1.43,-0.29,2026-10-06 05:42
SNSC,선스카우트 홀딩,주식,AMEX,1.21,0.02,1.26,2026-10-06 05:42
SNSR,Global X Internet of Things ETF,ETF,NASDAQ,50.46,0.19,0.37,2026-10-06 05:42
SNT,센스타 테크놀로지스,주식,NASDAQ,1.55,0.01,0.65,2026-10-06 05:42
SNTG,센티지 홀딩스,주식,NASDAQ,1.72,-0.05,-2.82,2026-10-06 05:42
SNTH,MRP SynthEquity ETF,ETF,AMEX,29.90,0.19,0.64,2026-10-06 05:42
SNTI,센티 바이오사이언시스,주식,NASDAQ,0.35,0.02,7.07,2026-10-06 05:42
SNTQ,MRP SynthEquity Nasdaq 100 ETF,ETF,AMEX,25.29,0.26,1.03,2026-10-06 05:42
SNWV,샌유웨이브 헬스,주식,NASDAQ,4.70,-0.12,-2.49,2026-10-06 05:42
SNX,TD 시넥스,주식,NYSE,277.28,-1.09,-0.39,2026-10-06 05:42
SNXX,Tradr 2X Long SNDK Daily ETF,ETF,AMEX,15.98,-0.35,-2.14,2026-10-06 05:42
SNY,사노피 ADR,주식,NASDAQ,39.51,-0.41,-1.03,2026-10-06 05:42
SO,서던,주식,NYSE,83.79,0.07,0.08,2026-10-06 05:42
SOAR,볼라토 그룹,주식,AMEX,0.26,-0.02,-6.55,2026-10-06 05:42
SOBO,사우스 보우,주식,NYSE,33.94,0.12,0.35,2026-10-06 05:42
SOC,세이블 오프쇼어,주식,NYSE,3.47,-0.04,-1.14,2026-10-06 05:42
SOCA,솔라리우스 캐피털 애퀴지션,주식,NASDAQ,10.36,0.02,0.19,2026-10-06 05:42
SOCAU,Solarius Capital Acquisition Units,주식,NASDAQ,10.40,0.00,0.00,2026-10-06 05:42
SOCL,Global X Social Media ETF,ETF,NASDAQ,43.91,0.65,1.51,2026-10-06 05:42
SOEZ,Franklin Solana ETF,ETF,AMEX,20.78,0.40,1.94,2026-10-06 05:42
SOFA,Direxion Daily SOFI Bull 2X ETF,ETF,NASDAQ,10.66,0.19,1.85,2026-10-06 05:42
SOFC,Corgi SOFI 2x Daily ETF,ETF,AMEX,16.69,0.31,1.92,2026-10-06 05:42
SOFI,소파이 테크놀로지스,주식,NASDAQ,15.92,0.15,0.95,2026-10-06 05:42
SOFR,Amplify Samsung SOFR ETF,ETF,AMEX,100.10,-0.01,-0.01,2026-10-06 05:42
SOFX,Defiance Daily Target 2X Long SOFI ETF,ETF,NASDAQ,7.08,0.14,2.02,2026-10-06 05:42
SOGP,사운드 그룹 ADR,주식,NASDAQ,10.90,0.09,0.83,2026-10-06 05:42
SOHU,소후 닷컴 ADR,주식,NASDAQ,12.55,0.10,0.80,2026-10-06 05:42
SOJC,Southern Junior Subordinated Notes due 1 December 2077 Series B,주식,NYSE,18.77,-0.04,-0.21,2026-10-06 05:42
SOJD,Southern Jr Sub Notes Series 2020A Exp 30 Jan 2080,주식,NYSE,17.77,-0.17,-0.97,2026-10-06 05:42
SOJE,Southern 2020 Series C 4 20 Junior Subordinated Notes due 15th October 2060,주식,NYSE,16.04,-0.08,-0.50,2026-10-06 05:42
SOJF,Southern 6 50 Junior Subordinated Notes Series 2025A Due March 15 2085,주식,NYSE,23.26,0.11,0.48,2026-10-06 05:42
SOLC,Canary Marinade Solana ETF,ETF,NASDAQ,24.31,0.45,1.90,2026-10-06 05:42
SOLM,Amplify Solana 3 Monthly Option Income ETF,ETF,AMEX,10.84,0.26,2.48,2026-10-06 05:42
SOLS,Solstice Advanced Materials Inc,주식,NASDAQ,58.06,0.36,0.62,2026-10-06 05:42
SOLT,2x Solana ETF,ETF,NASDAQ,77.81,2.73,3.64,2026-10-06 05:42
SOLV,솔벤텀,주식,NYSE,88.03,0.18,0.20,2026-10-06 05:42
SOLZ,Solana ETF,ETF,NASDAQ,11.93,0.21,1.79,2026-10-06 05:42
SOMN,Southern Units,주식,NYSE,45.15,0.02,0.04,2026-10-06 05:42
SON,소노코 프로덕트,주식,NYSE,48.22,-0.52,-1.07,2026-10-06 05:42
SONM,DNA X,주식,NASDAQ,4.03,-0.06,-1.35,2026-10-06 05:42
SONO,소노스,주식,NASDAQ,17.94,0.24,1.36,2026-10-06 05:42
SONY,소니 그룹 ADR,주식,NYSE,23.54,-0.28,-1.18,2026-10-06 05:42
SOPH,소피아 제네틱스,주식,NASDAQ,8.20,0.13,1.61,2026-10-06 05:42
SOR,Source Capital Beneficial Interest,주식,NYSE,44.96,0.01,0.02,2026-10-06 05:42
SORA,아시아스트래티지,주식,NASDAQ,2.11,-0.12,-5.38,2026-10-06 05:42
SORN,소렌 애퀴지션,주식,NASDAQ,10.04,0.00,0.00,2026-10-06 05:42
SORNU,Soren Acquisition Units,주식,NASDAQ,10.20,0.00,0.00,2026-10-06 05:42
SOS,에스오에스,주식,NYSE,0.32,0.01,1.79,2026-10-06 05:42
SOTK,소노-테크,주식,NASDAQ,6.81,0.61,9.84,2026-10-06 05:42
SOUL,소울파워 애퀴지션,주식,NYSE,10.49,0.00,0.00,2026-10-06 05:42
SOUL.U,Soulpower Acquisition Units,주식,NYSE,10.69,0.00,0.00,2026-10-06 05:42
SOUN,사운드하운드 AI,주식,NASDAQ,5.88,0.04,0.68,2026-10-06 05:42
SOUX,Defiance Daily Target 2X Long SOUN ETF,ETF,NASDAQ,7.90,0.15,1.97,2026-10-06 05:42
SOVF,Sovereign's Capital Flourish Fund,ETF,AMEX,30.37,0.26,0.85,2026-10-06 05:42
SOWG,소우 굿,주식,NASDAQ,2.40,0.12,5.26,2026-10-06 05:42
SOXL,Direxion Daily Semiconductor Bull 3X ETF,ETF,AMEX,164.27,0.56,0.34,2026-10-06 05:42
SOXQ,Invesco PHLX Semiconductor ETF,ETF,NASDAQ,103.71,0.30,0.29,2026-10-06 05:42
SOXS,Direxion Daily Semiconductor Bear 3X ETF,ETF,AMEX,29.62,-0.09,-0.30,2026-10-06 05:42
SOXX,iShares Semiconductor ETF,ETF,NASDAQ,589.51,0.61,0.10,2026-10-06 05:42
SOXY,YieldMax Target 12 Semiconductor Option Inc ETF,ETF,AMEX,100.21,0.17,0.17,2026-10-06 05:42
SOYB,Teucrium Soybean Fund,ETF,AMEX,27.32,0.10,0.37,2026-10-06 05:42
SPAB,State Street SPDR Portfolio Aggregate Bond ETF,ETF,AMEX,24.25,-0.03,-0.12,2026-10-06 05:42
SPAI,세이프 프로 그룹,주식,NASDAQ,4.38,-0.04,-0.91,2026-10-06 05:42
SPAL,Graniteshares 2x Long SpaceX Daily ETF,ETF,AMEX,21.72,2.83,14.98,2026-10-06 05:42
SPAM,Themes Cybersecurity ETF,ETF,NASDAQ,48.20,0.43,0.90,2026-10-06 05:42
SPAQ,Horizon Kinetics SPAC Active ETF,ETF,NASDAQ,93.15,-0.03,-0.03,2026-10-06 05:42
SPAX,T REX 2X Long SPCX Daily Target ETF,ETF,AMEX,12.99,1.72,15.26,2026-10-06 05:42
SPB,스펙트럼 브랜즈 홀딩스,주식,NYSE,75.99,-2.33,-2.98,2026-10-06 05:42
SPBC,Simplify US Equity Plus Bitcoin Strategy ETF,ETF,NASDAQ,51.03,0.47,0.92,2026-10-06 05:42
SPBO,State Street SPDR Portfolio Corporate Bond ETF,ETF,AMEX,27.42,0.01,0.04,2026-10-06 05:42
SPBU,AllianzIM Buffer15 Uncapped Allocation ETF,ETF,AMEX,30.88,0.14,0.45,2026-10-06 05:42
SPBW,AllianzIM Buffer20 Allocation ETF,ETF,AMEX,29.53,0.10,0.35,2026-10-06 05:42
SPBX,AllianzIM 6 Month Buffer10 Allocation ETF,ETF,AMEX,30.07,0.09,0.29,2026-10-06 05:42
SPCB,슈퍼컴,주식,NASDAQ,9.15,-0.26,-2.76,2026-10-06 05:42
SPCE,버진 갤럭틱 홀딩스,주식,NYSE,3.05,0.02,0.66,2026-10-06 05:42
SPCF,ProShares Ultra SpaceX,ETF,AMEX,21.21,2.81,15.27,2026-10-06 05:42
SPCG,Tradr 2X Short SpaceX Daily ETF,ETF,AMEX,11.35,-2.04,-15.21,2026-10-06 05:42
SPCH,Leverage Shares 2X Long SPCX Daily ETF,ETF,AMEX,12.74,1.66,14.98,2026-10-06 05:42
SPCI,Tuttle Capital Space Industry Income Blast ETF,ETF,AMEX,19.80,-0.36,-1.79,2026-10-06 05:42
SPCK,SPAC and New Issue ETF,ETF,NASDAQ,21.70,-0.01,-0.02,2026-10-06 05:42
SPCL,Defiance Daily 2X Space ETF,ETF,AMEX,23.99,0.87,3.76,2026-10-06 05:42
SPCM,Tradr 2X Long SpaceX Daily ETF,ETF,AMEX,22.16,2.94,15.30,2026-10-06 05:42
SPCQ,Defiance Daily Target 2X Short SPCX ETF,ETF,AMEX,8.06,-1.40,-14.76,2026-10-06 05:42
SPCT,Liberty One Spectrum ETF,ETF,NASDAQ,26.74,0.08,0.30,2026-10-06 05:42
SPCU,Defiance Daily Target 2X Long SPCX ETF,ETF,AMEX,17.00,2.29,15.57,2026-10-06 05:42
SPCX,스페이스X,주식,NASDAQ,171.09,12.13,7.63,2026-10-06 05:42
SPD,Simplify US Equity Plus Downside Convexity ETF,ETF,AMEX,42.23,0.30,0.72,2026-10-06 05:42
SPDF,Defender Risk Adaptive 500 ETF,ETF,AMEX,28.46,0.23,0.82,2026-10-06 05:42
SPDG,State Street SPDR Portfolio S&P Sctr Neutrl Dv ETF,ETF,AMEX,45.23,-0.14,-0.31,2026-10-06 05:42
SPDN,Direxion Daily S&P 500 Bear 1X ETF,ETF,AMEX,8.36,-0.06,-0.71,2026-10-06 05:42
SPDV,Aam S&P 500 High Dividend Value ETF,ETF,AMEX,38.89,-0.06,-0.15,2026-10-06 05:42
SPDW,State Street SPDR Portfolio Devt World ex-US ETF,ETF,AMEX,50.56,0.03,0.06,2026-10-06 05:42
SPE,Special Opportunities Fund，Inc.,주식,NYSE,12.60,-0.05,-0.40,2026-10-06 05:42
SPEG,실버 페가수스 애퀴지션,주식,NASDAQ,10.40,-0.02,-0.19,2026-10-06 05:42
SPEGR,Silver Pegasus Acquisition Rights Exp 26 Jun 2030,주식,NASDAQ,0.17,0.03,18.81,2026-10-06 05:42
SPEGU,Silver Pegasus Acquisition Units,주식,NASDAQ,10.48,0.00,0.00,2026-10-06 05:42
SPEM,State Street SPDR Portfolio Emerging Markets ETF,ETF,AMEX,52.82,0.91,1.75,2026-10-06 05:42
SPEU,State Street SPDR Portfolio Europe ETF,ETF,AMEX,53.30,-0.12,-0.23,2026-10-06 05:42
SPFF,Global X SuperIncome Preferred Etf,ETF,AMEX,9.05,-0.05,-0.55,2026-10-06 05:42
SPFI,사우스 플레인 파이낸셜,주식,NASDAQ,42.73,-0.29,-0.67,2026-10-06 05:42
SPG,사이먼 프로퍼티 그룹,주식,NYSE,201.40,0.45,0.22,2026-10-06 05:42
SPGI,S&P 글로벌,주식,NYSE,390.92,4.65,1.20,2026-10-06 05:42
SPGM,State Street SPDR Portfolio MSCI Global Sk Mkt ETF,ETF,AMEX,87.74,0.47,0.54,2026-10-06 05:42
SPGP,Invesco S and P 500 GARP ETF,ETF,AMEX,120.62,1.27,1.06,2026-10-06 05:42
SPH,Suburban Propane Partners Common Units,주식,NYSE,16.77,0.10,0.60,2026-10-06 05:42
SPHB,Invesco S&P 500 High Beta ETF,ETF,AMEX,155.57,0.69,0.45,2026-10-06 05:42
SPHD,Invesco S&P 500 High Div Low Volatility ETF,ETF,AMEX,48.14,-0.02,-0.04,2026-10-06 05:42
SPHL,스프링뷰 홀딩스,주식,NASDAQ,2.45,0.10,4.26,2026-10-06 05:42
SPHQ,Invesco S&P 500 Quality ETF,ETF,AMEX,85.54,0.68,0.80,2026-10-06 05:42
SPHR,스피어 엔터테인먼트,주식,NYSE,110.80,-17.45,-13.61,2026-10-06 05:42
SPHY,State Street SPDR Portfolio High Yield Bond ETF,ETF,AMEX,22.50,0.02,0.09,2026-10-06 05:42
SPIB,State Street SPDR Portfolio Int Term Corp Bd ETF,ETF,AMEX,32.19,0.01,0.03,2026-10-06 05:42
SPIN,State Street SPDR SSGA US Eqty Prem Inc ETF,ETF,AMEX,33.85,0.24,0.71,2026-10-06 05:42
SPIP,State Street SPDR Portfolio TIPS ETF,ETF,AMEX,24.34,-0.03,-0.12,2026-10-06 05:42
SPIR,스파이어 글로벌,주식,NYSE,10.89,-0.22,-1.98,2026-10-06 05:42
SPIT,F M Emerald Special Situations ETF,ETF,NASDAQ,31.21,0.18,0.59,2026-10-06 05:42
SPKL,스파크 I 애퀴지션,주식,NASDAQ,11.56,-0.02,-0.17,2026-10-06 05:42
SPKLU,Spark I Acquisition Units,주식,NASDAQ,11.91,-0.51,-4.11,2026-10-06 05:42
SPLB,State Street SPDR Portfolio Long Term Corp Bd ETF,ETF,AMEX,20.27,-0.03,-0.15,2026-10-06 05:42
SPLS,PIMCO US Stocks PLUS Active Bond ETF,ETF,AMEX,55.92,0.36,0.64,2026-10-06 05:42
SPLV,Invesco S&P 500 Low Volatility ETF,ETF,AMEX,71.09,0.20,0.28,2026-10-06 05:42
SPMA,사운드 포인트 머리디어 캐피털 우선주 Seires A 8%,주식,NYSE,24.95,-0.03,-0.11,2026-10-06 05:42
SPMB,State Street SPDR Portfolio Mortgage Backed Bd ETF,ETF,AMEX,21.00,-0.05,-0.24,2026-10-06 05:42
SPMC,사운드 포인트 머리디언 캐피털,주식,NYSE,8.25,-0.19,-2.25,2026-10-06 05:42
SPMD,State Street SPDR Portfolio S&P 400 Mid Cap ETF,ETF,AMEX,64.55,0.25,0.39,2026-10-06 05:42
SPME,사운드 포인트 메리디언 캐피털 우선주 Series B 7.875%,주식,NYSE,24.71,-0.10,-0.40,2026-10-06 05:42
SPMO,Invesco S&P 500 Momentum ETF,ETF,AMEX,153.16,-0.07,-0.05,2026-10-06 05:42
SPNT,시리우스포인트,주식,NYSE,24.50,0.08,0.33,2026-10-06 05:42
SPOG,Leverage Shares 2X Long SPOT Daily ETF,ETF,NASDAQ,6.43,0.28,4.48,2026-10-06 05:42
SPOK,스폭 홀딩스,주식,NASDAQ,10.97,0.08,0.73,2026-10-06 05:42
SPOT,스포티파이 테크놀러지,주식,NYSE,483.05,10.16,2.15,2026-10-06 05:42
SPPL,심플,주식,NASDAQ,2.02,-0.04,-1.70,2026-10-06 05:42
SPPP,Sprott Physical Platinum and Palladium Trust,ETF,AMEX,13.38,0.07,0.53,2026-10-06 05:42
SPRB,스프루스 바이오사이언시스,주식,NASDAQ,45.42,-0.29,-0.63,2026-10-06 05:42
SPRC,사이스파크,주식,NASDAQ,4.36,-0.36,-7.63,2026-10-06 05:42
SPRE,SP Funds S&P Global REIT Sharia ETF,ETF,AMEX,18.63,-0.04,-0.21,2026-10-06 05:42
SPRO,스페로 테라퓨틱스,주식,NASDAQ,1.16,-0.03,-2.52,2026-10-06 05:42
SPRU,스프러스 파워 홀딩,주식,NYSE,1.56,-0.02,-1.27,2026-10-06 05:42
SPRX,Spear Alpha ETF,ETF,NASDAQ,51.26,0.18,0.35,2026-10-06 05:42
SPRY,ARS 파마슈티컬스,주식,NASDAQ,4.29,0.22,5.41,2026-10-06 05:42
SPSB,State Street SPDR Portfolio Short Trm Corp Bd ETF,ETF,AMEX,29.54,0.02,0.07,2026-10-06 05:42
SPSC,SPS 커머스,주식,NASDAQ,80.46,-1.89,-2.30,2026-10-06 05:42
SPSK,SP Funds Dow Jones Global Sukuk ETF,ETF,AMEX,17.39,0.02,0.12,2026-10-06 05:42
SPSM,State Street SPDR Portfolio S&P 600 Small Cap ETF,ETF,AMEX,54.05,0.21,0.39,2026-10-06 05:42
SPT,스프라웃 소셜,주식,NASDAQ,10.19,0.10,0.99,2026-10-06 05:42
SPTB,State Street SPDR Portfolio Treasury,ETF,AMEX,28.71,-0.03,-0.09,2026-10-06 05:42
SPTE,SP Funds S&P Global Technology ETF,ETF,AMEX,51.87,0.47,0.91,2026-10-06 05:42
SPTI,State Street SPDR Portfolio Int Term Treasury ETF,ETF,AMEX,27.20,0.00,0.00,2026-10-06 05:42
SPTL,State Street SPDR Portfolio Long Term Treasury ETF,ETF,AMEX,23.64,-0.11,-0.46,2026-10-06 05:42
SPTM,State Street SPDR Prft S&P 1500 Comp Stk Mkt ETF,ETF,AMEX,93.61,0.59,0.63,2026-10-06 05:42
SPTS,State Street SPDR Portfolio Short Trm Treasury ETF,ETF,AMEX,28.62,0.00,0.00,2026-10-06 05:42
SPTU,State Street SPDR Portfolio Ultra Short T Bill ETF,ETF,AMEX,25.02,0.01,0.02,2026-10-06 05:42
SPTX,시포트 테라퓨틱스,주식,NASDAQ,18.50,0.08,0.43,2026-10-06 05:42
SPUC,Simplify US Equity Income ETF,ETF,AMEX,49.32,0.25,0.51,2026-10-06 05:42
SPUS,SP Funds S&P 500 Sharia Industry Exclusions ETF,ETF,AMEX,60.81,0.48,0.80,2026-10-06 05:42
SPUT,Innovator Equity Premium Income - Daily PW ETF,ETF,AMEX,28.82,0.10,0.34,2026-10-06 05:42
SPUU,Direxion Daily S&P 500 Bull 2X ETF,ETF,AMEX,228.99,3.04,1.35,2026-10-06 05:42
SPVM,Invesco S and P 500 Value with Momentum ETF,ETF,AMEX,73.50,0.25,0.34,2026-10-06 05:42
SPWH,스포츠맨스 웨어하우스 홀딩스,주식,NASDAQ,1.16,0.03,2.65,2026-10-06 05:42
SPWO,SP Funds S&P World (ex-US) ETF,ETF,AMEX,34.62,0.36,1.05,2026-10-06 05:42
SPWR,선파워,주식,NASDAQ,0.31,0.01,3.77,2026-10-06 05:42
SPXC,SPX 테크놀로지스,주식,NYSE,176.80,3.71,2.14,2026-10-06 05:42
SPXD,Xtrackers S&P 500 Diversified Sector Weight ETF,ETF,NASDAQ,28.79,0.10,0.35,2026-10-06 05:42
SPXE,ProShares S&P 500 Ex-Energy ETF,ETF,AMEX,83.24,0.51,0.62,2026-10-06 05:42
SPXL,Direxion Daily S&P 500 Bull 3X ETF,ETF,AMEX,294.56,5.91,2.05,2026-10-06 05:42
SPXN,ProShares S&P 500 Ex-Financials ETF,ETF,AMEX,85.79,0.54,0.63,2026-10-06 05:42
SPXS,Direxion Daily S&P 500 Bear 3X ETF,ETF,AMEX,23.64,-0.48,-1.99,2026-10-06 05:42
SPXT,ProShares S&P 500 Ex-Technology ETF,ETF,AMEX,108.19,0.78,0.73,2026-10-06 05:42
SPXU,ProShares UltraPro Short S&P500,ETF,AMEX,33.21,-0.70,-2.06,2026-10-06 05:42
SPXV,ProShares S&P 500 Ex-Health Care ETF,ETF,AMEX,84.98,0.53,0.62,2026-10-06 05:42
SPXX,Nuveen S&P 500 Dynamic Overwrite Closed End Fund,주식,NYSE,18.67,-0.07,-0.37,2026-10-06 05:42
SPY,State Street SPDR S&P 500 ETF Trust,ETF,AMEX,774.83,5.19,0.67,2026-10-06 05:42
SPYA,Twin Oak Endure ETF,ETF,AMEX,30.94,0.17,0.56,2026-10-06 05:42
SPYC,Simplify US Equity Plus Convexity ETF,ETF,AMEX,46.48,0.46,0.99,2026-10-06 05:42
SPYD,State Street SPDR Portfolio S&P 500 High Dvd ETF,ETF,AMEX,45.40,0.01,0.02,2026-10-06 05:42
SPYG,State Street SPDR Portfolio S&P 500 Growth ETF,ETF,AMEX,125.74,1.12,0.90,2026-10-06 05:42
SPYH,NEOS S&P 500 Hedged Equity Income ETF,ETF,AMEX,56.72,0.26,0.45,2026-10-06 05:42
SPYI,NEOS S&P 500 High Income ETF,ETF,AMEX,53.87,0.27,0.50,2026-10-06 05:42
SPYM,State Street SPDR Portfolio S&P 500 ETF,ETF,AMEX,91.22,0.62,0.68,2026-10-06 05:42
SPYQ,Tradr 2X Long SPY Quarterly ETF,ETF,NASDAQ,197.72,2.41,1.23,2026-10-06 05:42
SPYT,Defiance S&P 500 Target Income ETF,ETF,AMEX,17.10,0.09,0.53,2026-10-06 05:42
SPYU,MAX S P 500 4X Leveraged ETN,ETF,AMEX,35.61,0.93,2.68,2026-10-06 05:42
SPYV,State Street SPDR Portfolio S&P 500 Value ETF,ETF,AMEX,61.74,0.26,0.42,2026-10-06 05:42
SPYX,State Street SPDR S&P 500 Fssl Fuel Rsrvs Free ETF,ETF,AMEX,63.46,0.43,0.68,2026-10-06 05:42
SQBA,FT Vest U.S. Equity Quarterly 15 Buffer ETF,ETF,AMEX,30.90,0.06,0.18,2026-10-06 05:42
SQFT,프레시디오 프로퍼티 트러스트,주식,NASDAQ,1.13,-0.05,-4.24,2026-10-06 05:42
SQFTP,프레지디오 프로퍼티 트러스트 우선주 시리즈 D 9.375%,주식,NASDAQ,6.43,0.18,2.80,2026-10-06 05:42
SQLT,iShares MSCI USA Small-Cap Quality Factor ETF,ETF,AMEX,28.10,0.11,0.40,2026-10-06 05:42
SQLV,Royce Quant Small-Cap Quality Value ETF,ETF,NASDAQ,51.72,0.33,0.64,2026-10-06 05:42
SQM,소시에다드 퀴미카 B ADR,주식,NYSE,65.83,1.31,2.03,2026-10-06 05:42
SQMX,FT Vest US Equity Quarterly Max Buffer ETF,ETF,AMEX,34.99,0.07,0.19,2026-10-06 05:42
SQNS,시퀀스 커뮤니케이션즈 ADR,주식,NYSE,2.74,-0.06,-2.14,2026-10-06 05:42
SQQQ,ProShares UltraPro Short QQQ,ETF,NASDAQ,32.25,-0.87,-2.63,2026-10-06 05:42
SQS,Sapient Quality Select ETF,ETF,NASDAQ,28.45,0.20,0.69,2026-10-06 05:42
SR,스파이어,주식,NYSE,77.41,-0.13,-0.17,2026-10-06 05:42
SRAD,스포츠레이더 그룹,주식,NASDAQ,12.08,0.32,2.72,2026-10-06 05:42
SRBK,SR 뱅코프,주식,NASDAQ,18.56,0.06,0.32,2026-10-06 05:42
SRCE,퍼스트 소스,주식,NASDAQ,86.26,-0.59,-0.68,2026-10-06 05:42
SRE,셈프라 에너지,주식,NYSE,78.16,-0.22,-0.28,2026-10-06 05:42
SREA,Sempra 5 750 Junior Subordinated Notes due 2079,주식,NYSE,18.94,-0.06,-0.32,2026-10-06 05:42
SRET,Global X SuperDividend REIT ETF,ETF,NASDAQ,19.38,-0.18,-0.89,2026-10-06 05:42
SRFM,서프 에어 모빌리티,주식,NYSE,0.89,-0.08,-8.37,2026-10-06 05:42
SRG,세리티지 그로스 프로퍼티스,주식,NYSE,1.75,-0.06,-3.31,2026-10-06 05:42
SRHQ,SRH US Quality GARP ETF,ETF,AMEX,47.35,0.53,1.14,2026-10-06 05:42
SRHR,SRH REIT Covered Call ETF,ETF,AMEX,54.02,-0.32,-0.58,2026-10-06 05:42
SRI,스톤리지,주식,NYSE,6.53,-0.19,-2.83,2026-10-06 05:42
SRJN,Spire 6 375 Junior Subordinated Notes Due 2086,주식,NYSE,21.33,0.02,0.09,2026-10-06 05:42
SRL,스컬리 로열티,주식,NYSE,5.08,0.08,1.60,2026-10-06 05:42
SRLN,State Street SPDR Blackstone Senior Loan ETF,ETF,AMEX,40.22,-0.01,-0.02,2026-10-06 05:42
SROI,Calamos Antetokounmpo Global Sustainable Eq ETF,ETF,AMEX,37.77,0.20,0.54,2026-10-06 05:42
SRPT,사렙타 테라퓨틱스,주식,NASDAQ,17.49,-0.01,-0.06,2026-10-06 05:42
SRRK,스칼러 락 홀딩,주식,NASDAQ,43.40,-3.41,-7.28,2026-10-06 05:42
SRS,ProShares UltraShort Real Estate ETF,ETF,AMEX,46.71,0.31,0.67,2026-10-06 05:42
SRTA,스트라타 크리티컬 메디컬,주식,NASDAQ,4.81,0.08,1.69,2026-10-06 05:42
SRTS,센서스 헬스케어,주식,NASDAQ,2.92,-0.06,-2.01,2026-10-06 05:42
SRTY,ProShares UltraPro Short Russell2000,ETF,AMEX,25.27,-0.53,-2.05,2026-10-06 05:42
SRV,NXG Cushing Midstream Energy Closed End Fund,주식,NYSE,43.34,0.97,2.29,2026-10-06 05:42
SRVR,Pacer Data & Infrastructure RE,ETF,AMEX,28.41,0.13,0.46,2026-10-06 05:42
SRXH,SRx 글로벌,주식,AMEX,1.49,-0.12,-7.45,2026-10-06 05:42
SRZN,서로젠,주식,NASDAQ,29.13,-0.19,-0.65,2026-10-06 05:42
SSAC,스팩스피어 애퀴지션,주식,NASDAQ,10.14,0.00,0.00,2026-10-06 05:42
SSACR,SPACSphere Acquisition Rights,주식,NASDAQ,0.18,0.00,0.00,2026-10-06 05:42
SSACU,SPACSphere Acquisition Units,주식,NASDAQ,10.31,0.00,0.00,2026-10-06 05:42
SSB,사우스스테이트 뱅크,주식,NYSE,101.13,-0.78,-0.77,2026-10-06 05:42
SSBI,서밋 스테이트 뱅크,주식,NASDAQ,12.21,0.03,0.21,2026-10-06 05:42
SSCP,Smart Small Cap ETF,ETF,AMEX,26.42,0.20,0.77,2026-10-06 05:42
SSD,심슨 매뉴팩처링,주식,NYSE,172.77,-0.79,-0.46,2026-10-06 05:42
SSEA,스태리 씨 애퀴지션,주식,NASDAQ,10.37,0.00,0.00,2026-10-06 05:42
SSEAR,Starry Sea Acquisition Rights Exp 07th Jul 2030,주식,NASDAQ,0.14,0.09,158.30,2026-10-06 05:42
SSEAU,Starry Sea Acquisition Units,주식,NASDAQ,10.43,0.00,0.00,2026-10-06 05:42
SSFI,Day Hagan Smart Sector Fixed Income ETF,ETF,AMEX,20.24,-0.01,-0.03,2026-10-06 05:42
SSG,ProShares UltraShort Semiconductors ETF,ETF,AMEX,9.73,-0.21,-2.11,2026-10-06 05:42
SSII,SS 이노베이션스 인터내셔널,주식,NASDAQ,2.77,0.10,3.75,2026-10-06 05:42
SSK,REX Osprey SOL Staking ETF,ETF,AMEX,16.17,0.22,1.38,2026-10-06 05:42
SSL,사솔 ADR,주식,NYSE,14.05,0.11,0.79,2026-10-06 05:42
SSM,소노 그룹,주식,NASDAQ,1.59,-1.05,-39.66,2026-10-06 05:42
SSMG,Virtus Silvant Small/Mid Growth ETF,ETF,AMEX,26.15,0.15,0.58,2026-10-06 05:42
SSMR,선샤인 실버 마이닝 앤 리파이닝,주식,NYSE,15.23,-0.15,-0.98,2026-10-06 05:42
SSNC,SS&C 테크놀로지스 홀딩스,주식,NASDAQ,79.08,0.55,0.70,2026-10-06 05:42
SSO,ProShares Ultra S&P500,ETF,AMEX,71.53,0.95,1.35,2026-10-06 05:42
SSP,E W 스크립스,주식,NASDAQ,2.72,-0.02,-0.73,2026-10-06 05:42
SSPC,Leverage Shares 2X Short SPCX Daily ETF,ETF,AMEX,6.65,-1.17,-14.96,2026-10-06 05:42
SSPY,Stratified LargeCap Index ETF,ETF,AMEX,97.27,0.51,0.53,2026-10-06 05:42
SSRM,SSR 마이닝,주식,NASDAQ,33.91,0.64,1.92,2026-10-06 05:42
SSS,Cyber Hornet S&P 500 and Solana 75/25 Strategy ETF,ETF,NASDAQ,23.71,0.14,0.61,2026-10-06 05:42
SST,시스템원,주식,NYSE,2.30,-0.14,-5.74,2026-10-06 05:42
SSTI,샷스포터,주식,NASDAQ,8.32,-0.01,-0.12,2026-10-06 05:42
SSTK,셔터스톡,주식,NYSE,4.01,0.20,5.25,2026-10-06 05:42
SSUS,Day Hagan Smart Sector ETF,ETF,AMEX,56.89,0.32,0.57,2026-10-06 05:42
SSXU,Day Hagan Smart Sector International ETF,ETF,AMEX,35.87,0.17,0.48,2026-10-06 05:42
SSYS,스트라타시스,주식,NASDAQ,8.58,-0.12,-1.38,2026-10-06 05:42
ST,센사타 테크놀로지스 홀딩,주식,NYSE,43.17,-0.34,-0.78,2026-10-06 05:42
STAA,스타 서지컬,주식,NASDAQ,22.57,0.10,0.45,2026-10-06 05:42
STAG,스태그 인더스트리얼,주식,NYSE,36.05,0.00,0.00,2026-10-06 05:42
STAK,스탁,주식,NASDAQ,1.05,-0.05,-4.55,2026-10-06 05:42
STAX,Nomura Tax-Free USA Short Term ETF,ETF,AMEX,24.81,-0.01,-0.02,2026-10-06 05:42
STBA,S&T 뱅코프,주식,NASDAQ,49.23,-0.41,-0.83,2026-10-06 05:42
STBF,Performance Trust Short Term Bond ETF,ETF,AMEX,24.88,0.00,0.00,2026-10-06 05:42
STBQ,Amplify Stablecoin Technology Leaders ETF,ETF,AMEX,23.76,0.43,1.86,2026-10-06 05:42
STC,스튜어트 인포메이션 서비스,주식,NYSE,50.83,-0.72,-1.40,2026-10-06 05:42
STCE,Schwab Crypto Thematic Natural Lang Prcssng ETF,ETF,AMEX,65.87,-0.22,-0.33,2026-10-06 05:42
STDN,스탠다드 뉴클리어,주식,NYSE,13.01,0.49,3.91,2026-10-06 05:42
STE,스테리스,주식,NYSE,211.07,2.53,1.21,2026-10-06 05:42
STEM,스템,주식,NYSE,4.25,-0.01,-0.23,2026-10-06 05:42
STEN,iShares Large Cap 10% Target Buffer Sep ETF,ETF,AMEX,28.65,0.09,0.33,2026-10-06 05:42
STEP,스텝스톤 그룹,주식,NASDAQ,46.08,0.81,1.79,2026-10-06 05:42
STEW,SRH Total Return Fund，Inc,주식,NYSE,17.57,0.00,0.00,2026-10-06 05:42
STEX,스트리멕스,주식,NASDAQ,0.59,-0.02,-3.23,2026-10-06 05:42
STFS,스타 패션 컬처 홀딩스,주식,NASDAQ,3.84,0.19,5.21,2026-10-06 05:42
STG,선랜드 테크놀러지 그룹 ADR,주식,NYSE,2.78,-0.07,-2.46,2026-10-06 05:42
STGW,스태그웰,주식,NASDAQ,8.53,0.17,2.03,2026-10-06 05:42
STHH,STMicroelectronics NV ADRhedged,ETF,AMEX,11.85,0.13,1.10,2026-10-06 05:42
STHO,스타 홀딩스,주식,NASDAQ,8.77,0.29,3.42,2026-10-06 05:42
STI,솔리디온 테크놀로지,주식,NASDAQ,5.43,0.12,2.26,2026-10-06 05:42
STIM,뉴로네틱스,주식,NASDAQ,2.20,0.04,1.85,2026-10-06 05:42
STIP,iShares 0-5 Year TIPS Bond ETF,ETF,AMEX,99.95,0.03,0.03,2026-10-06 05:42
STK,Columbia Seligman Premium Technology Growth Fund,주식,NYSE,55.29,0.24,0.44,2026-10-06 05:42
STKE,솔 스트래티지스,주식,NASDAQ,1.71,0.00,0.00,2026-10-06 05:42
STKH,스테이크홀더 푸즈 ADR,주식,NASDAQ,0.66,0.01,2.22,2026-10-06 05:42
STKS,원 그룹 호스피탤리티,주식,NASDAQ,1.54,-0.02,-1.28,2026-10-06 05:42
STLA,스텔란티스,주식,NYSE,4.49,0.09,2.05,2026-10-06 05:42
STLD,스틸 다이내믹스,주식,NASDAQ,241.04,9.05,3.90,2026-10-06 05:42
STLL,Leverage Shares 2X Long STRL Daily ETF,ETF,AMEX,13.69,-0.59,-4.10,2026-10-06 05:42
STLN,스타링 온콜로지,주식,NASDAQ,6.30,-0.05,-0.79,2026-10-06 05:42
STLR,Stellar ETF,ETF,AMEX,24.37,-0.16,-0.65,2026-10-06 05:42
STLU,2X Stellar ETF,ETF,AMEX,21.20,-0.07,-0.33,2026-10-06 05:42
STM,ST 마이크로 일렉트로닉스 ADR,주식,NYSE,57.68,0.42,0.73,2026-10-06 05:42
STMX,Leverage Shares 2X Long STM Daily ETF,ETF,AMEX,17.53,0.25,1.43,2026-10-06 05:42
STN,스탠텍,주식,NYSE,66.86,-0.59,-0.87,2026-10-06 05:42
STNC,Hennessy Sustainable ETF,ETF,NASDAQ,35.99,0.07,0.19,2026-10-06 05:42
STNE,스톤코,주식,NASDAQ,11.54,1.99,20.84,2026-10-06 05:42
STNG,스콜피오 탱커스,주식,NYSE,86.41,0.18,0.21,2026-10-06 05:42
STOK,스토케 테라퓨틱스,주식,NASDAQ,25.32,-0.30,-1.17,2026-10-06 05:42
STOT,State Street SPDR DoubleLine Sh Dur Tot Rt Tct ETF,ETF,AMEX,46.16,0.04,0.09,2026-10-06 05:42
STOX,Horizon Core Equity,ETF,AMEX,32.39,0.19,0.58,2026-10-06 05:42
STPZ,PIMCO 1-5 Year US TIPS Index Exchange-Traded Fund,ETF,AMEX,51.96,0.03,0.05,2026-10-06 05:42
STRA,스트래티직 에듀케이션,주식,NASDAQ,79.28,-0.44,-0.55,2026-10-06 05:42
STRC,스트래티지 우선주 Series A,주식,NASDAQ,99.48,0.07,0.07,2026-10-06 05:42
STRD,스트래티지 우선주 Series A 10.00%,주식,NASDAQ,73.65,0.27,0.37,2026-10-06 05:42
STRF,스트래티지 우선주 Series A 10.00%,주식,NASDAQ,103.40,0.00,0.00,2026-10-06 05:42
STRK,스트래티지 우선주 Series A 8.00%,주식,NASDAQ,76.85,0.60,0.79,2026-10-06 05:42
STRL,스털링 인프라스트럭처,주식,NASDAQ,523.33,-10.09,-1.89,2026-10-06 05:42
STRN,SMART Trend 25 ETF,ETF,AMEX,27.40,0.13,0.46,2026-10-06 05:42
STRO,수트로 바이오파머,주식,NASDAQ,15.13,-0.22,-1.43,2026-10-06 05:42
STRR,스타 에퀴티 홀딩스,주식,NASDAQ,9.80,0.04,0.41,2026-10-06 05:42
STRRP,스타 에퀴티 홀딩스 우선주 Series A 10%,주식,NASDAQ,9.31,0.02,0.22,2026-10-06 05:42
STRT,스트라텍 시큐리티,주식,NASDAQ,65.92,0.12,0.18,2026-10-06 05:42
STRW,스트로베리 필즈 리츠,주식,AMEX,12.97,-0.53,-3.93,2026-10-06 05:42
STRZ,스타즈 엔터테인먼트,주식,NASDAQ,23.03,-0.22,-0.95,2026-10-06 05:42
STSM,Defiance Daily Target 2X Short TSM ETF,ETF,AMEX,25.90,-1.31,-4.81,2026-10-06 05:42
STT,스테이트 스트리트,주식,NYSE,176.37,0.41,0.23,2026-10-06 05:42
STTK,섀턱 랩,주식,NASDAQ,6.50,-0.23,-3.42,2026-10-06 05:42
STUB,스텁허브 홀딩스,주식,NYSE,5.53,0.12,2.22,2026-10-06 05:42
STVN,스테바나토 그룹,주식,NYSE,20.05,-0.15,-0.74,2026-10-06 05:42
STWD,스타우드 프로퍼티 트러스트,주식,NYSE,12.98,-0.07,-0.54,2026-10-06 05:42
STX,씨게이트,주식,NASDAQ,887.09,38.10,4.49,2026-10-06 05:42
STXD,Strive 1000 Dividend Growth ETF,ETF,NYSE,39.22,0.24,0.62,2026-10-06 05:42
STXE,Strive Emerging Markets Ex-China ETF,ETF,NYSE,51.99,1.31,2.58,2026-10-06 05:42
STXF,Strive 500 ETF,ETF,NYSE,50.10,0.33,0.66,2026-10-06 05:42
STXG,Strive 1000 Growth ETF,ETF,NYSE,57.53,0.43,0.75,2026-10-06 05:42
STXK,Strive Small-Cap ETF,ETF,NYSE,36.65,0.19,0.51,2026-10-06 05:42
STXL,Defiance Daily Target 2X Long STX ETF,ETF,AMEX,33.11,2.75,9.06,2026-10-06 05:42
STXS,스테레오택시스,주식,AMEX,1.18,0.00,0.00,2026-10-06 05:42
STXT,Strive Total Return Bond ETF,ETF,NYSE,18.99,0.00,0.00,2026-10-06 05:42
STXU,Leverage Shares 2X Long STX Daily ETF,ETF,AMEX,12.63,1.08,9.35,2026-10-06 05:42
STXV,Strive 1000 Value ETF,ETF,NYSE,37.90,0.14,0.37,2026-10-06 05:42
STXX,Tradr 2X Long STX Daily ETF,ETF,AMEX,42.10,3.34,8.62,2026-10-06 05:42
STYL,Corgi Lifestyle Brands ETF,ETF,AMEX,24.10,0.08,0.32,2026-10-06 05:42
STZ,컨스텔레이션 브랜즈,주식,NYSE,113.31,0.44,0.39,2026-10-06 05:42
SU,선코어 에너지,주식,NYSE,68.77,-0.79,-1.14,2026-10-06 05:42
SUB,iShares Short-Term National Muni Bond ETF,ETF,AMEX,104.50,-0.04,-0.04,2026-10-06 05:42
SUGP,SU 그룹 홀딩스,주식,NASDAQ,0.40,-0.02,-3.74,2026-10-06 05:42
SUI,선 커뮤니티즈,주식,NYSE,111.84,1.09,0.98,2026-10-06 05:42
SUIG,SUI 그룹 홀딩스,주식,NASDAQ,1.68,0.04,2.44,2026-10-06 05:42
SUIL,2X Sui ETF,ETF,AMEX,14.23,1.56,12.31,2026-10-06 05:42
SUIS,Canary Staked SUIS ETF,ETF,NASDAQ,31.00,1.91,6.55,2026-10-06 05:42
SUJA,수자 라이프,주식,NASDAQ,9.43,-0.27,-2.78,2026-10-06 05:42
SUMA,SUMA 애퀴지션,주식,NASDAQ,9.95,0.00,0.00,2026-10-06 05:42
SUMAR,SUMA Acquisition Rights Exp 05th Mar 2031,주식,NASDAQ,0.24,0.00,0.00,2026-10-06 05:42
SUMAU,SUMA Acquisition Units,주식,NASDAQ,10.25,0.00,0.00,2026-10-06 05:42
SUN,Sunoco Common Units,주식,NYSE,69.89,-4.84,-6.48,2026-10-06 05:42
SUNB,선벨트 렌탈스 홀딩스,주식,NYSE,77.39,0.29,0.38,2026-10-06 05:42
SUNC,SunocoCorp Units,주식,NYSE,71.00,-4.87,-6.42,2026-10-06 05:42
SUNE,선내션 에너지,주식,NASDAQ,2.27,-0.07,-2.99,2026-10-06 05:42
SUNS,선라이즈 리얼티 트러스트,주식,NASDAQ,5.94,-0.26,-4.19,2026-10-06 05:42
SUPL,ProShares Supply Chain Logistics ETF,ETF,AMEX,44.49,-0.32,-0.73,2026-10-06 05:42
SUPN,슈퍼누스 파마슈티컬스,주식,NASDAQ,42.76,0.38,0.90,2026-10-06 05:42
SUPP,TCW Transform Supply Chain ETF,ETF,NASDAQ,81.60,0.81,1.00,2026-10-06 05:42
SUPV,그루포 수페르비엘 ADR,주식,NYSE,7.36,0.50,7.29,2026-10-06 05:42
SUPX,슈퍼X AI 테크놀로지,주식,NASDAQ,6.45,-0.20,-3.01,2026-10-06 05:42
SURE,AdvisorShares Insider Advantage ETF,ETF,AMEX,147.25,1.09,0.75,2026-10-06 05:42
SURG,서지페이즈,주식,NASDAQ,0.15,0.00,-0.96,2026-10-06 05:42
SURI,Simplify Propel Opportunities ETF,ETF,AMEX,17.26,0.20,1.20,2026-10-06 05:42
SUSA,iShares ESG Optimized MSCI USA ETF,ETF,AMEX,158.31,1.14,0.73,2026-10-06 05:42
SUSB,iShares ESG Aware 1-5 Year USD Corporate Bond ETF,ETF,NASDAQ,24.38,0.04,0.14,2026-10-06 05:42
SUSC,iShares ESG Aware USD Corporate Bond ETF,ETF,NASDAQ,21.89,0.01,0.05,2026-10-06 05:42
SUSL,iShares ESG MSCI USA Leaders ETF,ETF,NASDAQ,138.76,1.21,0.88,2026-10-06 05:42
SUZ,수자노 ADR,주식,NYSE,8.43,-0.07,-0.82,2026-10-06 05:42
SVA,시노백 바이오테크,주식,NASDAQ,6.47,0.00,0.00,2026-10-06 05:42
SVAL,iShares US Small Cap Value Factor ETF,ETF,AMEX,42.29,0.22,0.53,2026-10-06 05:42
SVAQ,실리콘밸리 애퀴지션,주식,NASDAQ,10.15,0.02,0.20,2026-10-06 05:42
SVAQU,Silicon Valley Acquisition Units,주식,NASDAQ,10.48,0.00,0.00,2026-10-06 05:42
SVC,서비스 프로퍼티스 트러스트,주식,NASDAQ,6.38,0.00,0.00,2026-10-06 05:42
SVCC,스텔라 V 캐피탈,주식,NASDAQ,10.72,0.00,0.00,2026-10-06 05:42
SVCCU,Stellar V Capital Units,주식,NASDAQ,10.86,0.00,0.00,2026-10-06 05:42
SVCO,실바코 그룹,주식,NASDAQ,8.89,-0.26,-2.84,2026-10-06 05:42
SVIA,실비아,주식,NASDAQ,4.47,0.19,4.44,2026-10-06 05:42
SVIV,스프링 밸리 애퀴지션 IV,주식,NASDAQ,10.09,0.00,0.00,2026-10-06 05:42
SVIVU,Spring Valley Acquisition IV Units,주식,NASDAQ,10.55,0.00,0.00,2026-10-06 05:42
SVIX,-1x Short VIX Futures ETF,ETF,AMEX,29.20,0.22,0.76,2026-10-06 05:42
SVM,실버코프 메탈스,주식,AMEX,10.55,-0.03,-0.28,2026-10-06 05:42
SVOL,Simplify Volatility Premium ETF,ETF,AMEX,16.45,0.03,0.18,2026-10-06 05:42
SVRA,사바라,주식,NASDAQ,4.78,-0.03,-0.62,2026-10-06 05:42
SVRE,세이버원 2014 ADR,주식,NASDAQ,1.24,-0.15,-10.79,2026-10-06 05:42
SVRN,오션팰,주식,NASDAQ,47.99,11.83,32.72,2026-10-06 05:42
SVV,세이버스 밸류 빌리지,주식,NYSE,9.19,-0.06,-0.65,2026-10-06 05:42
SVXY,ProShares Short VIX Short-Term Futures ETF,ETF,AMEX,64.52,0.41,0.64,2026-10-06 05:42
SW,스머핏 웨스트락,주식,NYSE,42.41,-0.13,-0.31,2026-10-06 05:42
SWAG,스트란앤컴퍼니,주식,NASDAQ,1.42,-0.05,-3.40,2026-10-06 05:42
SWAN,Amplify BlackSwan Growth & Treasury Core ETF,ETF,AMEX,32.19,0.14,0.43,2026-10-06 05:42
SWBI,스미스&웨슨 브랜드,주식,NASDAQ,14.70,0.06,0.41,2026-10-06 05:42
SWIM,라탐 그룹,주식,NASDAQ,6.39,-0.02,-0.31,2026-10-06 05:42
SWK,스탠리 블랙 & 데커,주식,NYSE,89.68,-1.66,-1.82,2026-10-06 05:42
SWKHL,SWK 홀딩스 선순위 채권 9.00% 만기 2027년 1월,주식,NASDAQ,25.06,0.00,0.00,2026-10-06 05:42
SWKS,스카이웍스 솔루션스,주식,NASDAQ,83.91,-1.12,-1.32,2026-10-06 05:42
SWMR,스워머,주식,NASDAQ,15.68,0.32,2.08,2026-10-06 05:42
SWP,SWP Growth & Income ETF,ETF,NASDAQ,27.44,0.12,0.44,2026-10-06 05:42
SWRD,스튜어즈,주식,NASDAQ,2.34,-0.11,-4.49,2026-10-06 05:42
SWVL,스워블 홀딩스,주식,NASDAQ,3.80,-0.07,-1.81,2026-10-06 05:42
SWX,사우스웨스트 가스 홀딩스,주식,NYSE,82.79,0.10,0.12,2026-10-06 05:42
SWZ,Total Return Securities Fund,주식,NYSE,5.76,-0.01,-0.09,2026-10-06 05:42
SXC,선코크 에너지,주식,NYSE,9.94,0.04,0.40,2026-10-06 05:42
SXI,스탠덱스 인터내셔널,주식,NYSE,289.24,0.65,0.23,2026-10-06 05:42
SXQG,ETC 6 Meridian Quality Growth ETF,ETF,AMEX,34.05,0.35,1.04,2026-10-06 05:42
SXT,센시언트 테크놀로지스,주식,NYSE,129.22,0.63,0.49,2026-10-06 05:42
SXTC,차이나 SXT 파마슈티컬스,주식,NASDAQ,2.08,-0.33,-13.69,2026-10-06 05:42
SXTP,60 디그리스 파마슈티컬스,주식,NASDAQ,1.44,0.05,3.60,2026-10-06 05:42
SY,소영 인터내셔널 ADR,주식,NASDAQ,2.74,-0.01,-0.36,2026-10-06 05:42
SYBT,스탁 야즈 뱅코프,주식,NASDAQ,77.61,-1.03,-1.31,2026-10-06 05:42
SYF,싱크로니 파이낸셜,주식,NYSE,71.88,0.11,0.15,2026-10-06 05:42
SYFI,AB Short Duration High Yield ETF,ETF,AMEX,34.82,0.06,0.17,2026-10-06 05:42
SYK,스트라이커,주식,NYSE,285.22,9.79,3.55,2026-10-06 05:42
SYLD,Cambria Shareholder Yield ETF,ETF,AMEX,81.55,0.35,0.42,2026-10-06 05:42
SYM,심보틱,주식,NASDAQ,42.87,-0.41,-0.95,2026-10-06 05:42
SYNA,시냅틱스,주식,NASDAQ,119.73,-1.37,-1.13,2026-10-06 05:42
SYNX,실링크스,주식,AMEX,0.86,-0.15,-14.37,2026-10-06 05:42
SYPR,사이프리스 솔루션스,주식,NASDAQ,1.82,0.02,1.11,2026-10-06 05:42
SYRE,스파이어 테라퓨틱스,주식,NASDAQ,92.72,-0.47,-0.50,2026-10-06 05:42
SYSB,iShares Systematic Bond ETF,ETF,AMEX,83.81,-0.07,-0.08,2026-10-06 05:42
SYY,시스코,주식,NYSE,76.38,-1.11,-1.43,2026-10-06 05:42
SYZ,Lazard US Systematic Small Cap Equity ETF,ETF,NASDAQ,29.75,0.23,0.79,2026-10-06 05:42
SZK,ProShares UltraShort Consumer Staples,ETF,AMEX,22.23,-0.23,-1.01,2026-10-06 05:42
SZZL,시즐 애퀴지션 II,주식,NASDAQ,10.49,0.01,0.05,2026-10-06 05:42
SZZLR,Sizzle Acquisition II Rights Exp 02nd April 2030,주식,NASDAQ,0.15,0.00,0.00,2026-10-06 05:42
SZZLU,Sizzle Acquisition II Units,주식,NASDAQ,10.54,0.00,0.00,2026-10-06 05:42
T,AT&T,주식,NYSE,24.24,-0.06,-0.25,2026-10-06 05:42
TABD,Transamerica Bond Active ETF,ETF,AMEX,23.83,0.01,0.04,2026-10-06 05:42
TAC,트랜스알타,주식,NYSE,12.47,0.12,0.97,2026-10-06 05:42
TACH,타이탄 애퀴지션,주식,NASDAQ,10.53,-0.01,-0.09,2026-10-06 05:42
TACHU,Titan Acquisition Units,주식,NASDAQ,10.75,0.00,0.00,2026-10-06 05:42
TACK,Fairlead Tactical Sector ETF,ETF,AMEX,31.57,0.04,0.13,2026-10-06 05:42
TACN,T Rowe Price Active Core International Equity ETF,ETF,AMEX,28.39,0.04,0.15,2026-10-06 05:42
TACO,베르토 애퀴지션,주식,NASDAQ,10.46,0.00,0.00,2026-10-06 05:42
TACOU,Berto Acquisition Units,주식,NASDAQ,10.75,0.00,0.00,2026-10-06 05:42
TACT,트랜스액트 테크놀로지스,주식,NASDAQ,4.53,-0.28,-5.82,2026-10-06 05:42
TACU,T Rowe Price Active Core US Equity ETF,ETF,AMEX,28.39,0.17,0.60,2026-10-06 05:42
TAFI,AB Tax-Aware Short Duration Municipal ETF,ETF,AMEX,24.64,0.00,0.00,2026-10-06 05:42
TAFL,AB Tax-Aware Long Municipal ETF,ETF,AMEX,23.35,0.11,0.45,2026-10-06 05:42
TAFM,AB Tax-Aware Intermediate Municipal ETF,ETF,AMEX,24.03,0.00,0.00,2026-10-06 05:42
TAGG,T Rowe Price QM US Bond ETF,ETF,AMEX,40.43,-0.04,-0.09,2026-10-06 05:42
TAGS,Teucrium Agricultural Fund,ETF,AMEX,27.68,0.32,1.17,2026-10-06 05:42
TAIL,Cambria Tail Risk ETF,ETF,AMEX,9.72,-0.05,-0.51,2026-10-06 05:42
TAJX,Corgi India 2X Daily ETF,ETF,AMEX,22.44,0.04,0.20,2026-10-06 05:42
TAK,다케다 파마슈티컬 ADR,주식,NYSE,17.81,-0.05,-0.28,2026-10-06 05:42
TAL,TAL 에듀케이션 그룹 ADR,주식,NYSE,12.31,0.25,2.07,2026-10-06 05:42
TALO,탈로스 에너지,주식,NYSE,17.01,0.23,1.37,2026-10-06 05:42
TALV,Transamerica Large Value Active ETF,ETF,AMEX,28.23,0.14,0.51,2026-10-06 05:42
TAN,Invesco Solar ETF,ETF,AMEX,43.67,-0.38,-0.86,2026-10-06 05:42
TANH,탄테크 홀딩스,주식,NASDAQ,14.02,-0.77,-5.21,2026-10-06 05:42
TAOP,타오핑,주식,NASDAQ,0.40,-0.01,-1.38,2026-10-06 05:42
TAOX,TAO 시너지스,주식,NASDAQ,4.43,0.02,0.45,2026-10-06 05:42
TAOZ,Thornburg American Opportunities Fund,ETF,NASDAQ,88.84,0.72,0.82,2026-10-06 05:42
TAP,몰슨 쿠어스 베버리지 Class B,주식,NYSE,36.52,-0.34,-0.92,2026-10-06 05:42
TAP.A,몰슨 쿠어스 베버리지 Class A,주식,NYSE,39.52,0.00,0.00,2026-10-06 05:42
TAPR,Innovator Eqty Dfined Protctn ETF 2 Y to Apr 2027,ETF,AMEX,26.87,0.01,0.02,2026-10-06 05:42
TARA,프로타라 테라퓨틱스,주식,NASDAQ,2.63,-0.07,-2.59,2026-10-06 05:42
TARK,Tradr 2X Long Innovation ETF,ETF,NASDAQ,59.57,3.77,6.75,2026-10-06 05:42
TARS,타서스 파마슈티컬스,주식,NASDAQ,74.46,1.46,1.99,2026-10-06 05:42
TASK,태스크어스,주식,NASDAQ,8.08,0.02,0.25,2026-10-06 05:42
TATT,TAT 테크놀러지,주식,NASDAQ,33.10,-2.09,-5.93,2026-10-06 05:42
TAVI,타비아 애퀴지션,주식,NASDAQ,10.77,0.00,0.00,2026-10-06 05:42
TAVIR,Tavia Acquisition Rights,주식,NASDAQ,0.08,0.00,6.04,2026-10-06 05:42
TAVIU,Tavia Acquisition Units,주식,NASDAQ,10.90,0.00,0.00,2026-10-06 05:42
TAWN,MicroSectors 3x Long Taiwan ETNs,ETF,AMEX,33.98,1.44,4.42,2026-10-06 05:42
TAX,Cambria Tax Aware ETF,ETF,NASDAQ,30.86,0.12,0.40,2026-10-06 05:42
TAXE,T Rowe Price Intermediate Municipal Income ETF,ETF,NASDAQ,48.64,0.03,0.06,2026-10-06 05:42
TAXF,American Century Diversified Municipal Bond ETF,ETF,AMEX,47.82,0.05,0.10,2026-10-06 05:42
TAXI,Northern Trust Intermediate Tax-Exempt Bond ETF,ETF,NASDAQ,49.29,0.01,0.01,2026-10-06 05:42
TAXM,BondBloxx IR+M Tax-Aware ETF for Massachusetts Res,ETF,AMEX,47.38,0.03,0.05,2026-10-06 05:42
TAXS,Northern Trust Short-Term Tax-Exempt Bond ETF,ETF,NASDAQ,49.34,0.02,0.03,2026-10-06 05:42
TAXT,Northern Trust Tax-Exempt Bond ETF,ETF,NASDAQ,49.18,0.09,0.18,2026-10-06 05:42
TAXX,BondBloxx IR+M Tax-Aware Short Duration ETF,ETF,AMEX,49.79,0.00,-0.01,2026-10-06 05:42
TAYD,테일러 디바이시스,주식,NASDAQ,58.57,3.60,6.55,2026-10-06 05:42
TBB,AT and T 5 350 Global Notes Due 2066,주식,NYSE,18.87,-0.10,-0.53,2026-10-06 05:42
TBBB,BBB 푸드,주식,NYSE,53.87,1.22,2.32,2026-10-06 05:42
TBBK,뱅코프,주식,NASDAQ,48.33,-0.48,-0.98,2026-10-06 05:42
TBCH,터틀 비치,주식,NASDAQ,13.86,-0.13,-0.93,2026-10-06 05:42
TBCVU,Thunder Bridge Capital Partners V Units,주식,NASDAQ,9.92,-0.01,-0.10,2026-10-06 05:42
TBF,ProShares Short 20+ Yr Treasury,ETF,AMEX,26.98,0.14,0.52,2026-10-06 05:42
TBFC,The Brinsmere Fund - Conservative ETF,ETF,AMEX,28.89,0.06,0.22,2026-10-06 05:42
TBFG,The Brinsmere Fund - Growth ETF,ETF,AMEX,32.73,0.12,0.36,2026-10-06 05:42
TBG,TBG Dividend Focus ETF,ETF,AMEX,36.11,-0.16,-0.44,2026-10-06 05:42
TBI,트루블루,주식,NYSE,8.90,-0.28,-3.05,2026-10-06 05:42
TBIL,F/m US Treasury 3 Month Bill Fund,ETF,NASDAQ,49.88,0.01,0.01,2026-10-06 05:42
TBJL,Innovator 20+ Year Treasury Bond 9 Bffr ETF - Jul,ETF,AMEX,18.31,-0.06,-0.31,2026-10-06 05:42
TBLA,타불라,주식,NASDAQ,3.27,0.04,1.24,2026-10-06 05:42
TBLD,Thornburg Income Builder Opportunities Trust,주식,NASDAQ,19.95,-0.26,-1.29,2026-10-06 05:42
TBLL,Invesco Short Term Treasury ETF,ETF,AMEX,105.64,0.02,0.02,2026-10-06 05:42
TBLU,Tortoise Global Water ETF,ETF,NYSE,49.74,0.71,1.45,2026-10-06 05:42
TBN,탬보란 리소시스,주식,NYSE,33.90,0.25,0.74,2026-10-06 05:42
TBT,ProShares UltraShort 20+ Year Treasury,ETF,AMEX,42.94,0.40,0.94,2026-10-06 05:42
TBUX,T Rowe Price Ultra Short-Term Bond ETF,ETF,AMEX,49.66,0.04,0.08,2026-10-06 05:42
TBX,ProShares Short 7-10 Year Treasury,ETF,AMEX,29.95,0.07,0.22,2026-10-06 05:42
TBXU,Direxion Daily Biotech Top 5 Bull 2X ETF,ETF,AMEX,36.67,-0.28,-0.76,2026-10-06 05:42
TC,토큰 캣 ADR,주식,NASDAQ,1.64,-0.05,-2.96,2026-10-06 05:42
TCAF,T Rowe Price Capital Appreciation Equity ETF,ETF,AMEX,43.09,0.55,1.29,2026-10-06 05:42
TCAI,Tortoise AI Infrastructure ETF,ETF,NYSE,47.88,-0.30,-0.62,2026-10-06 05:42
TCAL,T Rowe Price Capital Appreciation Premium Inc ETF,ETF,AMEX,22.12,0.22,1.00,2026-10-06 05:42
TCAN,21Shares Canton Network ETF,ETF,NASDAQ,21.64,1.56,7.78,2026-10-06 05:42
TCBI,텍사스 캐피털 뱅크셰어스,주식,NASDAQ,93.69,-0.07,-0.07,2026-10-06 05:42
TCBIO,텍사스 캐피털 뱅크셰어스 우선주 Series B 5.75%,주식,NASDAQ,18.88,-0.03,-0.13,2026-10-06 05:42
TCBK,트라이코 뱅크셰어스,주식,NASDAQ,52.27,-0.32,-0.61,2026-10-06 05:42
TCBS,텍사스 커뮤니티 뱅크셰어,주식,NASDAQ,17.00,-0.13,-0.76,2026-10-06 05:42
TCBX,써드 코스트 뱅크셰어스,주식,NYSE,42.89,-0.47,-1.08,2026-10-06 05:42
TCGX,TCGX 애퀴지션,주식,NASDAQ,12.75,0.00,0.00,2026-10-06 05:42
TCHI,iShares MSCI China Multisector Tech ETF,ETF,NASDAQ,21.90,0.49,2.30,2026-10-06 05:42
TCHP,T Rowe Price Blue Chip Growth ETF,ETF,AMEX,52.62,0.51,0.98,2026-10-06 05:42
TCI,트랜스컨티넨탈 리얼티 인베스터,주식,NYSE,45.46,1.06,2.39,2026-10-06 05:42
TCMD,택타일 시스템 테크놀로지,주식,NASDAQ,22.47,0.37,1.67,2026-10-06 05:42
TCOM,트립닷컴 그룹 ADR,주식,NASDAQ,38.79,0.70,1.84,2026-10-06 05:42
TCPA,TransCanada PipeLines Limited 6 250 Junior Subordinated Notes due 2085,주식,NYSE,20.02,0.02,0.10,2026-10-06 05:42
TCPB,Thrivent Core Plus Bond ETF,ETF,AMEX,48.27,-0.01,-0.02,2026-10-06 05:42
TCPC,블랙록 TCP 캐피털,주식,NASDAQ,3.98,0.00,0.00,2026-10-06 05:42
TCRT,알라우노스 테라퓨틱스,주식,NASDAQ,0.80,-0.02,-3.01,2026-10-06 05:42
TCRX,T스캔 테라퓨틱스,주식,NASDAQ,0.30,-0.03,-7.86,2026-10-06 05:42
TCV,Towle Val ETF,ETF,AMEX,32.33,0.27,0.84,2026-10-06 05:42
TCX,투카우스,주식,NASDAQ,9.18,-0.21,-2.24,2026-10-06 05:42
TD,토론토 도미니언 은행,주식,NYSE,117.10,-0.78,-0.66,2026-10-06 05:42
TDAC,트랜스레이셔널 디벨롭먼트 애퀴지션,주식,NASDAQ,10.83,0.01,0.05,2026-10-06 05:42
TDACU,Translational Development Acquisition Units,주식,NASDAQ,12.11,0.00,0.00,2026-10-06 05:42
TDAQ,TappAlpha Innovation 100 Growth & Daily Income ETF,ETF,AMEX,27.89,0.25,0.90,2026-10-06 05:42
TDAX,TDAQ Lift ETF,ETF,AMEX,24.72,0.35,1.44,2026-10-06 05:42
TDAY,USA 투데이,주식,NYSE,7.43,0.38,5.39,2026-10-06 05:42
TDC,테라데이타,주식,NYSE,29.91,-0.23,-0.76,2026-10-06 05:42
TDCL,GraniteShares 2x Long TDC Daily ETF,ETF,NASDAQ,16.22,-0.20,-1.22,2026-10-06 05:42
TDEC,FT Vest Emerging Markets Buffer ETF - December,ETF,AMEX,27.55,0.14,0.50,2026-10-06 05:42
TDF,Templeton Dragon Closed Fund,주식,NYSE,9.60,0.10,1.05,2026-10-06 05:42
TDG,트랜스다임 그룹,주식,NYSE,1092.66,2.28,0.21,2026-10-06 05:42
TDI,Touchstone Dynamic International ETF,ETF,NASDAQ,47.28,0.23,0.50,2026-10-06 05:42
TDIC,드림랜드,주식,NASDAQ,2.00,-0.14,-6.54,2026-10-06 05:42
TDIV,First Trust NASDAQ Technology Dividend Index Fund,ETF,NASDAQ,115.63,0.16,0.14,2026-10-06 05:42
TDNA,T. Rowe Price Biotech ETF,ETF,NASDAQ,24.76,0.20,0.80,2026-10-06 05:42
TDOC,텔라닥 헬스,주식,NYSE,5.79,0.27,4.89,2026-10-06 05:42
TDOG,21Shares Dogecoin ETF,ETF,NASDAQ,19.21,0.80,4.33,2026-10-06 05:42
TDOT,21shares Polkadot Staking ETF,ETF,NASDAQ,14.59,0.80,5.81,2026-10-06 05:42
TDS,텔레폰 앤 데이터 시스템즈,주식,NYSE,35.11,-0.28,-0.79,2026-10-06 05:42
TDSB,ETC Cabana Target Beta ETF,ETF,NASDAQ,24.50,0.06,0.24,2026-10-06 05:42
TDSC,ETC Cabana Target Drawdown 10 ETF,ETF,NASDAQ,28.38,0.13,0.46,2026-10-06 05:42
TDTF,Northern Trust iBoxx 5-Year Trgt Duration TIPS ETF,ETF,AMEX,22.71,0.01,0.04,2026-10-06 05:42
TDTH,트라이던트 디지털 테크 홀딩스,주식,NASDAQ,0.95,-0.03,-3.07,2026-10-06 05:42
TDTT,Northern Trust iBoxx 3-Year Trgt Duration TIPS ETF,ETF,AMEX,23.27,0.01,0.04,2026-10-06 05:42
TDUP,스레드업,주식,NASDAQ,2.17,0.00,0.00,2026-10-06 05:42
TDV,ProShares S&P Technology Dividend Aristocrats ETF,ETF,AMEX,102.74,0.14,0.14,2026-10-06 05:42
TDVG,T Rowe Price Dividend Growth ETF,ETF,AMEX,48.93,0.35,0.72,2026-10-06 05:42
TDVI,FT Vest Technology Dividend Target Income ETF,ETF,AMEX,31.46,-0.23,-0.73,2026-10-06 05:42
TDW,타이드워터,주식,NYSE,83.93,1.51,1.83,2026-10-06 05:42
TDWD,테일윈드 2.0 애퀴지션,주식,NASDAQ,10.13,-0.01,-0.10,2026-10-06 05:42
TDWDR,Tailwind 2.0 Acquisition Rights Exp 07 Nov 2030,주식,NASDAQ,0.10,0.00,0.00,2026-10-06 05:42
TDWDU,Tailwind 2 0 Acquisition Units,주식,NASDAQ,10.18,0.00,0.00,2026-10-06 05:42
TDY,텔레다인 테크놀로지스,주식,NYSE,619.64,2.47,0.40,2026-10-06 05:42
TE,T1 에너지,주식,NYSE,3.70,-0.22,-5.61,2026-10-06 05:42
TEAD,티즈 홀딩,주식,NASDAQ,0.57,0.01,1.32,2026-10-06 05:42
TEAM,아틀라시안,주식,NASDAQ,196.65,8.76,4.66,2026-10-06 05:42
TEC,Harbor Transformative Technologies ETF,ETF,AMEX,35.83,0.26,0.74,2026-10-06 05:42
TECB,iShares US Tech Breakthrough Multisector ETF,ETF,AMEX,79.88,0.52,0.66,2026-10-06 05:42
TECH,바이오-테크네,주식,NASDAQ,72.58,0.18,0.25,2026-10-06 05:42
TECK,텍 리소스,주식,NYSE,67.87,-0.69,-1.01,2026-10-06 05:42
TECL,Direxion Daily Technology Bull 3X ETF,ETF,AMEX,250.50,4.19,1.70,2026-10-06 05:42
TECS,Direxion Daily Technology Bear 3X ETF,ETF,AMEX,48.07,-0.76,-1.56,2026-10-06 05:42
TECX,텍토닉 테라퓨틱,주식,NASDAQ,23.11,0.57,2.53,2026-10-06 05:42
TECY,Graniteshares Yieldboost Technology ETF,ETF,NASDAQ,21.20,0.02,0.09,2026-10-06 05:42
TEI,Templeton Emerging Markets Income Closed Fund,주식,NYSE,6.05,-0.03,-0.49,2026-10-06 05:42
TEK,iShares Technology Opportunities Active ETF,ETF,AMEX,41.98,0.29,0.71,2026-10-06 05:42
TEKX,State Street Galaxy Transformative Tech Acc ETF,ETF,NASDAQ,63.35,-0.75,-1.17,2026-10-06 05:42
TEKY,Lazard Next Gen Technologies ETF,ETF,NASDAQ,48.11,0.45,0.94,2026-10-06 05:42
TEL,TE 커넥티비티,주식,NYSE,218.93,-1.43,-0.65,2026-10-06 05:42
TELA,텔라 바이오,주식,NASDAQ,1.14,0.00,0.00,2026-10-06 05:42
TELG,Leverage Shares 2X Long TEL Daily ETF,ETF,AMEX,14.37,-0.18,-1.26,2026-10-06 05:42
TELO,텔로미르 파마슈티컬스,주식,NASDAQ,1.21,0.03,2.54,2026-10-06 05:42
TEM,템퍼스 AI,주식,NASDAQ,83.55,6.92,9.03,2026-10-06 05:42
TEMC,Corgi TEM 2x Daily ETF,ETF,AMEX,37.08,5.66,18.01,2026-10-06 05:42
TEMD,Templeton Emerging Markets Debt ETF,ETF,AMEX,23.81,0.07,0.29,2026-10-06 05:42
TEMR,T Rowe Price Emerging Markets Equity Research ETF,ETF,AMEX,29.42,0.49,1.70,2026-10-06 05:42
TEMT,Tradr 2X Long TEM Daily ETF,ETF,AMEX,40.28,5.83,16.92,2026-10-06 05:42
TEMX,Touchstone Sands Cap EmMarkets Ex-China Growth ETF,ETF,AMEX,39.17,1.03,2.70,2026-10-06 05:42
TEN,차코스 에너지 내비게이션,주식,NYSE,51.29,1.24,2.48,2026-10-06 05:42
TENB,테너블 홀딩스,주식,NASDAQ,38.51,1.66,4.50,2026-10-06 05:42
TEND,iShares Large Cap 10% Target Buffer Dec ETF,ETF,AMEX,28.25,0.10,0.35,2026-10-06 05:42
TENJ,iShares Large Cap 10% Target Buffer Jun ETF,ETF,AMEX,28.53,0.08,0.27,2026-10-06 05:42
TENM,iShares Large Cap 10% Target Buffer Mar ETF,ETF,AMEX,27.92,0.06,0.23,2026-10-06 05:42
TENX,테낙스 테라퓨틱스,주식,NASDAQ,1.96,-0.02,-1.01,2026-10-06 05:42
TEO,텔레콤 아르헨티나 ADR,주식,NYSE,12.51,0.79,6.74,2026-10-06 05:42
TEQI,T Rowe Price Equity Income ETF,ETF,AMEX,50.89,0.19,0.37,2026-10-06 05:42
TER,테라다인,주식,NASDAQ,444.53,-4.51,-1.00,2026-10-06 05:42
TERC,Corgi TER 2x Daily ETF,ETF,AMEX,28.65,-0.73,-2.49,2026-10-06 05:42
TERG,Leverage Shares 2X Long TER Daily ETF,ETF,NASDAQ,53.25,-1.20,-2.21,2026-10-06 05:42
TESC,Corgi TSLA 2x Daily ETF,ETF,AMEX,22.65,0.96,4.42,2026-10-06 05:42
TESL,Simplify Volt TSLA Revolution ETF,ETF,AMEX,14.36,0.34,2.42,2026-10-06 05:42
TEST,YieldMax TSLA Performance Distribution Target 25 ETF,ETF,AMEX,38.03,0.59,1.57,2026-10-06 05:42
TETH,21Shares Ethereum Staking ETF,ETF,AMEX,13.53,0.22,1.65,2026-10-06 05:42
TEUP,T-REX 2X Long TE Daily Target ETF,ETF,AMEX,16.68,-1.88,-10.12,2026-10-06 05:42
TEVA,테바 파마슈티컬 인더스트리 ADR,주식,NYSE,39.66,0.13,0.33,2026-10-06 05:42
TEX,테렉스,주식,NYSE,56.90,0.19,0.34,2026-10-06 05:42
TEXN,iShares Texas Equity ETF,ETF,NASDAQ,34.00,0.29,0.85,2026-10-06 05:42
TEXU,Direxion Daily Energy Top 5 Bull 2X ETF,ETF,AMEX,41.61,1.05,2.58,2026-10-06 05:42
TEXX,Horizon Kinetics Texas ETF,ETF,NASDAQ,29.05,0.29,1.00,2026-10-06 05:42
TFC,트루이스트 파이낸셜,주식,NYSE,46.33,-0.12,-0.26,2026-10-06 05:42
TFFI,Chesapeake Trend-Following Fixed Income ETF,ETF,AMEX,21.60,0.00,0.00,2026-10-06 05:42
TFGZ,Thornburg Focus Growth Fund,ETF,NASDAQ,37.00,0.27,0.72,2026-10-06 05:42
TFI,State Street SPDR Nuveen ICE Municipal Bond ETF,ETF,AMEX,42.78,0.06,0.14,2026-10-06 05:42
TFII,TFI 인터내셔널,주식,NYSE,114.80,-4.10,-3.45,2026-10-06 05:42
TFIN,트라이엄프 파이낸셜,주식,NYSE,61.60,-0.58,-0.93,2026-10-06 05:42
TFJL,Innovator 20+ Year Treasury Bond 5 Floor ETF - Qtr,ETF,AMEX,18.43,-0.05,-0.28,2026-10-06 05:42
TFLO,iShares Treasury Floating Rate Bond ETF,ETF,AMEX,50.54,0.01,0.02,2026-10-06 05:42
TFLR,T Rowe Price Floating Rate ETF,ETF,AMEX,50.49,0.01,0.02,2026-10-06 05:42
TFNS,T Rowe Financials ETF,ETF,NASDAQ,27.71,0.23,0.84,2026-10-06 05:42
TFPM,트리플 플래그 프레셔스 메탈스,주식,NYSE,30.48,-0.13,-0.42,2026-10-06 05:42
TFPN,Blueprint Chesapeake Multi-Asset Trend ETF,ETF,AMEX,30.20,0.21,0.70,2026-10-06 05:42
TFSL,TFS 파이낸셜,주식,NASDAQ,16.77,-0.05,-0.30,2026-10-06 05:42
TFX,텔레플렉스,주식,NYSE,125.24,1.12,0.90,2026-10-06 05:42
TG,트레데가,주식,NYSE,7.00,-0.03,-0.43,2026-10-06 05:42
TGB,트레코르 메탈스,주식,AMEX,8.91,-0.04,-0.45,2026-10-06 05:42
TGE,제너레이션 에센셜스 그룹,주식,NYSE,1.09,-0.02,-1.80,2026-10-06 05:42
TGEN,테코젠,주식,AMEX,2.54,-0.11,-4.15,2026-10-06 05:42
TGHL,그로우허브,주식,NASDAQ,0.76,-0.02,-2.98,2026-10-06 05:42
TGL,트레저 글로벌,주식,NASDAQ,1.26,-0.03,-2.33,2026-10-06 05:42
TGLB,T Rowe Price Global Equity ETF,ETF,AMEX,30.57,0.26,0.85,2026-10-06 05:42
TGLR,Wedbush Laffer Tengler New Era Value ETF,ETF,AMEX,39.44,0.19,0.49,2026-10-06 05:42
TGLS,테크노글래스 홀딩스,주식,NYSE,34.91,0.17,0.49,2026-10-06 05:42
TGRT,T Rowe Price Growth ETF,ETF,AMEX,48.32,0.55,1.15,2026-10-06 05:42
TGRW,T Rowe Price Growth Stock ETF,ETF,AMEX,49.49,0.43,0.87,2026-10-06 05:42
TGRZ,China AI Tigers LLM ETF,ETF,NASDAQ,13.91,0.62,4.69,2026-10-06 05:42
TGS,TGS ADR,주식,NYSE,26.58,1.57,6.28,2026-10-06 05:42
TGT,타겟,주식,NYSE,152.99,-3.01,-1.93,2026-10-06 05:42
TGTX,TG 테라퓨틱스,주식,NASDAQ,53.91,-0.38,-0.70,2026-10-06 05:42
TH,타겟 호스피탈리티,주식,NASDAQ,18.91,0.07,0.37,2026-10-06 05:42
THC,테넷 헬스케어,주식,NYSE,259.47,0.85,0.33,2026-10-06 05:42
THCH,TH 인터내셔널,주식,NASDAQ,1.22,0.06,5.17,2026-10-06 05:42
THD,Ishares Msci Thailand Etf,ETF,AMEX,71.48,-0.14,-0.20,2026-10-06 05:42
THEO,BOA 애퀴지션 II,주식,NASDAQ,9.91,0.01,0.11,2026-10-06 05:42
THEOR,BOA Acquisition II Rights Exp 27th July 2031,주식,NASDAQ,0.29,0.00,0.00,2026-10-06 05:42
THEOU,BOA Acquisition II Units,주식,NASDAQ,10.20,0.00,0.00,2026-10-06 05:42
THEQ,T Rowe Price Hedged Equity ETF,ETF,AMEX,30.46,0.20,0.65,2026-10-06 05:42
THFF,퍼스트 파이낸셜,주식,NASDAQ,74.71,-0.28,-0.37,2026-10-06 05:42
THG,하노버 인슈어런스 그룹,주식,NYSE,220.40,0.97,0.44,2026-10-06 05:42
THH,트라이하드 홀딩스,주식,NASDAQ,1.42,-0.08,-5.33,2026-10-06 05:42
THIR,THOR INDEX ROTATION ETF,ETF,NYSE,34.07,0.22,0.65,2026-10-06 05:42
THLV,THOR Equal Weight Low Volatility ETF,ETF,NYSE,31.34,0.12,0.38,2026-10-06 05:42
THM,인터내셔널 타워 힐 마인스,주식,AMEX,2.43,-0.03,-1.22,2026-10-06 05:42
THMR,Thor Adaptiverisk Dynamic ETF,ETF,NYSE,26.59,0.19,0.72,2026-10-06 05:42
THMZ,Lazard Equity Megatrends ETF,ETF,NASDAQ,35.01,0.29,0.83,2026-10-06 05:42
THNQ,ROBO Global Artificial Intelligence ETF,ETF,AMEX,100.59,1.84,1.87,2026-10-06 05:42
THNR,Amplify Weight Loss Drug & Treatment ETF,ETF,AMEX,24.47,-0.09,-0.36,2026-10-06 05:42
THO,소어 인더스트리스,주식,NYSE,67.24,-2.31,-3.32,2026-10-06 05:42
THOR,Thornburg Premium Income Builder ETF,ETF,AMEX,25.18,0.04,0.15,2026-10-06 05:42
THQ,abrdn Healthcare Opportunities Fund,주식,NYSE,17.75,-0.03,-0.17,2026-10-06 05:42
THRM,젠섬,주식,NASDAQ,32.23,0.93,2.97,2026-10-06 05:42
THRMV,젠섬,주식,NASDAQ,0.00,0.00,0.00,2026-10-06 05:42
THRO,Ishares US Thematic Rotation Active ETF,ETF,AMEX,44.69,0.26,0.59,2026-10-06 05:42
THRV,Prospera Income ETF,ETF,NASDAQ,23.25,-0.06,-0.24,2026-10-06 05:42
THRY,쓰리브 홀딩스,주식,NASDAQ,1.49,-0.03,-1.97,2026-10-06 05:42
THTA,SoFi Enhanced Yield ETF,ETF,AMEX,15.77,0.01,0.03,2026-10-06 05:42
THW,abrdn World Healthcare Fund,주식,NYSE,12.26,-0.09,-0.73,2026-10-06 05:42
THY,Toews Agility Shares Dynamic Tactical Income ETF,ETF,AMEX,21.37,0.01,0.02,2026-10-06 05:42
THYF,T Rowe Price US High Yield ETF,ETF,AMEX,49.87,0.04,0.08,2026-10-06 05:42
THYM,T Rowe Price High Income Municipal ETF,ETF,NASDAQ,47.46,0.02,0.05,2026-10-06 05:42
THYP,21shares Hyperliquid Staking ETF,ETF,NASDAQ,54.45,4.35,8.68,2026-10-06 05:42
TIC,TIC 솔루션스,주식,NYSE,8.26,0.00,0.00,2026-10-06 05:42
TIER,T Rowe Price International Equity Research ETF,ETF,AMEX,32.39,0.21,0.66,2026-10-06 05:42
TIGO,밀리콤 인터내셔널 셀룰러,주식,NASDAQ,91.17,2.85,3.23,2026-10-06 05:42
TIGR,업 핀테크 홀딩스 ADR,주식,NASDAQ,4.40,0.24,5.77,2026-10-06 05:42
TIH,The Investment House ETF,ETF,NASDAQ,25.01,0.26,1.05,2026-10-06 05:42
TII,타이탄 마이닝,주식,AMEX,2.50,0.06,2.46,2026-10-06 05:42
TIIV,AAM Todd International Intrinsic Value ETF,ETF,AMEX,30.24,0.40,1.35,2026-10-06 05:42
TIL,인스틸 바이오,주식,NASDAQ,6.95,-0.27,-3.74,2026-10-06 05:42
TILC,Thrivent International Large Cap ETF,ETF,NASDAQ,25.03,0.02,0.08,2026-10-06 05:42
TILE,인터페이스,주식,NASDAQ,34.86,-0.03,-0.09,2026-10-06 05:42
TILL,Teucrium Agricultural Strategy No K-1 ETF,ETF,AMEX,20.46,0.28,1.39,2026-10-06 05:42
TILT,Northern Trust Morningstar US Mrkt Factor Tilt ETF,ETF,AMEX,281.43,1.76,0.63,2026-10-06 05:42
TIMB,팀 ADR,주식,NYSE,19.30,1.47,8.24,2026-10-06 05:42
TIME,Clockwise US Core Equity ETF,ETF,AMEX,28.08,0.15,0.54,2026-10-06 05:42
TINS,Templeton International Insights ETF,ETF,AMEX,28.53,0.07,0.24,2026-10-06 05:42
TINT,ProShares Smart Materials ETF,ETF,AMEX,38.65,0.04,0.10,2026-10-06 05:42
TINY,ProShares Nanotechnology ETF,ETF,AMEX,82.00,0.23,0.28,2026-10-06 05:42
TIP,iShares TIPS Bond ETF,ETF,AMEX,103.98,-0.13,-0.12,2026-10-06 05:42
TIPA,Northern Trust 2030 IL Distributing Ladder ETF,ETF,AMEX,98.20,0.06,0.06,2026-10-06 05:42
TIPB,Northern Trust 2035 IL Distributing Ladder ETF,ETF,AMEX,95.71,-0.02,-0.03,2026-10-06 05:42
TIPC,Northern Trust 2045 IL Distributing Ladder ETF,ETF,AMEX,92.43,-0.19,-0.20,2026-10-06 05:42
TIPD,Northern Trust 2055 IL Distributing Ladder ETF,ETF,AMEX,89.95,-0.29,-0.32,2026-10-06 05:42
TIPE,Northern Trust 2031 Inflation-Linked Dist Ldr ETF,ETF,AMEX,98.42,0.03,0.04,2026-10-06 05:42
TIPF,Northern Trust 2036 Inflation-Linked Dist Ldr ETF,ETF,AMEX,97.01,-0.04,-0.04,2026-10-06 05:42
TIPG,Northern Trust 2046 Inflation-Linked Dist Ldr ETF,ETF,AMEX,94.95,-0.22,-0.23,2026-10-06 05:42
TIPH,Northern Trust 2056 Inflation-Linked Dist Ldr ETF,ETF,AMEX,93.91,-0.33,-0.35,2026-10-06 05:42
TIPT,팁트리,주식,NASDAQ,17.34,-0.01,-0.06,2026-10-06 05:42
TIPX,State Street SPDR Bloomberg 1-10 Year TIPS ETF,ETF,AMEX,18.21,0.01,0.05,2026-10-06 05:42
TIPZ,PIMCO Broad US TIPS Index Exchange-Traded Fund,ETF,AMEX,49.55,-0.04,-0.08,2026-10-06 05:42
TISC,Thrivent International Small Cap ETF,ETF,NASDAQ,23.51,-0.06,-0.25,2026-10-06 05:42
TISI,팀,주식,NYSE,28.38,-0.52,-1.80,2026-10-06 05:42
TITN,타이탄 머시너리,주식,NASDAQ,25.33,-0.09,-0.35,2026-10-06 05:42
TIZE,TCW Securitized Income ETF,ETF,AMEX,33.89,0.02,0.06,2026-10-06 05:42
TJAN,Innovator Eqty Dfined Protctn ETF 2 Y to Jan 2027,ETF,AMEX,28.69,0.02,0.07,2026-10-06 05:42
TJGC,TJGC 그룹,주식,NASDAQ,32.88,-0.40,-1.20,2026-10-06 05:42
TJUL,Innovator Eqty Defined Protctn ETF 2 Y to Jul 2027,ETF,AMEX,30.71,0.00,0.00,2026-10-06 05:42
TJUN,FT Vest Emerging Markets Buffer ETF June,ETF,AMEX,23.45,0.27,1.18,2026-10-06 05:42
TJX,TJX 컴퍼니스,주식,NYSE,134.41,1.73,1.30,2026-10-06 05:42
TK,티케이,주식,NYSE,14.96,0.12,0.81,2026-10-06 05:42
TKC,투르크젤 을레티심 히즈메틀레리 ADR,주식,NYSE,5.18,0.14,2.78,2026-10-06 05:42
TKLF,도쿄 라이프스타일 ADR,주식,NASDAQ,1.50,0.00,0.00,2026-10-06 05:42
TKNO,알파 테크노바,주식,NASDAQ,9.00,0.01,0.11,2026-10-06 05:42
TKNQ,Amplify Tokenization Technology Leaders ETF,ETF,AMEX,26.07,0.47,1.84,2026-10-06 05:42
TKNS,21Shares Active Crypto ETF,ETF,NASDAQ,30.47,0.50,1.66,2026-10-06 05:42
TKNZ,T Rowe Price Active Crypto ETF,ETF,AMEX,33.96,0.90,2.73,2026-10-06 05:42
TKO,TKO 그룹 홀딩스,주식,NYSE,177.04,1.46,0.83,2026-10-06 05:42
TKR,팀켄,주식,NYSE,119.99,-2.45,-2.00,2026-10-06 05:42
TLA,GraniteShares Autocallable TSLA ETF,ETF,NASDAQ,25.20,0.11,0.44,2026-10-06 05:42
TLAC,쓰리 라이온스 애퀴지션,주식,NASDAQ,9.83,-0.02,-0.15,2026-10-06 05:42
TLACU,Three Lions Acquisition Units,주식,NASDAQ,9.93,0.00,0.00,2026-10-06 05:42
TLCI,Touchstone International Equity ETF,ETF,AMEX,26.32,0.00,0.01,2026-10-06 05:42
TLDR,Laddered T-Bill ETF,ETF,AMEX,25.02,0.00,0.00,2026-10-06 05:42
TLF,탠디 레더 팩토리,주식,NASDAQ,2.49,0.04,1.63,2026-10-06 05:42
TLG,Touchstone Large Company Growth ETF,ETF,NASDAQ,28.86,0.26,0.92,2026-10-06 05:42
TLH,iShares 10-20 Year Treasury Bond ETF,ETF,AMEX,91.34,-0.39,-0.43,2026-10-06 05:42
TLIE,American Beacon The London Company Income Eq ETF,ETF,AMEX,24.99,-0.01,-0.04,2026-10-06 05:42
TLIH,텐리그 인터내셔널 홀딩스,주식,NASDAQ,5.76,0.09,1.50,2026-10-06 05:42
TLK,텔콤 인도네시아 ADR,주식,NYSE,12.89,0.34,2.71,2026-10-06 05:42
TLN,탈렌 에너지,주식,NASDAQ,331.87,11.10,3.46,2026-10-06 05:42
TLNC,탈론 캐피털,주식,NASDAQ,10.30,0.00,0.00,2026-10-06 05:42
TLNCU,Talon Capital Units,주식,NASDAQ,10.46,0.00,0.00,2026-10-06 05:42
TLPH,탈페라,주식,NASDAQ,1.16,0.03,2.65,2026-10-06 05:42
TLRY,틸레이 브랜즈,주식,NASDAQ,3.72,0.11,3.05,2026-10-06 05:42
TLS,텔로스,주식,NASDAQ,4.43,0.24,5.73,2026-10-06 05:42
TLSA,Tiziana Life Sciences Ltd,주식,NASDAQ,1.07,-0.05,-4.46,2026-10-06 05:42
TLSI,메드테크 애퀴지션,주식,NASDAQ,4.38,0.06,1.39,2026-10-06 05:42
TLT,iShares 20+ Year Treasury Bond ETF,ETF,NASDAQ,77.11,-0.37,-0.48,2026-10-06 05:42
TLTD,Northern Trust Morningstar Dev Mkt exUS Fc Tlt ETF,ETF,AMEX,100.56,-0.05,-0.05,2026-10-06 05:42
TLTE,Northern Trust Morningstar Emg Mkts Fctr Tilt ETF,ETF,AMEX,78.20,1.01,1.31,2026-10-06 05:42
TLTI,NEOS Enhanced Income 20+ Year Treasury Bond ETF,ETF,AMEX,40.99,-0.18,-0.45,2026-10-06 05:42
TLTP,Amplify TLT US Treasury 12% Option Income ETF,ETF,AMEX,18.71,-0.07,-0.36,2026-10-06 05:42
TLTW,iShares 20+ Year Treasury Bond BuyWrite Strat ETF,ETF,AMEX,19.89,-0.09,-0.45,2026-10-06 05:42
TLTX,Global X Treasury Bond Enhanced Income ETF,ETF,AMEX,20.00,-0.01,-0.05,2026-10-06 05:42
TLX,텔릭스 파마슈티컬스 ADR,주식,NASDAQ,10.88,0.33,3.13,2026-10-06 05:42
TLYS,틸리스,주식,NYSE,4.61,0.03,0.66,2026-10-06 05:42
TM,토요타자동차 ADR,주식,NYSE,184.12,2.63,1.45,2026-10-06 05:42
TMAR,FT Vest Emerging Markets Buffer ETF March,ETF,AMEX,27.24,0.28,1.03,2026-10-06 05:42
TMAT,Main Thematic Innovation ETF,ETF,AMEX,30.87,0.39,1.28,2026-10-06 05:42
TMB,Thornburg Multi Sector Bond ETF,ETF,NASDAQ,24.57,-0.01,-0.02,2026-10-06 05:42
TMC,TMC 더 메탈스 컴퍼니,주식,NASDAQ,3.77,-0.02,-0.53,2026-10-06 05:42
TMCI,트리스 메디컬 컨셉트,주식,NASDAQ,4.48,0.09,2.05,2026-10-06 05:42
TMCR,메탈스 로열티 컴퍼니,주식,NASDAQ,3.16,-0.26,-7.60,2026-10-06 05:42
TMDE,TMD 에너지,주식,AMEX,0.65,0.00,-0.49,2026-10-06 05:42
TMDV,ProShares Russell US Dividend Growers ETF,ETF,AMEX,49.82,0.07,0.13,2026-10-06 05:42
TMDX,트랜스메딕스 그룹,주식,NASDAQ,82.99,3.20,4.00,2026-10-06 05:42
TME,텐센트뮤직엔터테인먼트그룹 ADR,주식,NYSE,7.87,0.13,1.68,2026-10-06 05:42
TMED,T Rowe Price Health Care ETF,ETF,NASDAQ,33.81,0.60,1.79,2026-10-06 05:42
TMF,Direxion Daily 20 Year Treasury Bull 3X ETF,ETF,AMEX,25.19,-0.39,-1.52,2026-10-06 05:42
TMFC,Motley Fool 100 Index ETF,ETF,AMEX,81.42,0.58,0.72,2026-10-06 05:42
TMFE,Motley Fool Capital Efficiency 100 Index ETF,ETF,AMEX,30.91,0.27,0.87,2026-10-06 05:42
TMFG,Motley Fool Global Opportunities ETF,ETF,AMEX,30.36,0.34,1.12,2026-10-06 05:42
TMFM,Motley Fool Mid Cap Growth ETF,ETF,AMEX,21.41,0.26,1.21,2026-10-06 05:42
TMFS,Motley Fool Small-Cap Growth ETF,ETF,AMEX,33.36,0.22,0.66,2026-10-06 05:42
TMFX,Motley Fool Next Index ETF,ETF,AMEX,24.04,0.25,1.06,2026-10-06 05:42
TMGN,TappAlpha Cboe Magnificent 10 Growth & Dly Inc ETF,ETF,AMEX,26.51,0.27,1.03,2026-10-06 05:42
TMH,Toyota Motor Corporation ADRhedged,ETF,AMEX,48.58,0.76,1.59,2026-10-06 05:42
TMID,T. Rowe Price Mid-Cap Equity Research ETF,ETF,NASDAQ,25.50,0.28,1.12,2026-10-06 05:42
TMLP,Tortoise MLP ETF,ETF,AMEX,28.38,0.22,0.78,2026-10-06 05:42
TMNL,T Rowe Price Long Municipal Income ETF,ETF,NASDAQ,47.35,0.11,0.23,2026-10-06 05:42
TMNS,T Rowe Price Short Municipal Income ETF,ETF,NASDAQ,48.76,0.08,0.17,2026-10-06 05:42
TMO,써모 피셔 사이언티픽,주식,NYSE,676.76,21.96,3.35,2026-10-06 05:42
TMP,톰킨스 파이낸셜,주식,AMEX,97.93,-0.96,-0.97,2026-10-06 05:42
TMQ,트릴로지 메탈,주식,AMEX,3.04,-0.05,-1.62,2026-10-06 05:42
TMS,팀셰어스,주식,NASDAQ,7.40,-0.22,-2.89,2026-10-06 05:42
TMSF,T Rowe Price Multi-Sector Income ETF,ETF,NASDAQ,48.71,0.04,0.08,2026-10-06 05:42
TMSL,T Rowe Price Small-Mid Cap ETF,ETF,AMEX,41.69,0.26,0.63,2026-10-06 05:42
TMTS,스파르타쿠스 애퀴지션 II,주식,NASDAQ,10.03,0.00,0.00,2026-10-06 05:42
TMTSU,Spartacus Acquisition II Units,주식,NASDAQ,10.30,0.00,0.00,2026-10-06 05:42
TMUS,T-모바일 US,주식,NASDAQ,164.64,1.00,0.61,2026-10-06 05:42
TMUSI,T모바일 US 선순위채권 5.500% 만기 70년 6월,주식,NASDAQ,18.87,-0.31,-1.61,2026-10-06 05:42
TMUSL,T모바일 US 선순위채권 6.250% 만기 69년,주식,NASDAQ,21.50,-0.04,-0.19,2026-10-06 05:42
TMUSZ,T모바일 US 선순위채권 5.500% 만기 70년 3월,주식,NASDAQ,18.63,-0.03,-0.16,2026-10-06 05:42
TMV,Direxion Daily 20 Year Treasury Bear 3X ETF,ETF,AMEX,50.84,0.71,1.42,2026-10-06 05:42
TMVE,Thrivent Mid Cap Value ETF,ETF,AMEX,17.12,0.08,0.47,2026-10-06 05:42
TMYY,Graniteshares Yieldboost TSM ETF,ETF,NASDAQ,22.11,0.08,0.34,2026-10-06 05:42
TNA,Direxion Daily Small Cap Bull 3X ETF,ETF,AMEX,61.07,1.22,2.04,2026-10-06 05:42
TNC,테넌트,주식,NYSE,68.07,0.95,1.42,2026-10-06 05:42
TNDM,탠덤 다이어비츠 케어,주식,NASDAQ,16.52,0.02,0.12,2026-10-06 05:42
TNET,트라이넷 그룹,주식,NYSE,63.90,0.66,1.04,2026-10-06 05:42
TNGX,탱고 테라퓨틱스,주식,NASDAQ,23.08,-0.16,-0.69,2026-10-06 05:42
TNGY,Tortoise Energy ETF,ETF,NYSE,11.07,0.10,0.91,2026-10-06 05:42
TNK,티케이 탱커스,주식,NYSE,103.38,0.28,0.27,2026-10-06 05:42
TNL,트래블 앤 레저,주식,NYSE,61.72,-1.20,-1.91,2026-10-06 05:42
TNMG,TNL 미디어진,주식,NASDAQ,4.40,-0.36,-7.56,2026-10-06 05:42
TNON,테논 메디컬,주식,NASDAQ,3.70,0.00,0.00,2026-10-06 05:42
TNUK,Tortoise Nuclear Renaissance ETF,ETF,AMEX,22.25,0.22,0.98,2026-10-06 05:42
TNXP,토닉스 파마슈티컬스 홀딩,주식,NASDAQ,8.07,-0.84,-9.43,2026-10-06 05:42
TNXT,T Rowe Price Innovation Leaders ETF,ETF,NASDAQ,29.27,0.31,1.09,2026-10-06 05:42
TNYA,테나야 테라퓨틱스,주식,NASDAQ,0.56,0.00,0.00,2026-10-06 05:42
TOAK,Twin Oak Short Horizon Absolute Return ETF,ETF,AMEX,29.12,-0.01,-0.03,2026-10-06 05:42
TOAO,Twin Oak Active Opportunities III ETF,ETF,AMEX,27.81,0.33,1.21,2026-10-06 05:42
TOCT,Innovator Eqty Dfined Protctn ETF 2 Y to Oct 2027,ETF,AMEX,27.36,0.02,0.07,2026-10-06 05:42
TOGA,Tremblant Global ETF,ETF,AMEX,29.76,0.56,1.90,2026-10-06 05:42
TOK,iShares MSCI Kokusai ETF,ETF,AMEX,154.24,0.77,0.50,2026-10-06 05:42
TOL,톨 브라더스,주식,NYSE,135.38,-1.23,-0.90,2026-10-06 05:42
TOLL,Tema Durable Quality ETF,ETF,AMEX,41.71,0.24,0.57,2026-10-06 05:42
TOLZ,ProShares DJ Brookfield Global Infrastructure ETF,ETF,AMEX,55.05,0.16,0.29,2026-10-06 05:42
TOMZ,토미 인바이런먼털 솔루션스,주식,NASDAQ,1.58,0.20,14.49,2026-10-06 05:42
TONT,그라프 글로벌,주식,AMEX,10.93,0.02,0.18,2026-10-06 05:42
TONT.U,Graf Global Units,주식,AMEX,11.20,0.22,2.00,2026-10-06 05:42
TONX,톤 스트래티지,주식,NASDAQ,3.59,0.02,0.56,2026-10-06 05:42
TOON,카툰 스튜디오스,주식,AMEX,0.55,-0.01,-1.84,2026-10-06 05:42
TOP,탑 파이낸셜 그룹,주식,NASDAQ,15.57,0.20,1.30,2026-10-06 05:42
TOPC,iShares S&P 500 3% Capped ETF,ETF,AMEX,35.05,0.18,0.52,2026-10-06 05:42
TOPP,탑포인트 홀딩스,주식,AMEX,0.11,-0.01,-11.20,2026-10-06 05:42
TOPS,탑 십스,주식,AMEX,0.54,-0.01,-1.00,2026-10-06 05:42
TOPT,Ishares Top 20 U S Stocks ETF,ETF,AMEX,35.51,0.30,0.85,2026-10-06 05:42
TOPW,Roundhill Top Weeklypay ETF,ETF,AMEX,34.78,0.51,1.49,2026-10-06 05:42
TORK,KraneShares Actuator ETF,ETF,NASDAQ,25.60,0.05,0.19,2026-10-06 05:42
TORO,토로,주식,NASDAQ,5.27,-0.11,-2.04,2026-10-06 05:42
TOS,Twin Oak Strategic Solutions ETF,ETF,AMEX,31.10,0.11,0.35,2026-10-06 05:42
TOST,토스트,주식,NYSE,30.04,0.25,0.84,2026-10-06 05:42
TOT,LionShares US Equity Total Return ETF,ETF,AMEX,24.38,0.16,0.66,2026-10-06 05:42
TOTL,State Street SPDR DoubleLine Tot Rtn Tctl ETF,ETF,AMEX,37.28,-0.01,-0.03,2026-10-06 05:42
TOTR,T Rowe Price Total Return ETF,ETF,AMEX,38.09,-0.01,-0.03,2026-10-06 05:42
TOUR,투뉴 ADR,주식,NASDAQ,4.93,-0.04,-0.76,2026-10-06 05:42
TOUS,T Rowe Price International Equity ETF,ETF,AMEX,38.40,0.06,0.16,2026-10-06 05:42
TOV,JLens 500 Jewish Advocacy US ETF,ETF,AMEX,32.70,0.22,0.66,2026-10-06 05:42
TOVX,테리바 바이오로직스,주식,AMEX,0.23,0.00,-0.04,2026-10-06 05:42
TOWN,타운뱅크,주식,NASDAQ,35.84,-0.19,-0.53,2026-10-06 05:42
TOXR,21Shares XRP ETF,ETF,AMEX,14.62,0.30,2.10,2026-10-06 05:42
TOYO,토요,주식,NASDAQ,4.38,0.01,0.23,2026-10-06 05:42
TP,티켓플러스,주식,AMEX,8.90,0.27,3.13,2026-10-06 05:42
TPAY,Roundhill S&P 500 Target 10 Managed Distri ETF,ETF,AMEX,54.19,0.33,0.62,2026-10-06 05:42
TPB,터닝 포인트 브랜드,주식,NYSE,57.61,1.97,3.54,2026-10-06 05:42
TPC,튜터 페리니,주식,NYSE,86.43,-0.30,-0.35,2026-10-06 05:42
TPCS,테크프레시젼,주식,NASDAQ,5.33,0.05,0.95,2026-10-06 05:42
TPEI,MicroSectors -3x Short Taiwan ETNs,ETF,AMEX,33.30,-1.58,-4.52,2026-10-06 05:42
TPET,트리오 퍼트롤리엄,주식,AMEX,1.55,-0.06,-3.73,2026-10-06 05:42
TPFC,Timothy Plan Free Cash Flow ETF,ETF,AMEX,27.58,0.34,1.26,2026-10-06 05:42
TPFG,Timothy Plan Free Cash Flow Growth ETF,ETF,AMEX,26.36,0.28,1.06,2026-10-06 05:42
TPFI,Timothy Plan Fixed Income ETF,ETF,AMEX,23.81,-0.01,-0.04,2026-10-06 05:42
TPG,TPG,주식,NASDAQ,44.50,-0.17,-0.38,2026-10-06 05:42
TPGXL,TPG Operating Group II 6 950 Fixed Rate Junior Subordinated Notes due 2064,주식,NASDAQ,20.70,-0.08,-0.39,2026-10-06 05:42
TPHD,Timothy Plan High Dividend Stock ETF,ETF,AMEX,41.29,0.21,0.52,2026-10-06 05:42
TPIF,Timothy Plan International ETF,ETF,AMEX,37.24,0.05,0.13,2026-10-06 05:42
TPL,텍사스 퍼시픽 랜드,주식,NYSE,344.67,4.48,1.32,2026-10-06 05:42
TPLC,Timothy Plan US Large/Mid Cap Core ETF,ETF,AMEX,49.40,0.44,0.90,2026-10-06 05:42
TPLS,Thornburg Core Plus Bond ETF,ETF,NASDAQ,23.91,-0.04,-0.15,2026-10-06 05:42
TPLX,Corgi TPL 2x Daily ETF,ETF,AMEX,19.96,0.58,2.99,2026-10-06 05:42
TPOR,Direxion Daily Transportation Bull 3X ETF,ETF,AMEX,31.68,-0.38,-1.19,2026-10-06 05:42
TPR,태피스트리,주식,NYSE,116.95,-1.17,-0.99,2026-10-06 05:42
TPRY,VistaShares Tgt 15 TEPRTantrum Cont Dist ETF,ETF,AMEX,19.08,0.18,0.94,2026-10-06 05:42
TPSC,Timothy Plan US Small Cap Core ETF,ETF,AMEX,45.74,0.19,0.42,2026-10-06 05:42
TPST,템피스트 테라퓨틱스,주식,NASDAQ,0.79,-0.02,-2.29,2026-10-06 05:42
TPTS,테라 프로퍼티 트러스트 선순위채권 7.00% 만기 29년,주식,NYSE,13.77,-0.71,-4.90,2026-10-06 05:42
TPUT,T Rowe Price Capital Appreciation Mkt Oppys ETF,ETF,AMEX,25.15,0.02,0.08,2026-10-06 05:42
TPVG,트리플포인트 벤처 그로스 BDC,주식,NYSE,4.83,-0.07,-1.43,2026-10-06 05:42
TPYP,Tortoise North American Pipeline ETF,ETF,NYSE,40.96,0.33,0.81,2026-10-06 05:42
TPZ,Tortoise Electrification Infrastructure ETF,ETF,NYSE,20.44,0.22,1.09,2026-10-06 05:42
TQQQ,ProShares UltraPro QQQ,ETF,NASDAQ,83.12,2.11,2.60,2026-10-06 05:42
TQQY,GraniteShares YieldBOOST QQQ ETF,ETF,NASDAQ,12.34,0.03,0.20,2026-10-06 05:42
TR,투시 롤 인더스트리스,주식,NYSE,37.61,-0.38,-1.00,2026-10-06 05:42
TRAD,APEX 테크 애퀴지션,주식,NYSE,10.04,-0.01,-0.10,2026-10-06 05:42
TRAD.U,APEX Tech Acquisition Units,주식,NYSE,10.22,0.00,0.00,2026-10-06 05:42
TRAK,레포지트랙,주식,NYSE,8.08,-0.01,-0.12,2026-10-06 05:42
TRAW,트로스 파르마,주식,NASDAQ,0.54,-0.03,-5.72,2026-10-06 05:42
TRAX,퍼스트 트랙스 바이오테라퓨틱,주식,NASDAQ,32.99,-0.29,-0.87,2026-10-06 05:42
TRBF,Angel Oak Total Return ETF,ETF,NASDAQ,46.81,-0.01,-0.01,2026-10-06 05:42
TRBG,터보젠,주식,NASDAQ,3.80,-0.24,-5.94,2026-10-06 05:42
TRC,테혼 랜치,주식,NYSE,16.18,-0.20,-1.22,2026-10-06 05:42
TRDA,엔트라다 테라퓨틱스,주식,NASDAQ,5.48,0.10,1.86,2026-10-06 05:42
TREE,렌딩트리,주식,NASDAQ,24.51,-0.13,-0.53,2026-10-06 05:42
TREO,택티컬 리소시스,주식,NASDAQ,2.63,-0.35,-11.75,2026-10-06 05:42
TREX,트렉스,주식,NYSE,44.21,0.65,1.49,2026-10-06 05:42
TRFK,Pacer Data and Digital Revolution ETF,ETF,AMEX,103.43,0.04,0.04,2026-10-06 05:42
TRFM,AAM Transformers ETF,ETF,AMEX,60.98,0.19,0.31,2026-10-06 05:42
TRGP,타르가 리소스,주식,NYSE,287.40,5.66,2.01,2026-10-06 05:42
TRGS,TRG 라틴 아메리카 애퀴지션스,주식,NASDAQ,9.97,0.01,0.10,2026-10-06 05:42
TRGSR,TRG Latin America Acquisitions Rights Exp 20th Feb 2031,주식,NASDAQ,0.15,0.00,0.00,2026-10-06 05:42
TRGSU,TRG Latin America Acquisitions Units,주식,NASDAQ,10.06,0.00,0.00,2026-10-06 05:42
TRI,톰슨 로이터,주식,NASDAQ,97.08,-0.54,-0.55,2026-10-06 05:42
TRIB,트리니티 바이오테크 ADR,주식,NASDAQ,5.77,0.08,1.41,2026-10-06 05:42
TRIN,트리니티 캐피털,주식,NYSE,17.43,-0.16,-0.91,2026-10-06 05:42
TRIO,MC Trio Equity Buffered ETF,ETF,AMEX,66.21,0.20,0.31,2026-10-06 05:42
TRIP,트립어드바이저,주식,NASDAQ,8.79,0.28,3.29,2026-10-06 05:42
TRLV,트룰리브 캐나비스,주식,NYSE,10.65,-0.07,-0.65,2026-10-06 05:42
TRMB,트림블,주식,NASDAQ,58.81,1.29,2.24,2026-10-06 05:42
TRMD,톰,주식,NASDAQ,41.05,1.05,2.63,2026-10-06 05:42
TRMK,트러스트마크,주식,NASDAQ,45.54,-0.39,-0.85,2026-10-06 05:42
TRN,트리니티 인더스트리스,주식,NYSE,26.39,0.26,1.00,2026-10-06 05:42
TRND,Pacer Trendpilot Fund of Funds ETF,ETF,AMEX,37.10,0.08,0.22,2026-10-06 05:42
TRNI,Trinity Capital 7 875 Notes Due 2029,주식,NYSE,25.05,0.04,0.16,2026-10-06 05:42
TRNO,테레노 리얼티,주식,NYSE,64.43,-0.11,-0.17,2026-10-06 05:42
TRNR,인터랙티브 스트랭스,주식,NASDAQ,2.22,0.01,0.45,2026-10-06 05:42
TRNS,트랜스캣,주식,NASDAQ,90.57,0.18,0.20,2026-10-06 05:42
TRNZ,Trinity Capital 7 875 Notes due 2029,주식,NYSE,25.00,-0.06,-0.24,2026-10-06 05:42
TRON,TRON,주식,NASDAQ,1.35,-0.06,-4.26,2026-10-06 05:42
TROO,트룹스,주식,NASDAQ,1.64,-0.08,-4.65,2026-10-06 05:42
TROT,Invesco MSCI Treasury Duration Rotation ETF,ETF,AMEX,24.23,0.02,0.06,2026-10-06 05:42
TROW,티 로웨 프라이스 그룹,주식,NASDAQ,103.93,-0.69,-0.66,2026-10-06 05:42
TROX,트로녹스 홀딩스,주식,NYSE,3.91,-0.02,-0.51,2026-10-06 05:42
TRP,TC 에너지,주식,NYSE,59.48,0.41,0.69,2026-10-06 05:42
TRPA,Hartford AAA CLO ETF,ETF,AMEX,38.96,0.07,0.18,2026-10-06 05:42
TRS,트리마스,주식,NASDAQ,38.93,-0.19,-0.49,2026-10-06 05:42
TRSG,턴그레이 테크놀로지스,주식,NASDAQ,1.13,-0.01,-0.88,2026-10-06 05:42
TRST,트러스트코 은행 N Y,주식,NASDAQ,55.18,-0.51,-0.92,2026-10-06 05:42
TRSY,Xtrackers US 0-1 Year Treasury ETF,ETF,AMEX,30.13,0.01,0.03,2026-10-06 05:42
TRTX,TPG 리 파이낸스 트러스트,주식,NYSE,6.02,-0.12,-1.95,2026-10-06 05:42
TRTY,Cambria Trinity ETF,ETF,AMEX,31.57,0.12,0.38,2026-10-06 05:42
TRU,트랜스유니온,주식,NYSE,63.82,0.38,0.60,2026-10-06 05:42
TRUC,Vaneck Communication Services Trusector ETF,ETF,NASDAQ,25.79,0.29,1.14,2026-10-06 05:42
TRUD,VanEck Consumer Discretionary TruSector ETF,ETF,NASDAQ,24.90,0.07,0.30,2026-10-06 05:42
TRUF,Vaneck Financials Trusector ETF,ETF,NASDAQ,28.11,0.20,0.71,2026-10-06 05:42
TRUG,트루골프 홀딩스,주식,NASDAQ,2.56,-0.08,-3.03,2026-10-06 05:42
TRUH,Vaneck Healthcare Trusector ETF,ETF,NASDAQ,29.19,0.20,0.68,2026-10-06 05:42
TRUI,VanEck Industrials TruSector ETF,ETF,NASDAQ,24.35,0.02,0.06,2026-10-06 05:42
TRUM,VanEck Materials TruSector ETF,ETF,NASDAQ,24.64,0.28,1.15,2026-10-06 05:42
TRUN,VanEck Energy TruSector ETF,ETF,NASDAQ,29.89,0.25,0.86,2026-10-06 05:42
TRUO,VanEck Consumer Staples TruSector ETF,ETF,NASDAQ,24.61,0.15,0.60,2026-10-06 05:42
TRUP,트루패니언,주식,NASDAQ,24.57,0.99,4.20,2026-10-06 05:42
TRUR,VanEck Real Estate TruSector ETF,ETF,NASDAQ,23.10,-0.10,-0.44,2026-10-06 05:42
TRUT,VanEck Technology TruSector ETF,ETF,NASDAQ,34.30,0.25,0.74,2026-10-06 05:42
TRUU,VanEck Utilities TruSector ETF,ETF,NASDAQ,21.86,0.08,0.37,2026-10-06 05:42
TRV,트래블러스 컴퍼니스,주식,NYSE,360.70,0.32,0.09,2026-10-06 05:42
TRVG,트리바고 ADR,주식,NASDAQ,4.73,0.05,1.07,2026-10-06 05:42
TRVI,트레비 테라퓨틱스,주식,NASDAQ,13.72,-0.19,-1.37,2026-10-06 05:42
TRX,탄자니아 골드,주식,AMEX,1.17,-0.03,-2.50,2026-10-06 05:42
TRXS,Canary Staked TRX ETF,ETF,AMEX,24.94,0.18,0.73,2026-10-06 05:42
TS,테나리스 ADR,주식,NYSE,58.46,2.47,4.41,2026-10-06 05:42
TSAT,텔레샛,주식,NASDAQ,46.17,-1.83,-3.81,2026-10-06 05:42
TSBK,팀버랜드 뱅코프,주식,NASDAQ,45.17,-0.32,-0.70,2026-10-06 05:42
TSCM,TimesSquare Quality Mid Cap Growth ETF,ETF,NASDAQ,19.76,0.21,1.09,2026-10-06 05:42
TSCO,트랙터 서플라이,주식,NASDAQ,31.42,0.33,1.06,2026-10-06 05:42
TSCV,Thrivent Small Cap Value ETF,ETF,AMEX,29.89,0.07,0.25,2026-10-06 05:42
TSCZ,T. Rowe Price Securitized Income ETF,ETF,AMEX,49.60,-0.04,-0.07,2026-10-06 05:42
TSDD,GraniteShares 2x Short TSLA Daily ETF,ETF,NASDAQ,7.07,-0.33,-4.46,2026-10-06 05:42
TSEC,Touchstone Securitized Income ETF,ETF,AMEX,25.06,-0.07,-0.26,2026-10-06 05:42
TSEE,T. Rowe Price Small-Cap ETF,ETF,NASDAQ,25.01,0.13,0.53,2026-10-06 05:42
TSEG,Leverage Shares 2X Long TSEM Daily ETF,ETF,AMEX,8.38,0.56,7.16,2026-10-06 05:42
TSEL,Touchstone Sands Capital US Select Growth ETF,ETF,NASDAQ,30.20,0.33,1.11,2026-10-06 05:42
TSEM,타워 세미컨덕터,주식,NASDAQ,249.57,8.71,3.62,2026-10-06 05:42
TSEP,FT Vest Emerging Markets Buffer - Sept,ETF,AMEX,27.31,0.28,1.05,2026-10-06 05:42
TSES,Truth Social American Energy Security ETF,ETF,AMEX,31.21,0.21,0.68,2026-10-06 05:42
TSEU,Tradr 2X Long TSEM Daily ETF,ETF,AMEX,17.97,1.10,6.53,2026-10-06 05:42
TSHA,타이샤 젠 테라피,주식,NASDAQ,4.49,-0.14,-3.02,2026-10-06 05:42
TSI,TCW Strategic Income Closed Fund,주식,NYSE,4.24,-0.05,-1.17,2026-10-06 05:42
TSIB,Direxion TSLA Defined Income Boost ETF,ETF,AMEX,29.19,0.67,2.35,2026-10-06 05:42
TSIC,Truth Social American Icons ETF,ETF,AMEX,23.44,0.05,0.23,2026-10-06 05:42
TSII,REX TSLA Growth And Income ETF,ETF,AMEX,13.66,0.25,1.86,2026-10-06 05:42
TSL,GraniteShares 1.25x Long TSLA Daily ETF,ETF,NASDAQ,14.35,0.38,2.72,2026-10-06 05:42
TSLA,테슬라,주식,NASDAQ,378.73,8.14,2.20,2026-10-06 05:42
TSLG,Leverage Shares 2X Long TSLA Daily ETF,ETF,NASDAQ,5.12,0.21,4.28,2026-10-06 05:42
TSLI,ProShares Ultra TSLA ETF,ETF,AMEX,19.05,0.76,4.16,2026-10-06 05:42
TSLL,Direxion Daily TSLA Bull 2X ETF,ETF,NASDAQ,10.21,0.41,4.18,2026-10-06 05:42
TSLP,Kurv Yield Premium Strategy Tesla TSLA ETF,ETF,AMEX,15.55,0.39,2.55,2026-10-06 05:42
TSLQ,Tradr 2X Short TSLA Daily ETF,ETF,NASDAQ,16.88,-0.78,-4.42,2026-10-06 05:42
TSLR,GraniteShares 2x Long TSLA Daily ETF,ETF,NASDAQ,17.77,0.73,4.28,2026-10-06 05:42
TSLS,Direxion Daily TSLA Bear 1X ETF,ETF,NASDAQ,53.54,-1.18,-2.16,2026-10-06 05:42
TSLT,T-Rex 2x Long Tesla Daily Target ETF,ETF,AMEX,14.30,0.59,4.30,2026-10-06 05:42
TSLW,Roundhill TSLA WeeklyPay ETF,ETF,AMEX,18.23,0.45,2.50,2026-10-06 05:42
TSLX,TPG 스페셜티 렌딩,주식,NYSE,17.59,-0.42,-2.33,2026-10-06 05:42
TSLY,YieldMax TSLA Option Income Strategy ETF,ETF,AMEX,22.62,0.37,1.66,2026-10-06 05:42
TSLZ,T-Rex 2x Inverse Tesla Daily Target ETF,ETF,AMEX,10.66,-0.49,-4.39,2026-10-06 05:42
TSM,TSMC ADR,주식,NYSE,485.80,13.02,2.75,2026-10-06 05:42
TSME,Thrivent Small-Mid Cap Equity ETF,ETF,AMEX,47.14,0.44,0.94,2026-10-06 05:42
TSMG,Leverage Shares 2X Long TSM Daily ETF,ETF,NASDAQ,49.39,2.43,5.17,2026-10-06 05:42
TSMU,GraniteShares 2x Long TSM Daily ETF,ETF,NASDAQ,88.42,4.36,5.18,2026-10-06 05:42
TSMX,Direxion Daily TSM Bull 2X ETF,ETF,NASDAQ,102.15,5.33,5.51,2026-10-06 05:42
TSMY,YieldMax TSM Option Income Strategy ETF,ETF,AMEX,16.31,0.24,1.49,2026-10-06 05:42
TSMZ,Direxion Daily TSM Bear 1X ETF,ETF,NASDAQ,6.73,-0.17,-2.47,2026-10-06 05:42
TSN,타이슨 푸드,주식,NYSE,51.71,-0.18,-0.35,2026-10-06 05:42
TSNF,Truth Social American Next Frontiers ETF,ETF,AMEX,31.93,0.24,0.75,2026-10-06 05:42
TSOL,21Shares Solana Staking ETF,ETF,AMEX,11.67,0.22,1.92,2026-10-06 05:42
TSPA,T Rowe Price US Equity Research ETF,ETF,AMEX,49.08,0.34,0.69,2026-10-06 05:42
TSPX,Twin Oak Active Opportunities ETF,ETF,AMEX,30.79,0.16,0.53,2026-10-06 05:42
TSPY,TappAlpha S&P 500 Growth & Daily Income ETF,ETF,NASDAQ,25.79,0.25,0.98,2026-10-06 05:42
TSQ,타운스퀘어 미디어,주식,NYSE,4.44,-0.11,-2.42,2026-10-06 05:42
TSRS,Truth Social American Red State REITs ETF,ETF,AMEX,24.52,-0.09,-0.37,2026-10-06 05:42
TSSD,Truth Social American Security & Defense ETF,ETF,AMEX,30.66,0.24,0.80,2026-10-06 05:42
TSSI,TSS,주식,NASDAQ,10.05,-0.19,-1.86,2026-10-06 05:42
TSUI,21Shares Sui Staking ETF,ETF,NASDAQ,24.09,1.70,7.59,2026-10-06 05:42
TSXD,Direxion Daily Semiconductors Top 5 Bear 2X ETF,ETF,AMEX,4.38,-0.10,-2.23,2026-10-06 05:42
TSXU,Direxion Daily Semiconductors Top 5 Bull 2X ETF,ETF,AMEX,66.59,1.57,2.41,2026-10-06 05:42
TSYW,Roundhill Treasury Bond WeeklyPay ETF,ETF,AMEX,37.69,-0.20,-0.53,2026-10-06 05:42
TSYX,TSPY Lift ETF,ETF,NASDAQ,23.29,0.22,0.93,2026-10-06 05:42
TSYY,Graniteshares Yieldboost TSLA ETF,ETF,NASDAQ,19.73,0.06,0.31,2026-10-06 05:42
TT,트레인 테크놀로지,주식,NYSE,470.76,6.85,1.48,2026-10-06 05:42
TTAM,타이탄 아메리카,주식,NYSE,13.50,0.13,0.97,2026-10-06 05:42
TTAN,서비스타이탄,주식,NASDAQ,72.16,5.07,7.56,2026-10-06 05:42
TTC,토로,주식,NYSE,98.94,0.30,0.30,2026-10-06 05:42
TTD,트레이드 데스크,주식,NASDAQ,11.98,0.03,0.25,2026-10-06 05:42
TTDU,T REX 2X Long TTD Daily Target ETF,ETF,AMEX,9.72,0.07,0.73,2026-10-06 05:42
TTE,토탈에너지스,주식,NYSE,84.37,-0.03,-0.04,2026-10-06 05:42
TTEC,TTEC 홀딩스,주식,NASDAQ,1.38,0.00,0.00,2026-10-06 05:42
TTEK,테트라 테크,주식,NASDAQ,33.33,0.21,0.63,2026-10-06 05:42
TTEQ,T Rowe Price Technology ETF,ETF,NASDAQ,46.05,0.43,0.94,2026-10-06 05:42
TTGT,테크타겟,주식,NASDAQ,3.65,0.08,2.24,2026-10-06 05:42
TTI,테트라 테크놀로지스,주식,NYSE,6.03,0.03,0.50,2026-10-06 05:42
TTMI,TTM 테크놀로지스,주식,NASDAQ,133.14,1.27,0.96,2026-10-06 05:42
TTMX,Tradr 2X Long TTMI Daily ETF,ETF,AMEX,10.07,0.20,2.03,2026-10-06 05:42
TTOP,21Shares FTSE Crypto 10 Index ETF,ETF,AMEX,20.36,0.38,1.89,2026-10-06 05:42
TTRX,턴 테라퓨틱스,주식,NASDAQ,12.36,-0.97,-7.28,2026-10-06 05:42
TTT,ProShares UltraPro Short 20+ Year Treasury,ETF,AMEX,90.35,1.27,1.42,2026-10-06 05:42
TTWO,테이크-투 인터랙티브 소프트웨어,주식,NASDAQ,203.46,0.73,0.36,2026-10-06 05:42
TTXD,Direxion Daily Technology Top 5 Bear 2X ETF,ETF,AMEX,11.42,-0.20,-1.72,2026-10-06 05:42
TTXU,Direxion Daily Technology Top 5 Bull 2X ETF,ETF,AMEX,37.70,0.62,1.68,2026-10-06 05:42
TU,텔러스,주식,NYSE,7.88,-0.16,-1.99,2026-10-06 05:42
TUA,Simplify Short Term Treasury Futures Strategy ETF,ETF,AMEX,19.17,0.03,0.16,2026-10-06 05:42
TUG,STF Tactical Growth ETF,ETF,NASDAQ,48.72,0.30,0.62,2026-10-06 05:42
TULP,블루미아 홀딩스,주식,NASDAQ,2.71,0.01,0.37,2026-10-06 05:42
TUR,iShares MSCI Turkey ETF,ETF,NASDAQ,34.73,0.45,1.31,2026-10-06 05:42
TURB,터보 에너지 ADR,주식,NASDAQ,1.05,-0.03,-2.78,2026-10-06 05:42
TURF,T Rowe Price Natural Resources ETF,ETF,NASDAQ,33.90,0.24,0.70,2026-10-06 05:42
TUSB,Thrivent Ultra Short Bond ETF,ETF,AMEX,50.37,0.01,0.01,2026-10-06 05:42
TUSI,Touchstone Ultra Short Income ETF,ETF,AMEX,25.22,-0.06,-0.24,2026-10-06 05:42
TUSK,매머드 에너지서비스,주식,NASDAQ,2.84,0.04,1.43,2026-10-06 05:42
TUYA,투야 ADR,주식,NYSE,1.68,-0.01,-0.59,2026-10-06 05:42
TV,그루포 텔레비사 ADR,주식,NYSE,2.29,0.00,0.00,2026-10-06 05:42
TVA,텍사스 벤처스 애퀴지션 III,주식,NASDAQ,10.59,0.01,0.09,2026-10-06 05:42
TVACU,Texas Ventures Acquisition III Units,주식,NASDAQ,10.70,0.00,0.00,2026-10-06 05:42
TVAI,세이어 벤처스 애퀴지션 II,주식,NASDAQ,10.40,0.00,0.00,2026-10-06 05:42
TVAIR,Thayer Ventures Acquisition II Rights Exp 15th May 2030,주식,NASDAQ,0.07,0.00,0.00,2026-10-06 05:42
TVAIU,Thayer Ventures Acquisition II Units,주식,NASDAQ,10.47,-0.03,-0.29,2026-10-06 05:42
TVAL,T Rowe Price Value ETF,ETF,AMEX,42.42,0.17,0.40,2026-10-06 05:42
TVC,테네시 밸리 오쏘리티 선순위 채권 시리즈 D 만기 2028년,주식,NYSE,23.72,-0.10,-0.42,2026-10-06 05:42
TVE,테네시 밸리 오쏘리티 선순위 채권 시리즈 A 만기 2029년,주식,NYSE,23.20,-0.03,-0.11,2026-10-06 05:42
TVGN,티보젠,주식,NASDAQ,6.60,-0.38,-5.44,2026-10-06 05:42
TVIV,텍사스 벤처스 애퀴지션 IV,주식,NASDAQ,9.95,0.00,0.00,2026-10-06 05:42
TVIVU,Texas Ventures Acquisition IV Units,주식,NASDAQ,10.04,0.00,0.00,2026-10-06 05:42
TVRD,티발디 테라퓨틱스,주식,NASDAQ,1.14,-0.01,-0.87,2026-10-06 05:42
TVTX,트래버 테라퓨틱스,주식,NASDAQ,57.67,0.74,1.30,2026-10-06 05:42
TW,트레이드웹 마켓,주식,NASDAQ,107.11,4.89,4.78,2026-10-06 05:42
TWAV,타오위브,주식,NASDAQ,1.74,0.17,10.83,2026-10-06 05:42
TWFG,TWFG,주식,NASDAQ,24.73,0.12,0.49,2026-10-06 05:42
TWG,탑 웰스 그룹 홀딩,주식,NASDAQ,0.10,-0.01,-7.17,2026-10-06 05:42
TWI,타이탄 인터내셔널,주식,NYSE,6.98,-0.01,-0.14,2026-10-06 05:42
TWIN,트윈 디스크,주식,NASDAQ,28.72,0.22,0.75,2026-10-06 05:42
TWLO,트윌리오,주식,NYSE,300.91,6.33,2.15,2026-10-06 05:42
TWLV,트웰브 시즈 인베스트먼트 컴퍼니 III,주식,NASDAQ,10.07,0.00,0.00,2026-10-06 05:42
TWLVR,Twelve Seas Investment III Rights Exp 21 Nov 2030,주식,NASDAQ,0.13,0.00,0.00,2026-10-06 05:42
TWLVU,Twelve Seas Investment III Units,주식,NASDAQ,10.16,0.00,0.00,2026-10-06 05:42
TWM,ProShares UltraShort Russell2000 ETF,ETF,AMEX,23.24,-0.33,-1.40,2026-10-06 05:42
TWN,Taiwan Fund Inc.,주식,NYSE,106.18,1.89,1.81,2026-10-06 05:42
TWOD,투 하버스 인베스트먼트 선순위채권 9.375% 만기 30년 8월,주식,NYSE,26.33,0.01,0.04,2026-10-06 05:42
TWOX,iShares Large Cap Accelerated Outcome ETF,ETF,AMEX,30.52,0.12,0.41,2026-10-06 05:42
TWSC,Corgi TSM 2x Daily ETF,ETF,AMEX,29.13,1.40,5.06,2026-10-06 05:42
TWST,트위스트 바이오사이언스,주식,NASDAQ,205.00,16.33,8.66,2026-10-06 05:42
TX,테르니움 ADR,주식,NYSE,57.97,1.36,2.40,2026-10-06 05:42
TXBC,21Shares FTSE Crypto 10 ex-BTC Index ETF,ETF,AMEX,18.93,0.39,2.12,2026-10-06 05:42
TXCA,Northern Trust California Int Tax-Exempt B ETF,ETF,NASDAQ,49.66,-0.08,-0.15,2026-10-06 05:42
TXG,10X 제노믹스,주식,NASDAQ,97.74,4.24,4.53,2026-10-06 05:42
TXMD,테라퓨틱스MD,주식,NASDAQ,2.01,-0.04,-1.95,2026-10-06 05:42
TXN,텍사스 인스트루먼트,주식,NASDAQ,294.90,1.10,0.37,2026-10-06 05:42
TXNM,TXNM 에너지,주식,NYSE,58.51,0.10,0.17,2026-10-06 05:42
TXNU,Direxion Daily TXN Bull 2X ETF,ETF,AMEX,48.38,0.36,0.74,2026-10-06 05:42
TXNY,Northern Trust New York Int Tax-Exempt B ETF,ETF,NASDAQ,49.59,-0.11,-0.22,2026-10-06 05:42
TXO,TXO Partners Units,주식,NYSE,13.91,0.05,0.36,2026-10-06 05:42
TXRH,텍사스 로드하우스,주식,NASDAQ,158.97,2.83,1.81,2026-10-06 05:42
TXS,Texas Capital Texas Equity Index ETF,ETF,AMEX,42.23,0.38,0.91,2026-10-06 05:42
TXT,텍스트론,주식,NYSE,75.75,-1.51,-1.95,2026-10-06 05:42
TXUE,Thornburg International Equity ETF,ETF,NASDAQ,34.64,-0.02,-0.07,2026-10-06 05:42
TXUG,Thornburg International Growth ETF,ETF,NASDAQ,27.84,0.09,0.32,2026-10-06 05:42
TXXD,21Shares 2x Long Dogecoin ETF,ETF,NASDAQ,47.73,3.67,8.34,2026-10-06 05:42
TXXH,21Shares 2x Long HYPE ETF,ETF,NASDAQ,79.35,11.55,17.04,2026-10-06 05:42
TXXI,BondBloxx IR+M Tax-Aware Intermediate Duration ETF,ETF,AMEX,47.93,0.05,0.10,2026-10-06 05:42
TXXS,21Shares 2x Long Sui ETF,ETF,NASDAQ,49.67,5.51,12.47,2026-10-06 05:42
TY,Tri Continental Closed Fund,주식,NYSE,34.20,-0.10,-0.29,2026-10-06 05:42
TYA,Simplify Intermediate Term Treasury Futures Str,ETF,AMEX,10.92,-0.03,-0.27,2026-10-06 05:42
TYD,Direxion Daily 7 10 Year Treasury Bull 3X ETF,ETF,AMEX,19.79,-0.08,-0.40,2026-10-06 05:42
TYG,Tortoise Energy Infrastructure Closed Fund,주식,NYSE,38.66,0.55,1.44,2026-10-06 05:42
TYGO,티고 에너지,주식,NASDAQ,0.86,0.00,-0.51,2026-10-06 05:42
TYL,타일러 테크놀로지스,주식,NYSE,328.32,5.51,1.71,2026-10-06 05:42
TYLD,Cambria Tactical Yield ETF,ETF,AMEX,25.35,0.02,0.08,2026-10-06 05:42
TYLG,Global X Information Technology Cov Call & Gro ETF,ETF,AMEX,44.08,0.14,0.31,2026-10-06 05:42
TYO,Direxion Daily 7 10 Year Treasury Bear 3X ETF,ETF,AMEX,15.78,0.09,0.55,2026-10-06 05:42
TYRA,타이라 바이오사이언시스,주식,NASDAQ,20.93,0.50,2.45,2026-10-06 05:42
TYYY,Xetfs TSLA Daily Income ETF,ETF,AMEX,39.11,0.79,2.06,2026-10-06 05:42
TZA,Direxion Daily Small Cap Bear 3X ETF,ETF,AMEX,44.82,-0.95,-2.08,2026-10-06 05:42
TZOO,트래블주,주식,NASDAQ,5.38,0.17,3.26,2026-10-06 05:42
U,유니티소프트웨어,주식,NYSE,45.68,2.07,4.75,2026-10-06 05:42
UA,언더 아머 Class C,주식,NYSE,4.57,-0.02,-0.44,2026-10-06 05:42
UAA,언더 아머 Class A,주식,NYSE,4.70,-0.01,-0.21,2026-10-06 05:42
UAC,유나이티드 애퀴지션 I,주식,AMEX,10.01,0.00,0.00,2026-10-06 05:42
UAC.U,United Acquisition I Units,주식,AMEX,10.09,0.00,0.00,2026-10-06 05:42
UAE,iShares MSCI UAE ETF,ETF,NASDAQ,19.75,0.20,1.02,2026-10-06 05:42
UAL,유나이티드 에어라인스 홀딩스,주식,NASDAQ,110.00,-2.51,-2.23,2026-10-06 05:42
UAMY,유나이티드 스테이츠 앤티모니,주식,NYSE,3.95,-0.04,-1.00,2026-10-06 05:42
UAN,CVR Partners Units,주식,NYSE,125.93,1.11,0.89,2026-10-06 05:42
UAPR,Innovator US Equity Ultra Buffer ETF - April,ETF,AMEX,35.98,0.02,0.04,2026-10-06 05:42
UAUG,Innovator US Equity Ultra Buffer ETF - August,ETF,AMEX,43.26,0.13,0.30,2026-10-06 05:42
UAVS,에이지이글 에어리얼 시스템,주식,AMEX,0.88,-0.08,-7.84,2026-10-06 05:42
UBCP,유나이티드 뱅코프,주식,NASDAQ,14.06,-0.73,-4.94,2026-10-06 05:42
UBER,우버,주식,NYSE,69.48,1.37,2.01,2026-10-06 05:42
UBEW,Roundhill UBER WeeklyPay ETF,ETF,AMEX,23.41,0.53,2.32,2026-10-06 05:42
UBND,VictoryShares Core Plus Bd ETF,ETF,NASDAQ,20.63,-0.03,-0.15,2026-10-06 05:42
UBOT,Direxion Daily Robo AI & Automation Ix Bl 2X ETF,ETF,AMEX,22.87,0.27,1.19,2026-10-06 05:42
UBR,ProShares Ultra MSCI Brazil Capped ETF,ETF,AMEX,43.58,8.81,25.34,2026-10-06 05:42
UBRL,GraniteShares 2x Long UBER Daily ETF,ETF,NASDAQ,13.18,0.51,4.03,2026-10-06 05:42
UBS,UBS 그룹 AG,주식,NYSE,48.18,0.47,0.99,2026-10-06 05:42
UBSI,유나이티드 뱅크셰어스(Nasdaq GS),주식,NASDAQ,46.43,-0.61,-1.30,2026-10-06 05:42
UBT,ProShares Ultra 20+ Year Treasury,ETF,AMEX,13.11,-0.08,-0.61,2026-10-06 05:42
UCAR,유 파워,주식,NASDAQ,3.87,-0.29,-6.87,2026-10-06 05:42
UCB,유나이티드 커뮤니티 뱅크스,주식,NYSE,33.81,-0.30,-0.88,2026-10-06 05:42
UCBG,State Street SPDR UC Inv 90/10 Endowment Str I ETF,ETF,AMEX,50.87,0.32,0.63,2026-10-06 05:42
UCC,ProShares Ultra Consumer Discretionary,ETF,AMEX,41.38,0.22,0.54,2026-10-06 05:42
UCFI,CN 헬시 푸드 테크 그룹,주식,NASDAQ,5.51,0.00,0.00,2026-10-06 05:42
UCIB,UBS ETRACS Bloomberg Constant Maturity Commodity Index CMCI TR ETN Series B,주식,AMEX,37.86,0.29,0.77,2026-10-06 05:42
UCL,유클라우드링크 그룹 ADR,주식,NASDAQ,0.28,0.00,0.47,2026-10-06 05:42
UCO,ProShares Ultra Bloomberg Crude Oil,ETF,AMEX,54.13,-0.30,-0.55,2026-10-06 05:42
UCON,First Trust Smith Unconstrained Bond ETF,ETF,AMEX,23.76,-0.02,-0.08,2026-10-06 05:42
UCOP,ProShares Ultra Copper K-1 Free ETF,ETF,AMEX,41.54,0.66,1.61,2026-10-06 05:42
UCRD,VictoryShares Corporate Bond ETF,ETF,NASDAQ,20.49,0.01,0.05,2026-10-06 05:42
UCTT,울트라 클린 홀딩스,주식,NASDAQ,74.02,1.33,1.83,2026-10-06 05:42
UCTX,Corgi UCTT 2x Daily ETF,ETF,AMEX,6.56,0.21,3.33,2026-10-06 05:42
UCYB,ProShares Ultra Nasdaq Cybersecurity,ETF,NASDAQ,101.56,2.52,2.55,2026-10-06 05:42
UDEC,Innovator US Equity Ultra Buffer ETF - December,ETF,AMEX,43.06,0.10,0.22,2026-10-06 05:42
UDI,USCF Dividend Income Fund,ETF,AMEX,35.33,0.08,0.22,2026-10-06 05:42
UDIV,Franklin US Core Dividend Tilt Index ETF,ETF,AMEX,62.00,0.28,0.45,2026-10-06 05:42
UDN,Invesco DB US Dollar Index Bearish Fund,ETF,AMEX,17.76,-0.06,-0.34,2026-10-06 05:42
UDOW,ProShares UltraPro Dow30,ETF,AMEX,64.14,0.36,0.56,2026-10-06 05:42
UDR,UDR,주식,NYSE,33.84,0.57,1.71,2026-10-06 05:42
UE,어반 에지 프로퍼티스,주식,NYSE,19.51,-0.19,-0.96,2026-10-06 05:42
UEC,우라늄 에너지,주식,AMEX,9.35,0.05,0.54,2026-10-06 05:42
UECG,Leverage Shares 2X Long UEC Daily ETF,ETF,NASDAQ,2.75,0.00,0.11,2026-10-06 05:42
UEIC,유니버설 일렉트로닉스,주식,NASDAQ,5.49,-0.18,-3.17,2026-10-06 05:42
UEVM,VictoryShares Emerging Markets Value Momentum ETF,ETF,NASDAQ,58.85,0.72,1.24,2026-10-06 05:42
UFCS,유나이티드 파이어 그룹,주식,NASDAQ,54.65,0.03,0.05,2026-10-06 05:42
UFEB,Innovator US Equity Ultra Buffer ETF - February,ETF,AMEX,39.76,0.10,0.26,2026-10-06 05:42
UFG,유니-퓨얼 홀딩스,주식,NASDAQ,0.40,-0.04,-7.96,2026-10-06 05:42
UFI,유니피,주식,NYSE,6.42,-0.12,-1.83,2026-10-06 05:42
UFIV,F/m US Treasury 5 Year Note ETF,ETF,NASDAQ,46.51,0.00,0.01,2026-10-06 05:42
UFO,Procure Space ETF,ETF,NASDAQ,43.56,0.43,1.00,2026-10-06 05:42
UFOD,Tuttle Capital UFO Disclosure ETF,ETF,AMEX,24.33,-0.01,-0.03,2026-10-06 05:42
UFOX,Defiance Space and Connective Tech ETF,ETF,NASDAQ,88.24,0.13,0.15,2026-10-06 05:42
UFPI,UFP 인더스트리,주식,NASDAQ,78.04,0.89,1.15,2026-10-06 05:42
UFPT,UFP 테크놀로지스,주식,NASDAQ,307.33,6.63,2.20,2026-10-06 05:42
UG,유나이티드-가디언,주식,NASDAQ,7.00,-0.13,-1.82,2026-10-06 05:42
UGA,United States Gasoline Fund LP,ETF,AMEX,145.18,-4.09,-2.74,2026-10-06 05:42
UGE,ProShares Ultra Consumer Staples,ETF,AMEX,17.45,0.15,0.87,2026-10-06 05:42
UGI,UGI,주식,NYSE,36.78,-0.42,-1.13,2026-10-06 05:42
UGL,ProShares Ultra Gold,ETF,AMEX,45.31,-0.17,-0.37,2026-10-06 05:42
UGLD,Direxion Daily Gold Bull 2X ETF,ETF,AMEX,19.65,-0.07,-0.36,2026-10-06 05:42
UGP,울트라파르 팔티시파코에스 ADR,주식,NYSE,7.77,0.32,4.30,2026-10-06 05:42
UHAL,유홀 홀딩,주식,NYSE,61.10,-0.79,-1.28,2026-10-06 05:42
UHAL.B,유홀 홀딩 시리즈 N,주식,NYSE,53.76,-0.58,-1.07,2026-10-06 05:42
UHS,유니버셜 헬스 서비스,주식,NYSE,176.05,0.33,0.19,2026-10-06 05:42
UHT,유니버설 헬스 리얼티 인컴 트러스트,주식,NYSE,36.92,0.30,0.82,2026-10-06 05:42
UI,유비퀴티,주식,NYSE,609.29,-11.23,-1.81,2026-10-06 05:42
UIS,유니시스,주식,NYSE,2.32,0.04,1.75,2026-10-06 05:42
UITB,VictoryShares Core Intermediate Bond ETF,ETF,NASDAQ,44.64,-0.02,-0.04,2026-10-06 05:42
UIVM,VictoryShares International Value Momentum ETF,ETF,NASDAQ,73.41,-0.14,-0.19,2026-10-06 05:42
UJAN,Innovator US Equity Ultra Buffer ETF - January,ETF,AMEX,46.73,0.14,0.30,2026-10-06 05:42
UJB,ProShares Ultra High Yield,ETF,AMEX,73.85,0.12,0.16,2026-10-06 05:42
UJUL,Innovator US Equity Ultra Buffer ETF - July,ETF,AMEX,41.70,0.14,0.35,2026-10-06 05:42
UJUN,Innovator US Equity Ultra Buffer ETF - June,ETF,AMEX,39.46,0.15,0.39,2026-10-06 05:42
UK,유커뮨 인터내셔널,주식,NASDAQ,1.91,-0.04,-2.05,2026-10-06 05:42
UL,유니레버 ADR,주식,NYSE,59.98,0.28,0.47,2026-10-06 05:42
ULBI,울트라라이프,주식,NASDAQ,6.43,-0.08,-1.23,2026-10-06 05:42
ULCC,프론티어 그룹 홀딩스,주식,NASDAQ,6.11,-0.08,-1.29,2026-10-06 05:42
ULE,ProShares Ultra Euro,ETF,AMEX,11.90,-0.07,-0.54,2026-10-06 05:42
ULH,유니버셜 로지스틱스 홀딩스,주식,NASDAQ,17.63,-0.83,-4.50,2026-10-06 05:42
ULS,UL 솔루션스,주식,NYSE,68.25,2.26,3.42,2026-10-06 05:42
ULST,State Street SPDR SSGA Ultra Short Term Bond ETF,ETF,AMEX,40.14,0.00,0.01,2026-10-06 05:42
ULTA,울타 뷰티,주식,NASDAQ,542.72,-0.97,-0.18,2026-10-06 05:42
ULTI,REX IncomeMax Option Strategy ETF,ETF,NASDAQ,6.65,0.03,0.42,2026-10-06 05:42
ULTY,YieldMax Ultra Option Income Strategy ETF,ETF,AMEX,25.92,0.22,0.86,2026-10-06 05:42
ULVM,VictoryShares US Value Momentum ETF,ETF,NASDAQ,103.35,0.10,0.09,2026-10-06 05:42
UMAC,언유주얼 머신스,주식,AMEX,21.83,-0.54,-2.41,2026-10-06 05:42
UMAL,Defiance Daily Target 2X Long UMAC ETF,ETF,AMEX,9.44,-0.38,-3.87,2026-10-06 05:42
UMAR,Innovator US Equity Ultra Buffer ETF - March,ETF,AMEX,43.45,0.11,0.25,2026-10-06 05:42
UMAY,Innovator US Equity Ultra Buffer ETF - May,ETF,AMEX,39.03,0.11,0.30,2026-10-06 05:42
UMBF,UMB 파이낸셜,주식,NASDAQ,129.80,-1.14,-0.87,2026-10-06 05:42
UMBFO,UMB 파이낸셜 우선주 Series B 7.750%,주식,NASDAQ,25.37,-0.01,-0.04,2026-10-06 05:42
UMC,유나이티드 마이크로일렉트로닉 ADR,주식,NYSE,23.92,-2.35,-8.95,2026-10-06 05:42
UMCU,Tradr 2X Long UMC Daily ETF,ETF,AMEX,37.98,-8.26,-17.87,2026-10-06 05:42
UMCX,Corgi UMC 2x Daily ETF,ETF,AMEX,17.77,-3.85,-17.80,2026-10-06 05:42
UMDD,ProShares UltraPro MidCap400,ETF,AMEX,31.80,0.31,0.98,2026-10-06 05:42
UMH,UMH 프로퍼티,주식,NYSE,15.37,-0.04,-0.26,2026-10-06 05:42
UMI,USCF Midstream Energy Income Fund,ETF,AMEX,58.22,0.50,0.87,2026-10-06 05:42
UMMA,Wahed Dow Jones Islamic World ETF,ETF,NASDAQ,37.72,-0.05,-0.13,2026-10-06 05:42
UN,Corgi UNH 2x Daily ETF,ETF,AMEX,19.90,0.59,3.05,2026-10-06 05:42
UNB,유니언 뱅크셰어스,주식,NASDAQ,22.93,-0.10,-0.43,2026-10-06 05:42
UNCY,유니사이시브 테라퓨틱스,주식,NASDAQ,4.19,-0.03,-0.71,2026-10-06 05:42
UNF,유니퍼스트,주식,NYSE,252.89,1.11,0.44,2026-10-06 05:42
UNFI,유나이티드 내추럴 푸드,주식,NYSE,44.53,-1.06,-2.33,2026-10-06 05:42
UNG,United States Natural Gas Fund LP,ETF,AMEX,10.55,0.08,0.76,2026-10-06 05:42
UNH,유나이티드헬스 그룹,주식,NYSE,378.58,6.68,1.80,2026-10-06 05:42
UNHG,Leverage Shares 2X Long UNH Daily ETF,ETF,NASDAQ,18.14,0.60,3.41,2026-10-06 05:42
UNHU,Direxion Daily UNH Bull 2X ETF,ETF,AMEX,44.18,1.31,3.05,2026-10-06 05:42
UNHW,Roundhill UNH WeeklyPayTM ETF,ETF,AMEX,43.85,0.78,1.82,2026-10-06 05:42
UNIT,유니티 그룹 (델라웨어),주식,NASDAQ,7.95,-0.09,-1.12,2026-10-06 05:42
UNIY,WisdomTree Voya Yield Enhanced USD Unvrsl Bd Fund,ETF,NASDAQ,46.02,-0.03,-0.07,2026-10-06 05:42
UNL,United States 12 Month Natural Gas Fund LP,ETF,AMEX,5.64,0.00,0.09,2026-10-06 05:42
UNM,유넘그룹,주식,NYSE,89.93,1.36,1.54,2026-10-06 05:42
UNMA,Unum Group 6.25% Junior Subordinated Notes Exp 2058,주식,NYSE,21.16,-0.15,-0.70,2026-10-06 05:42
UNOV,Innovator US Equity Ultra Buffer ETF - November,ETF,AMEX,41.61,0.10,0.24,2026-10-06 05:42
UNP,유니온 퍼시픽,주식,NYSE,277.06,-1.22,-0.44,2026-10-06 05:42
UNTY,유니티 뱅코프,주식,NASDAQ,54.67,-0.67,-1.21,2026-10-06 05:42
UNX,Tradr 2X Long U Daily ETF,ETF,AMEX,27.27,2.59,10.50,2026-10-06 05:42
UOCT,Innovator US Equity Ultra Buffer ETF - October,ETF,AMEX,42.77,0.16,0.38,2026-10-06 05:42
UONE,어반 원 Class A,주식,NASDAQ,3.90,-0.08,-2.01,2026-10-06 05:42
UONEK,어반 원 Class D,주식,NASDAQ,3.44,-0.13,-3.64,2026-10-06 05:42
UP,휠즈 업 익스피리언스,주식,NYSE,3.43,-0.07,-2.00,2026-10-06 05:42
UPAL,ProShares Ultra Palladium K-1 Free ETF,ETF,AMEX,18.85,0.08,0.45,2026-10-06 05:42
UPAR,UPAR Ultra Risk Parity ETF,ETF,AMEX,14.96,0.03,0.22,2026-10-06 05:42
UPB,업스트림 바이오,주식,NASDAQ,4.85,-0.19,-3.77,2026-10-06 05:42
UPBD,업바운드 그룹,주식,NASDAQ,15.72,-0.19,-1.19,2026-10-06 05:42
UPC,유니버스 파마슈티컬스,주식,NASDAQ,4.34,-0.16,-3.56,2026-10-06 05:42
UPGD,Invesco Bloomberg Analyst Rating Improvers ETF,ETF,AMEX,81.08,0.43,0.54,2026-10-06 05:42
UPGR,Xtrackers US Green Infrastructure Select Eqty ETF,ETF,NASDAQ,22.01,0.14,0.63,2026-10-06 05:42
UPLD,업랜드 소프트웨어,주식,NASDAQ,3.80,0.07,1.88,2026-10-06 05:42
UPLT,ProShares Ultra Platinum K-1 Free ETF,ETF,AMEX,22.87,0.37,1.64,2026-10-06 05:42
UPRO,ProShares UltraPro S&P500,ETF,AMEX,153.89,3.01,2.00,2026-10-06 05:42
UPS,UPS(유나이티드 파셀 서비스),주식,NYSE,93.14,0.12,0.13,2026-10-06 05:42
UPSC,Corgi UPST 2x Daily ETF,ETF,AMEX,12.29,1.43,13.13,2026-10-06 05:42
UPSD,Aptus Large Cap Upside ETF,ETF,AMEX,30.46,0.26,0.85,2026-10-06 05:42
UPST,업스타트 홀딩스,주식,NASDAQ,24.35,1.54,6.75,2026-10-06 05:42
UPSX,Tradr 2X Long UPST Daily ETF,ETF,AMEX,9.67,1.12,13.10,2026-10-06 05:42
UPV,ProShares Ultra FTSE Europe,ETF,AMEX,91.81,-0.28,-0.31,2026-10-06 05:42
UPW,ProShares Ultra Utilities,ETF,AMEX,18.31,0.13,0.72,2026-10-06 05:42
UPWK,업워크,주식,NASDAQ,8.36,0.31,3.85,2026-10-06 05:42
UPXI,유펙시,주식,NASDAQ,1.15,-0.02,-1.71,2026-10-06 05:42
URA,Global X Uranium ETF,ETF,AMEX,40.19,0.40,1.01,2026-10-06 05:42
URAA,Direxion Daily Uranium Industry Bull 2X ETF,ETF,AMEX,19.46,0.19,0.99,2026-10-06 05:42
URAN,Themes Uranium & Nuclear ETF,ETF,AMEX,34.71,0.29,0.83,2026-10-06 05:42
URBN,어반 아웃피터스,주식,NASDAQ,81.60,0.80,0.99,2026-10-06 05:42
URE,ProShares Ultra Real Estate,ETF,AMEX,58.26,-0.44,-0.74,2026-10-06 05:42
URG,유어-에너지,주식,AMEX,1.06,0.01,0.95,2026-10-06 05:42
URGN,유로젠 파마,주식,NASDAQ,42.78,1.38,3.33,2026-10-06 05:42
URI,유나이티드 렌탈스,주식,NYSE,1074.28,-6.76,-0.63,2026-10-06 05:42
URNJ,Sprott Junior Uranium Miners ETF,ETF,NASDAQ,20.34,0.19,0.94,2026-10-06 05:42
URNM,Sprott Uranium Miners ETF,ETF,AMEX,47.92,0.50,1.05,2026-10-06 05:42
UROY,우라늄 로열티,주식,NASDAQ,4.07,0.10,2.52,2026-10-06 05:42
URSP,ProShares Ultra S&P 500 Equal Weight,ETF,AMEX,47.54,0.55,1.16,2026-10-06 05:42
URTH,iShares MSCI World ETF,ETF,AMEX,208.55,1.02,0.49,2026-10-06 05:42
URTY,ProShares UltraPro Russell2000,ETF,AMEX,70.91,1.42,2.04,2026-10-06 05:42
USA,Liberty All Star Equity Closed Fund,주식,NYSE,5.81,-0.01,-0.17,2026-10-06 05:42
USAC,USA Compression Partners Common Unit,주식,NYSE,25.39,-0.03,-0.12,2026-10-06 05:42
USAF,Atlas America Fund,ETF,NASDAQ,27.69,-0.01,-0.04,2026-10-06 05:42
USAI,Pacer American Energy Infrastructure ETF,ETF,AMEX,44.79,0.54,1.21,2026-10-06 05:42
USAR,USA 레어 어스,주식,NASDAQ,13.65,0.06,0.44,2026-10-06 05:42
USAS,아메리칸 골드 앤 실버,주식,AMEX,4.43,0.01,0.23,2026-10-06 05:42
USAU,US 골드,주식,NASDAQ,14.28,-0.19,-1.31,2026-10-06 05:42
USAX,Tradr 2X Long USAR Daily ETF,ETF,AMEX,6.34,0.06,0.96,2026-10-06 05:42
USB,US 뱅코프,주식,NYSE,57.27,-0.24,-0.42,2026-10-06 05:42
USBC,USBC,주식,AMEX,0.54,0.01,1.24,2026-10-06 05:42
USCA,Xtrackers MSCI USA Climate Action Equity ETF,ETF,AMEX,46.12,0.33,0.72,2026-10-06 05:42
USCB,US 센츄리 뱅크,주식,NASDAQ,22.44,-0.11,-0.49,2026-10-06 05:42
USCI,United States Commodity Index Fund,ETF,AMEX,108.81,-0.13,-0.12,2026-10-06 05:42
USCL,iShares Climate Conscious & Transtn MSCI USA ETF,ETF,NASDAQ,87.62,0.63,0.72,2026-10-06 05:42
USD,ProShares Ultra Semiconductors,ETF,AMEX,102.97,1.99,1.97,2026-10-06 05:42
USDE,스테이블코인엑스,주식,NASDAQ,14.96,0.81,5.72,2026-10-06 05:42
USDU,WisdomTree Bloomberg US Dollar Bullish Fund,ETF,AMEX,27.08,0.02,0.07,2026-10-06 05:42
USDX,SGI Enhanced Core ETF,ETF,NASDAQ,25.57,-0.02,-0.08,2026-10-06 05:42
USE,USCF Energy Commodity Strategy Absolute Return Fd,ETF,AMEX,35.53,-0.54,-1.50,2026-10-06 05:42
USEA,유나이티드 마리타임,주식,NASDAQ,2.67,0.00,0.00,2026-10-06 05:42
USEP,Innovator US Equity Ultra Buffer ETF - September,ETF,AMEX,42.33,0.13,0.31,2026-10-06 05:42
USEW,Cambria US EW ETF,ETF,AMEX,56.07,0.36,0.65,2026-10-06 05:42
USFD,US 푸즈 홀딩,주식,NYSE,94.63,-2.29,-2.36,2026-10-06 05:42
USFE,First Eagle US Equity ETF,ETF,AMEX,36.09,0.31,0.87,2026-10-06 05:42
USFI,BrandywineGLOBAL-US Fixed Income ETF,ETF,NASDAQ,23.60,-0.02,-0.07,2026-10-06 05:42
USFR,WisdomTree Floating Rate Treasury Fund,ETF,AMEX,50.41,0.01,0.02,2026-10-06 05:42
USG,USCF Gold Strategy Plus Income Fund,ETF,AMEX,31.56,-0.10,-0.30,2026-10-06 05:42
USGG,Leverage Shares 2X Long USAR Daily ETF,ETF,NASDAQ,3.78,0.03,0.89,2026-10-06 05:42
USGO,US 골드마이닝,주식,NASDAQ,6.58,0.06,0.92,2026-10-06 05:42
USGX,Corgi U.S. Growth 2x Daily ETF,ETF,AMEX,25.06,0.43,1.76,2026-10-06 05:42
USHY,iShares Broad USD High Yield Corporate Bond ETF,ETF,AMEX,35.54,0.02,0.06,2026-10-06 05:42
USIG,iShares Broad USD Investment Grade Corporate Bond,ETF,NASDAQ,48.54,0.00,0.00,2026-10-06 05:42
USIN,WisdomTree 7-10 Year Laddered Treasury Fund,ETF,NASDAQ,46.80,-0.05,-0.11,2026-10-06 05:42
USIO,유시오,주식,NASDAQ,2.80,-0.13,-4.44,2026-10-06 05:42
USL,United States 12 Month Oil Fund LP,ETF,AMEX,57.53,-0.16,-0.28,2026-10-06 05:42
USLM,유나이티드 스테이츠 라임 & 미네랄,주식,NASDAQ,110.78,-0.23,-0.21,2026-10-06 05:42
USLN,iShares Broad USD Floating Rate Loan ETF,ETF,AMEX,50.41,0.05,0.10,2026-10-06 05:42
USLV,Direxion Daily Silver Bull 2X ETF,ETF,AMEX,13.85,0.15,1.09,2026-10-06 05:42
USLX,Corgi U.S. Large-Cap 2x Daily ETF,ETF,AMEX,25.33,0.31,1.22,2026-10-06 05:42
USMC,Principal US Mega-Cap ETF,ETF,NASDAQ,77.84,0.55,0.71,2026-10-06 05:42
USMD,CoreValues America First Technology ETF,ETF,AMEX,33.38,0.15,0.44,2026-10-06 05:42
USMF,WisdomTree US Multifactor Fund,ETF,AMEX,53.10,0.24,0.45,2026-10-06 05:42
USMV,iShares MSCI USA Min Vol Factor ETF,ETF,AMEX,98.98,0.77,0.78,2026-10-06 05:42
USMX,Corgi U.S. Mid-Cap 2x Daily ETF,ETF,AMEX,24.61,0.37,1.54,2026-10-06 05:42
USNA,유사나 헬스 사이언스,주식,NYSE,14.85,0.03,0.20,2026-10-06 05:42
USNG,Amplify Samsung US Natural Gas Infrastructure ETF,ETF,AMEX,35.21,0.19,0.54,2026-10-06 05:42
USNZ,Xtrackers Net Zero Pathway Paris Aligned US Eq ETF,ETF,AMEX,49.45,0.35,0.72,2026-10-06 05:42
USO,United States Oil Fund LP,ETF,AMEX,143.99,-3.38,-2.29,2026-10-06 05:42
USOI,Ubs Ag Etracs Crude Oil Shares Covered Call ETN Exp 24th Apr 2037,ETF,NASDAQ,44.42,-0.36,-0.80,2026-10-06 05:42
USOY,Defiance Oil Enhanced Options Income ETF,ETF,NASDAQ,7.25,-0.14,-1.89,2026-10-06 05:42
USPH,US 피지컬 테라피,주식,NYSE,83.96,0.24,0.29,2026-10-06 05:42
USPX,Franklin US Equity Index ETF,ETF,AMEX,67.83,0.49,0.73,2026-10-06 05:42
USRT,iShares Core US REIT ETF,ETF,AMEX,61.19,-0.33,-0.54,2026-10-06 05:42
USSE,Segall Bryant & Hamill Select Equity ETF,ETF,AMEX,41.99,0.34,0.82,2026-10-06 05:42
USSG,Xtrackers MSCI USA Selection Equity ETF,ETF,AMEX,72.78,0.77,1.06,2026-10-06 05:42
USSH,WisdomTree 1-3 Year Laddered Treasury Fund,ETF,NASDAQ,49.73,0.03,0.05,2026-10-06 05:42
USSX,Corgi U.S. Small-Cap 2x Daily ETF,ETF,AMEX,23.26,0.30,1.32,2026-10-06 05:42
UST,ProShares Ultra 7-10 Year Treasury,ETF,AMEX,37.68,-0.13,-0.35,2026-10-06 05:42
USTB,VictoryShares Short-Term Bond ETF,ETF,NASDAQ,49.97,0.01,0.02,2026-10-06 05:42
USVM,VictoryShares US Small Mid Cap Value Momentum ETF,ETF,NASDAQ,105.22,0.13,0.12,2026-10-06 05:42
USVN,F/m US Treasury 7 Year Note ETF,ETF,NASDAQ,45.29,-0.04,-0.08,2026-10-06 05:42
USX,Corgi Total US Market 2x Daily ETF,ETF,AMEX,25.14,0.30,1.22,2026-10-06 05:42
USXF,iShares ESG Advanced MSCI USA ETF,ETF,NASDAQ,69.54,0.47,0.68,2026-10-06 05:42
UTEN,F/m US Treasury 10 Year Note ETF,ETF,NASDAQ,40.41,-0.10,-0.26,2026-10-06 05:42
UTES,Virtus Reaves Utilities ETF,ETF,AMEX,72.03,0.86,1.21,2026-10-06 05:42
UTF,Cohen & Steers Infrastructure Fund Inc,주식,NYSE,25.17,0.00,0.00,2026-10-06 05:42
UTG,Reaves Utility Income Closed Fund,주식,AMEX,35.29,0.01,0.03,2026-10-06 05:42
UTHR,유나이티드 테라퓨틱스,주식,NASDAQ,536.40,-5.30,-0.98,2026-10-06 05:42
UTHY,F/m US Treasury 30 Year Bond ETF,ETF,NASDAQ,36.44,-0.17,-0.48,2026-10-06 05:42
UTI,유니버설 테크니컬 인스티튜트,주식,NYSE,19.17,-0.21,-1.08,2026-10-06 05:42
UTL,유니틸,주식,NYSE,50.65,-0.55,-1.07,2026-10-06 05:42
UTMD,유타 메디컬 프로덕츠,주식,NASDAQ,73.31,-0.82,-1.11,2026-10-06 05:42
UTRE,F/m US Treasury 3 Year Note ETF,ETF,NASDAQ,48.05,0.02,0.04,2026-10-06 05:42
UTSI,UT스타컴 홀딩스,주식,NASDAQ,2.34,0.10,4.46,2026-10-06 05:42
UTSL,Direxion Daily Utilities Bull 3X ETF,ETF,AMEX,30.23,0.33,1.10,2026-10-06 05:42
UTWO,F/m US Treasury 2 Year Note ETF,ETF,NASDAQ,47.42,0.02,0.03,2026-10-06 05:42
UTWY,F/m US Treasury 20 Year Bond ETF,ETF,NASDAQ,38.83,-0.16,-0.42,2026-10-06 05:42
UTZ,UTZ 브랜즈,주식,NYSE,14.28,0.01,0.07,2026-10-06 05:42
UUP,Invesco DB US Dollar Index Bullish Fund,ETF,AMEX,28.99,0.10,0.35,2026-10-06 05:42
UUPP,Principal CLO ETF,ETF,AMEX,25.07,-0.01,-0.02,2026-10-06 05:42
UUU,유니버셜 세이프티 프로덕츠,주식,AMEX,4.72,-0.16,-3.28,2026-10-06 05:42
UUUC,Corgi UUUU 2x Daily ETF,ETF,AMEX,14.01,0.15,1.06,2026-10-06 05:42
UUUG,Leverage Shares 2X Long UUUU Daily ETF,ETF,NASDAQ,2.50,0.05,2.04,2026-10-06 05:42
UUUU,에너지 퓨얼스,주식,AMEX,10.82,0.09,0.84,2026-10-06 05:42
UVE,유니버설 인슈어런스 홀딩스,주식,NYSE,43.66,-0.29,-0.66,2026-10-06 05:42
UVIX,2x Long VIX Futures ETF,ETF,AMEX,35.17,-0.84,-2.33,2026-10-06 05:42
UVSP,유니베스트 파이낸셜,주식,NASDAQ,41.65,-0.16,-0.38,2026-10-06 05:42
UVV,유니버설,주식,NYSE,42.13,-0.07,-0.17,2026-10-06 05:42
UVXY,ProShares Ultra VIX Short-Term Futures ETF,ETF,AMEX,16.69,-0.28,-1.65,2026-10-06 05:42
UWM,ProShares Ultra Russell2000,ETF,AMEX,58.91,0.78,1.34,2026-10-06 05:42
UWMC,UWM 홀딩스,주식,NYSE,1.29,0.03,2.38,2026-10-06 05:42
UX,Roundhill Uranium ETF,ETF,AMEX,28.36,-0.10,-0.34,2026-10-06 05:42
UXAP,FT Vest US Equity Uncapped Accelerator ETF - Apr,ETF,AMEX,44.44,0.30,0.68,2026-10-06 05:42
UXI,ProShares Ultra Industrials,ETF,AMEX,52.63,0.02,0.03,2026-10-06 05:42
UXIN,우신 ADR,주식,NASDAQ,1.27,-0.01,-0.78,2026-10-06 05:42
UXJA,FT Vest US Equity Uncapped Accelerator ETF - Jan,ETF,AMEX,39.39,0.29,0.73,2026-10-06 05:42
UXJL,FT Vest US Equity Uncapped Accelerator ETF - July,ETF,AMEX,37.61,0.25,0.66,2026-10-06 05:42
UXOC,FT Vest US Equity Uncapped Accelerator ETF - Oct,ETF,AMEX,40.67,0.31,0.78,2026-10-06 05:42
UXRP,ProShares Ultra XRP ETF,ETF,AMEX,17.41,0.80,4.82,2026-10-06 05:42
UYG,ProShares Ultra Financials,ETF,AMEX,85.16,1.24,1.48,2026-10-06 05:42
UYLD,Angel Oak UltraShort Income ETF,ETF,NASDAQ,50.75,-0.01,-0.02,2026-10-06 05:42
UYM,ProShares Ultra Materials,ETF,AMEX,27.72,0.66,2.44,2026-10-06 05:42
UYSC,UY 스쿠티 애퀴지션,주식,NASDAQ,11.00,0.00,0.00,2026-10-06 05:42
UYSCR,UY Scuti Acquisition Rights Exp 03rd March 2030,주식,NASDAQ,0.13,0.00,1.08,2026-10-06 05:42
UYSCU,UY Scuti Acquisition Units,주식,NASDAQ,11.49,0.00,0.00,2026-10-06 05:42
UZD,어레이 디지털 인프라스트럭처 선순위채권 6.250% 만기 69년 9월,주식,NYSE,18.10,0.14,0.77,2026-10-06 05:42
UZE,어레이 디지털 인프라스트럭처 선순위채권 5.500% 만기 70년 3월,주식,NYSE,15.88,0.03,0.19,2026-10-06 05:42
UZF,어레이 디지털 인프라스트럭처 선순위채권 5.500% 만기 70년 6월,주식,NYSE,15.87,0.02,0.13,2026-10-06 05:42
UZX,링키지 글로벌,주식,NASDAQ,1.23,-0.04,-2.78,2026-10-06 05:42
V,비자,주식,NYSE,369.71,9.05,2.51,2026-10-06 05:42
VABK,버지니아 내셔널 뱅크셰어,주식,NASDAQ,47.45,0.39,0.83,2026-10-06 05:42
VABS,Virtus Newfleet Securitized Income ETF,ETF,AMEX,23.79,0.00,0.00,2026-10-06 05:42
VAC,메리어트 버케이션 월드와이드,주식,NYSE,101.93,-2.27,-2.18,2026-10-06 05:42
VACI.U,Viking Acquisition Units,주식,NYSE,7.60,0.35,4.83,2026-10-06 05:42
VAI,밸러 에너지,주식,NASDAQ,2.20,-0.04,-1.79,2026-10-06 05:42
VAIC,VegaShares US Equity Autocallable Conservative Inc,ETF,AMEX,25.27,0.12,0.48,2026-10-06 05:42
VAIE,Vegashares Us Equity Autocallable Income ETF,ETF,AMEX,24.62,0.22,0.90,2026-10-06 05:42
VAL,밸라리스,주식,NYSE,83.49,5.10,6.51,2026-10-06 05:42
VALE,발레 ADR,주식,NYSE,14.15,0.39,2.83,2026-10-06 05:42
VALG,Leverage Shares 2X Long VALE Daily ETF,ETF,NASDAQ,15.84,0.89,5.97,2026-10-06 05:42
VALN,발네바 ADR,주식,NASDAQ,5.82,0.08,1.31,2026-10-06 05:42
VALQ,American Century US Quality Value ETF,ETF,AMEX,70.04,0.03,0.04,2026-10-06 05:42
VALU,밸류 라인,주식,NASDAQ,40.60,0.10,0.25,2026-10-06 05:42
VAMO,Cambria Value and Momentum ETF,ETF,AMEX,35.53,0.14,0.39,2026-10-06 05:42
VANI,비바니 메디컬,주식,NASDAQ,1.22,-0.01,-0.81,2026-10-06 05:42
VATE,이노베이트,주식,NYSE,7.44,-0.06,-0.80,2026-10-06 05:42
VAVX,VanEck Avalanche ETF,ETF,NASDAQ,22.75,0.60,2.69,2026-10-06 05:42
VAW,Vanguard Materials Index Fund,ETF,AMEX,221.71,1.86,0.85,2026-10-06 05:42
VB,Vanguard Morningstar Small-Cap Index Fund,ETF,AMEX,290.95,1.96,0.68,2026-10-06 05:42
VBCA,Vanguard Target Maturity 2027 Corporate Bond ETF,ETF,NASDAQ,75.26,-0.01,-0.01,2026-10-06 05:42
VBCB,Vanguard Target Maturity 2028 Corporate Bond ETF,ETF,NASDAQ,74.76,0.06,0.07,2026-10-06 05:42
VBCC,Vanguard Target Maturity 2029 Corporate Bond ETF,ETF,NASDAQ,73.94,0.08,0.10,2026-10-06 05:42
VBCD,Vanguard Target Maturity 2030 Corporate Bond ETF,ETF,NASDAQ,73.19,0.10,0.14,2026-10-06 05:42
VBCE,Vanguard Target Maturity 2031 Corporate Bond ETF,ETF,NASDAQ,72.70,0.10,0.14,2026-10-06 05:42
VBCF,Vanguard Target Maturity 2032 Corporate Bond ETF,ETF,NASDAQ,72.23,0.08,0.11,2026-10-06 05:42
VBCG,Vanguard Target Maturity 2033 Corporate Bond ETF,ETF,NASDAQ,71.61,0.03,0.05,2026-10-06 05:42
VBCH,Vanguard Target Maturity 2034 Corporate Bond ETF,ETF,NASDAQ,71.30,0.04,0.05,2026-10-06 05:42
VBCI,Vanguard Target Maturity 2035 Corporate Bond ETF,ETF,NASDAQ,70.89,-0.01,-0.02,2026-10-06 05:42
VBCJ,Vanguard Target Maturity 2036 Corporate Bond ETF,ETF,NASDAQ,70.65,-0.01,-0.02,2026-10-06 05:42
VBF,Invesco Bond Fd,주식,NYSE,14.16,0.00,0.00,2026-10-06 05:42
VBIL,Vanguard 0-3 Month Treasury Bill ETF,ETF,NASDAQ,75.55,0.01,0.01,2026-10-06 05:42
VBIO,티빅 헬스 시스템스,주식,NASDAQ,2.48,-0.11,-4.25,2026-10-06 05:42
VBK,Vanguard Morningstar Small-Cap Growth Idx Fd,ETF,AMEX,347.60,3.88,1.13,2026-10-06 05:42
VBNB,Vaneck Bnb ETF,ETF,NASDAQ,30.59,0.81,2.71,2026-10-06 05:42
VBND,Vident US Bond Strategy ETF,ETF,AMEX,41.47,-0.06,-0.14,2026-10-06 05:42
VBNK,버사뱅크,주식,NASDAQ,22.36,-0.04,-0.18,2026-10-06 05:42
VBR,Vanguard Morningstar Small-Cap Value Index Fd,ETF,AMEX,234.88,0.90,0.38,2026-10-06 05:42
VC,비스티온,주식,NASDAQ,89.27,0.50,0.56,2026-10-06 05:42
VCEB,Vanguard ESG US Corporate Bond ETF,ETF,AMEX,59.36,0.01,0.02,2026-10-06 05:42
VCEL,베리셀,주식,NASDAQ,41.07,0.92,2.29,2026-10-06 05:42
VCHY,Vanguard US High-Yield Corporate Bond Index ETF,ETF,AMEX,72.53,0.09,0.13,2026-10-06 05:42
VCIG,VCI 글로벌,주식,NASDAQ,0.91,-0.46,-33.50,2026-10-06 05:42
VCIT,Vanguard Intermediate-Term Corp Bond Idx Fund,ETF,NASDAQ,77.99,0.01,0.01,2026-10-06 05:42
VCLN,Virtus Duff & Phelps Clean Energy ETF,ETF,AMEX,27.56,-0.01,-0.04,2026-10-06 05:42
VCLT,Vanguard Long-Term Corporate Bond Idx Fund,ETF,NASDAQ,68.13,-0.08,-0.12,2026-10-06 05:42
VCOB,Voya Core Bond ETF,ETF,AMEX,47.33,-0.02,-0.04,2026-10-06 05:42
VCR,Vanguard Consumer Discretionary Index Fund,ETF,AMEX,371.24,1.94,0.53,2026-10-06 05:42
VCRB,Vanguard Core Bond ETF,ETF,NASDAQ,73.29,-0.06,-0.08,2026-10-06 05:42
VCRE,바이코어 파마 홀딩 ADR,주식,NASDAQ,9.00,-0.33,-3.54,2026-10-06 05:42
VCRM,Vanguard Core Tax-Exempt Bond ETF,ETF,AMEX,71.51,-0.08,-0.10,2026-10-06 05:42
VCSH,Vanguard Short-Term Corporate Bond Idx Fd,ETF,NASDAQ,77.09,0.07,0.09,2026-10-06 05:42
VCTR,빅토리 캐피털 홀딩스,주식,NASDAQ,115.28,2.05,1.81,2026-10-06 05:42
VCV,Invesco California Value Muni Inc Tr,주식,NYSE,8.84,-0.13,-1.45,2026-10-06 05:42
VCX,Fundrise Innovation Fund  LLC,주식,NYSE,29.80,-0.03,-0.10,2026-10-06 05:42
VCYT,베라사이트,주식,NASDAQ,47.67,1.86,4.06,2026-10-06 05:42
VDC,Vanguard Consumer Staples Index Fund,ETF,AMEX,219.93,1.45,0.66,2026-10-06 05:42
VDE,Vanguard Energy Index Fund,ETF,AMEX,177.88,1.95,1.11,2026-10-06 05:42
VDG,Vanguard Developed Markets ex-US Growth Index ETF,ETF,AMEX,79.88,0.04,0.05,2026-10-06 05:42
VDI,Virtus International Dividend ETF,ETF,AMEX,35.87,0.08,0.21,2026-10-06 05:42
VDIG,Vanguard Wellington Dividend Growth Active ETF,ETF,AMEX,62.57,0.30,0.48,2026-10-06 05:42
VDV,Vanguard Developed Markets ex-US Value Index ETF,ETF,AMEX,76.49,0.05,0.07,2026-10-06 05:42
VEA,Vanguard Tax Managed Fund FTSE Developed Markets ETF,ETF,AMEX,71.13,0.00,0.00,2026-10-06 05:42
VECA,버널 캐피탈 애퀴지션,주식,NYSE,10.05,0.00,0.00,2026-10-06 05:42
VECA.U,Vernal Capital Acquisition Units,주식,NYSE,10.50,0.00,0.00,2026-10-06 05:42
VECO,비코 인스트루먼츠,주식,NASDAQ,56.31,-1.07,-1.86,2026-10-06 05:42
VEEA,비아,주식,NASDAQ,5.72,2.39,71.77,2026-10-06 05:42
VEEE,트윈 비 파워캣츠,주식,NASDAQ,10.80,-0.08,-0.69,2026-10-06 05:42
VEEM,VanEck MSCI EM Analyst Sentiment ETF,ETF,NASDAQ,25.37,0.53,2.12,2026-10-06 05:42
VEEV,비바 시스템즈,주식,NYSE,283.45,10.12,3.70,2026-10-06 05:42
VEFA,Vaneck MSCI Eafe Analyst Sentiment ETF,ETF,NASDAQ,82.14,0.17,0.21,2026-10-06 05:42
VEGA,AdvisorShares STAR Global Buy-Write ETF,ETF,AMEX,52.86,0.20,0.38,2026-10-06 05:42
VEGI,iShares MSCI Agriculture Producers ETF,ETF,AMEX,46.20,0.53,1.16,2026-10-06 05:42
VEGN,US Vegan Climate ETF,ETF,AMEX,80.50,0.35,0.43,2026-10-06 05:42
VEGX,International Vegan Climate ETF,ETF,AMEX,25.03,-0.10,-0.38,2026-10-06 05:42
VEL,벨로시티 파이낸셜,주식,NYSE,14.63,0.04,0.27,2026-10-06 05:42
VELL,Defiance Daily Target 2X Long VELO ETF,ETF,AMEX,2.09,-0.87,-29.39,2026-10-06 05:42
VELO,벨로3D,주식,NASDAQ,9.57,-1.63,-14.55,2026-10-06 05:42
VEM,Virtus Emerging Markets Dividend ETF,ETF,AMEX,28.68,0.43,1.51,2026-10-06 05:42
VEMY,Virtus Stone Harbor Emerging Markets HY Bd ETF,ETF,AMEX,27.18,0.09,0.33,2026-10-06 05:42
VENU,베누 홀딩,주식,AMEX,1.43,0.03,2.14,2026-10-06 05:42
VEON,베온 ADR,주식,NASDAQ,76.95,1.31,1.73,2026-10-06 05:42
VERA,베라 테라퓨틱스,주식,NASDAQ,29.83,-0.59,-1.94,2026-10-06 05:42
VERI,베리톤,주식,NASDAQ,0.73,-0.02,-3.10,2026-10-06 05:42
VERS,ProShares Metaverse ETF,ETF,AMEX,74.74,0.00,0.00,2026-10-06 05:42
VERU,베루,주식,NASDAQ,2.55,0.04,1.59,2026-10-06 05:42
VERX,버텍스,주식,NASDAQ,12.28,0.27,2.25,2026-10-06 05:42
VET,버밀리온 에너지,주식,NYSE,11.73,0.05,0.43,2026-10-06 05:42
VETZ,Academy Veteran Bond ETF,ETF,AMEX,18.61,-0.06,-0.35,2026-10-06 05:42
VEU,Vanguard FTSE All World ex US ETF,ETF,AMEX,83.88,0.43,0.52,2026-10-06 05:42
VEXC,Vanguard Emerging Markets Ex China ETF,ETF,AMEX,98.16,1.86,1.93,2026-10-06 05:42
VFC,VF,주식,NYSE,14.27,-0.06,-0.42,2026-10-06 05:42
VFF,빌리지 팜스 인터내셔널,주식,NASDAQ,2.72,-0.12,-4.23,2026-10-06 05:42
VFH,Vanguard Financials Index Fund,ETF,AMEX,131.40,0.88,0.67,2026-10-06 05:42
VFLO,VictoryShares Free Cash Flow ETF,ETF,NASDAQ,52.02,0.20,0.39,2026-10-06 05:42
VFMF,Vanguard US Multifactor Fund,ETF,AMEX,181.83,1.02,0.57,2026-10-06 05:42
VFMO,Vanguard US Momentum Factor ETF,ETF,AMEX,232.61,1.36,0.59,2026-10-06 05:42
VFMV,Vanguard US Minimum Volatility ETF,ETF,AMEX,143.54,0.82,0.57,2026-10-06 05:42
VFQY,Vanguard US Quality Factor ETF,ETF,AMEX,172.87,1.11,0.65,2026-10-06 05:42
VFS,빈패스트 오토,주식,NASDAQ,3.08,0.04,1.32,2026-10-06 05:42
VFVA,Vanguard US Value Factor ETF,ETF,AMEX,152.95,0.76,0.50,2026-10-06 05:42
VG,벤처 글로벌,주식,NYSE,13.45,0.32,2.44,2026-10-06 05:42
VGAS,베르데 클린 퓨얼스,주식,NASDAQ,1.09,0.00,0.00,2026-10-06 05:42
VGHY,Vanguard High Yield Active ETF,ETF,AMEX,71.86,0.00,0.00,2026-10-06 05:42
VGI,Virtus Global Multi-Sector Income Fund,주식,NYSE,6.66,-0.09,-1.33,2026-10-06 05:42
VGIT,Vanguard Intermediate-Term Treasury Index Fd,ETF,NASDAQ,56.51,-0.02,-0.04,2026-10-06 05:42
VGK,Vanguard European Stock Index Fund,ETF,AMEX,86.28,-0.10,-0.12,2026-10-06 05:42
VGLT,Vanguard Long-Term Treasury Index Fund,ETF,NASDAQ,49.68,-0.24,-0.48,2026-10-06 05:42
VGM,Invesco Trust For Inv Grade Munis,주식,NYSE,8.68,-0.22,-2.47,2026-10-06 05:42
VGMS,Vanguard Multi-Sector Income Bond ETF,ETF,AMEX,49.35,0.06,0.12,2026-10-06 05:42
VGNT,버시전트,주식,NYSE,47.27,0.84,1.81,2026-10-06 05:42
VGRO,Virtus Silvant Growth Opportunities ETF,ETF,AMEX,26.00,0.27,1.06,2026-10-06 05:42
VGSH,Vanguard Short-Term Treasury Index Fund,ETF,NASDAQ,57.46,0.00,0.00,2026-10-06 05:42
VGSR,Vert Global Sustainable Real Estate ETF,ETF,NASDAQ,10.53,-0.06,-0.52,2026-10-06 05:42
VGT,Vanguard Information Technology Index Fund,ETF,AMEX,129.20,0.88,0.69,2026-10-06 05:42
VGUS,Vanguard Ultra-Short Treasury ETF,ETF,NASDAQ,75.46,0.01,0.01,2026-10-06 05:42
VGVT,Vanguard Government Securities Active ETF,ETF,AMEX,71.83,-0.07,-0.10,2026-10-06 05:42
VGZ,비스타 골드,주식,AMEX,2.61,-0.06,-2.25,2026-10-06 05:42
VHC,버넷X 홀딩,주식,NASDAQ,11.32,0.84,8.02,2026-10-06 05:42
VHCP,바인힐 캐피탈 인베스트먼트 II,주식,NASDAQ,10.07,0.00,0.00,2026-10-06 05:42
VHCPU,Vine Hill Capital Investment II Units,주식,NASDAQ,10.17,0.00,-0.02,2026-10-06 05:42
VHI,밸히,주식,NYSE,14.75,-0.14,-0.94,2026-10-06 05:42
VHT,Vanguard Health Care Index Fund,ETF,AMEX,314.51,2.61,0.84,2026-10-06 05:42
VHUB,벤허브 글로벌,주식,NASDAQ,0.43,-0.04,-8.58,2026-10-06 05:42
VIA,비아 트랜스포테이션,주식,NYSE,30.89,1.56,5.32,2026-10-06 05:42
VIAG,Leverage Shares 2X Long VIAV Daily ETF,ETF,AMEX,14.90,-0.11,-0.74,2026-10-06 05:42
VIAV,비아비 솔루션스,주식,NASDAQ,46.91,-0.19,-0.40,2026-10-06 05:42
VICI,비치 프로퍼티스,주식,NYSE,22.53,-0.12,-0.53,2026-10-06 05:42
VICR,비코,주식,NASDAQ,305.61,-3.29,-1.07,2026-10-06 05:42
VIDA,비다 글로벌,주식,AMEX,1.52,-0.07,-4.40,2026-10-06 05:42
VIDI,Vident International Equity Strat ETF,ETF,AMEX,39.95,0.26,0.64,2026-10-06 05:42
VIG,Vanguard Dividend Appreciation Index Fund,ETF,AMEX,236.15,1.10,0.47,2026-10-06 05:42
VIGI,Vanguard Intl Dividend Appreciation Index Fund,ETF,NASDAQ,94.33,-0.23,-0.24,2026-10-06 05:42
VII,바이킹 애퀴지션 II,주식,NYSE,9.83,0.00,0.00,2026-10-06 05:42
VII.U,Viking Acquisition II Units,주식,NYSE,9.97,0.00,0.00,2026-10-06 05:42
VIK,바이킹 홀딩스,주식,NYSE,81.03,0.47,0.58,2026-10-06 05:42
VINP,빈치 컴퍼스 인베스트먼츠,주식,NASDAQ,10.72,1.27,13.44,2026-10-06 05:42
VIOG,Vanguard S&P Small-Cap 600 Growth Index Fund,ETF,AMEX,140.99,0.52,0.37,2026-10-06 05:42
VIOO,Vanguard S&P Small-Cap 600 Index Fund,ETF,AMEX,129.38,0.50,0.39,2026-10-06 05:42
VIOT,비오미 테크놀러지 ADR,주식,NASDAQ,1.51,-0.05,-3.21,2026-10-06 05:42
VIOV,Vanguard S&P Small Cap 600 Value ETF,ETF,AMEX,112.35,0.31,0.28,2026-10-06 05:42
VIP,벌칸 인프라스트럭처 앤 파워,주식,NASDAQ,1.52,0.00,0.00,2026-10-06 05:42
VIPS,브이아이피숍 홀딩스 ADR,주식,NYSE,12.71,0.38,3.08,2026-10-06 05:42
VIR,버 바이오테크놀로지,주식,NASDAQ,11.78,0.61,5.46,2026-10-06 05:42
VIRC,버코 매뉴팩처링,주식,NASDAQ,6.79,0.28,4.30,2026-10-06 05:42
VIRT,버튜 파이낸셜,주식,NYSE,62.88,4.09,6.96,2026-10-06 05:42
VIS,Vanguard Industrials Index Fund,ETF,AMEX,326.85,0.35,0.11,2026-10-06 05:42
VISN,비스탄스 네트웍스,주식,NASDAQ,6.20,-0.01,-0.16,2026-10-06 05:42
VIST,비스타 에너지,주식,NYSE,66.54,2.29,3.56,2026-10-06 05:42
VITL,바이탈 팜스,주식,NASDAQ,9.25,0.19,2.10,2026-10-06 05:42
VIV,텔레포니카 브라질 ADR,주식,NYSE,12.62,1.08,9.36,2026-10-06 05:42
VIVK,비바코어,주식,NASDAQ,4.84,0.20,4.22,2026-10-06 05:42
VIVO,비보파워,주식,NASDAQ,3.36,0.00,0.00,2026-10-06 05:42
VIVS,비보심 랩스,주식,NASDAQ,0.21,0.01,5.09,2026-10-06 05:42
VIXM,ProShares VIX Mid-Term Futures ETF,ETF,AMEX,12.84,-0.08,-0.62,2026-10-06 05:42
VIXY,ProShares VIX Short-Term Futures ETF,ETF,AMEX,16.54,-0.18,-1.08,2026-10-06 05:42
VKI,Invesco Advantage Municipal Inc Tr II,주식,AMEX,7.57,-0.10,-1.30,2026-10-06 05:42
VKQ,Invesco Municipal Trust,주식,NYSE,8.40,-0.20,-2.33,2026-10-06 05:42
VKTX,바이킹 테라퓨틱스,주식,NASDAQ,29.28,-0.66,-2.20,2026-10-06 05:42
VLGEA,빌리지 슈퍼 마켓,주식,NASDAQ,45.46,-0.54,-1.17,2026-10-06 05:42
VLN,발렌스 세미컨덕터,주식,NYSE,1.88,-0.03,-1.57,2026-10-06 05:42
VLO,발레로 에너지,주식,NYSE,419.33,13.03,3.21,2026-10-06 05:42
VLOS,벨로스 애퀴지션 I,주식,NASDAQ,10.74,-0.02,-0.14,2026-10-06 05:42
VLOSU,Velos Acquisition I Units,주식,NASDAQ,11.10,0.00,0.00,2026-10-06 05:42
VLRS,콘트롤라도라 부엘라 콤파니아 아비아시온 ADR,주식,NYSE,6.45,-0.04,-0.62,2026-10-06 05:42
VLT,Invesco High Income Trust II,주식,NYSE,9.02,-0.05,-0.55,2026-10-06 05:42
VLTO,베랄토,주식,NYSE,96.57,1.89,2.00,2026-10-06 05:42
VLU,State Street SPDR S&P 1500 Value Tilt ETF,ETF,AMEX,241.92,1.02,0.42,2026-10-06 05:42
VLUE,iShares MSCI USA Value Factor ETF,ETF,AMEX,199.76,-0.44,-0.22,2026-10-06 05:42
VLY,밸리 내셔널 뱅코프,주식,NASDAQ,12.76,-0.06,-0.47,2026-10-06 05:42
VLYPN,밸리 내셔널 뱅코프 우선주 Series C 8.250%,주식,NASDAQ,25.00,0.02,0.08,2026-10-06 05:42
VLYPO,밸리 내셔널 뱅코프 우선주 시리즈 B,주식,NASDAQ,24.80,-0.04,-0.14,2026-10-06 05:42
VLYPP,밸리 내셔널 뱅코프 우선주 시리즈 A,주식,NASDAQ,25.02,0.01,0.04,2026-10-06 05:42
VMAR,비전 마린 테크놀로지스,주식,NASDAQ,5.95,-0.45,-7.03,2026-10-06 05:42
VMAX,Hartford US Value ETF,ETF,AMEX,62.68,0.16,0.26,2026-10-06 05:42
VMBS,Vanguard Mortgage-Backed Secs Idx Fund,ETF,NASDAQ,44.16,-0.08,-0.18,2026-10-06 05:42
VMC,벌칸 머티리얼스,주식,NYSE,245.57,2.51,1.03,2026-10-06 05:42
VMD,비메드 헬스케어,주식,NASDAQ,9.24,0.11,1.20,2026-10-06 05:42
VMET,버사멧 로열티스,주식,NASDAQ,8.53,0.02,0.24,2026-10-06 05:42
VMHY,VictoryShares Municipal High Yield ETF,ETF,NASDAQ,25.09,0.03,0.10,2026-10-06 05:42
VMI,밸몬트 인더스트리스,주식,NYSE,476.85,-1.89,-0.39,2026-10-06 05:42
VMO,Invesco Municipal Opportunity Trust,주식,NYSE,8.33,-0.18,-2.12,2026-10-06 05:42
VMRK,비브마크 레지덴셜,주식,NYSE,60.09,1.00,1.70,2026-10-06 05:42
VMSB,Voya Multi Sector Income ETF,ETF,AMEX,47.51,0.07,0.16,2026-10-06 05:42
VMSD,VictoryShares Short-Duration Municipal ETF,ETF,NASDAQ,25.06,0.00,0.00,2026-10-06 05:42
VNAM,Global X MSCI Vietnam ETF,ETF,AMEX,23.63,0.07,0.31,2026-10-06 05:42
VNCE,빈스 홀딩,주식,NASDAQ,11.44,0.94,8.90,2026-10-06 05:42
VNDA,반다 파마슈티컬스,주식,NASDAQ,4.58,-0.05,-1.08,2026-10-06 05:42
VNET,브이넷 그룹 ADR,주식,NASDAQ,5.45,0.32,6.14,2026-10-06 05:42
VNIE,Vontobel International Equity Active ETF,ETF,AMEX,25.08,0.21,0.84,2026-10-06 05:42
VNLA,Janus Henderson Short Duration Income ETF,ETF,AMEX,48.62,0.02,0.04,2026-10-06 05:42
VNM,VanEck Vietnam ETF,ETF,AMEX,16.90,0.18,1.05,2026-10-06 05:42
VNME,벤돔 애퀴지션 I,주식,NASDAQ,10.31,-0.02,-0.19,2026-10-06 05:42
VNMEU,Vendome Acquisition I Units,주식,NASDAQ,10.34,0.00,0.00,2026-10-06 05:42
VNO,보나도 리얼티 트러스트,주식,NYSE,33.21,-0.52,-1.54,2026-10-06 05:42
VNOM,바이퍼 에너지,주식,NASDAQ,40.87,0.23,0.57,2026-10-06 05:42
VNQ,Vanguard Real Estate Index Fund,ETF,AMEX,89.15,-0.35,-0.39,2026-10-06 05:42
VNQI,Vanguard Global ex-US Real Estate Index Fd,ETF,NASDAQ,41.94,-0.02,-0.04,2026-10-06 05:42
VNRX,볼리션RX,주식,AMEX,0.23,0.00,-1.28,2026-10-06 05:42
VNSE,Natixis Vaughan Nelson Select ETF,ETF,AMEX,43.26,0.47,1.10,2026-10-06 05:42
VNT,본티어,주식,NYSE,31.89,0.23,0.73,2026-10-06 05:42
VNTG,밴티지,주식,AMEX,0.64,0.01,0.86,2026-10-06 05:42
VO,Vanguard Morningstar Mid-Cap Index Fund,ETF,AMEX,80.26,0.67,0.84,2026-10-06 05:42
VOC,VOC Energy Units,주식,NYSE,3.42,0.00,0.00,2026-10-06 05:42
VOD,보다폰 그룹 ADR,주식,NASDAQ,16.79,-0.03,-0.18,2026-10-06 05:42
VOE,Vanguard Morningstar Mid-Cap Value Index Fund,ETF,AMEX,199.53,1.54,0.78,2026-10-06 05:42
VOGX,보젠엑스,주식,NASDAQ,17.15,-1.08,-5.92,2026-10-06 05:42
VOLT,Tema Electrification ETF,ETF,NASDAQ,36.62,-0.11,-0.30,2026-10-06 05:42
VONE,Vanguard Russell 1000 Index Fund,ETF,NASDAQ,350.09,2.47,0.71,2026-10-06 05:42
VONG,Vanguard Russell 1000 Growth Index Fund,ETF,NASDAQ,132.15,1.33,1.02,2026-10-06 05:42
VONV,Vanguard Russell 1000 Value Index Fund,ETF,NASDAQ,109.78,0.43,0.39,2026-10-06 05:42
VOO,Vanguard 500 Index Fund ETF,ETF,AMEX,712.32,4.78,0.68,2026-10-06 05:42
VOOB,VistaShares Shield S&P 500 Enhanced Protection ETF,ETF,NASDAQ,25.09,0.05,0.20,2026-10-06 05:42
VOOG,Vanguard S&P 500 Growth Index Fund,ETF,AMEX,87.29,0.79,0.91,2026-10-06 05:42
VOOV,Vanguard S&P 500 Value Index Fund,ETF,AMEX,222.62,1.00,0.45,2026-10-06 05:42
VOOY,XFUNDS Large Cap Income ETF,ETF,AMEX,25.59,0.15,0.59,2026-10-06 05:42
VOR,보어 바이오파마,주식,NASDAQ,18.58,-0.11,-0.59,2026-10-06 05:42
VOT,Vanguard Morningstar Mid-Cap Growth Index Fd,ETF,AMEX,300.05,2.46,0.83,2026-10-06 05:42
VOTE,TCW Transform 500 ETF,ETF,NASDAQ,91.38,0.60,0.66,2026-10-06 05:42
VOX,Vanguard Communication Services Index Fund,ETF,AMEX,192.67,2.49,1.31,2026-10-06 05:42
VOXP,Vox Populi ETF,ETF,AMEX,40.42,0.33,0.83,2026-10-06 05:42
VOXR,복스 로열티,주식,NASDAQ,5.03,0.00,0.00,2026-10-06 05:42
VOYA,보야 파이낸셜,주식,NYSE,98.10,1.45,1.50,2026-10-06 05:42
VOYG,보이저 테크놀로지스,주식,NYSE,30.20,-0.73,-2.36,2026-10-06 05:42
VPC,Virtus Private Credit Strategy ETF,ETF,AMEX,14.68,-0.10,-0.70,2026-10-06 05:42
VPFF,Virtus InfraCap Preferred and Income Sec ETF,ETF,AMEX,24.22,-0.04,-0.17,2026-10-06 05:42
VPG,비샤이 프리시전 그룹,주식,NYSE,78.06,-1.01,-1.28,2026-10-06 05:42
VPL,Vanguard Pacific Stock Index Fund ETF,ETF,AMEX,118.40,0.29,0.25,2026-10-06 05:42
VPLS,Vanguard Core-Plus Bond ETF,ETF,NASDAQ,73.62,-0.13,-0.18,2026-10-06 05:42
VPU,Vanguard Utilities Index Fund,ETF,AMEX,173.20,0.55,0.32,2026-10-06 05:42
VPV,Invesco Pennsylvania Value Municipal Income Trust,주식,NYSE,10.66,-0.06,-0.56,2026-10-06 05:42
VPX,Variant Perception Cycle Aware US Equity ETF,ETF,AMEX,31.77,0.20,0.64,2026-10-06 05:42
VRA,베라 브래들리,주식,NASDAQ,5.02,-0.09,-1.76,2026-10-06 05:42
VRAI,Virtus Real Asset Income ETF,ETF,AMEX,27.32,0.16,0.57,2026-10-06 05:42
VRAX,바이랙스 바이오랩스 그룹,주식,NASDAQ,2.40,0.20,9.09,2026-10-06 05:42
VRC,Corgi VRT 2x Daily ETF,ETF,AMEX,14.99,0.18,1.18,2026-10-06 05:42
VRCA,베리카 파마슈티컬,주식,NASDAQ,4.31,-0.07,-1.60,2026-10-06 05:42
VRDN,비리디안 테라퓨틱스,주식,NASDAQ,19.00,-0.40,-2.06,2026-10-06 05:42
VREX,바렉스 이미징,주식,NASDAQ,18.45,-0.01,-0.05,2026-10-06 05:42
VRIG,Invesco Variable Rate Investment Grade ETF,ETF,NASDAQ,25.04,0.00,0.00,2026-10-06 05:42
VRM,브룸,주식,NASDAQ,9.02,-0.01,-0.11,2026-10-06 05:42
VRNS,바로니스 시스템즈,주식,NASDAQ,48.15,0.58,1.22,2026-10-06 05:42
VRP,Invesco Variable Rate Preferred ETF,ETF,AMEX,23.67,-0.04,-0.17,2026-10-06 05:42
VRRM,베라 모빌리티,주식,NASDAQ,2.87,0.06,2.14,2026-10-06 05:42
VRSK,베리스크 애널리틱스,주식,NASDAQ,163.28,-0.60,-0.37,2026-10-06 05:42
VRSN,베리사인,주식,NASDAQ,292.26,3.94,1.37,2026-10-06 05:42
VRT,버티브 홀딩스,주식,NYSE,253.62,1.44,0.57,2026-10-06 05:42
VRTL,GraniteShares 2x Long VRT Daily ETF,ETF,NASDAQ,25.15,0.26,1.04,2026-10-06 05:42
VRTS,비르투스 인베스트먼트 파트너스,주식,NYSE,134.47,0.66,0.49,2026-10-06 05:42
VRTX,버텍스 파마슈티컬,주식,NASDAQ,503.50,-1.23,-0.24,2026-10-06 05:42
VRXA,베락사 바이오테크,주식,NASDAQ,1.13,0.00,0.00,2026-10-06 05:42
VS,버서스 시스템즈,주식,NASDAQ,1.07,-0.02,-1.38,2026-10-06 05:42
VSA,비전시스 AI ADR,주식,NASDAQ,2.03,-0.18,-8.14,2026-10-06 05:42
VSAT,비아샛,주식,NASDAQ,69.79,-2.21,-3.07,2026-10-06 05:42
VSDA,VictoryShares Dividend Accelerator ETF,ETF,NASDAQ,56.50,0.22,0.38,2026-10-06 05:42
VSDB,Vanguard Short Duration Bond ETF,ETF,AMEX,74.44,-0.03,-0.04,2026-10-06 05:42
VSDM,Vanguard Short Duration Tax-Exempt Bond ETF,ETF,AMEX,74.38,-0.06,-0.08,2026-10-06 05:42
VSEC,VSE,주식,NASDAQ,168.13,0.85,0.51,2026-10-06 05:42
VSECU,Vse Corporation Tangible Equity Units,주식,NASDAQ,44.99,0.27,0.60,2026-10-06 05:42
VSGX,Vanguard ESG International Stock ETF,ETF,AMEX,82.03,0.54,0.66,2026-10-06 05:42
VSH,비샤이 인터테크놀로지,주식,NYSE,37.10,-1.08,-2.83,2026-10-06 05:42
VSHY,Virtus Newfleet Short Duration High Yield Bond ETF,ETF,AMEX,21.25,0.04,0.18,2026-10-06 05:42
VSLU,Applied Finance Valuation Large Cap ETF,ETF,AMEX,49.27,0.41,0.85,2026-10-06 05:42
VSME,VS 미디어 홀딩스,주식,NASDAQ,0.91,-0.02,-2.15,2026-10-06 05:42
VSMV,VictoryShares US Multi-Factor Minimum Vol ETF,ETF,NASDAQ,59.98,-0.06,-0.10,2026-10-06 05:42
VSNT,버산트 미디어 그룹,주식,NASDAQ,31.02,0.08,0.26,2026-10-06 05:42
VSOL,VanEck Solana ETF,ETF,NASDAQ,16.20,0.30,1.90,2026-10-06 05:42
VSS,Vanguard FTSE All-World ex-US Small-Cap Index,ETF,AMEX,155.96,0.31,0.20,2026-10-06 05:42
VST,비스트라,주식,NYSE,144.89,4.87,3.48,2026-10-06 05:42
VSTL,Defiance Daily Target 2X Long VST ETF,ETF,NASDAQ,21.88,1.40,6.84,2026-10-06 05:42
VSTM,베라스템,주식,NASDAQ,8.00,0.30,3.90,2026-10-06 05:42
VSTS,베스티스,주식,NYSE,14.01,-0.02,-0.14,2026-10-06 05:42
VSXY,빅토리아 시크릿,주식,NYSE,89.41,-2.32,-2.53,2026-10-06 05:42
VT,Vanguard Total World Stock Index Fund,ETF,AMEX,160.11,0.98,0.62,2026-10-06 05:42
VTAK,카테터 프레시젼,주식,AMEX,0.15,0.00,-0.66,2026-10-06 05:42
VTC,Vanguard Total Corporate Bond ETF,ETF,NASDAQ,72.54,0.02,0.03,2026-10-06 05:42
VTEB,Vanguard Tax-Exempt Bond Index Fund,ETF,AMEX,47.37,0.12,0.25,2026-10-06 05:42
VTEC,Vanguard California Tax-Exempt Bond ETF,ETF,AMEX,94.20,0.01,0.01,2026-10-06 05:42
VTEI,Vanguard Intermediate-Term Tax-Exempt Bond ETF,ETF,AMEX,95.51,0.06,0.06,2026-10-06 05:42
VTEL,Vanguard Long-Term Tax-Exempt Bond ETF,ETF,AMEX,95.90,0.02,0.02,2026-10-06 05:42
VTES,Vanguard Short-Term Tax-Exempt Bond ETF,ETF,AMEX,98.67,-0.02,-0.02,2026-10-06 05:42
VTEX,VTEX,주식,NYSE,3.79,0.14,3.84,2026-10-06 05:42
VTG,Vanguard Total Treasury ETF,ETF,AMEX,71.98,-0.07,-0.10,2026-10-06 05:42
VTGN,비스타젠 테라퓨틱스,주식,NASDAQ,0.26,-0.02,-6.33,2026-10-06 05:42
VTHR,Vanguard Russell 3000 Index Fund,ETF,NASDAQ,340.83,2.26,0.67,2026-10-06 05:42
VTI,Vanguard Morningstar Total Stock Mkt Ix Fd,ETF,AMEX,380.60,2.61,0.69,2026-10-06 05:42
VTIP,Vanguard Sht-Term Inflation-Protected Sec Idx,ETF,NASDAQ,48.39,0.02,0.03,2026-10-06 05:42
VTIX,버툭스 홀딩스,주식,NASDAQ,1.23,0.03,2.50,2026-10-06 05:42
VTMX,베스타 리얼 에스테이트 ADR,주식,NYSE,32.59,0.12,0.37,2026-10-06 05:42
VTN,Invesco Trust For Inv Grade NY Munis,주식,NYSE,9.42,-0.21,-2.18,2026-10-06 05:42
VTOL,브리스토우 그룹,주식,NYSE,40.43,0.17,0.42,2026-10-06 05:42
VTP,Vanguard Total Inflation-Protected Securities ETF,ETF,AMEX,72.10,-0.14,-0.19,2026-10-06 05:42
VTR,벤타스,주식,NYSE,81.36,-2.65,-3.15,2026-10-06 05:42
VTRS,비아트리스,주식,NASDAQ,17.62,0.02,0.11,2026-10-06 05:42
VTS,비테스 에너지,주식,NYSE,17.05,0.18,1.07,2026-10-06 05:42
VTSI,버트라,주식,NASDAQ,2.84,0.05,1.79,2026-10-06 05:42
VTV,Vanguard Morningstar Value Index Fund,ETF,AMEX,217.93,0.70,0.32,2026-10-06 05:42
VTVT,vTv 테라퓨틱스,주식,NASDAQ,30.33,-0.24,-0.79,2026-10-06 05:42
VTWG,Vanguard Russell 2000 Growth Index Fund,ETF,NASDAQ,265.36,1.82,0.69,2026-10-06 05:42
VTWO,Vanguard Russell 2000 Index Fund,ETF,NASDAQ,114.43,0.73,0.64,2026-10-06 05:42
VTWV,Vanguard Russell 2000 Value Index Fund,ETF,NASDAQ,187.94,0.90,0.48,2026-10-06 05:42
VUG,Vanguard Morningstar Growth Index Fund,ETF,AMEX,92.06,0.89,0.98,2026-10-06 05:42
VUS,Virtus US Dividend ETF,ETF,AMEX,30.31,0.08,0.27,2026-10-06 05:42
VUSB,Vanguard Ultra-Short Bond ETF,ETF,AMEX,49.42,0.01,0.01,2026-10-06 05:42
VUSE,Vident US Equity Strategy ETF,ETF,AMEX,73.35,0.54,0.74,2026-10-06 05:42
VUSG,Vanguard Wellington US Growth Active ETF,ETF,AMEX,68.66,0.81,1.19,2026-10-06 05:42
VUSI,Voya Ultra Short Income ETF,ETF,AMEX,49.87,0.02,0.03,2026-10-06 05:42
VUSV,Vanguard Wellington US Value Active ETF,ETF,AMEX,69.67,0.41,0.59,2026-10-06 05:42
VUZI,뷰직스,주식,NASDAQ,2.98,0.00,0.00,2026-10-06 05:42
VV,Vanguard Morningstar Large-Cap Index Fund,ETF,AMEX,357.66,2.66,0.75,2026-10-06 05:42
VVOS,비보스 테라퓨틱스,주식,NASDAQ,0.15,0.00,1.52,2026-10-06 05:42
VVR,Invesco Senior Income Trust,주식,NYSE,2.87,-0.02,-0.69,2026-10-06 05:42
VVV,밸보라인,주식,NYSE,30.34,-0.24,-0.78,2026-10-06 05:42
VVX,브이투엑스(V2X),주식,NYSE,70.87,0.08,0.11,2026-10-06 05:42
VWAV,비전웨이브 홀딩스,주식,NASDAQ,4.35,-0.13,-2.90,2026-10-06 05:42
VWO,Vanguard Emerging Markets Stock Index Fund,ETF,AMEX,60.61,1.05,1.76,2026-10-06 05:42
VWOB,Vanguard Emerging Markets Govt Bd Idx ETF,ETF,NASDAQ,62.80,0.09,0.14,2026-10-06 05:42
VXF,Vanguard Extended Market Index Fund,ETF,AMEX,237.16,1.81,0.77,2026-10-06 05:42
VXUS,Vanguard Total International Stock Index Fund,ETF,NASDAQ,85.85,0.42,0.49,2026-10-06 05:42
VXX,Barclays iPath Series B S P 500 VIX Short Term Futures ETN Series B,주식,AMEX,17.20,-0.20,-1.15,2026-10-06 05:42
VXZ,Barclays iPath Series B S P 500 VIX Mid-Term Futures ETN Series B,주식,AMEX,45.28,-0.22,-0.48,2026-10-06 05:42
VYGR,보이저 테라퓨틱스,주식,NASDAQ,2.46,0.01,0.41,2026-10-06 05:42
VYLD,Jpmorgan Chase Financial Inverse Vix Short Term Futures Etns Due March 22 2045,ETF,AMEX,31.25,0.07,0.22,2026-10-06 05:42
VYM,Vanguard High Dividend Yield Index Fund,ETF,AMEX,157.03,0.57,0.36,2026-10-06 05:42
VYMI,Vanguard Internatl High Div Yield Index Fund,ETF,NASDAQ,101.08,0.59,0.59,2026-10-06 05:42
VYX,NCR 보익스,주식,NYSE,6.84,0.14,2.09,2026-10-06 05:42
VZ,버라이존,주식,NYSE,45.85,-0.07,-0.15,2026-10-06 05:42
VZLA,비즐라 실버,주식,AMEX,3.51,-0.10,-2.77,2026-10-06 05:42
W,웨이페어,주식,NYSE,106.05,4.80,4.74,2026-10-06 05:42
WAB,웨스팅하우스 에어 브레이크 테크놀로지,주식,NYSE,291.86,4.32,1.50,2026-10-06 05:42
WABC,웨스트아메리카 뱅코프,주식,NASDAQ,59.06,-0.54,-0.91,2026-10-06 05:42
WABF,Western Asset Bond ETF,ETF,NASDAQ,23.53,-0.03,-0.11,2026-10-06 05:42
WAFD,WaFd,주식,NASDAQ,30.17,-0.63,-2.05,2026-10-06 05:42
WAFDP,WaFd 우선주 Series A,주식,NASDAQ,15.50,-0.19,-1.21,2026-10-06 05:42
WAFU,와푸 에듀케이션,주식,NASDAQ,1.47,0.02,1.38,2026-10-06 05:42
WAGN,Pabrai Wagons ETF,ETF,AMEX,15.32,0.21,1.39,2026-10-06 05:42
WAL,웨스턴 얼라이언스 뱅코프,주식,NYSE,76.02,-0.36,-0.47,2026-10-06 05:42
WALD,월든캐스트,주식,NASDAQ,0.88,-0.04,-4.69,2026-10-06 05:42
WAMA,WisdomTree US Adaptive Moving Average Fund,ETF,NASDAQ,27.18,0.18,0.65,2026-10-06 05:42
WANT,Direxion Daily Consumer Discretionary Bull 3X ETF,ETF,AMEX,33.93,0.26,0.77,2026-10-06 05:42
WAR,US Global Technology and Aerospace & Defense ETF,ETF,AMEX,32.44,0.07,0.23,2026-10-06 05:42
WARP,VanEck Space ETF,ETF,NASDAQ,20.93,0.14,0.66,2026-10-06 05:42
WASH,워싱턴 트러스트 뱅코프,주식,NASDAQ,38.12,-0.34,-0.88,2026-10-06 05:42
WAT,워터스,주식,NYSE,440.12,14.91,3.51,2026-10-06 05:42
WATR,인플렉션 포인트 애퀴지션 III,주식,NASDAQ,1.90,0.00,0.00,2026-10-06 05:42
WATS,Corgi Battery Energy Strg Sytm ETF,ETF,AMEX,20.40,-0.07,-0.33,2026-10-06 05:42
WATT,에너거스,주식,NASDAQ,12.81,-0.53,-3.97,2026-10-06 05:42
WAVE,에코 웨이브 파워 글로벌 AB (publ) ADR,주식,NASDAQ,5.82,-0.02,-0.32,2026-10-06 05:42
WAY,웨이스타 홀딩,주식,NASDAQ,26.48,1.67,6.73,2026-10-06 05:42
WB,웨이보 ADR,주식,NASDAQ,6.48,0.15,2.37,2026-10-06 05:42
WBD,워너 브로스 디스커버리,주식,NASDAQ,30.95,0.01,0.03,2026-10-06 05:42
WBI,워터브리지 인프라스트럭처,주식,NYSE,29.23,0.38,1.32,2026-10-06 05:42
WBIF,WBI BullBear Value 3000 ETF,ETF,AMEX,35.34,0.18,0.51,2026-10-06 05:42
WBIG,WBI BullBear Yield 3000 ETF,ETF,AMEX,25.86,0.11,0.42,2026-10-06 05:42
WBIL,WBI BullBear Quality 3000 ETF,ETF,AMEX,40.00,0.33,0.82,2026-10-06 05:42
WBIY,WBI Power Factor High Dividend ETF,ETF,NYSE,34.88,-0.09,-0.24,2026-10-06 05:42
WBTN,웹툰 엔터테인먼트,주식,NASDAQ,10.46,-0.04,-0.38,2026-10-06 05:42
WBUY,위바이 글로벌,주식,NASDAQ,0.76,-0.03,-3.66,2026-10-06 05:42
WBX,월박스,주식,NYSE,2.76,0.01,0.36,2026-10-06 05:42
WCAP,WarCap Unconstrained Equity ETF,ETF,AMEX,9.34,0.08,0.83,2026-10-06 05:42
WCBR,WisdomTree Cybersecurity Fund,ETF,NASDAQ,47.21,0.57,1.22,2026-10-06 05:42
WCC,웨스코 인터내셔널,주식,NYSE,377.09,-4.64,-1.22,2026-10-06 05:42
WCCB,웨스트 코스트 커뮤니티 뱅코프,주식,NASDAQ,60.70,0.04,0.07,2026-10-06 05:42
WCEO,Hypatia Women CEO ETF,ETF,AMEX,37.71,0.19,0.51,2026-10-06 05:42
WCLD,WisdomTree Cloud Computing Fund,ETF,NASDAQ,42.12,0.88,2.13,2026-10-06 05:42
WCME,First Trust WCM Developing World Equity ETF,ETF,AMEX,19.77,0.55,2.84,2026-10-06 05:42
WCMG,First Trust Wcm Global Equity ETF,ETF,AMEX,21.07,0.10,0.48,2026-10-06 05:42
WCMI,First Trust WCM International Equity ETF,ETF,AMEX,19.24,0.08,0.39,2026-10-06 05:42
WCN,웨이스트 커넥션스,주식,NYSE,154.30,0.48,0.31,2026-10-06 05:42
WCPB,Weitz Core Plus Bond ETF,ETF,AMEX,24.15,-0.08,-0.31,2026-10-06 05:42
WCT,웰체인지 홀딩스,주식,NASDAQ,1.01,-0.28,-21.71,2026-10-06 05:42
WD,워커 & 던롭,주식,NYSE,33.06,-0.91,-2.68,2026-10-06 05:42
WDAF,WisdomTree Asia Defense Fund,ETF,NASDAQ,31.19,0.00,0.01,2026-10-06 05:42
WDAI,Pacer S&P World 3AI Top 300 ETF,ETF,AMEX,28.13,0.08,0.27,2026-10-06 05:42
WDAY,워크데이,주식,NASDAQ,188.96,2.82,1.52,2026-10-06 05:42
WDC,웨스턴 디지털,주식,NASDAQ,441.64,26.35,6.35,2026-10-06 05:42
WDCC,Corgi WDC 2x Daily ETF,ETF,AMEX,12.12,1.42,13.27,2026-10-06 05:42
WDCX,Tradr 2X Long WDC Daily ETF,ETF,AMEX,16.03,1.72,12.02,2026-10-06 05:42
WDE,Principal Securitized Debt ETF,ETF,AMEX,24.25,0.02,0.10,2026-10-06 05:42
WDEF,WisdomTree Europe Defense Fund,ETF,AMEX,28.04,0.31,1.12,2026-10-06 05:42
WDFC,WD-40,주식,NASDAQ,205.86,2.84,1.40,2026-10-06 05:42
WDGF,WisdomTree Global Defense Fund,ETF,NASDAQ,29.93,0.12,0.41,2026-10-06 05:42
WDH,워터드랍 ADR,주식,NYSE,1.03,0.00,0.00,2026-10-06 05:42
WDI,Western Asset Diversified Income Fund,주식,NYSE,11.70,-0.15,-1.27,2026-10-06 05:42
WDIG,WisdomTree Efficient Rare Earth Plus Strt Metal Fd,ETF,AMEX,41.26,0.39,0.95,2026-10-06 05:42
WDIV,State Street SPDR S&P Glbl Dividend ETF,ETF,AMEX,81.33,0.02,0.02,2026-10-06 05:42
WDNA,WisdomTree BioRevolution Fund,ETF,AMEX,24.31,0.63,2.64,2026-10-06 05:42
WDRN,WisdomTree Physical AI Humanoids and Drones Fund,ETF,AMEX,26.82,0.16,0.61,2026-10-06 05:42
WDS,우드사이드 에너지 그룹 ADR,주식,NYSE,21.77,-0.02,-0.09,2026-10-06 05:42
WDTE,Defiance S&P 500 Weekly Distribution ETF,ETF,AMEX,28.90,0.15,0.52,2026-10-06 05:42
WEA,Western Asset Premier Bond Closed Fund,주식,NYSE,9.83,-0.02,-0.20,2026-10-06 05:42
WEAT,Teucrium Wheat Fund,ETF,AMEX,25.09,0.34,1.37,2026-10-06 05:42
WEAV,위브 커뮤니케이션스,주식,NYSE,7.36,-0.01,-0.14,2026-10-06 05:42
WEBL,Direxion Daily Dow Jones Internet Bull 3X ETF,ETF,AMEX,29.83,0.61,2.09,2026-10-06 05:42
WEBS,Direxion Daily Dow Jones Internet Bear 3X ETF,ETF,AMEX,13.55,-0.27,-1.95,2026-10-06 05:42
WEBX,Corgi Chinese Internet 2X Daily ETF,ETF,AMEX,17.73,0.99,5.94,2026-10-06 05:42
WEC,WEC 에너지 그룹,주식,NYSE,101.30,-0.29,-0.29,2026-10-06 05:42
WEED,Roundhill Cannabis ETF,ETF,AMEX,20.30,-0.30,-1.46,2026-10-06 05:42
WEEI,Westwood Salient Enhanced Energy Income ETF,ETF,NASDAQ,24.81,0.19,0.76,2026-10-06 05:42
WEEK,Roundhill Weekly T Bill ETF,ETF,AMEX,100.05,0.01,0.01,2026-10-06 05:42
WEEL,Peerless Option Income Wheel ETF,ETF,AMEX,19.92,0.02,0.12,2026-10-06 05:42
WELD,Tema U.S. Manufacturing & Reshoring ETF,ETF,AMEX,55.40,0.23,0.41,2026-10-06 05:42
WELL,웰타워,주식,NYSE,224.16,-3.55,-1.56,2026-10-06 05:42
WEN,웬디스,주식,NASDAQ,6.10,-0.02,-0.33,2026-10-06 05:42
WENC,웨스트 엔클레이브 머저,주식,NYSE,10.02,0.01,0.05,2026-10-06 05:42
WENC.U,West Enclave Merger Units,주식,NYSE,10.09,0.00,0.00,2026-10-06 05:42
WENN,웬 애퀴지션,주식,NASDAQ,10.42,0.00,0.00,2026-10-06 05:42
WENNU,WEN Acquisition Units,주식,NASDAQ,10.64,0.00,0.00,2026-10-06 05:42
WEPN,Nicholas Defense and Rare Earth Income ETF,ETF,AMEX,42.54,0.57,1.35,2026-10-06 05:42
WERN,웨너 엔터프라이즈,주식,NASDAQ,34.15,-1.06,-3.01,2026-10-06 05:42
WES,Western Midstream Partners Common Units,주식,NYSE,45.59,0.83,1.85,2026-10-06 05:42
WEST,웨스트락 커피,주식,NASDAQ,8.22,0.08,0.98,2026-10-06 05:42
WETH,위터치 테크놀로지,주식,NASDAQ,0.99,-0.01,-0.70,2026-10-06 05:42
WETO,위투어 로보틱스,주식,NASDAQ,1.05,-0.03,-2.78,2026-10-06 05:42
WEX,웩스,주식,NYSE,172.48,3.38,2.00,2026-10-06 05:42
WEYS,웨이코 그룹,주식,NASDAQ,50.19,-0.70,-1.38,2026-10-06 05:42
WF,우리금융지주 ADR,주식,NYSE,75.68,0.47,0.62,2026-10-06 05:42
WFC,웰스파고,주식,NYSE,81.44,0.99,1.23,2026-10-06 05:42
WFCF,웨어 푸드 컴스 프롬,주식,NASDAQ,12.76,0.03,0.24,2026-10-06 05:42
WFF,WF 홀딩,주식,NASDAQ,2.29,-0.12,-4.78,2026-10-06 05:42
WFG,웨스트 프레이저 팀버,주식,NYSE,65.90,-0.60,-0.90,2026-10-06 05:42
WFRD,웨더포드 인터네셔널,주식,NASDAQ,82.32,2.60,3.26,2026-10-06 05:42
WGMI,CoinShares Bitcoin Mining and Digital Power ETF,ETF,NASDAQ,44.35,-0.99,-2.18,2026-10-06 05:42
WGO,위니바고 인더스트리,주식,NYSE,25.00,-1.30,-4.94,2026-10-06 05:42
WGS,진디엑스 홀딩스,주식,NASDAQ,76.27,3.18,4.35,2026-10-06 05:42
WH,윈덤 호텔 & 리조트,주식,NYSE,71.22,-0.57,-0.79,2026-10-06 05:42
WHD,캑터스,주식,NYSE,64.75,1.31,2.06,2026-10-06 05:42
WHF,화이트호스 파이낸스,주식,NASDAQ,7.07,0.09,1.29,2026-10-06 05:42
WHFCL,WhiteHorse Finance 7 875 Notes due 2028,주식,NASDAQ,25.08,0.07,0.28,2026-10-06 05:42
WHG,웨스트우드 홀딩스 그룹,주식,NYSE,19.03,-0.58,-2.96,2026-10-06 05:42
WHK,화이트호크 미네랄스,주식,NYSE,25.66,0.17,0.67,2026-10-06 05:42
WHLR,휠러 리얼 에스테이트 인베스트,주식,NASDAQ,1.09,-0.98,-47.34,2026-10-06 05:42
WHLRD,휠러 리얼 에스테이트 인베스트 우선주 시리즈 D 8.75%,주식,NASDAQ,36.26,0.00,0.00,2026-10-06 05:42
WHLRL,휠러 부동산 투자신탁 7.000% 선순위전환채 2031년,주식,NASDAQ,85.00,0.00,0.00,2026-10-06 05:42
WHLRP,휠러 리얼 에스테이트 인베스트 우선주 시리즈 B 9.000%,주식,NASDAQ,11.74,0.74,6.73,2026-10-06 05:42
WHR,월풀,주식,NYSE,30.03,-0.28,-0.92,2026-10-06 05:42
WHWK,화이트호크 테라퓨틱스,주식,NASDAQ,3.70,0.00,0.00,2026-10-06 05:42
WIA,Western Asset Inflation Linked Income Closed End Fund,주식,NYSE,7.64,0.00,0.00,2026-10-06 05:42
WIMA,WisdomTree International Adaptive Moving Ave Fund,ETF,NASDAQ,42.19,0.03,0.08,2026-10-06 05:42
WIMI,와이마이 홀로그램 클라우드,주식,NASDAQ,0.76,-0.01,-1.44,2026-10-06 05:42
WINA,윈마크,주식,NASDAQ,293.86,-3.83,-1.29,2026-10-06 05:42
WING,윙스톱,주식,NASDAQ,106.84,-0.05,-0.05,2026-10-06 05:42
WINN,Harbor Long-Term Growers ETF,ETF,NYSE,35.00,0.34,0.98,2026-10-06 05:42
WIP,State Street SPDR FTSE Intl Govt IP Bd ETF,ETF,AMEX,38.11,0.12,0.32,2026-10-06 05:42
WISE,Themes Generative Artificial Intelligence ETF,ETF,NASDAQ,35.43,0.16,0.45,2026-10-06 05:42
WIT,위프로 ADR,주식,NYSE,1.69,-0.03,-1.74,2026-10-06 05:42
WIW,Western Asset Inflation Linked Opportunities Income Closed End Fund,주식,NYSE,7.91,-0.08,-1.00,2026-10-06 05:42
WIX,윅스닷컴,주식,NASDAQ,74.06,1.44,1.98,2026-10-06 05:42
WK,워키바,주식,NYSE,71.88,0.65,0.91,2026-10-06 05:42
WKC,월드 키넥트,주식,NYSE,36.43,0.58,1.62,2026-10-06 05:42
WKEY,와이즈키 인터내셔널 홀딩 AG ADR,주식,NASDAQ,6.09,0.41,7.22,2026-10-06 05:42
WKHS,워크호스 그룹,주식,NASDAQ,2.95,-0.02,-0.67,2026-10-06 05:42
WKSP,워크스포트,주식,NASDAQ,0.41,-0.05,-11.18,2026-10-06 05:42
WLCO,윌코 63,주식,NASDAQ,9.82,-0.08,-0.81,2026-10-06 05:42
WLCOU,Wilco 63 Units,주식,NASDAQ,9.98,0.00,0.00,2026-10-06 05:42
WLDN,윌댄 그룹,주식,NASDAQ,73.58,0.04,0.05,2026-10-06 05:42
WLDR,Simplify Affinity World Leaders Equity ETF,ETF,AMEX,46.90,-0.32,-0.68,2026-10-06 05:42
WLDS,웨어러블 디바이시스,주식,NASDAQ,1.38,-0.01,-0.72,2026-10-06 05:42
WLDU,Leverage Shares 2x Long World Stock Daily ETF,ETF,AMEX,17.57,0.20,1.16,2026-10-06 05:42
WLFC,윌리스 리스 파이낸스,주식,NASDAQ,42.84,-2.83,-6.20,2026-10-06 05:42
WLII,윌로우 레인 애퀴지션 II,주식,NASDAQ,10.29,0.03,0.29,2026-10-06 05:42
WLIIU,Willow Lane Acquisition II Units,주식,NASDAQ,10.44,0.00,0.00,2026-10-06 05:42
WLK,웨스트레이크,주식,NYSE,64.61,1.11,1.75,2026-10-06 05:42
WLKP,Westlake Chemical Partners Units,주식,NYSE,21.42,0.15,0.71,2026-10-06 05:42
WLTG,WealthTrust DBS Long Term Growth ETF,ETF,NYSE,38.56,0.27,0.70,2026-10-06 05:42
WLTH,웰스프론트,주식,NASDAQ,10.62,0.59,5.88,2026-10-06 05:42
WLY,존 윌리 앤 손 Class A,주식,NYSE,48.54,1.04,2.19,2026-10-06 05:42
WLYB,존 윌리 앤 손 Class B,주식,NYSE,48.36,-1.18,-2.37,2026-10-06 05:42
WM,웨이스트 매니지먼트,주식,NYSE,206.66,2.21,1.08,2026-10-06 05:42
WMB,윌리엄스 컴퍼니즈,주식,NYSE,70.81,0.27,0.38,2026-10-06 05:42
WMG,워너 뮤직 그룹,주식,NASDAQ,27.63,0.82,3.04,2026-10-06 05:42
WMK,웨이스 마켓,주식,NYSE,74.01,-0.03,-0.04,2026-10-06 05:42
WMS,어드밴스트 드레이니지 시스템즈,주식,NYSE,129.43,2.16,1.70,2026-10-06 05:42
WMSB,Weitz Multisector Bond ETF,ETF,AMEX,24.16,-0.02,-0.08,2026-10-06 05:42
WMT,월마트,주식,NASDAQ,105.07,0.81,0.78,2026-10-06 05:42
WMTI,REX WMT Growth And Income ETF,ETF,AMEX,18.56,0.15,0.81,2026-10-06 05:42
WNC,와바시 내셔널,주식,NYSE,13.99,-0.05,-0.36,2026-10-06 05:42
WNDR,Corgi Travel & Leisure ETF,ETF,AMEX,25.57,-0.02,-0.08,2026-10-06 05:42
WNEB,웨스턴 뉴 잉글랜드 뱅코프,주식,NASDAQ,13.84,-0.09,-0.65,2026-10-06 05:42
WNTR,YieldMax MSTR Short Option Income Strategy ETF,ETF,AMEX,14.60,-0.25,-1.68,2026-10-06 05:42
WNW,메이우 테크놀로지,주식,NASDAQ,2.36,-0.03,-1.05,2026-10-06 05:42
WOK,워크 메디컬 테크놀로지 그룹,주식,NASDAQ,1.47,-0.25,-14.33,2026-10-06 05:42
WOLF,울프스피드,주식,NYSE,33.53,-1.75,-4.96,2026-10-06 05:42
WOMN,Impact Shares Womens Empowerment ETF,ETF,AMEX,44.36,0.25,0.56,2026-10-06 05:42
WOOD,iShares Global Timber & Forestry ETF,ETF,NASDAQ,66.21,-0.14,-0.21,2026-10-06 05:42
WOOF,펫코 헬스 앤 웰니스 컴퍼니,주식,NASDAQ,2.18,-0.01,-0.46,2026-10-06 05:42
WOR,워딩턴 엔터프라이즈,주식,NYSE,61.14,0.48,0.79,2026-10-06 05:42
WPAC,화이트 펄 애퀴지션,주식,NYSE,10.09,0.00,0.00,2026-10-06 05:42
WPAC.U,White Pearl Acquisition Units,주식,NYSE,10.45,0.00,0.00,2026-10-06 05:42
WPC,WP 케어리,주식,NYSE,63.93,-0.59,-0.91,2026-10-06 05:42
WPM,휘턴 프레셔스 메탈스,주식,NYSE,136.27,-0.01,-0.01,2026-10-06 05:42
WPP,WPP ADR,주식,NYSE,24.58,-0.09,-0.36,2026-10-06 05:42
WPRT,웨스트포트 퓨얼 시스템즈,주식,NASDAQ,1.88,-0.01,-0.27,2026-10-06 05:42
WQTM,WisdomTree Quantum Computing Fund,ETF,AMEX,32.27,-0.23,-0.71,2026-10-06 05:42
WR,Corgi U.S. War Machine ETF,ETF,AMEX,26.73,0.20,0.77,2026-10-06 05:42
WRAP,랩 테크놀로지스,주식,NASDAQ,1.45,-0.02,-1.36,2026-10-06 05:42
WRB,W. R. 버클리,주식,NYSE,69.77,0.79,1.15,2026-10-06 05:42
WRBY,와비 파커,주식,NYSE,26.65,-0.38,-1.41,2026-10-06 05:42
WRD,위라이드 ADR,주식,NASDAQ,5.07,0.05,0.90,2026-10-06 05:42
WRLD,월드 억셉턴스,주식,NASDAQ,176.28,1.84,1.05,2026-10-06 05:42
WRN,웨스턴 코퍼 & 골드,주식,AMEX,2.16,-0.02,-0.92,2026-10-06 05:42
WRND,NYLIM Global Equity R And D Leaders ETF,ETF,NASDAQ,44.43,0.38,0.86,2026-10-06 05:42
WRTH,Worth Charting Options Income ETF,ETF,NASDAQ,25.08,0.03,0.10,2026-10-06 05:42
WS,워딩턴 스틸,주식,NYSE,39.12,2.15,5.82,2026-10-06 05:42
WSBC,웨스뱅코,주식,NASDAQ,37.75,-0.36,-0.94,2026-10-06 05:42
WSBCO,웨스뱅코 우선주 Series B 7.375%,주식,NASDAQ,24.87,-0.21,-0.84,2026-10-06 05:42
WSBF,워터스톤 파이낸셜,주식,NASDAQ,19.90,-0.04,-0.20,2026-10-06 05:42
WSBK,윈체스터 뱅코프,주식,NASDAQ,12.92,0.01,0.08,2026-10-06 05:42
WSC,윌스콧 홀딩스,주식,NASDAQ,17.07,-0.23,-1.33,2026-10-06 05:42
WSDB,Weitz Short Duration Bond ETF,ETF,AMEX,24.57,0.00,-0.02,2026-10-06 05:42
WSE,와이즈 그룹,주식,NASDAQ,11.67,0.24,2.06,2026-10-06 05:42
WSFS,WSFS 파이낸셜,주식,NASDAQ,77.34,-0.69,-0.88,2026-10-06 05:42
WSGE,Warren Street Global Equity ETF,ETF,NASDAQ,28.54,0.17,0.59,2026-10-06 05:42
WSHP,위샵 홀딩스,주식,NASDAQ,4.87,-0.10,-2.01,2026-10-06 05:42
WSM,윌리엄 소노마,주식,NYSE,238.70,6.40,2.76,2026-10-06 05:42
WSMD,Wasatch Small/Mid Cap ETF,ETF,AMEX,24.29,0.18,0.76,2026-10-06 05:42
WSML,iShares MSCI World Small-Cap ETF,ETF,NASDAQ,34.40,0.19,0.55,2026-10-06 05:42
WSO,와츠코,주식,NYSE,292.15,-5.32,-1.79,2026-10-06 05:42
WSO.B,와츠코 Class B,주식,NYSE,310.90,0.00,0.00,2026-10-06 05:42
WSPC,WisdomTree Space Economy Fund,ETF,NASDAQ,27.45,0.15,0.56,2026-10-06 05:42
WST,웨스트 파마슈티컬 서비시즈,주식,NYSE,376.76,11.78,3.23,2026-10-06 05:42
WSTN,웨스틴 애퀴지션,주식,NASDAQ,10.15,0.00,0.00,2026-10-06 05:42
WSTNR,Westin Acquisition Rights Exp 17 Sep 2030,주식,NASDAQ,0.18,0.00,0.00,2026-10-06 05:42
WSTNU,Westin Acquisition Units,주식,NASDAQ,10.28,0.00,0.00,2026-10-06 05:42
WT,위즈덤트리,주식,NYSE,24.45,0.07,0.29,2026-10-06 05:42
WTAI,WisdomTree AI and Innovation Fund,ETF,AMEX,45.59,0.24,0.53,2026-10-06 05:42
WTBA,웨스트 뱅코프,주식,NASDAQ,29.45,-0.63,-2.09,2026-10-06 05:42
WTBN,WisdomTree Bianco Total Return Fund,ETF,NASDAQ,23.93,-0.01,-0.02,2026-10-06 05:42
WTF,와튼 파이낸셜,주식,NASDAQ,2.37,-0.13,-5.20,2026-10-06 05:42
WTFC,윈트러스트 파이낸셜,주식,NASDAQ,145.20,0.18,0.12,2026-10-06 05:42
WTFCN,윈트러스트 파이낸셜 우선주 7.875%,주식,NASDAQ,25.59,0.09,0.35,2026-10-06 05:42
WTG,윈터그린 애퀴지션,주식,NASDAQ,10.64,0.00,0.00,2026-10-06 05:42
WTGUR,Wintergreen Acquisition Rights,주식,NASDAQ,0.13,0.00,0.00,2026-10-06 05:42
WTGUU,Wintergreen Acquisition Units,주식,NASDAQ,11.35,0.00,0.00,2026-10-06 05:42
WTI,W&T 오프쇼어,주식,NYSE,3.60,0.04,1.12,2026-10-06 05:42
WTIB,USCF Oil Plus Bitcoin Strategy Fund,ETF,AMEX,37.24,-0.12,-0.33,2026-10-06 05:42
WTID,MicroSectors Energy 3X Inverse Leveraged Notes due January 29 2043,ETF,AMEX,2.60,-0.10,-3.70,2026-10-06 05:42
WTIP,WisdomTree Inflation Plus Fund,ETF,NASDAQ,37.25,-0.12,-0.31,2026-10-06 05:42
WTIU,MicroSectors Energy 3X Leveraged Notes due January 29 2043,ETF,AMEX,23.50,0.58,2.53,2026-10-06 05:42
WTLS,WisdomTree Efficient Long/Short US Equity Fund,ETF,AMEX,62.28,0.76,1.24,2026-10-06 05:42
WTM,화이트 마운틴스 인슈어런스 그룹,주식,NYSE,2019.44,-1.48,-0.07,2026-10-06 05:42
WTMF,WisdomTree Managed Futures Strategy Fund,ETF,AMEX,42.66,-0.01,-0.02,2026-10-06 05:42
WTMU,WisdomTree Core Laddered Municipal Fund,ETF,NASDAQ,24.34,0.02,0.07,2026-10-06 05:42
WTMY,WisdomTree High Income Laddered Municipal ETF,ETF,NASDAQ,23.89,0.02,0.08,2026-10-06 05:42
WTPI,WisdomTree Equity Premium Income Fund,ETF,AMEX,33.05,0.12,0.36,2026-10-06 05:42
WTRE,WisdomTree New Economy Real Estate Fund,ETF,AMEX,22.13,-0.12,-0.52,2026-10-06 05:42
WTRG,에센셜 유틸리티스,주식,NYSE,38.67,-0.71,-1.80,2026-10-06 05:42
WTS,와츠 워터 테크놀로지스,주식,NYSE,362.75,-0.32,-0.09,2026-10-06 05:42
WTTR,셀렉트 에너지 서비스,주식,NYSE,20.06,0.11,0.55,2026-10-06 05:42
WTV,WisdomTree US Value Fund,ETF,AMEX,103.45,0.30,0.29,2026-10-06 05:42
WTW,윌리스 타워스 왓슨,주식,NASDAQ,288.11,-0.50,-0.17,2026-10-06 05:42
WU,웨스턴유니온,주식,NYSE,6.10,0.10,1.67,2026-10-06 05:42
WUGI,AXS Esoterica NextG Economy ETF,ETF,AMEX,93.39,0.57,0.61,2026-10-06 05:42
WULF,테라울프,주식,NASDAQ,14.79,-0.70,-4.52,2026-10-06 05:42
WULX,Tradr 2X Long WULF Daily ETF,ETF,AMEX,12.63,-1.27,-9.14,2026-10-06 05:42
WVE,웨이브 라이프 사이언스,주식,NASDAQ,3.75,-0.03,-0.79,2026-10-06 05:42
WVVI,윌라멧 밸리 빈야즈,주식,NASDAQ,2.00,0.03,1.52,2026-10-06 05:42
WVVIP,윌래메트 밸리 바인야드 우선주 시리즈 A,주식,NASDAQ,3.01,0.05,1.69,2026-10-06 05:42
WW,WW 인터내셔널,주식,NASDAQ,14.87,0.13,0.88,2026-10-06 05:42
WWD,우드워드,주식,NASDAQ,332.96,1.34,0.40,2026-10-06 05:42
WWJD,Inspire International ETF,ETF,AMEX,38.65,0.02,0.05,2026-10-06 05:42
WWR,웨스트워터 리소시스,주식,AMEX,0.48,-0.03,-5.68,2026-10-06 05:42
WWW,울버린 월드 와이드,주식,NYSE,18.94,-0.26,-1.35,2026-10-06 05:42
WX,Corgi All World 2X Daily ETF,ETF,AMEX,24.62,0.28,1.16,2026-10-06 05:42
WXET,Teucrium 2x Daily Wheat ETF,ETF,AMEX,21.73,0.55,2.61,2026-10-06 05:42
WXM,WF 인터내셔널,주식,NASDAQ,3.57,-0.19,-5.06,2026-10-06 05:42
WY,와이어하우저,주식,NYSE,18.49,0.02,0.11,2026-10-06 05:42
WYFI,화이트파이버,주식,NASDAQ,17.46,-0.47,-2.62,2026-10-06 05:42
WYFL,Defiance Daily Target 2X Long WYFI ETF,ETF,AMEX,3.57,-0.24,-6.30,2026-10-06 05:42
WYHG,윙입푸드홀딩스그룹 ADR,주식,NASDAQ,3.31,-0.38,-10.30,2026-10-06 05:42
WYNN,윈 리조트,주식,NASDAQ,77.17,1.29,1.70,2026-10-06 05:42
WYY,와이드포인트,주식,AMEX,7.23,-0.33,-4.37,2026-10-06 05:42
WZRD,Opportunistic Trader ETF,ETF,AMEX,8.78,0.98,12.59,2026-10-06 05:42
XA,Corgi AI Cybersecurity ETF,ETF,AMEX,45.30,0.67,1.51,2026-10-06 05:42
XAGG,Eaton Vance Income Opportunities ETF,ETF,AMEX,48.21,-0.03,-0.06,2026-10-06 05:42
XAGI,Corgi Agix 2X Daily ETF,ETF,AMEX,22.67,0.35,1.56,2026-10-06 05:42
XAIR,비욘드 에어,주식,NASDAQ,2.84,0.02,0.71,2026-10-06 05:42
XAIW,SpaceXAI Lab Ecosystem ETF,ETF,AMEX,26.64,0.34,1.29,2026-10-06 05:42
XAIX,Xtrackers Artificial Intelligence and Big Data ETF,ETF,NASDAQ,59.82,0.26,0.44,2026-10-06 05:42
XAPR,FT Vest US Equity Enh & Mod Buffer ETF - Apr,ETF,AMEX,38.75,0.07,0.18,2026-10-06 05:42
XAR,State Street SPDR S&P Aerospace & Defense ETF,ETF,AMEX,231.28,-1.81,-0.78,2026-10-06 05:42
XAUG,FT Vest US Equity Enh & Mod Buffer ETF - Aug,ETF,AMEX,39.88,0.11,0.26,2026-10-06 05:42
XB,BondBloxx B Rated USD High Yield Corp Bd ETF,ETF,AMEX,37.86,0.01,0.03,2026-10-06 05:42
XBAP,Innovator US Eqty Accelerated 9 Buffer ETF - April,ETF,AMEX,43.15,0.05,0.10,2026-10-06 05:42
XBB,BondBloxx BB Rated USD High Yield Corp Bd ETF,ETF,AMEX,39.40,0.01,0.03,2026-10-06 05:42
XBCI,NEOS Boosted Bitcoin High Income ETF,ETF,NASDAQ,42.21,0.89,2.15,2026-10-06 05:42
XBFR,Innovator Equity Managed 10 Buffer ETF,ETF,AMEX,27.20,0.14,0.51,2026-10-06 05:42
XBI,State Street SPDR S&P Biotech ETF,ETF,AMEX,156.19,1.76,1.14,2026-10-06 05:42
XBIL,F/m US Treasury 6 Month Bill ETF,ETF,NASDAQ,50.02,0.02,0.04,2026-10-06 05:42
XBIO,제네틱 바이오사이언스,주식,NASDAQ,2.20,-0.04,-1.79,2026-10-06 05:42
XBIT,엑스바이오텍,주식,NASDAQ,2.18,-0.01,-0.46,2026-10-06 05:42
XBIX,Corgi U.S. Biotech 2x Daily ETF,ETF,AMEX,35.00,0.78,2.29,2026-10-06 05:42
XBJA,Innovator US Eqty Accelerated 9 Buffer ETF - Jan,ETF,AMEX,34.81,0.05,0.14,2026-10-06 05:42
XBJL,Innovator US Eqty Accelerated 9 Buffer ETF - July,ETF,AMEX,41.33,0.16,0.39,2026-10-06 05:42
XBNB,Teucrium xETFs 2x Long Daily BNB ETF,ETF,AMEX,33.42,-0.01,-0.02,2026-10-06 05:42
XBOC,Innovator US Eqty Accelerated 9 Buffer ETF - Oct,ETF,AMEX,36.66,0.08,0.22,2026-10-06 05:42
XBOX,Roundhill Ultra Short Duration No Div Target ETF,ETF,AMEX,101.18,0.03,0.03,2026-10-06 05:42
XBP,XBP 글로벌 홀딩스,주식,NASDAQ,3.06,-0.11,-3.32,2026-10-06 05:42
XBTY,GraniteShares Yieldboost Bitcoin ETF,ETF,NASDAQ,5.63,0.02,0.27,2026-10-06 05:42
XC,WisdomTree True Emerging Markets Fund,ETF,AMEX,30.99,0.53,1.73,2026-10-06 05:42
XCBE,X3 애퀴지션,주식,NASDAQ,10.02,0.00,0.00,2026-10-06 05:42
XCBEU,X3 Acquisition Units,주식,NASDAQ,10.25,0.00,0.00,2026-10-06 05:42
XCCC,BondBloxx CCC Rated USD High Yield Corp Bd ETF,ETF,AMEX,33.63,0.04,0.12,2026-10-06 05:42
XCEM,Columbia EM Core ex-China ETF,ETF,AMEX,53.19,0.57,1.08,2026-10-06 05:42
XCH,XCHG ADR,주식,NASDAQ,3.26,0.08,2.52,2026-10-06 05:42
XCHG,AB US Equity ETF,ETF,AMEX,27.76,0.24,0.87,2026-10-06 05:42
XCLR,Global X S&P 500 Collar 95-110 ETF,ETF,AMEX,28.17,0.16,0.58,2026-10-06 05:42
XCNY,State Street SPDR S&P Emerging Mkts ex-China ETF,ETF,NASDAQ,34.59,0.63,1.85,2026-10-06 05:42
XCOM,Corgi All Commodities 2X Daily ETF,ETF,AMEX,26.84,-0.36,-1.31,2026-10-06 05:42
XCOR,FundX ETF,ETF,AMEX,90.88,0.31,0.34,2026-10-06 05:42
XCSH,XFUNDS 1-3 Month BOX ETF,ETF,NASDAQ,100.49,-0.15,-0.14,2026-10-06 05:42
XCUR,엑시큐어,주식,NASDAQ,1.07,-0.08,-6.96,2026-10-06 05:42
XDAT,Franklin Exponential Data ETF,ETF,AMEX,28.60,0.36,1.26,2026-10-06 05:42
XDEC,FT Vest US Equity Enh & Mod Buffer ETF - Dec,ETF,AMEX,43.96,0.06,0.14,2026-10-06 05:42
XDEF,Xtrackers Europe Defense Technologies ETF,ETF,NASDAQ,21.14,0.12,0.59,2026-10-06 05:42
XDIV,Roundhill S&P 500 No Dividend Target ETF,ETF,AMEX,31.64,0.17,0.54,2026-10-06 05:42
XDQQ,Innovator Growth Accelerated ETF - Quarterly,ETF,AMEX,41.72,0.26,0.62,2026-10-06 05:42
XDSQ,Innovator US Equity Accelerated ETF - Quarterly,ETF,AMEX,45.25,0.25,0.56,2026-10-06 05:42
XDTE,Roundhill S&P 500 0DTE Covered Call Strategy ETF,ETF,AMEX,38.65,0.21,0.53,2026-10-06 05:42
XE,X-에너지,주식,NASDAQ,14.41,0.03,0.21,2026-10-06 05:42
XEL,엑셀 에너지,주식,NASDAQ,71.49,0.09,0.13,2026-10-06 05:42
XELB,엑셀 브랜즈,주식,NASDAQ,0.64,-0.02,-3.04,2026-10-06 05:42
XELLL,Xcel Energy 6 25 Junior Subordinated Notes Series due 2085,주식,NASDAQ,21.09,0.10,0.46,2026-10-06 05:42
XEMD,BondBloxx JP Morgan USD Emerging Mkts 1-10 Yr ETF,ETF,AMEX,42.77,0.15,0.35,2026-10-06 05:42
XEML,Xtrackers Europe Market Leaders ETF,ETF,AMEX,24.06,-0.13,-0.56,2026-10-06 05:42
XENE,제논 파마슈티컬,주식,NASDAQ,37.57,-0.45,-1.18,2026-10-06 05:42
XERS,제리스 바이오파마 홀딩스,주식,NASDAQ,10.13,1.05,11.56,2026-10-06 05:42
XES,State Street SPDR S&P Oil & Gas Equip & Serv ETF,ETF,AMEX,112.40,3.24,2.97,2026-10-06 05:42
XEUR,Corgi Europe Equities 2X Daily ETF,ETF,AMEX,23.14,-0.07,-0.30,2026-10-06 05:42
XEY,GraniteShares Yield BOOST Ether ETF,ETF,NASDAQ,20.25,0.11,0.53,2026-10-06 05:42
XFEB,FT Vest US Equity Enh & Mod Buffer ETF - Feb,ETF,AMEX,38.37,0.07,0.18,2026-10-06 05:42
XFIV,BondBloxx Bloomberg 5 Yr Tgt Duration US Trsy ETF,ETF,AMEX,46.56,-0.02,-0.03,2026-10-06 05:42
XFLH,XFLH 캐피탈,주식,NYSE,10.13,0.05,0.50,2026-10-06 05:42
XFLH.U,XFLH Capital Units,주식,NYSE,10.08,0.00,0.00,2026-10-06 05:42
XFLT,XAI Floating Rate Alternative Income Trust Closed End Fund,주식,NYSE,19.30,-0.01,-0.05,2026-10-06 05:42
XFLX,FundX Flexible ETF,ETF,AMEX,22.53,0.00,0.00,2026-10-06 05:42
XFOR,X4 파마슈티컬,주식,NASDAQ,2.90,0.07,2.47,2026-10-06 05:42
XGN,엑사젠,주식,NASDAQ,8.46,0.29,3.55,2026-10-06 05:42
XHB,State Street SPDR S&P Homebuilders ETF,ETF,AMEX,96.30,-0.40,-0.41,2026-10-06 05:42
XHE,State Street SPDR S&P Health Care Equipment ETF,ETF,AMEX,90.93,2.07,2.33,2026-10-06 05:42
XHG,X체인지 TEC.INC ADR,주식,NASDAQ,1.90,0.04,2.15,2026-10-06 05:42
XHLD,TEN 홀딩스,주식,NASDAQ,0.41,-0.08,-15.83,2026-10-06 05:42
XHLF,BondBloxx Bloomberg 6 Mo Tgt Duration US Trsy ETF,ETF,AMEX,50.12,0.00,0.00,2026-10-06 05:42
XHOA,Corgi U.S. Real Estate 2x Daily ETF,ETF,AMEX,21.57,-0.15,-0.68,2026-10-06 05:42
XHR,제니아 호텔 & 리조트,주식,NYSE,18.15,-0.05,-0.27,2026-10-06 05:42
XHS,State Street SPDR S&P Health Care Services ETF,ETF,AMEX,135.46,2.10,1.57,2026-10-06 05:42
XIDE,FT Vest US Eqty Buff & Prem Inc ETF - Dec,ETF,AMEX,30.29,0.01,0.05,2026-10-06 05:42
XIDV,Franklin International Dividend Booster Index ETF,ETF,AMEX,37.20,0.09,0.24,2026-10-06 05:42
XIFR,XPLR 인프라스트럭처,주식,NYSE,10.19,-0.20,-1.92,2026-10-06 05:42
XIGV,Defiance US 100 Tech Ex Software ETF,ETF,AMEX,24.76,0.21,0.84,2026-10-06 05:42
XIII,처칠 캐피탈 XIII,주식,NASDAQ,10.31,0.00,0.00,2026-10-06 05:42
XIIIU,Churchill Capital XIII Units,주식,NASDAQ,10.58,0.08,0.76,2026-10-06 05:42
XIJN,FT Vest US Eqty Buff & Prem Inc ETF - Jun,ETF,AMEX,30.75,0.03,0.10,2026-10-06 05:42
XIMR,FT Vest US Eqty Buff & Prem Inc ETF - Mar,ETF,AMEX,31.28,0.02,0.05,2026-10-06 05:42
XISE,FT Vest US Eqty Buff & Prem Inc ETF - Sept,ETF,AMEX,30.33,0.04,0.13,2026-10-06 05:42
XITK,State Street SPDR FactSet Innovative Tech ETF,ETF,AMEX,206.75,2.09,1.02,2026-10-06 05:42
XIWC,Corgi U.S. Micro-Cap 2x Daily ETF,ETF,AMEX,22.68,0.09,0.40,2026-10-06 05:42
XJAN,FT Vest US Equity Enh & Mod Buffer ETF - Jan,ETF,AMEX,39.44,0.06,0.15,2026-10-06 05:42
XJH,iShares ESG Select Screened S&P Mid-Cap ETF,ETF,AMEX,49.90,0.16,0.33,2026-10-06 05:42
XJR,iShares ESG Select Screened S&P Small-Cap ETF,ETF,AMEX,49.18,0.06,0.13,2026-10-06 05:42
XJUL,FT Vest US Equity Enh & Mod Buffer ETF - Jul,ETF,AMEX,41.90,0.09,0.20,2026-10-06 05:42
XJUN,FT Vest US Equity Enh & Mod Buffer ETF - June,ETF,AMEX,45.60,0.11,0.24,2026-10-06 05:42
XKRE,Corgi U.S. Regional Banks 2x Daily ETF,ETF,AMEX,24.94,-0.30,-1.20,2026-10-06 05:42
XLAB,D Boral ARC Acquisition I Corp,주식,NASDAQ,1.39,-0.02,-1.07,2026-10-06 05:42
XLB,State Street Materials Select Sector SPDR ETF,ETF,AMEX,49.50,0.64,1.31,2026-10-06 05:42
XLBI,State Street Materials Sel Sec SPDR Pr In ETF,ETF,AMEX,22.86,0.28,1.24,2026-10-06 05:42
XLBX,Corgi U.S. Materials 2x Daily ETF,ETF,AMEX,22.33,0.51,2.34,2026-10-06 05:42
XLC,State Street Com Svc Sel Sec SPDR ETF,ETF,AMEX,111.61,1.29,1.17,2026-10-06 05:42
XLCD,MicroSectors 3x Short Communication Services XLC ETNs,ETF,AMEX,47.79,-1.68,-3.39,2026-10-06 05:42
XLCI,State Street Com Ser Sel Sector SPDR Prem Inc ETF,ETF,AMEX,23.55,0.26,1.09,2026-10-06 05:42
XLCU,MicroSectors 3x Long Communication Services XLC ETNs,ETF,AMEX,25.12,0.82,3.35,2026-10-06 05:42
XLE,State Street Energy Select Sector SPDR ETF,ETF,AMEX,63.45,0.63,1.00,2026-10-06 05:42
XLEI,State Street Energy Sel Sec SPDR Prem Inc ETF,ETF,AMEX,27.62,0.23,0.84,2026-10-06 05:42
XLEX,Corgi US Energy 2x Daily ETF,ETF,AMEX,29.02,0.47,1.63,2026-10-06 05:42
XLF,State Street Financial Sel Sec SPDR ETF,ETF,AMEX,53.88,0.39,0.73,2026-10-06 05:42
XLFI,State Street Financial Sel Sec SPDR Prem Inc ETF,ETF,AMEX,22.86,0.19,0.85,2026-10-06 05:42
XLFX,Corgi U.S. Financials 2x Daily ETF,ETF,AMEX,26.56,0.23,0.89,2026-10-06 05:42
XLG,Invesco S&P 500 Top 50 ETF,ETF,AMEX,64.70,0.45,0.70,2026-10-06 05:42
XLI,State Street Industrial Select Sector SPDR ETF,ETF,AMEX,170.10,0.15,0.09,2026-10-06 05:42
XLII,State Street Industrial Sel Sec SPDR Pr In ETF,ETF,AMEX,24.21,-0.03,-0.12,2026-10-06 05:42
XLIX,Corgi U.S. Industrials 2x Daily ETF,ETF,AMEX,22.96,0.02,0.10,2026-10-06 05:42
XLK,State Street Technology Select Sector SPDR ETF,ETF,AMEX,200.93,1.12,0.56,2026-10-06 05:42
XLKI,State Street Tech Sel Sec SPDR Pr In ETF,ETF,AMEX,27.42,0.08,0.29,2026-10-06 05:42
XLKX,Corgi U.S. Technology 2x Daily ETF,ETF,AMEX,24.11,0.31,1.31,2026-10-06 05:42
XLO,자일리오 테라퓨틱스,주식,NASDAQ,9.11,0.10,1.11,2026-10-06 05:42
XLP,State Street Consumer Staples Sel Sect SPDR ETF,ETF,AMEX,81.04,0.51,0.63,2026-10-06 05:42
XLPD,MicroSectors 3x Short Consumer Staples XLP ETNs,ETF,AMEX,52.84,-0.83,-1.55,2026-10-06 05:42
XLPU,MicroSectors 3x Long Consumer Staples XLP ETNs,ETF,AMEX,23.24,0.35,1.52,2026-10-06 05:42
XLPX,Corgi US Consumer Staples 2x Daily ETF,ETF,AMEX,24.18,0.25,1.03,2026-10-06 05:42
XLRE,State Street Real Estate Select Sector SPDR ETF,ETF,AMEX,40.67,-0.14,-0.34,2026-10-06 05:42
XLRI,State Street Real Estate Sel Sec SPDR Pr In ETF,ETF,AMEX,21.47,-0.07,-0.34,2026-10-06 05:42
XLSI,State Street Con Stpls Sel Sec SPDR Prem In ETF,ETF,AMEX,22.28,0.12,0.53,2026-10-06 05:42
XLSR,State Street SPDR SSGA US Sector Rotation ETF,ETF,AMEX,67.40,0.48,0.72,2026-10-06 05:42
XLU,State Street Utilities Select Sector SPDR ETF,ETF,AMEX,39.97,0.14,0.35,2026-10-06 05:42
XLUI,State Street Utl Sel Sec SPDR Prem Inc ETF,ETF,AMEX,21.49,0.04,0.19,2026-10-06 05:42
XLUX,Corgi U.S. Utilities 2x Daily ETF,ETF,AMEX,20.53,0.16,0.79,2026-10-06 05:42
XLV,State Street Health Care Select Sector SPDR ETF,ETF,AMEX,167.37,1.19,0.72,2026-10-06 05:42
XLVI,State Street Health Care Sel Sec SPDR Prem Inc ETF,ETF,AMEX,25.95,0.24,0.93,2026-10-06 05:42
XLVX,Corgi U.S. Healthcare 2x Daily ETF,ETF,AMEX,31.92,0.40,1.25,2026-10-06 05:42
XLY,State Street Consumer Disc Sel Sect SPDR ETF,ETF,AMEX,110.42,0.38,0.35,2026-10-06 05:42
XLYI,State Street Cons Disc Sel Sect SPDR Prem In ETF,ETF,AMEX,21.48,0.07,0.31,2026-10-06 05:42
XLYX,Corgi US Consumer Discretionary 2x Daily ETF,ETF,AMEX,21.22,0.12,0.58,2026-10-06 05:42
XMAG,Defiance Large Cap ex-Mag 7 ETF,ETF,NASDAQ,25.72,0.07,0.28,2026-10-06 05:42
XMAR,FT Vest US Equity Enh & Mod Buffer ETF - Mar,ETF,AMEX,43.75,0.06,0.14,2026-10-06 05:42
XMAX,XMAX,주식,NASDAQ,8.71,0.12,1.40,2026-10-06 05:42
XMAY,FT Vest US Equity Enh & Mod Buffer ETF - May,ETF,AMEX,37.09,0.09,0.23,2026-10-06 05:42
XME,State Street SPDR S&P Metals & Mining ETF,ETF,AMEX,107.76,2.02,1.91,2026-10-06 05:42
XMHQ,Invesco S and P MidCap Quality ETF,ETF,AMEX,114.23,0.88,0.78,2026-10-06 05:42
XMLV,Invesco S&P MidCap Low Volatility ETF,ETF,AMEX,63.35,-0.10,-0.16,2026-10-06 05:42
XMMO,Invesco S and P MidCap Momentum ETF,ETF,AMEX,151.55,0.14,0.09,2026-10-06 05:42
XMPT,VanEck CEF Muni Income ETF,ETF,AMEX,18.94,-0.40,-2.07,2026-10-06 05:42
XMTR,조메트리,주식,NASDAQ,107.70,5.17,5.04,2026-10-06 05:42
XMVM,Invesco S and P MidCap Value with Momentum ETF,ETF,AMEX,71.62,0.05,0.07,2026-10-06 05:42
XNAV,FundX Aggressive ETF,ETF,AMEX,94.44,0.50,0.53,2026-10-06 05:42
XNCR,젠코,주식,NASDAQ,25.63,0.79,3.18,2026-10-06 05:42
XNDU,자나두 퀀텀 테크놀로지스,주식,NASDAQ,4.52,0.22,5.12,2026-10-06 05:42
XNDX,Tradr 2X Long XNDU Daily ETF,ETF,AMEX,1.39,0.13,10.32,2026-10-06 05:42
XNET,쉰레이 ADR,주식,NASDAQ,4.79,0.08,1.70,2026-10-06 05:42
XNOV,FT Vest US Equity Enh & Mod Buffer ETF - Nov,ETF,AMEX,40.57,0.03,0.07,2026-10-06 05:42
XNTK,State Street SPDR NYSE Technology ETF,ETF,AMEX,390.47,1.25,0.32,2026-10-06 05:42
XOCT,FT Vest US Equity Enh & Mod Buffer ETF - Oct,ETF,AMEX,40.44,0.02,0.04,2026-10-06 05:42
XOEF,iShares S&P 500 ex S&P 100 ETF,ETF,AMEX,29.64,0.22,0.75,2026-10-06 05:42
XOEX,Xtrackers S&P 100 Ex Top 20 ETF,ETF,AMEX,39.90,0.08,0.20,2026-10-06 05:42
XOM,엑슨모빌 홀딩스,주식,NYSE,164.00,-0.01,-0.01,2026-10-06 05:42
XOMO,YieldMax XOM Option Income Strategy ETF,ETF,AMEX,10.90,-0.05,-0.46,2026-10-06 05:42
XOMX,Direxion Daily XOM Bull 2X ETF,ETF,NASDAQ,48.24,-0.14,-0.30,2026-10-06 05:42
XONE,BondBloxx Bloomberg 1 Yr Tgt Duration US Trsy ETF,ETF,AMEX,49.08,0.00,0.00,2026-10-06 05:42
XOP,State Street SPDR S&P Oil & Gas Expl & Prod ETF,ETF,AMEX,187.44,2.51,1.36,2026-10-06 05:42
XOS,엑소스,주식,NASDAQ,3.33,0.03,0.91,2026-10-06 05:42
XOVL,Defiance Daily Target 2X Long XOVR ETF,ETF,AMEX,23.23,1.35,6.16,2026-10-06 05:42
XOVR,ERShares Private-Public Crossover ETF,ETF,NASDAQ,22.43,0.67,3.08,2026-10-06 05:42
XP,엑스피,주식,NASDAQ,28.15,6.65,30.93,2026-10-06 05:42
XPAV,Corgi U.S. Infrastructure 2x Daily ETF,ETF,AMEX,21.71,0.22,1.02,2026-10-06 05:42
XPAY,Roundhill S&P 500 Target 20 Managed Distri ETF,ETF,AMEX,52.69,0.37,0.71,2026-10-06 05:42
XPEG,Leverage Shares 2X Long XPEV Daily ETF,ETF,NASDAQ,2.41,0.08,3.52,2026-10-06 05:42
XPEL,엑스펠,주식,NASDAQ,44.99,0.02,0.04,2026-10-06 05:42
XPER,엑스페리,주식,NYSE,5.43,0.00,0.00,2026-10-06 05:42
XPEV,샤오펑 ADR,주식,NYSE,9.40,0.15,1.62,2026-10-06 05:42
XPH,State Street SPDR S&P Pharmaceuticals ETF,ETF,AMEX,63.66,0.02,0.03,2026-10-06 05:42
XPL,솔리타리오 리소시스,주식,AMEX,0.58,0.00,0.35,2026-10-06 05:42
XPND,First Trust Expanded Technology ETF,ETF,AMEX,41.08,0.22,0.53,2026-10-06 05:42
XPO,XPO,주식,NYSE,182.86,-3.23,-1.74,2026-10-06 05:42
XPOF,엑스포넨셜 피트니스,주식,NYSE,4.64,-0.06,-1.28,2026-10-06 05:42
XPON,엑스피언360,주식,NASDAQ,4.46,0.26,6.19,2026-10-06 05:42
XPP,ProShares Ultra FTSE China 50,ETF,AMEX,18.89,0.69,3.79,2026-10-06 05:42
XPRO,엑스프로,주식,NYSE,16.77,0.47,2.88,2026-10-06 05:42
XQBT,Amplify Top 10 Quantum ETF,ETF,AMEX,24.19,-0.16,-0.66,2026-10-06 05:42
XQQI,NEOS Boosted Nasdaq-100 High Income ETF,ETF,NASDAQ,51.95,0.44,0.85,2026-10-06 05:42
XQTM,Corgi Quantum Computing 2x Daily ETF,ETF,AMEX,12.51,-0.17,-1.34,2026-10-06 05:42
XRAY,덴츠플라이 시로나,주식,NASDAQ,8.56,-0.11,-1.27,2026-10-06 05:42
XRLX,FundX Conservative ETF,ETF,AMEX,49.47,0.10,0.20,2026-10-06 05:42
XRMI,Global X S&P 500 Risk Managed Income ETF,ETF,AMEX,17.35,0.03,0.17,2026-10-06 05:42
XRN,카이론 리얼 에스테이트,주식,NYSE,33.81,-0.20,-0.59,2026-10-06 05:42
XRP,Bitwise XRP ETF,ETF,AMEX,16.80,0.36,2.19,2026-10-06 05:42
XRPC,Canary XRP ETF,ETF,NASDAQ,15.94,0.35,2.27,2026-10-06 05:42
XRPI,XRP ETF,ETF,NASDAQ,8.10,0.17,2.14,2026-10-06 05:42
XRPM,Amplify XRP 3% Monthly Option Income ETF,ETF,AMEX,9.60,0.27,2.89,2026-10-06 05:42
XRPN,아마다 애퀴지션 2,주식,NASDAQ,38.65,-0.77,-1.95,2026-10-06 05:42
XRPNU,Armada Acquisition II Units,주식,NASDAQ,35.00,-2.91,-7.68,2026-10-06 05:42
XRPR,REX Osprey XRP ETF,ETF,AMEX,12.22,0.26,2.17,2026-10-06 05:42
XRPT,2x XRP ETF,ETF,NASDAQ,38.19,1.66,4.54,2026-10-06 05:42
XRPZ,Franklin XRP ETF,ETF,AMEX,16.31,0.33,2.07,2026-10-06 05:42
XRT,State Street PDR S&P Retail ETF,ETF,AMEX,82.92,0.29,0.35,2026-10-06 05:42
XRTX,졸트 테라퓨틱스,주식,NASDAQ,1.70,-0.01,-0.83,2026-10-06 05:42
XRX,제록스 홀딩스,주식,NASDAQ,3.02,0.00,0.00,2026-10-06 05:42
XSD,State Street SPDR S&P Semiconductor ETF,ETF,AMEX,552.42,-2.79,-0.50,2026-10-06 05:42
XSEM,Corgi U.S. Semiconductors 2x Daily ETF,ETF,AMEX,22.37,0.19,0.85,2026-10-06 05:42
XSEP,FT Vest US Equity Enh & Mod Buffer ETF - Sept,ETF,AMEX,45.51,0.02,0.04,2026-10-06 05:42
XSHD,Invesco S&P SmallCap High Div Low Vol ETF,ETF,AMEX,12.82,-0.01,-0.08,2026-10-06 05:42
XSHP,Kurv SpaceX Enhanced Income ETF,ETF,AMEX,20.44,0.86,4.42,2026-10-06 05:42
XSHQ,Invesco S&P SmallCap Quality ETF,ETF,AMEX,46.08,0.19,0.42,2026-10-06 05:42
XSLL,엑솔라 스팩 1,주식,NASDAQ,10.00,-0.01,-0.10,2026-10-06 05:42
XSLLU,Xsolla SPAC 1 Units,주식,NASDAQ,10.06,0.00,0.00,2026-10-06 05:42
XSLV,Invesco S&P SmallCap Low Volatility ETF,ETF,AMEX,49.38,-0.23,-0.46,2026-10-06 05:42
XSMO,Invesco S and P SmallCap Momentum ETF,ETF,AMEX,83.50,-0.05,-0.06,2026-10-06 05:42
XSOE,WisdomTree EM ex-State-Owned Enterprises,ETF,AMEX,48.12,0.67,1.41,2026-10-06 05:42
XSPC,VegaShares SpaceX & Beyond Earth ETF,ETF,NASDAQ,21.63,0.08,0.36,2026-10-06 05:42
XSPI,NEOS Boosted S&P 500 High Income ETF,ETF,NASDAQ,50.54,0.44,0.87,2026-10-06 05:42
XSVM,Invesco S and P SmallCap Value with Momentum ETF,ETF,AMEX,66.46,0.24,0.36,2026-10-06 05:42
XSVN,BondBloxx Bloomberg 7 Yr Tgt Duration US Trsy ETF,ETF,AMEX,44.47,-0.05,-0.11,2026-10-06 05:42
XSW,State Street SPDR S&P Software & Services ETF,ETF,AMEX,201.33,3.40,1.72,2026-10-06 05:42
XT,Ishares Future Exponential Technologies ETF,ETF,NASDAQ,84.97,0.66,0.78,2026-10-06 05:42
XTAI,Corgi Taiwan 2X Daily ETF,ETF,AMEX,27.49,0.78,2.93,2026-10-06 05:42
XTAP,Innovator US Equity Accelerated Plus ETF - April,ETF,AMEX,46.98,0.08,0.17,2026-10-06 05:42
XTEN,BondBloxx Bloomberg 10 Yr Tgt Duration US Trsy ETF,ETF,AMEX,42.07,-0.15,-0.34,2026-10-06 05:42
XTER,카르만 라인 애퀴지션,주식,NASDAQ,9.79,-0.01,-0.10,2026-10-06 05:42
XTERU,Karman Line Acquisition Units,주식,NASDAQ,9.90,0.00,0.00,2026-10-06 05:42
XTIA,XTI 에어로스페이스,주식,NASDAQ,0.74,-0.03,-4.22,2026-10-06 05:42
XTJA,Innovator US Equity Accelerated Plus ETF - January,ETF,AMEX,35.34,0.03,0.10,2026-10-06 05:42
XTJL,Innovator US Equity Accelerated Plus ETF - July,ETF,AMEX,42.88,0.19,0.45,2026-10-06 05:42
XTL,State Street SPDR S&P Telecom ETF,ETF,AMEX,210.95,0.76,0.36,2026-10-06 05:42
XTLB,X T L 바이오파마슈티컬 ADR,주식,NASDAQ,2.18,0.02,0.93,2026-10-06 05:42
XTN,State Street SPDR S&P Transportation ETF,ETF,AMEX,100.43,-0.48,-0.48,2026-10-06 05:42
XTND,엑스텐드 AI 로보틱스,주식,NYSE,2.94,-0.36,-10.91,2026-10-06 05:42
XTNT,엑스턴트 메디컬 홀딩스,주식,AMEX,0.33,-0.01,-3.66,2026-10-06 05:42
XTOC,Innovator US Equity Accelerated Plus ETF - October,ETF,AMEX,37.60,0.15,0.41,2026-10-06 05:42
XTR,Global X S&P 500 Tail Risk ETF,ETF,AMEX,29.20,0.16,0.56,2026-10-06 05:42
XTRE,BondBloxx Bloomberg 3 Yr Tgt Duration US Trsy ETF,ETF,AMEX,47.78,0.03,0.06,2026-10-06 05:42
XTWO,BondBloxx Bloomberg 2 Yr Tgt Duration US Trsy ETF,ETF,AMEX,48.26,0.02,0.04,2026-10-06 05:42
XTWY,BondBloxx Bloomberg 20 Yr Tgt Duration US Trsy ETF,ETF,AMEX,32.61,-0.22,-0.67,2026-10-06 05:42
XUDV,Franklin US Dividend Booster Index ETF,ETF,AMEX,31.47,0.02,0.06,2026-10-06 05:42
XUSM,MarketDesk International Momentum ETF,ETF,NASDAQ,24.93,0.25,1.02,2026-10-06 05:42
XUSP,Innovator Uncapped Accelerated US Equity ETF,ETF,AMEX,54.49,0.43,0.80,2026-10-06 05:42
XV,Simplify Target 15 Distribution ETF,ETF,AMEX,24.32,0.05,0.21,2026-10-06 05:42
XVAD,FT Vest AMD & Target Income ETF,ETF,AMEX,30.59,-0.06,-0.20,2026-10-06 05:42
XVAP,FT Vest AAPL & Target Income ETF,ETF,AMEX,31.66,0.06,0.19,2026-10-06 05:42
XVAZ,FT Vest AMZN & Target Income ETF,ETF,AMEX,29.60,0.10,0.34,2026-10-06 05:42
XVGL,FT Vest GOOG & Target Income ETF,ETF,AMEX,29.67,0.36,1.21,2026-10-06 05:42
XVMS,FT Vest MSFT & Target Income ETF,ETF,AMEX,31.71,0.52,1.65,2026-10-06 05:42
XVMT,FT Vest META & Target Income ETF,ETF,AMEX,30.31,0.67,2.26,2026-10-06 05:42
XVNV,FT Vest NVDA & Target Income ETF,ETF,AMEX,31.98,0.61,1.96,2026-10-06 05:42
XVPT,FT Vest PLTR & Target Income ETF,ETF,AMEX,30.92,0.20,0.65,2026-10-06 05:42
XVSP,FT Vest SPCX & Target Income ETF,ETF,AMEX,36.19,2.31,6.83,2026-10-06 05:42
XVTS,FT Vest TSLA & Target Income ETF,ETF,AMEX,33.42,0.73,2.23,2026-10-06 05:42
XVV,iShares ESG Select Screened S&P 500 ETF,ETF,AMEX,59.16,0.39,0.66,2026-10-06 05:42
XW,Corgi Ex-U.S. Equities 2x Daily ETF,ETF,AMEX,23.41,0.21,0.90,2026-10-06 05:42
XWEL,X웰,주식,NASDAQ,0.82,-0.02,-2.30,2026-10-06 05:42
XWNG,Amplify Top 10 Space ETF,ETF,AMEX,23.23,-0.12,-0.53,2026-10-06 05:42
XXI,트웬티 원 캐피털,주식,NYSE,6.68,0.08,1.21,2026-10-06 05:42
XXII,22세기 그룹,주식,NASDAQ,0.91,0.00,-0.23,2026-10-06 05:42
XXRP,Teucrium 2x Long Daily XRP ETF,ETF,AMEX,35.38,1.60,4.74,2026-10-06 05:42
XXV,Simplify Ancorato Target 25 Distribution ETF,ETF,AMEX,23.52,0.06,0.27,2026-10-06 05:42
XXX,Cyber Hornet S&P 500 and XRP 75/25 Strategy ETF,ETF,NASDAQ,22.37,0.21,0.96,2026-10-06 05:42
XYF,엑스 파이낸셜 ADR,주식,NYSE,4.95,0.01,0.20,2026-10-06 05:42
XYL,자일럼,주식,NYSE,102.42,0.63,0.62,2026-10-06 05:42
XYLD,Global X S&P 500 Covered Call ETF,ETF,AMEX,41.85,0.12,0.29,2026-10-06 05:42
XYLG,Global X S&P 500 Covered Call & Growth ETF,ETF,AMEX,29.85,0.17,0.56,2026-10-06 05:42
XYZ,블록,주식,NYSE,76.23,1.90,2.56,2026-10-06 05:42
XYZG,Leverage Shares 2X Long XYZ Daily ETF,ETF,NASDAQ,15.32,0.74,5.11,2026-10-06 05:42
XYZY,YieldMax XYZ Option Income Strategy ETF,ETF,AMEX,23.18,0.53,2.33,2026-10-06 05:42
XZO,엑제오 그룹,주식,NYSE,15.39,0.99,6.88,2026-10-06 05:42
YAAS,요신 테크놀로지,주식,NASDAQ,1.19,0.03,2.59,2026-10-06 05:42
YALA,얄라 그룹 ADR,주식,NYSE,5.43,0.11,2.07,2026-10-06 05:42
YALL,Truth Social God Bless America ETF,ETF,AMEX,43.02,0.50,1.18,2026-10-06 05:42
YANG,Direxion Daily FTSE China Bear 3X ETF,ETF,AMEX,32.47,-1.90,-5.53,2026-10-06 05:42
YARW,야로우 바이오사이언스,주식,NASDAQ,20.30,-1.97,-8.85,2026-10-06 05:42
YB,위안바오 ADR,주식,NASDAQ,12.70,-0.24,-1.85,2026-10-06 05:42
YBIT,YieldMax Bitcoin Option Income Strategy ETF,ETF,AMEX,21.24,0.34,1.63,2026-10-06 05:42
YBST,GraniteShares YieldBoost Single Stock Universe ETF,ETF,NASDAQ,11.83,0.02,0.19,2026-10-06 05:42
YBTC,Roundhill Bitcoin Covered Call Strategy ETF,ETF,AMEX,19.46,0.21,1.09,2026-10-06 05:42
YBTY,GraniteShares YieldBoost TopYielders ETF,ETF,NASDAQ,10.00,-0.01,-0.07,2026-10-06 05:42
YCBD,씨비디엠디,주식,AMEX,0.43,-0.03,-5.81,2026-10-06 05:42
YCL,ProShares Ultra Yen,ETF,AMEX,18.13,-0.10,-0.55,2026-10-06 05:42
YCLO,Franklin BSP CLO ETF,ETF,AMEX,25.16,0.00,0.00,2026-10-06 05:42
YCS,ProShares UltraShort Yen,ETF,AMEX,54.22,0.11,0.20,2026-10-06 05:42
YCY,AA 미션 애퀴지션 II,주식,NYSE,10.26,0.00,0.00,2026-10-06 05:42
YCY.U,AA Mission Acquisition II Units,주식,NYSE,10.29,0.00,0.00,2026-10-06 05:42
YDDL,원 앤 원 그린 테크놀로지스,주식,NASDAQ,1.41,-0.02,-1.40,2026-10-06 05:42
YDEC,FT Vest International Equity Mod Buffer ETF - Dec,ETF,AMEX,27.91,-0.02,-0.06,2026-10-06 05:42
YDES,YD 바이오,주식,NASDAQ,7.11,-1.00,-12.33,2026-10-06 05:42
YDKG,위에다 디지털 홀딩,주식,NASDAQ,0.93,0.00,0.00,2026-10-06 05:42
YEAR,AB Ultra Short Income ETF,ETF,AMEX,50.00,0.04,0.08,2026-10-06 05:42
YELP,옐프,주식,NYSE,18.50,0.24,1.31,2026-10-06 05:42
YETH,Roundhill Ether Covered Call Strategy ETF,ETF,AMEX,10.03,0.15,1.51,2026-10-06 05:42
YETI,예티 홀딩스,주식,NYSE,40.52,-0.35,-0.86,2026-10-06 05:42
YEXT,이엑스트,주식,NYSE,6.62,0.11,1.69,2026-10-06 05:42
YFFI,Indexperts Yield Focused Fixed Income ETF,ETF,AMEX,9.49,0.01,0.09,2026-10-06 05:42
YFOR,YY포스,주식,NASDAQ,1.38,-0.08,-5.48,2026-10-06 05:42
YFYA,Yields for You Income Strategy A ETF,ETF,AMEX,9.68,0.00,0.00,2026-10-06 05:42
YGLD,Simplify Gold Strategy ETF,ETF,AMEX,30.20,-0.20,-0.66,2026-10-06 05:42
YHC,LQR 하우스,주식,NASDAQ,1.26,-0.02,-1.56,2026-10-06 05:42
YHGJ,윤홍 그린 CTI,주식,NASDAQ,2.70,-0.09,-3.05,2026-10-06 05:42
YHNA,YHN 애퀴지션 I,주식,NASDAQ,11.09,-0.12,-1.07,2026-10-06 05:42
YHNAR,YHN Acquisition I Rights,주식,NASDAQ,0.12,0.00,0.00,2026-10-06 05:42
YHNAU,YHN Acquisition I Units,주식,NASDAQ,11.21,-1.28,-10.25,2026-10-06 05:42
YI,111 ADR,주식,NASDAQ,3.15,-0.07,-2.17,2026-10-06 05:42
YIBO,플래닛 이미지 인터내셔널,주식,NASDAQ,1.05,0.00,0.00,2026-10-06 05:42
YICC,요크빌 인터내셔널 캐피털,주식,NASDAQ,9.93,0.01,0.05,2026-10-06 05:42
YICCU,Yorkville International Capital Units,주식,NASDAQ,10.50,0.00,0.00,2026-10-06 05:42
YINN,Direxion Daily FTSE China Bull 3X ETF,ETF,AMEX,24.49,1.32,5.70,2026-10-06 05:42
YJ,윤지 ADR,주식,NASDAQ,1.64,0.02,1.23,2026-10-06 05:42
YJUN,FT Vest International Equity Mod Buffer ETF - June,ETF,AMEX,26.94,-0.06,-0.22,2026-10-06 05:42
YLD,Principal Active High Yield ETF,ETF,AMEX,18.28,-0.07,-0.38,2026-10-06 05:42
YLDE,Franklin ClearBridge Enhanced Income ETF,ETF,NASDAQ,54.84,0.37,0.69,2026-10-06 05:42
YLDW,Westwood Enhanced Income Opportunity ETF,ETF,AMEX,25.10,0.07,0.27,2026-10-06 05:42
YLDY,Horizon High Income ETF,ETF,AMEX,24.86,0.12,0.48,2026-10-06 05:42
YMAG,YieldMax Magnificent 7 Fund of Option Income ETFs,ETF,AMEX,11.51,0.11,0.96,2026-10-06 05:42
YMAR,FT Vest International Equity Mod Buffer ETF - Mar,ETF,AMEX,29.06,-0.02,-0.07,2026-10-06 05:42
YMAT,J스타 홀딩,주식,NASDAQ,1.36,-0.08,-5.81,2026-10-06 05:42
YMAX,YieldMax Universe Fund of Option Income ETFs,ETF,AMEX,7.71,0.11,1.45,2026-10-06 05:42
YMM,풀 트럭 얼라이언스 ADR,주식,NYSE,8.41,0.24,2.94,2026-10-06 05:42
YMT,이무톈 ADR,주식,NASDAQ,1.25,0.13,11.61,2026-10-06 05:42
YNOT,Horizon Digital Frontier ETF,ETF,NASDAQ,34.49,0.22,0.63,2026-10-06 05:42
YOKE,YOKE Core ETF,ETF,NASDAQ,31.30,0.15,0.48,2026-10-06 05:42
YOLO,AdvisorShares Pure Cannabis ETF,ETF,AMEX,2.80,-0.09,-3.25,2026-10-06 05:42
YORW,요크 워터,주식,NASDAQ,30.78,0.02,0.05,2026-10-06 05:42
YOU,클리어 시큐어,주식,NYSE,41.25,-0.30,-0.72,2026-10-06 05:42
YOUL,유라이프 그룹 ADR,주식,NASDAQ,0.40,0.00,0.45,2026-10-06 05:42
YPF,YPF ADR,주식,NYSE,51.24,1.57,3.16,2026-10-06 05:42
YQ,17 에듀케이션 앤 테크놀로지 ADR,주식,NASDAQ,3.34,-0.18,-5.11,2026-10-06 05:42
YQQQ,YieldMax Short N100 Option Income Strategy ETF,ETF,NASDAQ,9.24,-0.06,-0.64,2026-10-06 05:42
YRAM,YieldMax Memory and Storage Portfolio Option Income ETF,ETF,NASDAQ,54.67,0.30,0.54,2026-10-06 05:42
YRD,이렌 디지털 ADR,주식,NYSE,0.95,-0.01,-0.97,2026-10-06 05:42
YSAG,Texas Precious Metals Trust Y'all St Phys Slvr ETF,ETF,NASDAQ,61.15,0.46,0.76,2026-10-06 05:42
YSAU,Texas Precious Metals Trust Y'all St Phys Gld ETF,ETF,NASDAQ,41.51,-0.02,-0.05,2026-10-06 05:42
YSEP,FT Vest International Equity Moderate Buffer ETF,ETF,AMEX,28.32,-0.01,-0.04,2026-10-06 05:42
YSG,얏센 홀딩 ADR,주식,NYSE,2.58,-0.06,-2.27,2026-10-06 05:42
YSPC,YieldMax SPCX Option Income Strategy ETF,ETF,AMEX,50.36,2.95,6.22,2026-10-06 05:42
YSPY,GraniteShares YieldBOOST SPY ETF,ETF,NASDAQ,15.20,0.05,0.33,2026-10-06 05:42
YSS,요크 스페이스 시스템즈,주식,NYSE,8.31,-0.67,-7.46,2026-10-06 05:42
YSWY,예스웨이,주식,NASDAQ,20.06,-0.47,-2.29,2026-10-06 05:42
YSXT,YSX 테크,주식,NASDAQ,1.24,0.01,0.65,2026-10-06 05:42
YTRA,야트라 온라인,주식,NASDAQ,0.90,0.01,1.47,2026-10-06 05:42
YUM,염 브랜즈,주식,NYSE,136.97,0.85,0.62,2026-10-06 05:42
YUMC,염 차이나 홀딩스,주식,NYSE,40.25,0.27,0.68,2026-10-06 05:42
YUNG,Corgi Longevity Consumer ETF,ETF,AMEX,26.65,-0.05,-0.20,2026-10-06 05:42
YXI,ProShares Short FTSE China 50,ETF,AMEX,22.82,-0.46,-1.96,2026-10-06 05:42
YXT,YXT.컴 그룹 홀딩 ADR,주식,NASDAQ,2.27,0.13,5.84,2026-10-06 05:42
YYAI,AiRWA,주식,NASDAQ,0.92,-0.11,-11.00,2026-10-06 05:42
YYY,Amplify CEF High Income ETF,ETF,AMEX,10.27,-0.08,-0.77,2026-10-06 05:42
YYYM,Amplify Municipal CEF High Income ETF,ETF,AMEX,17.08,-0.29,-1.68,2026-10-06 05:42
Z,질로우 그룹 Class C,주식,NASDAQ,27.41,0.00,0.00,2026-10-06 05:42
ZALT,Innovator US Equity 10 Buffer ETF - Quarterly,ETF,AMEX,34.72,0.07,0.19,2026-10-06 05:42
ZAP,Global X US Electrification ETF,ETF,NASDAQ,30.92,0.10,0.34,2026-10-06 05:42
ZAPR,Innovator Equity Defined Protection ETF - 1 Yr Apr,ETF,AMEX,27.08,0.02,0.06,2026-10-06 05:42
ZAUG,Innovator Equity Defined Protection ETF - 1 Yr Aug,ETF,AMEX,27.98,0.00,0.00,2026-10-06 05:42
ZBAO,즈바오 테크놀로지,주식,NASDAQ,0.09,-0.01,-7.31,2026-10-06 05:42
ZBH,짐머 바이오멧 홀딩스,주식,NYSE,91.57,3.28,3.72,2026-10-06 05:42
ZBIO,제나스 바이오파마,주식,NASDAQ,27.83,-0.47,-1.64,2026-10-06 05:42
ZBRA,지브라 테크놀로지스,주식,NASDAQ,375.66,-0.20,-0.05,2026-10-06 05:42
ZCBA,Global X Zero Coupon Bond 2030 ETF,ETF,AMEX,47.61,0.03,0.06,2026-10-06 05:42
ZCBB,Global X Zero Coupon Bond 2031 ETF,ETF,AMEX,47.15,0.02,0.04,2026-10-06 05:42
ZCBC,Global X Zero Coupon Bond 2032 ETF,ETF,AMEX,46.79,-0.01,-0.02,2026-10-06 05:42
ZCBE,Global X Zero Coupon Bond 2033 ETF,ETF,AMEX,46.41,-0.05,-0.10,2026-10-06 05:42
ZCBF,Global X Zero Coupon Bond 2034 ETF,ETF,AMEX,46.01,-0.07,-0.16,2026-10-06 05:42
ZCBG,Global X Zero Coupon Bond 2035 ETF,ETF,AMEX,45.71,-0.13,-0.28,2026-10-06 05:42
ZCMD,중차오,주식,NASDAQ,1.91,0.06,3.24,2026-10-06 05:42
ZCSH,Zcash ETP,ETF,AMEX,35.75,1.71,5.02,2026-10-06 05:42
ZD,지프 데이비스,주식,NASDAQ,55.98,0.78,1.41,2026-10-06 05:42
ZDAI,다이렉트부킹 테크놀로지,주식,NASDAQ,1.44,-0.14,-8.77,2026-10-06 05:42
ZDEK,Innovator Equity Defined Protection ETF - 1 Yr Dec,ETF,AMEX,26.92,0.02,0.07,2026-10-06 05:42
ZDGE,젯지,주식,AMEX,2.93,-0.07,-2.33,2026-10-06 05:42
ZDIS,Virtus Zevenbergen Discovery Growth ETF,ETF,AMEX,62.21,0.94,1.54,2026-10-06 05:42
ZECP,Zacks Earnings Consistent Portfolio ETF,ETF,AMEX,37.49,0.09,0.24,2026-10-06 05:42
ZENA,제나테크,주식,NASDAQ,1.28,-0.05,-3.76,2026-10-06 05:42
ZEO,제오 에너지,주식,NASDAQ,0.29,-0.01,-2.39,2026-10-06 05:42
ZEPP,젭 헬스 ADR,주식,NYSE,3.86,0.04,1.05,2026-10-06 05:42
ZETA,제타 글로벌 홀딩스,주식,NYSE,32.88,0.25,0.77,2026-10-06 05:42
ZFEB,Innovator Equity Defined Protection ETF - 1 Yr Feb,ETF,AMEX,26.44,0.03,0.11,2026-10-06 05:42
ZG,질로우 그룹 Class A,주식,NASDAQ,28.13,0.04,0.12,2026-10-06 05:42
ZGN,에르메네질도 제냐,주식,NYSE,12.54,0.02,0.16,2026-10-06 05:42
ZH,즈후 ADR,주식,NYSE,3.37,-0.02,-0.59,2026-10-06 05:42
ZHDG,ZEGA Buy and Hedge ETF,ETF,AMEX,24.15,0.12,0.50,2026-10-06 05:42
ZHOG,F/m Opportunistic Income ETF,ETF,NASDAQ,49.91,0.01,0.01,2026-10-06 05:42
ZIG,Acquirers Fund,ETF,AMEX,38.35,0.37,0.98,2026-10-06 05:42
ZIM,ZIM 인티그레이티드 시핑 서비시스,주식,NYSE,28.93,-0.70,-2.36,2026-10-06 05:42
ZINC,Zacks Income ETF,ETF,AMEX,25.24,0.07,0.26,2026-10-06 05:42
ZINN,Virtus Zevenbergen Innovative Growth ETF,ETF,AMEX,43.07,0.78,1.85,2026-10-06 05:42
ZION,자이언스 뱅코프,주식,NASDAQ,63.28,0.11,0.17,2026-10-06 05:42
ZIONP,자이언스 뱅코프 우선주 시리즈 A,주식,NASDAQ,17.66,-0.02,-0.12,2026-10-06 05:42
ZIP,집리크루터,주식,NYSE,3.61,0.06,1.69,2026-10-06 05:42
ZJAN,Innovator Equity Defined Protection ETF - 1 Yr Jan,ETF,AMEX,28.46,0.00,0.00,2026-10-06 05:42
ZJK,ZJK 인터스트리얼,주식,NASDAQ,1.95,0.10,5.63,2026-10-06 05:42
ZJUL,Innovator Equity Defined Protection ETF - 1 Yr Jul,ETF,AMEX,30.36,0.07,0.23,2026-10-06 05:42
ZJUN,Innovator Equity Defined Protection ETF - 1 Yr Jun,ETF,AMEX,27.83,0.03,0.11,2026-10-06 05:42
ZJYL,진 메디컬 인터내셔널,주식,NASDAQ,1.98,0.04,2.06,2026-10-06 05:42
ZKH,ZKH 그룹 ADR,주식,NYSE,2.47,-0.27,-9.85,2026-10-06 05:42
ZKIN,ZK 인터내셔널,주식,NASDAQ,1.77,-0.03,-1.72,2026-10-06 05:42
ZKP,라파예트 디지털 애퀴지션 I,주식,NASDAQ,10.04,0.00,0.00,2026-10-06 05:42
ZKPU,Lafayette Digital Acquisition I Units,주식,NASDAQ,10.08,0.00,0.00,2026-10-06 05:42
ZLAB,자이 랩 ADR,주식,NASDAQ,25.62,1.29,5.30,2026-10-06 05:42
ZM,줌 커뮤니케이션스,주식,NASDAQ,93.62,0.74,0.80,2026-10-06 05:42
ZMAR,Innovator Equity Defined Protection ETF - 1 Yr Mar,ETF,AMEX,28.70,0.00,-0.02,2026-10-06 05:42
ZMAY,Innovator Equity Defined Protection ETF - 1 Yr May,ETF,AMEX,26.41,0.02,0.09,2026-10-06 05:42
ZMUN,F/m Ultrashort Tax-Free Municipal ETF,ETF,NASDAQ,49.57,0.08,0.16,2026-10-06 05:42
ZNB,제타 네트워크 그룹,주식,NASDAQ,1.25,-0.29,-18.83,2026-10-06 05:42
ZNOV,Innovator Equity Defined Protection ETF - 1 Yr Nov,ETF,AMEX,28.02,0.02,0.07,2026-10-06 05:42
ZNTL,젠탈리스 파마슈티컬스,주식,NASDAQ,2.78,0.26,10.32,2026-10-06 05:42
ZOCT,Innovator Equity Defined Protection ETF 1 Yr October,ETF,AMEX,28.26,0.03,0.11,2026-10-06 05:42
ZONE,존 프런티어,주식,AMEX,0.13,0.00,-2.13,2026-10-06 05:42
ZOOZ,주즈 스트래티지,주식,NASDAQ,7.16,-0.44,-5.79,2026-10-06 05:42
ZROZ,PIMCO 25+ Year Zero Coupon US Treasury Index ETF,ETF,AMEX,52.91,-0.51,-0.95,2026-10-06 05:42
ZS,지스케일러,주식,NASDAQ,201.80,5.20,2.65,2026-10-06 05:42
ZSB,USCF Sustainable Battery Metals Strategy Fund,ETF,AMEX,20.54,0.05,0.22,2026-10-06 05:42
ZSC,USCF Sustainable Commodity Strategy Fund,ETF,AMEX,30.22,-0.01,-0.02,2026-10-06 05:42
ZSEP,Innovator Equity Defined Protection ETF - 1 Yr Sep,ETF,AMEX,27.96,0.02,0.06,2026-10-06 05:42
ZSL,ProShares UltraShort Silver ETF,ETF,AMEX,27.04,-0.42,-1.53,2026-10-06 05:42
ZSQR,Z 스퀘어드,주식,NASDAQ,4.00,0.03,0.76,2026-10-06 05:42
ZSTK,제로스택,주식,NASDAQ,4.82,-0.04,-0.82,2026-10-06 05:42
ZTAX,X-Square Municipal Income ETF,ETF,AMEX,24.12,0.00,0.00,2026-10-06 05:42
ZTEN,Fm 10 Year Investment Grade Corporate Bond ETF,ETF,NASDAQ,47.27,-0.04,-0.09,2026-10-06 05:42
ZTG,젠타 그룹,주식,NASDAQ,0.79,-0.18,-18.83,2026-10-06 05:42
ZTO,ZTO 익스프레스 (케이먼) ADR,주식,NYSE,19.70,0.20,1.03,2026-10-06 05:42
ZTOP,F/m High Yield 100 ETF,ETF,NASDAQ,49.87,0.03,0.05,2026-10-06 05:42
ZTR,Virtus Total Return Fund Inc.,주식,NYSE,5.95,-0.04,-0.67,2026-10-06 05:42
ZTRE,F/m 3-Year Investment Grade Corporate Bond ETF,ETF,NASDAQ,49.60,0.05,0.11,2026-10-06 05:42
ZTS,조에티스,주식,NYSE,71.41,1.72,2.47,2026-10-06 05:42
ZTWO,Fm 2 Year Investment Grade Corporate Bond ETF,ETF,NASDAQ,49.71,0.02,0.03,2026-10-06 05:42
ZUMZ,주미에즈,주식,NASDAQ,13.73,0.44,3.31,2026-10-06 05:42
ZURA,주라 바이오,주식,NASDAQ,3.93,-0.18,-4.38,2026-10-06 05:42
ZVIA,제비아,주식,NYSE,1.21,0.00,0.00,2026-10-06 05:42
ZVOL,Volatility Premium Plus ETF,ETF,AMEX,7.77,-0.01,-0.13,2026-10-06 05:42
ZVRA,제브러 테라퓨틱스,주식,NASDAQ,10.70,0.71,7.11,2026-10-06 05:42
ZWS,전 엘케이 워터 솔루션스,주식,NYSE,47.99,0.32,0.67,2026-10-06 05:42
ZYBT,정업 바이오테크놀로지 홀딩,주식,NASDAQ,1.19,-0.05,-4.03,2026-10-06 05:42
ZYME,자임웍스,주식,NASDAQ,26.21,1.06,4.21,2026-10-06 05:42
